ISO-10303-21;
HEADER;
FILE_DESCRIPTION(('KiCad electronic assembly'),'2;1');
FILE_NAME('led matrix.step','2026-08-12T20:08:18',('Pcbnew'),('Kicad'),
  'Open CASCADE STEP processor 7.9','KiCad to STEP converter','Unknown'
  );
FILE_SCHEMA(('AUTOMOTIVE_DESIGN { 1 0 10303 214 1 1 1 1 }'));
ENDSEC;
DATA;
#1 = APPLICATION_PROTOCOL_DEFINITION('international standard',
  'automotive_design',2000,#2);
#2 = APPLICATION_CONTEXT(
  'core data for automotive mechanical design processes');
#3 = SHAPE_DEFINITION_REPRESENTATION(#4,#10);
#4 = PRODUCT_DEFINITION_SHAPE('','',#5);
#5 = PRODUCT_DEFINITION('design','',#6,#9);
#6 = PRODUCT_DEFINITION_FORMATION('','',#7);
#7 = PRODUCT('led matrix 1','led matrix 1','',(#8));
#8 = PRODUCT_CONTEXT('',#2,'mechanical');
#9 = PRODUCT_DEFINITION_CONTEXT('part definition',#2,'design');
#10 = SHAPE_REPRESENTATION('',(#11,#15,#19,#23,#27),#31);
#11 = AXIS2_PLACEMENT_3D('',#12,#13,#14);
#12 = CARTESIAN_POINT('',(0.,0.,0.));
#13 = DIRECTION('',(0.,0.,1.));
#14 = DIRECTION('',(1.,0.,-0.));
#15 = AXIS2_PLACEMENT_3D('',#16,#17,#18);
#16 = CARTESIAN_POINT('',(0.,0.,0.));
#17 = DIRECTION('',(0.,0.,1.));
#18 = DIRECTION('',(1.,0.,-0.));
#19 = AXIS2_PLACEMENT_3D('',#20,#21,#22);
#20 = CARTESIAN_POINT('',(0.,0.,0.));
#21 = DIRECTION('',(0.,0.,1.));
#22 = DIRECTION('',(1.,0.,-0.));
#23 = AXIS2_PLACEMENT_3D('',#24,#25,#26);
#24 = CARTESIAN_POINT('',(0.,0.,0.));
#25 = DIRECTION('',(0.,0.,1.));
#26 = DIRECTION('',(1.,0.,-0.));
#27 = AXIS2_PLACEMENT_3D('',#28,#29,#30);
#28 = CARTESIAN_POINT('',(0.,0.,0.));
#29 = DIRECTION('',(0.,0.,1.));
#30 = DIRECTION('',(1.,0.,-0.));
#31 = ( GEOMETRIC_REPRESENTATION_CONTEXT(3) 
GLOBAL_UNCERTAINTY_ASSIGNED_CONTEXT((#35)) GLOBAL_UNIT_ASSIGNED_CONTEXT(
(#32,#33,#34)) REPRESENTATION_CONTEXT('Context #1',
  '3D Context with UNIT and UNCERTAINTY') );
#32 = ( LENGTH_UNIT() NAMED_UNIT(*) SI_UNIT(.MILLI.,.METRE.) );
#33 = ( NAMED_UNIT(*) PLANE_ANGLE_UNIT() SI_UNIT($,.RADIAN.) );
#34 = ( NAMED_UNIT(*) SI_UNIT($,.STERADIAN.) SOLID_ANGLE_UNIT() );
#35 = UNCERTAINTY_MEASURE_WITH_UNIT(LENGTH_MEASURE(1.E-07),#32,
  'distance_accuracy_value','confusion accuracy');
#36 = PRODUCT_RELATED_PRODUCT_CATEGORY('part',$,(#7));
#37 = SHAPE_DEFINITION_REPRESENTATION(#38,#44);
#38 = PRODUCT_DEFINITION_SHAPE('','',#39);
#39 = PRODUCT_DEFINITION('design','',#40,#43);
#40 = PRODUCT_DEFINITION_FORMATION('','',#41);
#41 = PRODUCT('led matrix_silkscreen','led matrix_silkscreen','',(#42));
#42 = PRODUCT_CONTEXT('',#2,'mechanical');
#43 = PRODUCT_DEFINITION_CONTEXT('part definition',#2,'design');
#44 = SHAPE_REPRESENTATION('',(#11,#45,#246,#447,#499,#551,#603,#655,
    #781,#963,#1057,#1151,#1203,#1255,#1323,#1342,#1361,#1380,#1399,
    #1418,#1437,#1456,#1475,#1494,#1513,#1532,#1551,#1570,#1589,#1608,
    #1627,#1646,#1665,#1684,#1703,#1722,#1741,#1760,#1779,#1798,#1817,
    #1836,#1855,#1874,#1893,#1912,#1931,#1950,#1969,#1988,#2007,#2026,
    #2045,#2064,#2083,#2102,#2121,#2140,#2159,#2178,#2197,#2216,#2235,
    #2254,#2273,#2292,#2311,#2330,#2349,#2368,#2387,#2406,#2425,#2444,
    #2463,#2482,#2501,#2520,#2539,#2616),#2728);
#45 = SHELL_BASED_SURFACE_MODEL('',(#46));
#46 = OPEN_SHELL('',(#47));
#47 = ADVANCED_FACE('',(#48),#241,.T.);
#48 = FACE_BOUND('',#49,.F.);
#49 = EDGE_LOOP('',(#50,#61,#69,#77,#85,#93,#101,#110,#118,#126,#134,
    #143,#151,#160,#168,#177,#185,#194,#202,#210,#218,#227,#235));
#50 = ORIENTED_EDGE('',*,*,#51,.T.);
#51 = EDGE_CURVE('',#52,#54,#56,.T.);
#52 = VERTEX_POINT('',#53);
#53 = CARTESIAN_POINT('',(64.709447,-46.984417,1.585));
#54 = VERTEX_POINT('',#55);
#55 = CARTESIAN_POINT('',(64.811383,-46.964138,1.585));
#56 = CIRCLE('',#57,6.249966142308E-02);
#57 = AXIS2_PLACEMENT_3D('',#58,#59,#60);
#58 = CARTESIAN_POINT('',(64.767189907223,-47.00833277603,1.585));
#59 = DIRECTION('',(0.,0.,-1.));
#60 = DIRECTION('',(-0.923891520508,0.382654489498,0.));
#61 = ORIENTED_EDGE('',*,*,#62,.T.);
#62 = EDGE_CURVE('',#54,#63,#65,.T.);
#63 = VERTEX_POINT('',#64);
#64 = CARTESIAN_POINT('',(64.848742,-47.008224,1.585));
#65 = LINE('',#66,#67);
#66 = CARTESIAN_POINT('',(64.811383,-46.964138,1.585));
#67 = VECTOR('',#68,1.);
#68 = DIRECTION('',(0.646501380988,-0.762912815714,0.));
#69 = ORIENTED_EDGE('',*,*,#70,.T.);
#70 = EDGE_CURVE('',#63,#71,#73,.T.);
#71 = VERTEX_POINT('',#72);
#72 = CARTESIAN_POINT('',(64.877309,-47.103571,1.585));
#73 = LINE('',#74,#75);
#74 = CARTESIAN_POINT('',(64.848742,-47.008224,1.585));
#75 = VECTOR('',#76,1.);
#76 = DIRECTION('',(0.287005908587,-0.957928811779,0.));
#77 = ORIENTED_EDGE('',*,*,#78,.T.);
#78 = EDGE_CURVE('',#71,#79,#81,.T.);
#79 = VERTEX_POINT('',#80);
#80 = CARTESIAN_POINT('',(64.874102,-47.170954,1.585));
#81 = LINE('',#82,#83);
#82 = CARTESIAN_POINT('',(64.877309,-47.103571,1.585));
#83 = VECTOR('',#84,1.);
#84 = DIRECTION('',(-4.753979473566E-02,-0.998869344768,0.));
#85 = ORIENTED_EDGE('',*,*,#86,.T.);
#86 = EDGE_CURVE('',#79,#87,#89,.T.);
#87 = VERTEX_POINT('',#88);
#88 = CARTESIAN_POINT('',(64.843177,-47.254863,1.585));
#89 = LINE('',#90,#91);
#90 = CARTESIAN_POINT('',(64.874102,-47.170954,1.585));
#91 = VECTOR('',#92,1.);
#92 = DIRECTION('',(-0.345815216559,-0.938302635612,0.));
#93 = ORIENTED_EDGE('',*,*,#94,.T.);
#94 = EDGE_CURVE('',#87,#95,#97,.T.);
#95 = VERTEX_POINT('',#96);
#96 = CARTESIAN_POINT('',(64.779233,-47.320004,1.585));
#97 = LINE('',#98,#99);
#98 = CARTESIAN_POINT('',(64.843177,-47.254863,1.585));
#99 = VECTOR('',#100,1.);
#100 = DIRECTION('',(-0.700519691097,-0.713633072654,0.));
#101 = ORIENTED_EDGE('',*,*,#102,.T.);
#102 = EDGE_CURVE('',#95,#103,#105,.T.);
#103 = VERTEX_POINT('',#104);
#104 = CARTESIAN_POINT('',(64.513937,-47.37849,1.585));
#105 = CIRCLE('',#106,0.39674919994);
#106 = AXIS2_PLACEMENT_3D('',#107,#108,#109);
#107 = CARTESIAN_POINT('',(64.566332248706,-46.98521571204,1.585));
#108 = DIRECTION('',(0.,0.,-1.));
#109 = DIRECTION('',(0.536612931611,-0.843828514349,0.));
#110 = ORIENTED_EDGE('',*,*,#111,.T.);
#111 = EDGE_CURVE('',#103,#112,#114,.T.);
#112 = VERTEX_POINT('',#113);
#113 = CARTESIAN_POINT('',(64.405906,-47.349949,1.585));
#114 = LINE('',#115,#116);
#115 = CARTESIAN_POINT('',(64.513937,-47.37849,1.585));
#116 = VECTOR('',#117,1.);
#117 = DIRECTION('',(-0.96682785632,0.255428847712,0.));
#118 = ORIENTED_EDGE('',*,*,#119,.T.);
#119 = EDGE_CURVE('',#112,#120,#122,.T.);
#120 = VERTEX_POINT('',#121);
#121 = CARTESIAN_POINT('',(64.342044,-47.314431,1.585));
#122 = LINE('',#123,#124);
#123 = CARTESIAN_POINT('',(64.405906,-47.349949,1.585));
#124 = VECTOR('',#125,1.);
#125 = DIRECTION('',(-0.873929963395,0.486051868715,0.));
#126 = ORIENTED_EDGE('',*,*,#127,.T.);
#127 = EDGE_CURVE('',#120,#128,#130,.T.);
#128 = VERTEX_POINT('',#129);
#129 = CARTESIAN_POINT('',(64.286437,-47.254857,1.585));
#130 = LINE('',#131,#132);
#131 = CARTESIAN_POINT('',(64.342044,-47.314431,1.585));
#132 = VECTOR('',#133,1.);
#133 = DIRECTION('',(-0.682348416977,0.731027111569,0.));
#134 = ORIENTED_EDGE('',*,*,#135,.T.);
#135 = EDGE_CURVE('',#128,#136,#138,.T.);
#136 = VERTEX_POINT('',#137);
#137 = CARTESIAN_POINT('',(64.286437,-46.999902,1.585));
#138 = CIRCLE('',#139,0.253291426441);
#139 = AXIS2_PLACEMENT_3D('',#140,#141,#142);
#140 = CARTESIAN_POINT('',(64.505311470193,-47.1273795,1.585));
#141 = DIRECTION('',(0.,0.,-1.));
#142 = DIRECTION('',(-0.864121116409,-0.503283912097,-0.));
#143 = ORIENTED_EDGE('',*,*,#144,.T.);
#144 = EDGE_CURVE('',#136,#145,#147,.T.);
#145 = VERTEX_POINT('',#146);
#146 = CARTESIAN_POINT('',(64.318234,-46.964139,1.585));
#147 = LINE('',#148,#149);
#148 = CARTESIAN_POINT('',(64.286437,-46.999902,1.585));
#149 = VECTOR('',#150,1.);
#150 = DIRECTION('',(0.664453329718,0.747329761635,0.));
#151 = ORIENTED_EDGE('',*,*,#152,.T.);
#152 = EDGE_CURVE('',#145,#153,#155,.T.);
#153 = VERTEX_POINT('',#154);
#154 = CARTESIAN_POINT('',(64.42017,-47.03225,1.585));
#155 = CIRCLE('',#156,6.249959175061E-02);
#156 = AXIS2_PLACEMENT_3D('',#157,#158,#159);
#157 = CARTESIAN_POINT('',(64.362427607863,-47.00833316243,1.585));
#158 = DIRECTION('',(0.,0.,-1.));
#159 = DIRECTION('',(-0.707102344588,0.707111217758,0.));
#160 = ORIENTED_EDGE('',*,*,#161,.T.);
#161 = EDGE_CURVE('',#153,#162,#164,.T.);
#162 = VERTEX_POINT('',#163);
#163 = CARTESIAN_POINT('',(64.393246,-47.065902,1.585));
#164 = LINE('',#165,#166);
#165 = CARTESIAN_POINT('',(64.42017,-47.03225,1.585));
#166 = VECTOR('',#167,1.);
#167 = DIRECTION('',(-0.624729003195,-0.78084164372,0.));
#168 = ORIENTED_EDGE('',*,*,#169,.T.);
#169 = EDGE_CURVE('',#162,#170,#172,.T.);
#170 = VERTEX_POINT('',#171);
#171 = CARTESIAN_POINT('',(64.393246,-47.188857,1.585));
#172 = CIRCLE('',#173,0.121456582388);
#173 = AXIS2_PLACEMENT_3D('',#174,#175,#176);
#174 = CARTESIAN_POINT('',(64.497994357501,-47.1273795,1.585));
#175 = DIRECTION('',(0.,0.,1.));
#176 = DIRECTION('',(-0.862434587253,0.506168531924,0.));
#177 = ORIENTED_EDGE('',*,*,#178,.T.);
#178 = EDGE_CURVE('',#170,#179,#181,.T.);
#179 = VERTEX_POINT('',#180);
#180 = CARTESIAN_POINT('',(64.423261,-47.218872,1.585));
#181 = LINE('',#182,#183);
#182 = CARTESIAN_POINT('',(64.393246,-47.188857,1.585));
#183 = VECTOR('',#184,1.);
#184 = DIRECTION('',(0.707106781186,-0.707106781187,0.));
#185 = ORIENTED_EDGE('',*,*,#186,.T.);
#186 = EDGE_CURVE('',#179,#187,#189,.T.);
#187 = VERTEX_POINT('',#188);
#188 = CARTESIAN_POINT('',(64.592829,-47.255356,1.585));
#189 = CIRCLE('',#190,0.27833766686);
#190 = AXIS2_PLACEMENT_3D('',#191,#192,#193);
#191 = CARTESIAN_POINT('',(64.563677434783,-46.97854913043,1.585));
#192 = DIRECTION('',(0.,0.,1.));
#193 = DIRECTION('',(-0.504482330281,-0.863422016417,0.));
#194 = ORIENTED_EDGE('',*,*,#195,.T.);
#195 = EDGE_CURVE('',#187,#196,#198,.T.);
#196 = VERTEX_POINT('',#197);
#197 = CARTESIAN_POINT('',(64.673948,-47.235076,1.585));
#198 = LINE('',#199,#200);
#199 = CARTESIAN_POINT('',(64.592829,-47.255356,1.585));
#200 = VECTOR('',#201,1.);
#201 = DIRECTION('',(0.970141796642,0.242538439033,0.));
#202 = ORIENTED_EDGE('',*,*,#203,.T.);
#203 = EDGE_CURVE('',#196,#204,#206,.T.);
#204 = VERTEX_POINT('',#205);
#205 = CARTESIAN_POINT('',(64.706356,-47.218871,1.585));
#206 = LINE('',#207,#208);
#207 = CARTESIAN_POINT('',(64.673948,-47.235076,1.585));
#208 = VECTOR('',#209,1.);
#209 = DIRECTION('',(0.894416151279,0.447235674261,0.));
#210 = ORIENTED_EDGE('',*,*,#211,.T.);
#211 = EDGE_CURVE('',#204,#212,#214,.T.);
#212 = VERTEX_POINT('',#213);
#213 = CARTESIAN_POINT('',(64.736373,-47.188855,1.585));
#214 = LINE('',#215,#216);
#215 = CARTESIAN_POINT('',(64.706356,-47.218871,1.585));
#216 = VECTOR('',#217,1.);
#217 = DIRECTION('',(0.707118559723,0.707095002454,0.));
#218 = ORIENTED_EDGE('',*,*,#219,.T.);
#219 = EDGE_CURVE('',#212,#220,#222,.T.);
#220 = VERTEX_POINT('',#221);
#221 = CARTESIAN_POINT('',(64.736372,-47.065902,1.585));
#222 = CIRCLE('',#223,0.121454426154);
#223 = AXIS2_PLACEMENT_3D('',#224,#225,#226);
#224 = CARTESIAN_POINT('',(64.631626055768,-47.12737935192,1.585));
#225 = DIRECTION('',(0.,-0.,1.));
#226 = DIRECTION('',(0.862438262225,-0.506162270276,-0.));
#227 = ORIENTED_EDGE('',*,*,#228,.T.);
#228 = EDGE_CURVE('',#220,#229,#231,.T.);
#229 = VERTEX_POINT('',#230);
#230 = CARTESIAN_POINT('',(64.709448,-47.032251,1.585));
#231 = LINE('',#232,#233);
#232 = CARTESIAN_POINT('',(64.736372,-47.065902,1.585));
#233 = VECTOR('',#234,1.);
#234 = DIRECTION('',(-0.6247403223,0.780832587494,0.));
#235 = ORIENTED_EDGE('',*,*,#236,.T.);
#236 = EDGE_CURVE('',#229,#52,#237,.T.);
#237 = LINE('',#238,#239);
#238 = CARTESIAN_POINT('',(64.709448,-47.032251,1.585));
#239 = VECTOR('',#240,1.);
#240 = DIRECTION('',(-2.09056319199E-05,0.999999999781,0.));
#241 = PLANE('',#242);
#242 = AXIS2_PLACEMENT_3D('',#243,#244,#245);
#243 = CARTESIAN_POINT('',(0.,0.,1.585));
#244 = DIRECTION('',(0.,0.,1.));
#245 = DIRECTION('',(1.,0.,-0.));
#246 = SHELL_BASED_SURFACE_MODEL('',(#247));
#247 = OPEN_SHELL('',(#248));
#248 = ADVANCED_FACE('',(#249),#442,.T.);
#249 = FACE_BOUND('',#250,.F.);
#250 = EDGE_LOOP('',(#251,#262,#270,#278,#286,#294,#302,#311,#319,#327,
    #335,#344,#352,#361,#369,#378,#386,#395,#403,#411,#419,#428,#436));
#251 = ORIENTED_EDGE('',*,*,#252,.T.);
#252 = EDGE_CURVE('',#253,#255,#257,.T.);
#253 = VERTEX_POINT('',#254);
#254 = CARTESIAN_POINT('',(62.809447,-46.909417,1.585));
#255 = VERTEX_POINT('',#256);
#256 = CARTESIAN_POINT('',(62.911383,-46.889138,1.585));
#257 = CIRCLE('',#258,6.249966142308E-02);
#258 = AXIS2_PLACEMENT_3D('',#259,#260,#261);
#259 = CARTESIAN_POINT('',(62.867189907223,-46.93333277603,1.585));
#260 = DIRECTION('',(0.,0.,-1.));
#261 = DIRECTION('',(-0.923891520508,0.382654489498,0.));
#262 = ORIENTED_EDGE('',*,*,#263,.T.);
#263 = EDGE_CURVE('',#255,#264,#266,.T.);
#264 = VERTEX_POINT('',#265);
#265 = CARTESIAN_POINT('',(62.948742,-46.933224,1.585));
#266 = LINE('',#267,#268);
#267 = CARTESIAN_POINT('',(62.911383,-46.889138,1.585));
#268 = VECTOR('',#269,1.);
#269 = DIRECTION('',(0.646501380988,-0.762912815714,0.));
#270 = ORIENTED_EDGE('',*,*,#271,.T.);
#271 = EDGE_CURVE('',#264,#272,#274,.T.);
#272 = VERTEX_POINT('',#273);
#273 = CARTESIAN_POINT('',(62.977309,-47.028571,1.585));
#274 = LINE('',#275,#276);
#275 = CARTESIAN_POINT('',(62.948742,-46.933224,1.585));
#276 = VECTOR('',#277,1.);
#277 = DIRECTION('',(0.287005908587,-0.957928811779,0.));
#278 = ORIENTED_EDGE('',*,*,#279,.T.);
#279 = EDGE_CURVE('',#272,#280,#282,.T.);
#280 = VERTEX_POINT('',#281);
#281 = CARTESIAN_POINT('',(62.974102,-47.095954,1.585));
#282 = LINE('',#283,#284);
#283 = CARTESIAN_POINT('',(62.977309,-47.028571,1.585));
#284 = VECTOR('',#285,1.);
#285 = DIRECTION('',(-4.753979473556E-02,-0.998869344768,0.));
#286 = ORIENTED_EDGE('',*,*,#287,.T.);
#287 = EDGE_CURVE('',#280,#288,#290,.T.);
#288 = VERTEX_POINT('',#289);
#289 = CARTESIAN_POINT('',(62.943177,-47.179863,1.585));
#290 = LINE('',#291,#292);
#291 = CARTESIAN_POINT('',(62.974102,-47.095954,1.585));
#292 = VECTOR('',#293,1.);
#293 = DIRECTION('',(-0.34581521656,-0.938302635612,0.));
#294 = ORIENTED_EDGE('',*,*,#295,.T.);
#295 = EDGE_CURVE('',#288,#296,#298,.T.);
#296 = VERTEX_POINT('',#297);
#297 = CARTESIAN_POINT('',(62.879233,-47.245004,1.585));
#298 = LINE('',#299,#300);
#299 = CARTESIAN_POINT('',(62.943177,-47.179863,1.585));
#300 = VECTOR('',#301,1.);
#301 = DIRECTION('',(-0.700519691097,-0.713633072654,0.));
#302 = ORIENTED_EDGE('',*,*,#303,.T.);
#303 = EDGE_CURVE('',#296,#304,#306,.T.);
#304 = VERTEX_POINT('',#305);
#305 = CARTESIAN_POINT('',(62.613937,-47.30349,1.585));
#306 = CIRCLE('',#307,0.39674919994);
#307 = AXIS2_PLACEMENT_3D('',#308,#309,#310);
#308 = CARTESIAN_POINT('',(62.666332248706,-46.91021571204,1.585));
#309 = DIRECTION('',(0.,0.,-1.));
#310 = DIRECTION('',(0.536612931611,-0.843828514349,0.));
#311 = ORIENTED_EDGE('',*,*,#312,.T.);
#312 = EDGE_CURVE('',#304,#313,#315,.T.);
#313 = VERTEX_POINT('',#314);
#314 = CARTESIAN_POINT('',(62.505906,-47.274949,1.585));
#315 = LINE('',#316,#317);
#316 = CARTESIAN_POINT('',(62.613937,-47.30349,1.585));
#317 = VECTOR('',#318,1.);
#318 = DIRECTION('',(-0.96682785632,0.255428847712,0.));
#319 = ORIENTED_EDGE('',*,*,#320,.T.);
#320 = EDGE_CURVE('',#313,#321,#323,.T.);
#321 = VERTEX_POINT('',#322);
#322 = CARTESIAN_POINT('',(62.442044,-47.239431,1.585));
#323 = LINE('',#324,#325);
#324 = CARTESIAN_POINT('',(62.505906,-47.274949,1.585));
#325 = VECTOR('',#326,1.);
#326 = DIRECTION('',(-0.873929963395,0.486051868715,0.));
#327 = ORIENTED_EDGE('',*,*,#328,.T.);
#328 = EDGE_CURVE('',#321,#329,#331,.T.);
#329 = VERTEX_POINT('',#330);
#330 = CARTESIAN_POINT('',(62.386437,-47.179857,1.585));
#331 = LINE('',#332,#333);
#332 = CARTESIAN_POINT('',(62.442044,-47.239431,1.585));
#333 = VECTOR('',#334,1.);
#334 = DIRECTION('',(-0.682348416977,0.731027111569,0.));
#335 = ORIENTED_EDGE('',*,*,#336,.T.);
#336 = EDGE_CURVE('',#329,#337,#339,.T.);
#337 = VERTEX_POINT('',#338);
#338 = CARTESIAN_POINT('',(62.386437,-46.924902,1.585));
#339 = CIRCLE('',#340,0.253291426441);
#340 = AXIS2_PLACEMENT_3D('',#341,#342,#343);
#341 = CARTESIAN_POINT('',(62.605311470193,-47.0523795,1.585));
#342 = DIRECTION('',(0.,0.,-1.));
#343 = DIRECTION('',(-0.864121116409,-0.503283912097,-0.));
#344 = ORIENTED_EDGE('',*,*,#345,.T.);
#345 = EDGE_CURVE('',#337,#346,#348,.T.);
#346 = VERTEX_POINT('',#347);
#347 = CARTESIAN_POINT('',(62.418234,-46.889139,1.585));
#348 = LINE('',#349,#350);
#349 = CARTESIAN_POINT('',(62.386437,-46.924902,1.585));
#350 = VECTOR('',#351,1.);
#351 = DIRECTION('',(0.664453329718,0.747329761635,0.));
#352 = ORIENTED_EDGE('',*,*,#353,.T.);
#353 = EDGE_CURVE('',#346,#354,#356,.T.);
#354 = VERTEX_POINT('',#355);
#355 = CARTESIAN_POINT('',(62.52017,-46.95725,1.585));
#356 = CIRCLE('',#357,6.249959175062E-02);
#357 = AXIS2_PLACEMENT_3D('',#358,#359,#360);
#358 = CARTESIAN_POINT('',(62.462427607863,-46.93333316243,1.585));
#359 = DIRECTION('',(0.,0.,-1.));
#360 = DIRECTION('',(-0.707102344587,0.707111217758,0.));
#361 = ORIENTED_EDGE('',*,*,#362,.T.);
#362 = EDGE_CURVE('',#354,#363,#365,.T.);
#363 = VERTEX_POINT('',#364);
#364 = CARTESIAN_POINT('',(62.493246,-46.990902,1.585));
#365 = LINE('',#366,#367);
#366 = CARTESIAN_POINT('',(62.52017,-46.95725,1.585));
#367 = VECTOR('',#368,1.);
#368 = DIRECTION('',(-0.624729003195,-0.78084164372,0.));
#369 = ORIENTED_EDGE('',*,*,#370,.T.);
#370 = EDGE_CURVE('',#363,#371,#373,.T.);
#371 = VERTEX_POINT('',#372);
#372 = CARTESIAN_POINT('',(62.493246,-47.113857,1.585));
#373 = CIRCLE('',#374,0.121456582388);
#374 = AXIS2_PLACEMENT_3D('',#375,#376,#377);
#375 = CARTESIAN_POINT('',(62.597994357501,-47.0523795,1.585));
#376 = DIRECTION('',(0.,0.,1.));
#377 = DIRECTION('',(-0.862434587253,0.506168531923,0.));
#378 = ORIENTED_EDGE('',*,*,#379,.T.);
#379 = EDGE_CURVE('',#371,#380,#382,.T.);
#380 = VERTEX_POINT('',#381);
#381 = CARTESIAN_POINT('',(62.523261,-47.143872,1.585));
#382 = LINE('',#383,#384);
#383 = CARTESIAN_POINT('',(62.493246,-47.113857,1.585));
#384 = VECTOR('',#385,1.);
#385 = DIRECTION('',(0.707106781187,-0.707106781187,0.));
#386 = ORIENTED_EDGE('',*,*,#387,.T.);
#387 = EDGE_CURVE('',#380,#388,#390,.T.);
#388 = VERTEX_POINT('',#389);
#389 = CARTESIAN_POINT('',(62.692829,-47.180356,1.585));
#390 = CIRCLE('',#391,0.27833766686);
#391 = AXIS2_PLACEMENT_3D('',#392,#393,#394);
#392 = CARTESIAN_POINT('',(62.663677434783,-46.90354913043,1.585));
#393 = DIRECTION('',(0.,0.,1.));
#394 = DIRECTION('',(-0.504482330281,-0.863422016417,0.));
#395 = ORIENTED_EDGE('',*,*,#396,.T.);
#396 = EDGE_CURVE('',#388,#397,#399,.T.);
#397 = VERTEX_POINT('',#398);
#398 = CARTESIAN_POINT('',(62.773948,-47.160076,1.585));
#399 = LINE('',#400,#401);
#400 = CARTESIAN_POINT('',(62.692829,-47.180356,1.585));
#401 = VECTOR('',#402,1.);
#402 = DIRECTION('',(0.970141796642,0.242538439033,0.));
#403 = ORIENTED_EDGE('',*,*,#404,.T.);
#404 = EDGE_CURVE('',#397,#405,#407,.T.);
#405 = VERTEX_POINT('',#406);
#406 = CARTESIAN_POINT('',(62.806356,-47.143871,1.585));
#407 = LINE('',#408,#409);
#408 = CARTESIAN_POINT('',(62.773948,-47.160076,1.585));
#409 = VECTOR('',#410,1.);
#410 = DIRECTION('',(0.894416151279,0.447235674261,0.));
#411 = ORIENTED_EDGE('',*,*,#412,.T.);
#412 = EDGE_CURVE('',#405,#413,#415,.T.);
#413 = VERTEX_POINT('',#414);
#414 = CARTESIAN_POINT('',(62.836373,-47.113855,1.585));
#415 = LINE('',#416,#417);
#416 = CARTESIAN_POINT('',(62.806356,-47.143871,1.585));
#417 = VECTOR('',#418,1.);
#418 = DIRECTION('',(0.707118559723,0.707095002454,0.));
#419 = ORIENTED_EDGE('',*,*,#420,.T.);
#420 = EDGE_CURVE('',#413,#421,#423,.T.);
#421 = VERTEX_POINT('',#422);
#422 = CARTESIAN_POINT('',(62.836372,-46.990902,1.585));
#423 = CIRCLE('',#424,0.121454426154);
#424 = AXIS2_PLACEMENT_3D('',#425,#426,#427);
#425 = CARTESIAN_POINT('',(62.731626055768,-47.05237935192,1.585));
#426 = DIRECTION('',(0.,-0.,1.));
#427 = DIRECTION('',(0.862438262225,-0.506162270276,-0.));
#428 = ORIENTED_EDGE('',*,*,#429,.T.);
#429 = EDGE_CURVE('',#421,#430,#432,.T.);
#430 = VERTEX_POINT('',#431);
#431 = CARTESIAN_POINT('',(62.809448,-46.957251,1.585));
#432 = LINE('',#433,#434);
#433 = CARTESIAN_POINT('',(62.836372,-46.990902,1.585));
#434 = VECTOR('',#435,1.);
#435 = DIRECTION('',(-0.624740322299,0.780832587494,0.));
#436 = ORIENTED_EDGE('',*,*,#437,.T.);
#437 = EDGE_CURVE('',#430,#253,#438,.T.);
#438 = LINE('',#439,#440);
#439 = CARTESIAN_POINT('',(62.809448,-46.957251,1.585));
#440 = VECTOR('',#441,1.);
#441 = DIRECTION('',(-2.090563206845E-05,0.999999999781,0.));
#442 = PLANE('',#443);
#443 = AXIS2_PLACEMENT_3D('',#444,#445,#446);
#444 = CARTESIAN_POINT('',(0.,0.,1.585));
#445 = DIRECTION('',(0.,0.,1.));
#446 = DIRECTION('',(1.,0.,-0.));
#447 = SHELL_BASED_SURFACE_MODEL('',(#448));
#448 = OPEN_SHELL('',(#449));
#449 = ADVANCED_FACE('',(#450),#494,.T.);
#450 = FACE_BOUND('',#451,.F.);
#451 = EDGE_LOOP('',(#452,#463,#471,#480,#488));
#452 = ORIENTED_EDGE('',*,*,#453,.T.);
#453 = EDGE_CURVE('',#454,#456,#458,.T.);
#454 = VERTEX_POINT('',#455);
#455 = CARTESIAN_POINT('',(61.899567,-46.565787,1.585));
#456 = VERTEX_POINT('',#457);
#457 = CARTESIAN_POINT('',(62.015,-46.588748,1.585));
#458 = CIRCLE('',#459,6.000007318647E-02);
#459 = AXIS2_PLACEMENT_3D('',#460,#461,#462);
#460 = CARTESIAN_POINT('',(61.954999926814,-46.58874782331,1.585));
#461 = DIRECTION('',(0.,0.,-1.));
#462 = DIRECTION('',(-0.923880986637,0.382679921777,0.));
#463 = ORIENTED_EDGE('',*,*,#464,.T.);
#464 = EDGE_CURVE('',#456,#465,#467,.T.);
#465 = VERTEX_POINT('',#466);
#466 = CARTESIAN_POINT('',(62.015,-47.111252,1.585));
#467 = LINE('',#468,#469);
#468 = CARTESIAN_POINT('',(62.015,-46.588748,1.585));
#469 = VECTOR('',#470,1.);
#470 = DIRECTION('',(0.,-1.,0.));
#471 = ORIENTED_EDGE('',*,*,#472,.T.);
#472 = EDGE_CURVE('',#465,#473,#475,.T.);
#473 = VERTEX_POINT('',#474);
#474 = CARTESIAN_POINT('',(61.895,-47.111252,1.585));
#475 = CIRCLE('',#476,6.000000000042E-02);
#476 = AXIS2_PLACEMENT_3D('',#477,#478,#479);
#477 = CARTESIAN_POINT('',(61.955,-47.11125222558,1.585));
#478 = DIRECTION('',(0.,0.,-1.));
#479 = DIRECTION('',(0.999999999993,3.75979413526E-06,0.));
#480 = ORIENTED_EDGE('',*,*,#481,.T.);
#481 = EDGE_CURVE('',#473,#482,#484,.T.);
#482 = VERTEX_POINT('',#483);
#483 = CARTESIAN_POINT('',(61.895,-46.588748,1.585));
#484 = LINE('',#485,#486);
#485 = CARTESIAN_POINT('',(61.895,-47.111252,1.585));
#486 = VECTOR('',#487,1.);
#487 = DIRECTION('',(0.,1.,0.));
#488 = ORIENTED_EDGE('',*,*,#489,.T.);
#489 = EDGE_CURVE('',#482,#454,#490,.T.);
#490 = LINE('',#491,#492);
#491 = CARTESIAN_POINT('',(61.895,-46.588748,1.585));
#492 = VECTOR('',#493,1.);
#493 = DIRECTION('',(0.195081000118,0.980787134598,0.));
#494 = PLANE('',#495);
#495 = AXIS2_PLACEMENT_3D('',#496,#497,#498);
#496 = CARTESIAN_POINT('',(0.,0.,1.585));
#497 = DIRECTION('',(0.,0.,1.));
#498 = DIRECTION('',(1.,0.,-0.));
#499 = SHELL_BASED_SURFACE_MODEL('',(#500));
#500 = OPEN_SHELL('',(#501));
#501 = ADVANCED_FACE('',(#502),#546,.T.);
#502 = FACE_BOUND('',#503,.F.);
#503 = EDGE_LOOP('',(#504,#515,#523,#532,#540));
#504 = ORIENTED_EDGE('',*,*,#505,.T.);
#505 = EDGE_CURVE('',#506,#508,#510,.T.);
#506 = VERTEX_POINT('',#507);
#507 = CARTESIAN_POINT('',(63.369567,-46.565787,1.585));
#508 = VERTEX_POINT('',#509);
#509 = CARTESIAN_POINT('',(63.485,-46.588748,1.585));
#510 = CIRCLE('',#511,6.000007318647E-02);
#511 = AXIS2_PLACEMENT_3D('',#512,#513,#514);
#512 = CARTESIAN_POINT('',(63.424999926814,-46.58874782331,1.585));
#513 = DIRECTION('',(0.,0.,-1.));
#514 = DIRECTION('',(-0.923880986637,0.382679921777,0.));
#515 = ORIENTED_EDGE('',*,*,#516,.T.);
#516 = EDGE_CURVE('',#508,#517,#519,.T.);
#517 = VERTEX_POINT('',#518);
#518 = CARTESIAN_POINT('',(63.485,-47.111252,1.585));
#519 = LINE('',#520,#521);
#520 = CARTESIAN_POINT('',(63.485,-46.588748,1.585));
#521 = VECTOR('',#522,1.);
#522 = DIRECTION('',(0.,-1.,0.));
#523 = ORIENTED_EDGE('',*,*,#524,.T.);
#524 = EDGE_CURVE('',#517,#525,#527,.T.);
#525 = VERTEX_POINT('',#526);
#526 = CARTESIAN_POINT('',(63.365,-47.111252,1.585));
#527 = CIRCLE('',#528,6.000000000042E-02);
#528 = AXIS2_PLACEMENT_3D('',#529,#530,#531);
#529 = CARTESIAN_POINT('',(63.425,-47.11125222558,1.585));
#530 = DIRECTION('',(0.,0.,-1.));
#531 = DIRECTION('',(0.999999999993,3.75979413526E-06,0.));
#532 = ORIENTED_EDGE('',*,*,#533,.T.);
#533 = EDGE_CURVE('',#525,#534,#536,.T.);
#534 = VERTEX_POINT('',#535);
#535 = CARTESIAN_POINT('',(63.365,-46.588748,1.585));
#536 = LINE('',#537,#538);
#537 = CARTESIAN_POINT('',(63.365,-47.111252,1.585));
#538 = VECTOR('',#539,1.);
#539 = DIRECTION('',(0.,1.,0.));
#540 = ORIENTED_EDGE('',*,*,#541,.T.);
#541 = EDGE_CURVE('',#534,#506,#542,.T.);
#542 = LINE('',#543,#544);
#543 = CARTESIAN_POINT('',(63.365,-46.588748,1.585));
#544 = VECTOR('',#545,1.);
#545 = DIRECTION('',(0.195081000118,0.980787134598,0.));
#546 = PLANE('',#547);
#547 = AXIS2_PLACEMENT_3D('',#548,#549,#550);
#548 = CARTESIAN_POINT('',(0.,0.,1.585));
#549 = DIRECTION('',(0.,0.,1.));
#550 = DIRECTION('',(1.,0.,-0.));
#551 = SHELL_BASED_SURFACE_MODEL('',(#552));
#552 = OPEN_SHELL('',(#553));
#553 = ADVANCED_FACE('',(#554),#598,.T.);
#554 = FACE_BOUND('',#555,.F.);
#555 = EDGE_LOOP('',(#556,#567,#575,#584,#592));
#556 = ORIENTED_EDGE('',*,*,#557,.T.);
#557 = EDGE_CURVE('',#558,#560,#562,.T.);
#558 = VERTEX_POINT('',#559);
#559 = CARTESIAN_POINT('',(64.024567,-46.736459,1.585));
#560 = VERTEX_POINT('',#561);
#561 = CARTESIAN_POINT('',(64.14,-46.75942,1.585));
#562 = CIRCLE('',#563,6.000007318647E-02);
#563 = AXIS2_PLACEMENT_3D('',#564,#565,#566);
#564 = CARTESIAN_POINT('',(64.079999926814,-46.75941982331,1.585));
#565 = DIRECTION('',(0.,0.,-1.));
#566 = DIRECTION('',(-0.923880986637,0.382679921777,0.));
#567 = ORIENTED_EDGE('',*,*,#568,.T.);
#568 = EDGE_CURVE('',#560,#569,#571,.T.);
#569 = VERTEX_POINT('',#570);
#570 = CARTESIAN_POINT('',(64.14,-47.04058,1.585));
#571 = LINE('',#572,#573);
#572 = CARTESIAN_POINT('',(64.14,-46.75942,1.585));
#573 = VECTOR('',#574,1.);
#574 = DIRECTION('',(0.,-1.,0.));
#575 = ORIENTED_EDGE('',*,*,#576,.T.);
#576 = EDGE_CURVE('',#569,#577,#579,.T.);
#577 = VERTEX_POINT('',#578);
#578 = CARTESIAN_POINT('',(64.02,-47.04058,1.585));
#579 = CIRCLE('',#580,6.000000000043E-02);
#580 = AXIS2_PLACEMENT_3D('',#581,#582,#583);
#581 = CARTESIAN_POINT('',(64.08,-47.04058022558,1.585));
#582 = DIRECTION('',(0.,0.,-1.));
#583 = DIRECTION('',(0.999999999993,3.759794135259E-06,0.));
#584 = ORIENTED_EDGE('',*,*,#585,.T.);
#585 = EDGE_CURVE('',#577,#586,#588,.T.);
#586 = VERTEX_POINT('',#587);
#587 = CARTESIAN_POINT('',(64.02,-46.75942,1.585));
#588 = LINE('',#589,#590);
#589 = CARTESIAN_POINT('',(64.02,-47.04058,1.585));
#590 = VECTOR('',#591,1.);
#591 = DIRECTION('',(0.,1.,0.));
#592 = ORIENTED_EDGE('',*,*,#593,.T.);
#593 = EDGE_CURVE('',#586,#558,#594,.T.);
#594 = LINE('',#595,#596);
#595 = CARTESIAN_POINT('',(64.02,-46.75942,1.585));
#596 = VECTOR('',#597,1.);
#597 = DIRECTION('',(0.195081000118,0.980787134598,0.));
#598 = PLANE('',#599);
#599 = AXIS2_PLACEMENT_3D('',#600,#601,#602);
#600 = CARTESIAN_POINT('',(0.,0.,1.585));
#601 = DIRECTION('',(0.,0.,1.));
#602 = DIRECTION('',(1.,0.,-0.));
#603 = SHELL_BASED_SURFACE_MODEL('',(#604));
#604 = OPEN_SHELL('',(#605));
#605 = ADVANCED_FACE('',(#606),#650,.T.);
#606 = FACE_BOUND('',#607,.F.);
#607 = EDGE_LOOP('',(#608,#619,#627,#636,#644));
#608 = ORIENTED_EDGE('',*,*,#609,.T.);
#609 = EDGE_CURVE('',#610,#612,#614,.T.);
#610 = VERTEX_POINT('',#611);
#611 = CARTESIAN_POINT('',(65.044567,-46.736459,1.585));
#612 = VERTEX_POINT('',#613);
#613 = CARTESIAN_POINT('',(65.16,-46.75942,1.585));
#614 = CIRCLE('',#615,6.000007318647E-02);
#615 = AXIS2_PLACEMENT_3D('',#616,#617,#618);
#616 = CARTESIAN_POINT('',(65.099999926814,-46.75941982331,1.585));
#617 = DIRECTION('',(0.,0.,-1.));
#618 = DIRECTION('',(-0.923880986637,0.382679921777,0.));
#619 = ORIENTED_EDGE('',*,*,#620,.T.);
#620 = EDGE_CURVE('',#612,#621,#623,.T.);
#621 = VERTEX_POINT('',#622);
#622 = CARTESIAN_POINT('',(65.16,-47.04058,1.585));
#623 = LINE('',#624,#625);
#624 = CARTESIAN_POINT('',(65.16,-46.75942,1.585));
#625 = VECTOR('',#626,1.);
#626 = DIRECTION('',(0.,-1.,0.));
#627 = ORIENTED_EDGE('',*,*,#628,.T.);
#628 = EDGE_CURVE('',#621,#629,#631,.T.);
#629 = VERTEX_POINT('',#630);
#630 = CARTESIAN_POINT('',(65.04,-47.04058,1.585));
#631 = CIRCLE('',#632,6.000000000042E-02);
#632 = AXIS2_PLACEMENT_3D('',#633,#634,#635);
#633 = CARTESIAN_POINT('',(65.1,-47.04058022558,1.585));
#634 = DIRECTION('',(0.,0.,-1.));
#635 = DIRECTION('',(0.999999999993,3.759794253684E-06,0.));
#636 = ORIENTED_EDGE('',*,*,#637,.T.);
#637 = EDGE_CURVE('',#629,#638,#640,.T.);
#638 = VERTEX_POINT('',#639);
#639 = CARTESIAN_POINT('',(65.04,-46.75942,1.585));
#640 = LINE('',#641,#642);
#641 = CARTESIAN_POINT('',(65.04,-47.04058,1.585));
#642 = VECTOR('',#643,1.);
#643 = DIRECTION('',(0.,1.,0.));
#644 = ORIENTED_EDGE('',*,*,#645,.T.);
#645 = EDGE_CURVE('',#638,#610,#646,.T.);
#646 = LINE('',#647,#648);
#647 = CARTESIAN_POINT('',(65.04,-46.75942,1.585));
#648 = VECTOR('',#649,1.);
#649 = DIRECTION('',(0.195081000118,0.980787134598,0.));
#650 = PLANE('',#651);
#651 = AXIS2_PLACEMENT_3D('',#652,#653,#654);
#652 = CARTESIAN_POINT('',(0.,0.,1.585));
#653 = DIRECTION('',(0.,0.,1.));
#654 = DIRECTION('',(1.,0.,-0.));
#655 = SHELL_BASED_SURFACE_MODEL('',(#656));
#656 = OPEN_SHELL('',(#657));
#657 = ADVANCED_FACE('',(#658),#776,.T.);
#658 = FACE_BOUND('',#659,.F.);
#659 = EDGE_LOOP('',(#660,#671,#679,#688,#696,#704,#712,#721,#729,#737,
    #745,#754,#762,#770));
#660 = ORIENTED_EDGE('',*,*,#661,.T.);
#661 = EDGE_CURVE('',#662,#664,#666,.T.);
#662 = VERTEX_POINT('',#663);
#663 = CARTESIAN_POINT('',(64.757067,-46.508224,1.585));
#664 = VERTEX_POINT('',#665);
#665 = CARTESIAN_POINT('',(64.877309,-46.532142,1.585));
#666 = CIRCLE('',#667,6.249988563226E-02);
#667 = AXIS2_PLACEMENT_3D('',#668,#669,#670);
#668 = CARTESIAN_POINT('',(64.814809114368,-46.53214227611,1.585));
#669 = DIRECTION('',(0.,0.,-1.));
#670 = DIRECTION('',(-0.923875520478,0.382693118126,0.));
#671 = ORIENTED_EDGE('',*,*,#672,.T.);
#672 = EDGE_CURVE('',#664,#673,#675,.T.);
#673 = VERTEX_POINT('',#674);
#674 = CARTESIAN_POINT('',(64.877309,-46.817856,1.585));
#675 = LINE('',#676,#677);
#676 = CARTESIAN_POINT('',(64.877309,-46.532142,1.585));
#677 = VECTOR('',#678,1.);
#678 = DIRECTION('',(0.,-1.,0.));
#679 = ORIENTED_EDGE('',*,*,#680,.T.);
#680 = EDGE_CURVE('',#673,#681,#683,.T.);
#681 = VERTEX_POINT('',#682);
#682 = CARTESIAN_POINT('',(64.752309,-46.817856,1.585));
#683 = CIRCLE('',#684,6.250000000099E-02);
#684 = AXIS2_PLACEMENT_3D('',#685,#686,#687);
#685 = CARTESIAN_POINT('',(64.814809,-46.81785564746,1.585));
#686 = DIRECTION('',(-0.,0.,-1.));
#687 = DIRECTION('',(0.999999999984,-5.640538915851E-06,-0.));
#688 = ORIENTED_EDGE('',*,*,#689,.T.);
#689 = EDGE_CURVE('',#681,#690,#692,.T.);
#690 = VERTEX_POINT('',#691);
#691 = CARTESIAN_POINT('',(64.752309,-46.737499,1.585));
#692 = LINE('',#693,#694);
#693 = CARTESIAN_POINT('',(64.752309,-46.817856,1.585));
#694 = VECTOR('',#695,1.);
#695 = DIRECTION('',(0.,1.,0.));
#696 = ORIENTED_EDGE('',*,*,#697,.T.);
#697 = EDGE_CURVE('',#690,#698,#700,.T.);
#698 = VERTEX_POINT('',#699);
#699 = CARTESIAN_POINT('',(64.486043,-46.737499,1.585));
#700 = LINE('',#701,#702);
#701 = CARTESIAN_POINT('',(64.752309,-46.737499,1.585));
#702 = VECTOR('',#703,1.);
#703 = DIRECTION('',(-1.,0.,0.));
#704 = ORIENTED_EDGE('',*,*,#705,.T.);
#705 = EDGE_CURVE('',#698,#706,#708,.T.);
#706 = VERTEX_POINT('',#707);
#707 = CARTESIAN_POINT('',(64.513568,-46.789905,1.585));
#708 = LINE('',#709,#710);
#709 = CARTESIAN_POINT('',(64.486043,-46.737499,1.585));
#710 = VECTOR('',#711,1.);
#711 = DIRECTION('',(0.464990824004,-0.885315499464,0.));
#712 = ORIENTED_EDGE('',*,*,#713,.T.);
#713 = EDGE_CURVE('',#706,#714,#716,.T.);
#714 = VERTEX_POINT('',#715);
#715 = CARTESIAN_POINT('',(64.401764,-46.845806,1.585));
#716 = CIRCLE('',#717,6.250011243639E-02);
#717 = AXIS2_PLACEMENT_3D('',#718,#719,#720);
#718 = CARTESIAN_POINT('',(64.457665750696,-46.81785500138,1.585));
#719 = DIRECTION('',(0.,0.,-1.));
#720 = DIRECTION('',(0.894434379792,0.447199217626,0.));
#721 = ORIENTED_EDGE('',*,*,#722,.T.);
#722 = EDGE_CURVE('',#714,#723,#725,.T.);
#723 = VERTEX_POINT('',#724);
#724 = CARTESIAN_POINT('',(64.38249,-46.807258,1.585));
#725 = LINE('',#726,#727);
#726 = CARTESIAN_POINT('',(64.401764,-46.845806,1.585));
#727 = VECTOR('',#728,1.);
#728 = DIRECTION('',(-0.4472135955,0.894427191,0.));
#729 = ORIENTED_EDGE('',*,*,#730,.T.);
#730 = EDGE_CURVE('',#723,#731,#733,.T.);
#731 = VERTEX_POINT('',#732);
#732 = CARTESIAN_POINT('',(64.346419,-46.771187,1.585));
#733 = LINE('',#734,#735);
#734 = CARTESIAN_POINT('',(64.38249,-46.807258,1.585));
#735 = VECTOR('',#736,1.);
#736 = DIRECTION('',(-0.707106781187,0.707106781186,0.));
#737 = ORIENTED_EDGE('',*,*,#738,.T.);
#738 = EDGE_CURVE('',#731,#739,#741,.T.);
#739 = VERTEX_POINT('',#740);
#740 = CARTESIAN_POINT('',(64.28014,-46.727002,1.585));
#741 = LINE('',#742,#743);
#742 = CARTESIAN_POINT('',(64.346419,-46.771187,1.585));
#743 = VECTOR('',#744,1.);
#744 = DIRECTION('',(-0.832056088373,0.554691505074,0.));
#745 = ORIENTED_EDGE('',*,*,#746,.T.);
#746 = EDGE_CURVE('',#739,#747,#749,.T.);
#747 = VERTEX_POINT('',#748);
#748 = CARTESIAN_POINT('',(64.314809,-46.612499,1.585));
#749 = CIRCLE('',#750,6.250001001977E-02);
#750 = AXIS2_PLACEMENT_3D('',#751,#752,#753);
#751 = CARTESIAN_POINT('',(64.31480901045,-46.67499901002,1.585));
#752 = DIRECTION('',(0.,0.,-1.));
#753 = DIRECTION('',(-0.554704078273,-0.832047706293,-0.));
#754 = ORIENTED_EDGE('',*,*,#755,.T.);
#755 = EDGE_CURVE('',#747,#756,#758,.T.);
#756 = VERTEX_POINT('',#757);
#757 = CARTESIAN_POINT('',(64.752309,-46.612499,1.585));
#758 = LINE('',#759,#760);
#759 = CARTESIAN_POINT('',(64.314809,-46.612499,1.585));
#760 = VECTOR('',#761,1.);
#761 = DIRECTION('',(1.,0.,0.));
#762 = ORIENTED_EDGE('',*,*,#763,.T.);
#763 = EDGE_CURVE('',#756,#764,#766,.T.);
#764 = VERTEX_POINT('',#765);
#765 = CARTESIAN_POINT('',(64.752309,-46.532142,1.585));
#766 = LINE('',#767,#768);
#767 = CARTESIAN_POINT('',(64.752309,-46.612499,1.585));
#768 = VECTOR('',#769,1.);
#769 = DIRECTION('',(0.,1.,0.));
#770 = ORIENTED_EDGE('',*,*,#771,.T.);
#771 = EDGE_CURVE('',#764,#662,#772,.T.);
#772 = LINE('',#773,#774);
#773 = CARTESIAN_POINT('',(64.752309,-46.532142,1.585));
#774 = VECTOR('',#775,1.);
#775 = DIRECTION('',(0.195106652235,0.980782031979,0.));
#776 = PLANE('',#777);
#777 = AXIS2_PLACEMENT_3D('',#778,#779,#780);
#778 = CARTESIAN_POINT('',(0.,0.,1.585));
#779 = DIRECTION('',(0.,0.,1.));
#780 = DIRECTION('',(1.,0.,-0.));
#781 = SHELL_BASED_SURFACE_MODEL('',(#782));
#782 = OPEN_SHELL('',(#783));
#783 = ADVANCED_FACE('',(#784),#958,.T.);
#784 = FACE_BOUND('',#785,.F.);
#785 = EDGE_LOOP('',(#786,#796,#804,#812,#820,#828,#837,#845,#854,#862,
    #870,#878,#886,#895,#903,#912,#920,#928,#936,#944,#952));
#786 = ORIENTED_EDGE('',*,*,#787,.T.);
#787 = EDGE_CURVE('',#788,#790,#792,.T.);
#788 = VERTEX_POINT('',#789);
#789 = CARTESIAN_POINT('',(62.434477,-46.425051,1.585));
#790 = VERTEX_POINT('',#791);
#791 = CARTESIAN_POINT('',(62.495954,-46.397445,1.585));
#792 = LINE('',#793,#794);
#793 = CARTESIAN_POINT('',(62.434477,-46.425051,1.585));
#794 = VECTOR('',#795,1.);
#795 = DIRECTION('',(0.912246901044,0.409640807948,0.));
#796 = ORIENTED_EDGE('',*,*,#797,.T.);
#797 = EDGE_CURVE('',#790,#798,#800,.T.);
#798 = VERTEX_POINT('',#799);
#799 = CARTESIAN_POINT('',(62.567491,-46.396596,1.585));
#800 = LINE('',#801,#802);
#801 = CARTESIAN_POINT('',(62.495954,-46.397445,1.585));
#802 = VECTOR('',#803,1.);
#803 = DIRECTION('',(0.999929582912,1.186714869071E-02,0.));
#804 = ORIENTED_EDGE('',*,*,#805,.T.);
#805 = EDGE_CURVE('',#798,#806,#808,.T.);
#806 = VERTEX_POINT('',#807);
#807 = CARTESIAN_POINT('',(62.661334,-46.42877,1.585));
#808 = LINE('',#809,#810);
#809 = CARTESIAN_POINT('',(62.567491,-46.396596,1.585));
#810 = VECTOR('',#811,1.);
#811 = DIRECTION('',(0.945948243217,-0.324317623874,0.));
#812 = ORIENTED_EDGE('',*,*,#813,.T.);
#813 = EDGE_CURVE('',#806,#814,#816,.T.);
#814 = VERTEX_POINT('',#815);
#815 = CARTESIAN_POINT('',(62.852309,-46.615778,1.585));
#816 = LINE('',#817,#818);
#817 = CARTESIAN_POINT('',(62.661334,-46.42877,1.585));
#818 = VECTOR('',#819,1.);
#819 = DIRECTION('',(0.714488645883,-0.699647035943,0.));
#820 = ORIENTED_EDGE('',*,*,#821,.T.);
#821 = EDGE_CURVE('',#814,#822,#824,.T.);
#822 = VERTEX_POINT('',#823);
#823 = CARTESIAN_POINT('',(62.852309,-46.457142,1.585));
#824 = LINE('',#825,#826);
#825 = CARTESIAN_POINT('',(62.852309,-46.615778,1.585));
#826 = VECTOR('',#827,1.);
#827 = DIRECTION('',(0.,1.,0.));
#828 = ORIENTED_EDGE('',*,*,#829,.T.);
#829 = EDGE_CURVE('',#822,#830,#832,.T.);
#830 = VERTEX_POINT('',#831);
#831 = CARTESIAN_POINT('',(62.977309,-46.457142,1.585));
#832 = CIRCLE('',#833,6.250000000099E-02);
#833 = AXIS2_PLACEMENT_3D('',#834,#835,#836);
#834 = CARTESIAN_POINT('',(62.914809,-46.45714235253,1.585));
#835 = DIRECTION('',(0.,0.,-1.));
#836 = DIRECTION('',(-0.999999999984,5.640538915851E-06,0.));
#837 = ORIENTED_EDGE('',*,*,#838,.T.);
#838 = EDGE_CURVE('',#830,#839,#841,.T.);
#839 = VERTEX_POINT('',#840);
#840 = CARTESIAN_POINT('',(62.977309,-46.766666,1.585));
#841 = LINE('',#842,#843);
#842 = CARTESIAN_POINT('',(62.977309,-46.457142,1.585));
#843 = VECTOR('',#844,1.);
#844 = DIRECTION('',(0.,-1.,0.));
#845 = ORIENTED_EDGE('',*,*,#846,.T.);
#846 = EDGE_CURVE('',#839,#847,#849,.T.);
#847 = VERTEX_POINT('',#848);
#848 = CARTESIAN_POINT('',(62.870615,-46.81086,1.585));
#849 = CIRCLE('',#850,6.249966730101E-02);
#850 = AXIS2_PLACEMENT_3D('',#851,#852,#853);
#851 = CARTESIAN_POINT('',(62.914809332701,-46.76666645556,1.585));
#852 = DIRECTION('',(0.,0.,-1.));
#853 = DIRECTION('',(0.999999999973,7.28905096103E-06,0.));
#854 = ORIENTED_EDGE('',*,*,#855,.T.);
#855 = EDGE_CURVE('',#847,#856,#858,.T.);
#856 = VERTEX_POINT('',#857);
#857 = CARTESIAN_POINT('',(62.595334,-46.535579,1.585));
#858 = LINE('',#859,#860);
#859 = CARTESIAN_POINT('',(62.870615,-46.81086,1.585));
#860 = VECTOR('',#861,1.);
#861 = DIRECTION('',(-0.707106781187,0.707106781187,0.));
#862 = ORIENTED_EDGE('',*,*,#863,.T.);
#863 = EDGE_CURVE('',#856,#864,#866,.T.);
#864 = VERTEX_POINT('',#865);
#865 = CARTESIAN_POINT('',(62.547523,-46.519642,1.585));
#866 = LINE('',#867,#868);
#867 = CARTESIAN_POINT('',(62.595334,-46.535579,1.585));
#868 = VECTOR('',#869,1.);
#869 = DIRECTION('',(-0.948683298051,0.316227766017,0.));
#870 = ORIENTED_EDGE('',*,*,#871,.T.);
#871 = EDGE_CURVE('',#864,#872,#874,.T.);
#872 = VERTEX_POINT('',#873);
#873 = CARTESIAN_POINT('',(62.5248,-46.519642,1.585));
#874 = LINE('',#875,#876);
#875 = CARTESIAN_POINT('',(62.547523,-46.519642,1.585));
#876 = VECTOR('',#877,1.);
#877 = DIRECTION('',(-1.,0.,0.));
#878 = ORIENTED_EDGE('',*,*,#879,.T.);
#879 = EDGE_CURVE('',#872,#880,#882,.T.);
#880 = VERTEX_POINT('',#881);
#881 = CARTESIAN_POINT('',(62.489985,-46.541782,1.585));
#882 = LINE('',#883,#884);
#883 = CARTESIAN_POINT('',(62.5248,-46.519642,1.585));
#884 = VECTOR('',#885,1.);
#885 = DIRECTION('',(-0.843826119997,-0.536616696732,0.));
#886 = ORIENTED_EDGE('',*,*,#887,.T.);
#887 = EDGE_CURVE('',#880,#888,#890,.T.);
#888 = VERTEX_POINT('',#889);
#889 = CARTESIAN_POINT('',(62.489985,-46.682025,1.585));
#890 = CIRCLE('',#891,0.129228525463);
#891 = AXIS2_PLACEMENT_3D('',#892,#893,#894);
#892 = CARTESIAN_POINT('',(62.598534468129,-46.6119035,1.585));
#893 = DIRECTION('',(0.,0.,1.));
#894 = DIRECTION('',(-0.839980706582,0.542616266408,0.));
#895 = ORIENTED_EDGE('',*,*,#896,.T.);
#896 = EDGE_CURVE('',#888,#897,#899,.T.);
#897 = VERTEX_POINT('',#898);
#898 = CARTESIAN_POINT('',(62.52017,-46.718939,1.585));
#899 = LINE('',#900,#901);
#900 = CARTESIAN_POINT('',(62.489985,-46.682025,1.585));
#901 = VECTOR('',#902,1.);
#902 = DIRECTION('',(0.633019642498,-0.774135732422,0.));
#903 = ORIENTED_EDGE('',*,*,#904,.T.);
#904 = EDGE_CURVE('',#897,#905,#907,.T.);
#905 = VERTEX_POINT('',#906);
#906 = CARTESIAN_POINT('',(62.438511,-46.800598,1.585));
#907 = CIRCLE('',#908,6.249929161998E-02);
#908 = AXIS2_PLACEMENT_3D('',#909,#910,#911);
#909 = CARTESIAN_POINT('',(62.462428,-46.742856,1.585));
#910 = DIRECTION('',(0.,0.,-1.));
#911 = DIRECTION('',(0.923882471358,0.382676337284,0.));
#912 = ORIENTED_EDGE('',*,*,#913,.T.);
#913 = EDGE_CURVE('',#905,#914,#916,.T.);
#914 = VERTEX_POINT('',#915);
#915 = CARTESIAN_POINT('',(62.394425,-46.763241,1.585));
#916 = LINE('',#917,#918);
#917 = CARTESIAN_POINT('',(62.438511,-46.800598,1.585));
#918 = VECTOR('',#919,1.);
#919 = DIRECTION('',(-0.762929886422,0.646481235926,0.));
#920 = ORIENTED_EDGE('',*,*,#921,.T.);
#921 = EDGE_CURVE('',#914,#922,#924,.T.);
#922 = VERTEX_POINT('',#923);
#923 = CARTESIAN_POINT('',(62.357067,-46.695346,1.585));
#924 = LINE('',#925,#926);
#925 = CARTESIAN_POINT('',(62.394425,-46.763241,1.585));
#926 = VECTOR('',#927,1.);
#927 = DIRECTION('',(-0.482074781297,0.876130073241,0.));
#928 = ORIENTED_EDGE('',*,*,#929,.T.);
#929 = EDGE_CURVE('',#922,#930,#932,.T.);
#930 = VERTEX_POINT('',#931);
#931 = CARTESIAN_POINT('',(62.352309,-46.671428,1.585));
#932 = LINE('',#933,#934);
#933 = CARTESIAN_POINT('',(62.357067,-46.695346,1.585));
#934 = VECTOR('',#935,1.);
#935 = DIRECTION('',(-0.195106652235,0.980782031979,0.));
#936 = ORIENTED_EDGE('',*,*,#937,.T.);
#937 = EDGE_CURVE('',#930,#938,#940,.T.);
#938 = VERTEX_POINT('',#939);
#939 = CARTESIAN_POINT('',(62.355111,-46.538292,1.585));
#940 = LINE('',#941,#942);
#941 = CARTESIAN_POINT('',(62.352309,-46.671428,1.585));
#942 = VECTOR('',#943,1.);
#943 = DIRECTION('',(2.104148875314E-02,0.999778603367,0.));
#944 = ORIENTED_EDGE('',*,*,#945,.T.);
#945 = EDGE_CURVE('',#938,#946,#948,.T.);
#946 = VERTEX_POINT('',#947);
#947 = CARTESIAN_POINT('',(62.388858,-46.468898,1.585));
#948 = LINE('',#949,#950);
#949 = CARTESIAN_POINT('',(62.355111,-46.538292,1.585));
#950 = VECTOR('',#951,1.);
#951 = DIRECTION('',(0.437337415054,0.899297495489,0.));
#952 = ORIENTED_EDGE('',*,*,#953,.T.);
#953 = EDGE_CURVE('',#946,#788,#954,.T.);
#954 = LINE('',#955,#956);
#955 = CARTESIAN_POINT('',(62.388858,-46.468898,1.585));
#956 = VECTOR('',#957,1.);
#957 = DIRECTION('',(0.720970623549,0.692965626838,0.));
#958 = PLANE('',#959);
#959 = AXIS2_PLACEMENT_3D('',#960,#961,#962);
#960 = CARTESIAN_POINT('',(0.,0.,1.585));
#961 = DIRECTION('',(0.,0.,1.));
#962 = DIRECTION('',(1.,0.,-0.));
#963 = SHELL_BASED_SURFACE_MODEL('',(#964));
#964 = OPEN_SHELL('',(#965));
#965 = ADVANCED_FACE('',(#966),#1052,.T.);
#966 = FACE_BOUND('',#967,.F.);
#967 = EDGE_LOOP('',(#968,#979,#987,#996,#1004,#1012,#1020,#1029,#1037,
    #1046));
#968 = ORIENTED_EDGE('',*,*,#969,.T.);
#969 = EDGE_CURVE('',#970,#972,#974,.T.);
#970 = VERTEX_POINT('',#971);
#971 = CARTESIAN_POINT('',(67.425,-38.29,1.585));
#972 = VERTEX_POINT('',#973);
#973 = CARTESIAN_POINT('',(67.485,-38.23,1.585));
#974 = CIRCLE('',#975,5.999932016262E-02);
#975 = AXIS2_PLACEMENT_3D('',#976,#977,#978);
#976 = CARTESIAN_POINT('',(67.484999320159,-38.28999932015,1.585));
#977 = DIRECTION('',(0.,0.,-1.));
#978 = DIRECTION('',(-0.999999999936,-1.133081552929E-05,-0.));
#979 = ORIENTED_EDGE('',*,*,#980,.T.);
#980 = EDGE_CURVE('',#972,#981,#983,.T.);
#981 = VERTEX_POINT('',#982);
#982 = CARTESIAN_POINT('',(67.75,-38.23,1.585));
#983 = LINE('',#984,#985);
#984 = CARTESIAN_POINT('',(67.485,-38.23,1.585));
#985 = VECTOR('',#986,1.);
#986 = DIRECTION('',(1.,0.,0.));
#987 = ORIENTED_EDGE('',*,*,#988,.T.);
#988 = EDGE_CURVE('',#981,#989,#991,.T.);
#989 = VERTEX_POINT('',#990);
#990 = CARTESIAN_POINT('',(67.75,-38.35,1.585));
#991 = CIRCLE('',#992,6.000000000043E-02);
#992 = AXIS2_PLACEMENT_3D('',#993,#994,#995);
#993 = CARTESIAN_POINT('',(67.750000225588,-38.29,1.585));
#994 = DIRECTION('',(0.,0.,-1.));
#995 = DIRECTION('',(-3.759794016836E-06,0.999999999993,-0.));
#996 = ORIENTED_EDGE('',*,*,#997,.T.);
#997 = EDGE_CURVE('',#989,#998,#1000,.T.);
#998 = VERTEX_POINT('',#999);
#999 = CARTESIAN_POINT('',(67.545,-38.35,1.585));
#1000 = LINE('',#1001,#1002);
#1001 = CARTESIAN_POINT('',(67.75,-38.35,1.585));
#1002 = VECTOR('',#1003,1.);
#1003 = DIRECTION('',(-1.,0.,0.));
#1004 = ORIENTED_EDGE('',*,*,#1005,.T.);
#1005 = EDGE_CURVE('',#998,#1006,#1008,.T.);
#1006 = VERTEX_POINT('',#1007);
#1007 = CARTESIAN_POINT('',(67.545,-45.95,1.585));
#1008 = LINE('',#1009,#1010);
#1009 = CARTESIAN_POINT('',(67.545,-38.35,1.585));
#1010 = VECTOR('',#1011,1.);
#1011 = DIRECTION('',(0.,-1.,0.));
#1012 = ORIENTED_EDGE('',*,*,#1013,.T.);
#1013 = EDGE_CURVE('',#1006,#1014,#1016,.T.);
#1014 = VERTEX_POINT('',#1015);
#1015 = CARTESIAN_POINT('',(67.75,-45.95,1.585));
#1016 = LINE('',#1017,#1018);
#1017 = CARTESIAN_POINT('',(67.545,-45.95,1.585));
#1018 = VECTOR('',#1019,1.);
#1019 = DIRECTION('',(1.,0.,0.));
#1020 = ORIENTED_EDGE('',*,*,#1021,.T.);
#1021 = EDGE_CURVE('',#1014,#1022,#1024,.T.);
#1022 = VERTEX_POINT('',#1023);
#1023 = CARTESIAN_POINT('',(67.75,-46.07,1.585));
#1024 = CIRCLE('',#1025,6.000000000042E-02);
#1025 = AXIS2_PLACEMENT_3D('',#1026,#1027,#1028);
#1026 = CARTESIAN_POINT('',(67.750000225588,-46.01,1.585));
#1027 = DIRECTION('',(0.,0.,-1.));
#1028 = DIRECTION('',(-3.759794016837E-06,0.999999999993,-0.));
#1029 = ORIENTED_EDGE('',*,*,#1030,.T.);
#1030 = EDGE_CURVE('',#1022,#1031,#1033,.T.);
#1031 = VERTEX_POINT('',#1032);
#1032 = CARTESIAN_POINT('',(67.485,-46.07,1.585));
#1033 = LINE('',#1034,#1035);
#1034 = CARTESIAN_POINT('',(67.75,-46.07,1.585));
#1035 = VECTOR('',#1036,1.);
#1036 = DIRECTION('',(-1.,0.,0.));
#1037 = ORIENTED_EDGE('',*,*,#1038,.T.);
#1038 = EDGE_CURVE('',#1031,#1039,#1041,.T.);
#1039 = VERTEX_POINT('',#1040);
#1040 = CARTESIAN_POINT('',(67.425,-46.01,1.585));
#1041 = CIRCLE('',#1042,5.999932016261E-02);
#1042 = AXIS2_PLACEMENT_3D('',#1043,#1044,#1045);
#1043 = CARTESIAN_POINT('',(67.484999320159,-46.01000067984,1.585));
#1044 = DIRECTION('',(0.,0.,-1.));
#1045 = DIRECTION('',(1.133081564772E-05,-0.999999999936,0.));
#1046 = ORIENTED_EDGE('',*,*,#1047,.T.);
#1047 = EDGE_CURVE('',#1039,#970,#1048,.T.);
#1048 = LINE('',#1049,#1050);
#1049 = CARTESIAN_POINT('',(67.425,-46.01,1.585));
#1050 = VECTOR('',#1051,1.);
#1051 = DIRECTION('',(0.,1.,0.));
#1052 = PLANE('',#1053);
#1053 = AXIS2_PLACEMENT_3D('',#1054,#1055,#1056);
#1054 = CARTESIAN_POINT('',(0.,0.,1.585));
#1055 = DIRECTION('',(0.,0.,1.));
#1056 = DIRECTION('',(1.,0.,-0.));
#1057 = SHELL_BASED_SURFACE_MODEL('',(#1058));
#1058 = OPEN_SHELL('',(#1059));
#1059 = ADVANCED_FACE('',(#1060),#1146,.T.);
#1060 = FACE_BOUND('',#1061,.F.);
#1061 = EDGE_LOOP('',(#1062,#1073,#1081,#1090,#1098,#1107,#1115,#1124,
    #1132,#1140));
#1062 = ORIENTED_EDGE('',*,*,#1063,.T.);
#1063 = EDGE_CURVE('',#1064,#1066,#1068,.T.);
#1064 = VERTEX_POINT('',#1065);
#1065 = CARTESIAN_POINT('',(82.84,-38.35,1.585));
#1066 = VERTEX_POINT('',#1067);
#1067 = CARTESIAN_POINT('',(82.84,-38.23,1.585));
#1068 = CIRCLE('',#1069,6.000000000043E-02);
#1069 = AXIS2_PLACEMENT_3D('',#1070,#1071,#1072);
#1070 = CARTESIAN_POINT('',(82.839999774412,-38.29,1.585));
#1071 = DIRECTION('',(0.,0.,-1.));
#1072 = DIRECTION('',(3.759794016836E-06,-0.999999999993,0.));
#1073 = ORIENTED_EDGE('',*,*,#1074,.T.);
#1074 = EDGE_CURVE('',#1066,#1075,#1077,.T.);
#1075 = VERTEX_POINT('',#1076);
#1076 = CARTESIAN_POINT('',(83.105,-38.23,1.585));
#1077 = LINE('',#1078,#1079);
#1078 = CARTESIAN_POINT('',(82.84,-38.23,1.585));
#1079 = VECTOR('',#1080,1.);
#1080 = DIRECTION('',(1.,0.,0.));
#1081 = ORIENTED_EDGE('',*,*,#1082,.T.);
#1082 = EDGE_CURVE('',#1075,#1083,#1085,.T.);
#1083 = VERTEX_POINT('',#1084);
#1084 = CARTESIAN_POINT('',(83.165,-38.29,1.585));
#1085 = CIRCLE('',#1086,5.999932016261E-02);
#1086 = AXIS2_PLACEMENT_3D('',#1087,#1088,#1089);
#1087 = CARTESIAN_POINT('',(83.105000679841,-38.28999932015,1.585));
#1088 = DIRECTION('',(0.,0.,-1.));
#1089 = DIRECTION('',(-1.133081564772E-05,0.999999999936,0.));
#1090 = ORIENTED_EDGE('',*,*,#1091,.T.);
#1091 = EDGE_CURVE('',#1083,#1092,#1094,.T.);
#1092 = VERTEX_POINT('',#1093);
#1093 = CARTESIAN_POINT('',(83.165,-46.01,1.585));
#1094 = LINE('',#1095,#1096);
#1095 = CARTESIAN_POINT('',(83.165,-38.29,1.585));
#1096 = VECTOR('',#1097,1.);
#1097 = DIRECTION('',(0.,-1.,0.));
#1098 = ORIENTED_EDGE('',*,*,#1099,.T.);
#1099 = EDGE_CURVE('',#1092,#1100,#1102,.T.);
#1100 = VERTEX_POINT('',#1101);
#1101 = CARTESIAN_POINT('',(83.105,-46.07,1.585));
#1102 = CIRCLE('',#1103,5.999932016262E-02);
#1103 = AXIS2_PLACEMENT_3D('',#1104,#1105,#1106);
#1104 = CARTESIAN_POINT('',(83.105000679841,-46.01000067984,1.585));
#1105 = DIRECTION('',(0.,0.,-1.));
#1106 = DIRECTION('',(0.999999999936,1.133081552929E-05,0.));
#1107 = ORIENTED_EDGE('',*,*,#1108,.T.);
#1108 = EDGE_CURVE('',#1100,#1109,#1111,.T.);
#1109 = VERTEX_POINT('',#1110);
#1110 = CARTESIAN_POINT('',(82.84,-46.07,1.585));
#1111 = LINE('',#1112,#1113);
#1112 = CARTESIAN_POINT('',(83.105,-46.07,1.585));
#1113 = VECTOR('',#1114,1.);
#1114 = DIRECTION('',(-1.,0.,0.));
#1115 = ORIENTED_EDGE('',*,*,#1116,.T.);
#1116 = EDGE_CURVE('',#1109,#1117,#1119,.T.);
#1117 = VERTEX_POINT('',#1118);
#1118 = CARTESIAN_POINT('',(82.84,-45.95,1.585));
#1119 = CIRCLE('',#1120,6.000000000042E-02);
#1120 = AXIS2_PLACEMENT_3D('',#1121,#1122,#1123);
#1121 = CARTESIAN_POINT('',(82.839999774412,-46.01,1.585));
#1122 = DIRECTION('',(0.,0.,-1.));
#1123 = DIRECTION('',(3.759794253684E-06,-0.999999999993,0.));
#1124 = ORIENTED_EDGE('',*,*,#1125,.T.);
#1125 = EDGE_CURVE('',#1117,#1126,#1128,.T.);
#1126 = VERTEX_POINT('',#1127);
#1127 = CARTESIAN_POINT('',(83.045,-45.95,1.585));
#1128 = LINE('',#1129,#1130);
#1129 = CARTESIAN_POINT('',(82.84,-45.95,1.585));
#1130 = VECTOR('',#1131,1.);
#1131 = DIRECTION('',(1.,0.,0.));
#1132 = ORIENTED_EDGE('',*,*,#1133,.T.);
#1133 = EDGE_CURVE('',#1126,#1134,#1136,.T.);
#1134 = VERTEX_POINT('',#1135);
#1135 = CARTESIAN_POINT('',(83.045,-38.35,1.585));
#1136 = LINE('',#1137,#1138);
#1137 = CARTESIAN_POINT('',(83.045,-45.95,1.585));
#1138 = VECTOR('',#1139,1.);
#1139 = DIRECTION('',(0.,1.,0.));
#1140 = ORIENTED_EDGE('',*,*,#1141,.T.);
#1141 = EDGE_CURVE('',#1134,#1064,#1142,.T.);
#1142 = LINE('',#1143,#1144);
#1143 = CARTESIAN_POINT('',(83.045,-38.35,1.585));
#1144 = VECTOR('',#1145,1.);
#1145 = DIRECTION('',(-1.,0.,0.));
#1146 = PLANE('',#1147);
#1147 = AXIS2_PLACEMENT_3D('',#1148,#1149,#1150);
#1148 = CARTESIAN_POINT('',(0.,0.,1.585));
#1149 = DIRECTION('',(0.,0.,1.));
#1150 = DIRECTION('',(1.,0.,-0.));
#1151 = SHELL_BASED_SURFACE_MODEL('',(#1152));
#1152 = OPEN_SHELL('',(#1153));
#1153 = ADVANCED_FACE('',(#1154),#1198,.T.);
#1154 = FACE_BOUND('',#1155,.F.);
#1155 = EDGE_LOOP('',(#1156,#1167,#1175,#1184,#1192));
#1156 = ORIENTED_EDGE('',*,*,#1157,.T.);
#1157 = EDGE_CURVE('',#1158,#1160,#1162,.T.);
#1158 = VERTEX_POINT('',#1159);
#1159 = CARTESIAN_POINT('',(62.022067,-42.614781,1.585));
#1160 = VERTEX_POINT('',#1161);
#1161 = CARTESIAN_POINT('',(62.1375,-42.637742,1.585));
#1162 = CIRCLE('',#1163,6.000007318648E-02);
#1163 = AXIS2_PLACEMENT_3D('',#1164,#1165,#1166);
#1164 = CARTESIAN_POINT('',(62.077499926814,-42.63774182331,1.585));
#1165 = DIRECTION('',(0.,0.,-1.));
#1166 = DIRECTION('',(-0.923880986637,0.382679921777,0.));
#1167 = ORIENTED_EDGE('',*,*,#1168,.T.);
#1168 = EDGE_CURVE('',#1160,#1169,#1171,.T.);
#1169 = VERTEX_POINT('',#1170);
#1170 = CARTESIAN_POINT('',(62.1375,-43.112258,1.585));
#1171 = LINE('',#1172,#1173);
#1172 = CARTESIAN_POINT('',(62.1375,-42.637742,1.585));
#1173 = VECTOR('',#1174,1.);
#1174 = DIRECTION('',(0.,-1.,0.));
#1175 = ORIENTED_EDGE('',*,*,#1176,.T.);
#1176 = EDGE_CURVE('',#1169,#1177,#1179,.T.);
#1177 = VERTEX_POINT('',#1178);
#1178 = CARTESIAN_POINT('',(62.0175,-43.112258,1.585));
#1179 = CIRCLE('',#1180,6.000000000043E-02);
#1180 = AXIS2_PLACEMENT_3D('',#1181,#1182,#1183);
#1181 = CARTESIAN_POINT('',(62.0775,-43.11225822558,1.585));
#1182 = DIRECTION('',(0.,0.,-1.));
#1183 = DIRECTION('',(0.999999999993,3.759794016836E-06,0.));
#1184 = ORIENTED_EDGE('',*,*,#1185,.T.);
#1185 = EDGE_CURVE('',#1177,#1186,#1188,.T.);
#1186 = VERTEX_POINT('',#1187);
#1187 = CARTESIAN_POINT('',(62.0175,-42.637742,1.585));
#1188 = LINE('',#1189,#1190);
#1189 = CARTESIAN_POINT('',(62.0175,-43.112258,1.585));
#1190 = VECTOR('',#1191,1.);
#1191 = DIRECTION('',(0.,1.,0.));
#1192 = ORIENTED_EDGE('',*,*,#1193,.T.);
#1193 = EDGE_CURVE('',#1186,#1158,#1194,.T.);
#1194 = LINE('',#1195,#1196);
#1195 = CARTESIAN_POINT('',(62.0175,-42.637742,1.585));
#1196 = VECTOR('',#1197,1.);
#1197 = DIRECTION('',(0.195081000118,0.980787134598,0.));
#1198 = PLANE('',#1199);
#1199 = AXIS2_PLACEMENT_3D('',#1200,#1201,#1202);
#1200 = CARTESIAN_POINT('',(0.,0.,1.585));
#1201 = DIRECTION('',(0.,0.,1.));
#1202 = DIRECTION('',(1.,0.,-0.));
#1203 = SHELL_BASED_SURFACE_MODEL('',(#1204));
#1204 = OPEN_SHELL('',(#1205));
#1205 = ADVANCED_FACE('',(#1206),#1250,.T.);
#1206 = FACE_BOUND('',#1207,.F.);
#1207 = EDGE_LOOP('',(#1208,#1219,#1227,#1236,#1244));
#1208 = ORIENTED_EDGE('',*,*,#1209,.T.);
#1209 = EDGE_CURVE('',#1210,#1212,#1214,.T.);
#1210 = VERTEX_POINT('',#1211);
#1211 = CARTESIAN_POINT('',(63.067067,-42.614781,1.585));
#1212 = VERTEX_POINT('',#1213);
#1213 = CARTESIAN_POINT('',(63.1825,-42.637742,1.585));
#1214 = CIRCLE('',#1215,6.000007318647E-02);
#1215 = AXIS2_PLACEMENT_3D('',#1216,#1217,#1218);
#1216 = CARTESIAN_POINT('',(63.122499926814,-42.63774182331,1.585));
#1217 = DIRECTION('',(0.,0.,-1.));
#1218 = DIRECTION('',(-0.923880986637,0.382679921777,0.));
#1219 = ORIENTED_EDGE('',*,*,#1220,.T.);
#1220 = EDGE_CURVE('',#1212,#1221,#1223,.T.);
#1221 = VERTEX_POINT('',#1222);
#1222 = CARTESIAN_POINT('',(63.1825,-43.112258,1.585));
#1223 = LINE('',#1224,#1225);
#1224 = CARTESIAN_POINT('',(63.1825,-42.637742,1.585));
#1225 = VECTOR('',#1226,1.);
#1226 = DIRECTION('',(0.,-1.,0.));
#1227 = ORIENTED_EDGE('',*,*,#1228,.T.);
#1228 = EDGE_CURVE('',#1221,#1229,#1231,.T.);
#1229 = VERTEX_POINT('',#1230);
#1230 = CARTESIAN_POINT('',(63.0625,-43.112258,1.585));
#1231 = CIRCLE('',#1232,6.000000000042E-02);
#1232 = AXIS2_PLACEMENT_3D('',#1233,#1234,#1235);
#1233 = CARTESIAN_POINT('',(63.1225,-43.11225822558,1.585));
#1234 = DIRECTION('',(0.,0.,-1.));
#1235 = DIRECTION('',(0.999999999993,3.75979413526E-06,0.));
#1236 = ORIENTED_EDGE('',*,*,#1237,.T.);
#1237 = EDGE_CURVE('',#1229,#1238,#1240,.T.);
#1238 = VERTEX_POINT('',#1239);
#1239 = CARTESIAN_POINT('',(63.0625,-42.637742,1.585));
#1240 = LINE('',#1241,#1242);
#1241 = CARTESIAN_POINT('',(63.0625,-43.112258,1.585));
#1242 = VECTOR('',#1243,1.);
#1243 = DIRECTION('',(0.,1.,0.));
#1244 = ORIENTED_EDGE('',*,*,#1245,.T.);
#1245 = EDGE_CURVE('',#1238,#1210,#1246,.T.);
#1246 = LINE('',#1247,#1248);
#1247 = CARTESIAN_POINT('',(63.0625,-42.637742,1.585));
#1248 = VECTOR('',#1249,1.);
#1249 = DIRECTION('',(0.195081000118,0.980787134598,0.));
#1250 = PLANE('',#1251);
#1251 = AXIS2_PLACEMENT_3D('',#1252,#1253,#1254);
#1252 = CARTESIAN_POINT('',(0.,0.,1.585));
#1253 = DIRECTION('',(0.,0.,1.));
#1254 = DIRECTION('',(1.,0.,-0.));
#1255 = SHELL_BASED_SURFACE_MODEL('',(#1256));
#1256 = OPEN_SHELL('',(#1257));
#1257 = ADVANCED_FACE('',(#1258),#1318,.T.);
#1258 = FACE_BOUND('',#1259,.F.);
#1259 = EDGE_LOOP('',(#1260,#1270,#1279,#1287,#1296,#1304,#1312));
#1260 = ORIENTED_EDGE('',*,*,#1261,.T.);
#1261 = EDGE_CURVE('',#1262,#1264,#1266,.T.);
#1262 = VERTEX_POINT('',#1263);
#1263 = CARTESIAN_POINT('',(82.796387,-37.464833,1.585));
#1264 = VERTEX_POINT('',#1265);
#1265 = CARTESIAN_POINT('',(83.279833,-37.111387,1.585));
#1266 = LINE('',#1267,#1268);
#1267 = CARTESIAN_POINT('',(82.796387,-37.464833,1.585));
#1268 = VECTOR('',#1269,1.);
#1269 = DIRECTION('',(0.807264993393,0.590189148022,0.));
#1270 = ORIENTED_EDGE('',*,*,#1271,.T.);
#1271 = EDGE_CURVE('',#1264,#1272,#1274,.T.);
#1272 = VERTEX_POINT('',#1273);
#1273 = CARTESIAN_POINT('',(83.375,-37.16,1.585));
#1274 = CIRCLE('',#1275,6.000014043165E-02);
#1275 = AXIS2_PLACEMENT_3D('',#1276,#1277,#1278);
#1276 = CARTESIAN_POINT('',(83.314999859575,-37.16000087496,1.585));
#1277 = DIRECTION('',(0.,0.,-1.));
#1278 = DIRECTION('',(-0.586112954432,0.810229353114,0.));
#1279 = ORIENTED_EDGE('',*,*,#1280,.T.);
#1280 = EDGE_CURVE('',#1272,#1281,#1283,.T.);
#1281 = VERTEX_POINT('',#1282);
#1282 = CARTESIAN_POINT('',(83.375,-37.84,1.585));
#1283 = LINE('',#1284,#1285);
#1284 = CARTESIAN_POINT('',(83.375,-37.16,1.585));
#1285 = VECTOR('',#1286,1.);
#1286 = DIRECTION('',(0.,-1.,0.));
#1287 = ORIENTED_EDGE('',*,*,#1288,.T.);
#1288 = EDGE_CURVE('',#1281,#1289,#1291,.T.);
#1289 = VERTEX_POINT('',#1290);
#1290 = CARTESIAN_POINT('',(83.279833,-37.888613,1.585));
#1291 = CIRCLE('',#1292,6.000013845259E-02);
#1292 = AXIS2_PLACEMENT_3D('',#1293,#1294,#1295);
#1293 = CARTESIAN_POINT('',(83.314999861554,-37.8399991289,1.585));
#1294 = DIRECTION('',(0.,0.,-1.));
#1295 = DIRECTION('',(0.999999999895,-1.451820780407E-05,0.));
#1296 = ORIENTED_EDGE('',*,*,#1297,.T.);
#1297 = EDGE_CURVE('',#1289,#1298,#1300,.T.);
#1298 = VERTEX_POINT('',#1299);
#1299 = CARTESIAN_POINT('',(82.809833,-37.548613,1.585));
#1300 = LINE('',#1301,#1302);
#1301 = CARTESIAN_POINT('',(83.279833,-37.888613,1.585));
#1302 = VECTOR('',#1303,1.);
#1303 = DIRECTION('',(-0.81022441079,0.586119786529,0.));
#1304 = ORIENTED_EDGE('',*,*,#1305,.T.);
#1305 = EDGE_CURVE('',#1298,#1306,#1308,.T.);
#1306 = VERTEX_POINT('',#1307);
#1307 = CARTESIAN_POINT('',(82.785758,-37.509508,1.585));
#1308 = LINE('',#1309,#1310);
#1309 = CARTESIAN_POINT('',(82.809833,-37.548613,1.585));
#1310 = VECTOR('',#1311,1.);
#1311 = DIRECTION('',(-0.524261438215,0.851557364128,0.));
#1312 = ORIENTED_EDGE('',*,*,#1313,.T.);
#1313 = EDGE_CURVE('',#1306,#1262,#1314,.T.);
#1314 = LINE('',#1315,#1316);
#1315 = CARTESIAN_POINT('',(82.785758,-37.509508,1.585));
#1316 = VECTOR('',#1317,1.);
#1317 = DIRECTION('',(0.231457624259,0.972844986713,0.));
#1318 = PLANE('',#1319);
#1319 = AXIS2_PLACEMENT_3D('',#1320,#1321,#1322);
#1320 = CARTESIAN_POINT('',(0.,0.,1.585));
#1321 = DIRECTION('',(0.,0.,1.));
#1322 = DIRECTION('',(1.,0.,-0.));
#1323 = SHELL_BASED_SURFACE_MODEL('',(#1324));
#1324 = OPEN_SHELL('',(#1325));
#1325 = ADVANCED_FACE('',(#1326),#1337,.T.);
#1326 = FACE_BOUND('',#1327,.T.);
#1327 = EDGE_LOOP('',(#1328));
#1328 = ORIENTED_EDGE('',*,*,#1329,.T.);
#1329 = EDGE_CURVE('',#1330,#1330,#1332,.T.);
#1330 = VERTEX_POINT('',#1331);
#1331 = CARTESIAN_POINT('',(65.195,-34.4,1.585));
#1332 = CIRCLE('',#1333,0.1);
#1333 = AXIS2_PLACEMENT_3D('',#1334,#1335,#1336);
#1334 = CARTESIAN_POINT('',(65.095,-34.4,1.585));
#1335 = DIRECTION('',(0.,0.,1.));
#1336 = DIRECTION('',(1.,0.,-0.));
#1337 = PLANE('',#1338);
#1338 = AXIS2_PLACEMENT_3D('',#1339,#1340,#1341);
#1339 = CARTESIAN_POINT('',(0.,0.,1.585));
#1340 = DIRECTION('',(0.,0.,1.));
#1341 = DIRECTION('',(1.,0.,-0.));
#1342 = SHELL_BASED_SURFACE_MODEL('',(#1343));
#1343 = OPEN_SHELL('',(#1344));
#1344 = ADVANCED_FACE('',(#1345),#1356,.T.);
#1345 = FACE_BOUND('',#1346,.T.);
#1346 = EDGE_LOOP('',(#1347));
#1347 = ORIENTED_EDGE('',*,*,#1348,.T.);
#1348 = EDGE_CURVE('',#1349,#1349,#1351,.T.);
#1349 = VERTEX_POINT('',#1350);
#1350 = CARTESIAN_POINT('',(66.995,-34.4,1.585));
#1351 = CIRCLE('',#1352,0.1);
#1352 = AXIS2_PLACEMENT_3D('',#1353,#1354,#1355);
#1353 = CARTESIAN_POINT('',(66.895,-34.4,1.585));
#1354 = DIRECTION('',(0.,0.,1.));
#1355 = DIRECTION('',(1.,0.,-0.));
#1356 = PLANE('',#1357);
#1357 = AXIS2_PLACEMENT_3D('',#1358,#1359,#1360);
#1358 = CARTESIAN_POINT('',(0.,0.,1.585));
#1359 = DIRECTION('',(0.,0.,1.));
#1360 = DIRECTION('',(1.,0.,-0.));
#1361 = SHELL_BASED_SURFACE_MODEL('',(#1362));
#1362 = OPEN_SHELL('',(#1363));
#1363 = ADVANCED_FACE('',(#1364),#1375,.T.);
#1364 = FACE_BOUND('',#1365,.T.);
#1365 = EDGE_LOOP('',(#1366));
#1366 = ORIENTED_EDGE('',*,*,#1367,.T.);
#1367 = EDGE_CURVE('',#1368,#1368,#1370,.T.);
#1368 = VERTEX_POINT('',#1369);
#1369 = CARTESIAN_POINT('',(68.895,-34.4,1.585));
#1370 = CIRCLE('',#1371,0.1);
#1371 = AXIS2_PLACEMENT_3D('',#1372,#1373,#1374);
#1372 = CARTESIAN_POINT('',(68.795,-34.4,1.585));
#1373 = DIRECTION('',(0.,0.,1.));
#1374 = DIRECTION('',(1.,0.,-0.));
#1375 = PLANE('',#1376);
#1376 = AXIS2_PLACEMENT_3D('',#1377,#1378,#1379);
#1377 = CARTESIAN_POINT('',(0.,0.,1.585));
#1378 = DIRECTION('',(0.,0.,1.));
#1379 = DIRECTION('',(1.,0.,-0.));
#1380 = SHELL_BASED_SURFACE_MODEL('',(#1381));
#1381 = OPEN_SHELL('',(#1382));
#1382 = ADVANCED_FACE('',(#1383),#1394,.T.);
#1383 = FACE_BOUND('',#1384,.T.);
#1384 = EDGE_LOOP('',(#1385));
#1385 = ORIENTED_EDGE('',*,*,#1386,.T.);
#1386 = EDGE_CURVE('',#1387,#1387,#1389,.T.);
#1387 = VERTEX_POINT('',#1388);
#1388 = CARTESIAN_POINT('',(70.695,-34.4,1.585));
#1389 = CIRCLE('',#1390,0.1);
#1390 = AXIS2_PLACEMENT_3D('',#1391,#1392,#1393);
#1391 = CARTESIAN_POINT('',(70.595,-34.4,1.585));
#1392 = DIRECTION('',(0.,0.,1.));
#1393 = DIRECTION('',(1.,0.,-0.));
#1394 = PLANE('',#1395);
#1395 = AXIS2_PLACEMENT_3D('',#1396,#1397,#1398);
#1396 = CARTESIAN_POINT('',(0.,0.,1.585));
#1397 = DIRECTION('',(0.,0.,1.));
#1398 = DIRECTION('',(1.,0.,-0.));
#1399 = SHELL_BASED_SURFACE_MODEL('',(#1400));
#1400 = OPEN_SHELL('',(#1401));
#1401 = ADVANCED_FACE('',(#1402),#1413,.T.);
#1402 = FACE_BOUND('',#1403,.T.);
#1403 = EDGE_LOOP('',(#1404));
#1404 = ORIENTED_EDGE('',*,*,#1405,.T.);
#1405 = EDGE_CURVE('',#1406,#1406,#1408,.T.);
#1406 = VERTEX_POINT('',#1407);
#1407 = CARTESIAN_POINT('',(72.55,-34.4,1.585));
#1408 = CIRCLE('',#1409,0.1);
#1409 = AXIS2_PLACEMENT_3D('',#1410,#1411,#1412);
#1410 = CARTESIAN_POINT('',(72.45,-34.4,1.585));
#1411 = DIRECTION('',(0.,0.,1.));
#1412 = DIRECTION('',(1.,0.,-0.));
#1413 = PLANE('',#1414);
#1414 = AXIS2_PLACEMENT_3D('',#1415,#1416,#1417);
#1415 = CARTESIAN_POINT('',(0.,0.,1.585));
#1416 = DIRECTION('',(0.,0.,1.));
#1417 = DIRECTION('',(1.,0.,-0.));
#1418 = SHELL_BASED_SURFACE_MODEL('',(#1419));
#1419 = OPEN_SHELL('',(#1420));
#1420 = ADVANCED_FACE('',(#1421),#1432,.T.);
#1421 = FACE_BOUND('',#1422,.T.);
#1422 = EDGE_LOOP('',(#1423));
#1423 = ORIENTED_EDGE('',*,*,#1424,.T.);
#1424 = EDGE_CURVE('',#1425,#1425,#1427,.T.);
#1425 = VERTEX_POINT('',#1426);
#1426 = CARTESIAN_POINT('',(74.395,-34.4,1.585));
#1427 = CIRCLE('',#1428,0.1);
#1428 = AXIS2_PLACEMENT_3D('',#1429,#1430,#1431);
#1429 = CARTESIAN_POINT('',(74.295,-34.4,1.585));
#1430 = DIRECTION('',(0.,0.,1.));
#1431 = DIRECTION('',(1.,0.,-0.));
#1432 = PLANE('',#1433);
#1433 = AXIS2_PLACEMENT_3D('',#1434,#1435,#1436);
#1434 = CARTESIAN_POINT('',(0.,0.,1.585));
#1435 = DIRECTION('',(0.,0.,1.));
#1436 = DIRECTION('',(1.,0.,-0.));
#1437 = SHELL_BASED_SURFACE_MODEL('',(#1438));
#1438 = OPEN_SHELL('',(#1439));
#1439 = ADVANCED_FACE('',(#1440),#1451,.T.);
#1440 = FACE_BOUND('',#1441,.T.);
#1441 = EDGE_LOOP('',(#1442));
#1442 = ORIENTED_EDGE('',*,*,#1443,.T.);
#1443 = EDGE_CURVE('',#1444,#1444,#1446,.T.);
#1444 = VERTEX_POINT('',#1445);
#1445 = CARTESIAN_POINT('',(76.195,-34.4,1.585));
#1446 = CIRCLE('',#1447,0.1);
#1447 = AXIS2_PLACEMENT_3D('',#1448,#1449,#1450);
#1448 = CARTESIAN_POINT('',(76.095,-34.4,1.585));
#1449 = DIRECTION('',(0.,0.,1.));
#1450 = DIRECTION('',(1.,0.,-0.));
#1451 = PLANE('',#1452);
#1452 = AXIS2_PLACEMENT_3D('',#1453,#1454,#1455);
#1453 = CARTESIAN_POINT('',(0.,0.,1.585));
#1454 = DIRECTION('',(0.,0.,1.));
#1455 = DIRECTION('',(1.,0.,-0.));
#1456 = SHELL_BASED_SURFACE_MODEL('',(#1457));
#1457 = OPEN_SHELL('',(#1458));
#1458 = ADVANCED_FACE('',(#1459),#1470,.T.);
#1459 = FACE_BOUND('',#1460,.T.);
#1460 = EDGE_LOOP('',(#1461));
#1461 = ORIENTED_EDGE('',*,*,#1462,.T.);
#1462 = EDGE_CURVE('',#1463,#1463,#1465,.T.);
#1463 = VERTEX_POINT('',#1464);
#1464 = CARTESIAN_POINT('',(77.895,-34.4,1.585));
#1465 = CIRCLE('',#1466,0.1);
#1466 = AXIS2_PLACEMENT_3D('',#1467,#1468,#1469);
#1467 = CARTESIAN_POINT('',(77.795,-34.4,1.585));
#1468 = DIRECTION('',(0.,0.,1.));
#1469 = DIRECTION('',(1.,0.,-0.));
#1470 = PLANE('',#1471);
#1471 = AXIS2_PLACEMENT_3D('',#1472,#1473,#1474);
#1472 = CARTESIAN_POINT('',(0.,0.,1.585));
#1473 = DIRECTION('',(0.,0.,1.));
#1474 = DIRECTION('',(1.,0.,-0.));
#1475 = SHELL_BASED_SURFACE_MODEL('',(#1476));
#1476 = OPEN_SHELL('',(#1477));
#1477 = ADVANCED_FACE('',(#1478),#1489,.T.);
#1478 = FACE_BOUND('',#1479,.T.);
#1479 = EDGE_LOOP('',(#1480));
#1480 = ORIENTED_EDGE('',*,*,#1481,.T.);
#1481 = EDGE_CURVE('',#1482,#1482,#1484,.T.);
#1482 = VERTEX_POINT('',#1483);
#1483 = CARTESIAN_POINT('',(65.22,-32.7,1.585));
#1484 = CIRCLE('',#1485,0.1);
#1485 = AXIS2_PLACEMENT_3D('',#1486,#1487,#1488);
#1486 = CARTESIAN_POINT('',(65.12,-32.7,1.585));
#1487 = DIRECTION('',(0.,0.,1.));
#1488 = DIRECTION('',(1.,0.,-0.));
#1489 = PLANE('',#1490);
#1490 = AXIS2_PLACEMENT_3D('',#1491,#1492,#1493);
#1491 = CARTESIAN_POINT('',(0.,0.,1.585));
#1492 = DIRECTION('',(0.,0.,1.));
#1493 = DIRECTION('',(1.,0.,-0.));
#1494 = SHELL_BASED_SURFACE_MODEL('',(#1495));
#1495 = OPEN_SHELL('',(#1496));
#1496 = ADVANCED_FACE('',(#1497),#1508,.T.);
#1497 = FACE_BOUND('',#1498,.T.);
#1498 = EDGE_LOOP('',(#1499));
#1499 = ORIENTED_EDGE('',*,*,#1500,.T.);
#1500 = EDGE_CURVE('',#1501,#1501,#1503,.T.);
#1501 = VERTEX_POINT('',#1502);
#1502 = CARTESIAN_POINT('',(67.02,-32.7,1.585));
#1503 = CIRCLE('',#1504,0.1);
#1504 = AXIS2_PLACEMENT_3D('',#1505,#1506,#1507);
#1505 = CARTESIAN_POINT('',(66.92,-32.7,1.585));
#1506 = DIRECTION('',(0.,0.,1.));
#1507 = DIRECTION('',(1.,0.,-0.));
#1508 = PLANE('',#1509);
#1509 = AXIS2_PLACEMENT_3D('',#1510,#1511,#1512);
#1510 = CARTESIAN_POINT('',(0.,0.,1.585));
#1511 = DIRECTION('',(0.,0.,1.));
#1512 = DIRECTION('',(1.,0.,-0.));
#1513 = SHELL_BASED_SURFACE_MODEL('',(#1514));
#1514 = OPEN_SHELL('',(#1515));
#1515 = ADVANCED_FACE('',(#1516),#1527,.T.);
#1516 = FACE_BOUND('',#1517,.T.);
#1517 = EDGE_LOOP('',(#1518));
#1518 = ORIENTED_EDGE('',*,*,#1519,.T.);
#1519 = EDGE_CURVE('',#1520,#1520,#1522,.T.);
#1520 = VERTEX_POINT('',#1521);
#1521 = CARTESIAN_POINT('',(68.92,-32.7,1.585));
#1522 = CIRCLE('',#1523,0.1);
#1523 = AXIS2_PLACEMENT_3D('',#1524,#1525,#1526);
#1524 = CARTESIAN_POINT('',(68.82,-32.7,1.585));
#1525 = DIRECTION('',(0.,0.,1.));
#1526 = DIRECTION('',(1.,0.,-0.));
#1527 = PLANE('',#1528);
#1528 = AXIS2_PLACEMENT_3D('',#1529,#1530,#1531);
#1529 = CARTESIAN_POINT('',(0.,0.,1.585));
#1530 = DIRECTION('',(0.,0.,1.));
#1531 = DIRECTION('',(1.,0.,-0.));
#1532 = SHELL_BASED_SURFACE_MODEL('',(#1533));
#1533 = OPEN_SHELL('',(#1534));
#1534 = ADVANCED_FACE('',(#1535),#1546,.T.);
#1535 = FACE_BOUND('',#1536,.T.);
#1536 = EDGE_LOOP('',(#1537));
#1537 = ORIENTED_EDGE('',*,*,#1538,.T.);
#1538 = EDGE_CURVE('',#1539,#1539,#1541,.T.);
#1539 = VERTEX_POINT('',#1540);
#1540 = CARTESIAN_POINT('',(70.73,-32.7,1.585));
#1541 = CIRCLE('',#1542,0.1);
#1542 = AXIS2_PLACEMENT_3D('',#1543,#1544,#1545);
#1543 = CARTESIAN_POINT('',(70.63,-32.7,1.585));
#1544 = DIRECTION('',(0.,0.,1.));
#1545 = DIRECTION('',(1.,0.,-0.));
#1546 = PLANE('',#1547);
#1547 = AXIS2_PLACEMENT_3D('',#1548,#1549,#1550);
#1548 = CARTESIAN_POINT('',(0.,0.,1.585));
#1549 = DIRECTION('',(0.,0.,1.));
#1550 = DIRECTION('',(1.,0.,-0.));
#1551 = SHELL_BASED_SURFACE_MODEL('',(#1552));
#1552 = OPEN_SHELL('',(#1553));
#1553 = ADVANCED_FACE('',(#1554),#1565,.T.);
#1554 = FACE_BOUND('',#1555,.T.);
#1555 = EDGE_LOOP('',(#1556));
#1556 = ORIENTED_EDGE('',*,*,#1557,.T.);
#1557 = EDGE_CURVE('',#1558,#1558,#1560,.T.);
#1558 = VERTEX_POINT('',#1559);
#1559 = CARTESIAN_POINT('',(72.595,-32.7,1.585));
#1560 = CIRCLE('',#1561,0.1);
#1561 = AXIS2_PLACEMENT_3D('',#1562,#1563,#1564);
#1562 = CARTESIAN_POINT('',(72.495,-32.7,1.585));
#1563 = DIRECTION('',(0.,0.,1.));
#1564 = DIRECTION('',(1.,0.,-0.));
#1565 = PLANE('',#1566);
#1566 = AXIS2_PLACEMENT_3D('',#1567,#1568,#1569);
#1567 = CARTESIAN_POINT('',(0.,0.,1.585));
#1568 = DIRECTION('',(0.,0.,1.));
#1569 = DIRECTION('',(1.,0.,-0.));
#1570 = SHELL_BASED_SURFACE_MODEL('',(#1571));
#1571 = OPEN_SHELL('',(#1572));
#1572 = ADVANCED_FACE('',(#1573),#1584,.T.);
#1573 = FACE_BOUND('',#1574,.T.);
#1574 = EDGE_LOOP('',(#1575));
#1575 = ORIENTED_EDGE('',*,*,#1576,.T.);
#1576 = EDGE_CURVE('',#1577,#1577,#1579,.T.);
#1577 = VERTEX_POINT('',#1578);
#1578 = CARTESIAN_POINT('',(74.42,-32.7,1.585));
#1579 = CIRCLE('',#1580,0.1);
#1580 = AXIS2_PLACEMENT_3D('',#1581,#1582,#1583);
#1581 = CARTESIAN_POINT('',(74.32,-32.7,1.585));
#1582 = DIRECTION('',(0.,0.,1.));
#1583 = DIRECTION('',(1.,0.,-0.));
#1584 = PLANE('',#1585);
#1585 = AXIS2_PLACEMENT_3D('',#1586,#1587,#1588);
#1586 = CARTESIAN_POINT('',(0.,0.,1.585));
#1587 = DIRECTION('',(0.,0.,1.));
#1588 = DIRECTION('',(1.,0.,-0.));
#1589 = SHELL_BASED_SURFACE_MODEL('',(#1590));
#1590 = OPEN_SHELL('',(#1591));
#1591 = ADVANCED_FACE('',(#1592),#1603,.T.);
#1592 = FACE_BOUND('',#1593,.T.);
#1593 = EDGE_LOOP('',(#1594));
#1594 = ORIENTED_EDGE('',*,*,#1595,.T.);
#1595 = EDGE_CURVE('',#1596,#1596,#1598,.T.);
#1596 = VERTEX_POINT('',#1597);
#1597 = CARTESIAN_POINT('',(76.22,-32.7,1.585));
#1598 = CIRCLE('',#1599,0.1);
#1599 = AXIS2_PLACEMENT_3D('',#1600,#1601,#1602);
#1600 = CARTESIAN_POINT('',(76.12,-32.7,1.585));
#1601 = DIRECTION('',(0.,0.,1.));
#1602 = DIRECTION('',(1.,0.,-0.));
#1603 = PLANE('',#1604);
#1604 = AXIS2_PLACEMENT_3D('',#1605,#1606,#1607);
#1605 = CARTESIAN_POINT('',(0.,0.,1.585));
#1606 = DIRECTION('',(0.,0.,1.));
#1607 = DIRECTION('',(1.,0.,-0.));
#1608 = SHELL_BASED_SURFACE_MODEL('',(#1609));
#1609 = OPEN_SHELL('',(#1610));
#1610 = ADVANCED_FACE('',(#1611),#1622,.T.);
#1611 = FACE_BOUND('',#1612,.T.);
#1612 = EDGE_LOOP('',(#1613));
#1613 = ORIENTED_EDGE('',*,*,#1614,.T.);
#1614 = EDGE_CURVE('',#1615,#1615,#1617,.T.);
#1615 = VERTEX_POINT('',#1616);
#1616 = CARTESIAN_POINT('',(77.92,-32.7,1.585));
#1617 = CIRCLE('',#1618,0.1);
#1618 = AXIS2_PLACEMENT_3D('',#1619,#1620,#1621);
#1619 = CARTESIAN_POINT('',(77.82,-32.7,1.585));
#1620 = DIRECTION('',(0.,0.,1.));
#1621 = DIRECTION('',(1.,0.,-0.));
#1622 = PLANE('',#1623);
#1623 = AXIS2_PLACEMENT_3D('',#1624,#1625,#1626);
#1624 = CARTESIAN_POINT('',(0.,0.,1.585));
#1625 = DIRECTION('',(0.,0.,1.));
#1626 = DIRECTION('',(1.,0.,-0.));
#1627 = SHELL_BASED_SURFACE_MODEL('',(#1628));
#1628 = OPEN_SHELL('',(#1629));
#1629 = ADVANCED_FACE('',(#1630),#1641,.T.);
#1630 = FACE_BOUND('',#1631,.T.);
#1631 = EDGE_LOOP('',(#1632));
#1632 = ORIENTED_EDGE('',*,*,#1633,.T.);
#1633 = EDGE_CURVE('',#1634,#1634,#1636,.T.);
#1634 = VERTEX_POINT('',#1635);
#1635 = CARTESIAN_POINT('',(65.185,-31.2,1.585));
#1636 = CIRCLE('',#1637,0.1);
#1637 = AXIS2_PLACEMENT_3D('',#1638,#1639,#1640);
#1638 = CARTESIAN_POINT('',(65.085,-31.2,1.585));
#1639 = DIRECTION('',(0.,0.,1.));
#1640 = DIRECTION('',(1.,0.,-0.));
#1641 = PLANE('',#1642);
#1642 = AXIS2_PLACEMENT_3D('',#1643,#1644,#1645);
#1643 = CARTESIAN_POINT('',(0.,0.,1.585));
#1644 = DIRECTION('',(0.,0.,1.));
#1645 = DIRECTION('',(1.,0.,-0.));
#1646 = SHELL_BASED_SURFACE_MODEL('',(#1647));
#1647 = OPEN_SHELL('',(#1648));
#1648 = ADVANCED_FACE('',(#1649),#1660,.T.);
#1649 = FACE_BOUND('',#1650,.T.);
#1650 = EDGE_LOOP('',(#1651));
#1651 = ORIENTED_EDGE('',*,*,#1652,.T.);
#1652 = EDGE_CURVE('',#1653,#1653,#1655,.T.);
#1653 = VERTEX_POINT('',#1654);
#1654 = CARTESIAN_POINT('',(66.985,-31.2,1.585));
#1655 = CIRCLE('',#1656,0.1);
#1656 = AXIS2_PLACEMENT_3D('',#1657,#1658,#1659);
#1657 = CARTESIAN_POINT('',(66.885,-31.2,1.585));
#1658 = DIRECTION('',(0.,0.,1.));
#1659 = DIRECTION('',(1.,0.,-0.));
#1660 = PLANE('',#1661);
#1661 = AXIS2_PLACEMENT_3D('',#1662,#1663,#1664);
#1662 = CARTESIAN_POINT('',(0.,0.,1.585));
#1663 = DIRECTION('',(0.,0.,1.));
#1664 = DIRECTION('',(1.,0.,-0.));
#1665 = SHELL_BASED_SURFACE_MODEL('',(#1666));
#1666 = OPEN_SHELL('',(#1667));
#1667 = ADVANCED_FACE('',(#1668),#1679,.T.);
#1668 = FACE_BOUND('',#1669,.T.);
#1669 = EDGE_LOOP('',(#1670));
#1670 = ORIENTED_EDGE('',*,*,#1671,.T.);
#1671 = EDGE_CURVE('',#1672,#1672,#1674,.T.);
#1672 = VERTEX_POINT('',#1673);
#1673 = CARTESIAN_POINT('',(68.885,-31.2,1.585));
#1674 = CIRCLE('',#1675,0.1);
#1675 = AXIS2_PLACEMENT_3D('',#1676,#1677,#1678);
#1676 = CARTESIAN_POINT('',(68.785,-31.2,1.585));
#1677 = DIRECTION('',(0.,0.,1.));
#1678 = DIRECTION('',(1.,0.,-0.));
#1679 = PLANE('',#1680);
#1680 = AXIS2_PLACEMENT_3D('',#1681,#1682,#1683);
#1681 = CARTESIAN_POINT('',(0.,0.,1.585));
#1682 = DIRECTION('',(0.,0.,1.));
#1683 = DIRECTION('',(1.,0.,-0.));
#1684 = SHELL_BASED_SURFACE_MODEL('',(#1685));
#1685 = OPEN_SHELL('',(#1686));
#1686 = ADVANCED_FACE('',(#1687),#1698,.T.);
#1687 = FACE_BOUND('',#1688,.T.);
#1688 = EDGE_LOOP('',(#1689));
#1689 = ORIENTED_EDGE('',*,*,#1690,.T.);
#1690 = EDGE_CURVE('',#1691,#1691,#1693,.T.);
#1691 = VERTEX_POINT('',#1692);
#1692 = CARTESIAN_POINT('',(70.685,-31.2,1.585));
#1693 = CIRCLE('',#1694,0.1);
#1694 = AXIS2_PLACEMENT_3D('',#1695,#1696,#1697);
#1695 = CARTESIAN_POINT('',(70.585,-31.2,1.585));
#1696 = DIRECTION('',(0.,0.,1.));
#1697 = DIRECTION('',(1.,0.,-0.));
#1698 = PLANE('',#1699);
#1699 = AXIS2_PLACEMENT_3D('',#1700,#1701,#1702);
#1700 = CARTESIAN_POINT('',(0.,0.,1.585));
#1701 = DIRECTION('',(0.,0.,1.));
#1702 = DIRECTION('',(1.,0.,-0.));
#1703 = SHELL_BASED_SURFACE_MODEL('',(#1704));
#1704 = OPEN_SHELL('',(#1705));
#1705 = ADVANCED_FACE('',(#1706),#1717,.T.);
#1706 = FACE_BOUND('',#1707,.T.);
#1707 = EDGE_LOOP('',(#1708));
#1708 = ORIENTED_EDGE('',*,*,#1709,.T.);
#1709 = EDGE_CURVE('',#1710,#1710,#1712,.T.);
#1710 = VERTEX_POINT('',#1711);
#1711 = CARTESIAN_POINT('',(72.56,-31.2,1.585));
#1712 = CIRCLE('',#1713,0.1);
#1713 = AXIS2_PLACEMENT_3D('',#1714,#1715,#1716);
#1714 = CARTESIAN_POINT('',(72.46,-31.2,1.585));
#1715 = DIRECTION('',(0.,0.,1.));
#1716 = DIRECTION('',(1.,0.,-0.));
#1717 = PLANE('',#1718);
#1718 = AXIS2_PLACEMENT_3D('',#1719,#1720,#1721);
#1719 = CARTESIAN_POINT('',(0.,0.,1.585));
#1720 = DIRECTION('',(0.,0.,1.));
#1721 = DIRECTION('',(1.,0.,-0.));
#1722 = SHELL_BASED_SURFACE_MODEL('',(#1723));
#1723 = OPEN_SHELL('',(#1724));
#1724 = ADVANCED_FACE('',(#1725),#1736,.T.);
#1725 = FACE_BOUND('',#1726,.T.);
#1726 = EDGE_LOOP('',(#1727));
#1727 = ORIENTED_EDGE('',*,*,#1728,.T.);
#1728 = EDGE_CURVE('',#1729,#1729,#1731,.T.);
#1729 = VERTEX_POINT('',#1730);
#1730 = CARTESIAN_POINT('',(74.34,-31.2,1.585));
#1731 = CIRCLE('',#1732,0.1);
#1732 = AXIS2_PLACEMENT_3D('',#1733,#1734,#1735);
#1733 = CARTESIAN_POINT('',(74.24,-31.2,1.585));
#1734 = DIRECTION('',(0.,0.,1.));
#1735 = DIRECTION('',(1.,0.,-0.));
#1736 = PLANE('',#1737);
#1737 = AXIS2_PLACEMENT_3D('',#1738,#1739,#1740);
#1738 = CARTESIAN_POINT('',(0.,0.,1.585));
#1739 = DIRECTION('',(0.,0.,1.));
#1740 = DIRECTION('',(1.,0.,-0.));
#1741 = SHELL_BASED_SURFACE_MODEL('',(#1742));
#1742 = OPEN_SHELL('',(#1743));
#1743 = ADVANCED_FACE('',(#1744),#1755,.T.);
#1744 = FACE_BOUND('',#1745,.T.);
#1745 = EDGE_LOOP('',(#1746));
#1746 = ORIENTED_EDGE('',*,*,#1747,.T.);
#1747 = EDGE_CURVE('',#1748,#1748,#1750,.T.);
#1748 = VERTEX_POINT('',#1749);
#1749 = CARTESIAN_POINT('',(76.185,-31.2,1.585));
#1750 = CIRCLE('',#1751,0.1);
#1751 = AXIS2_PLACEMENT_3D('',#1752,#1753,#1754);
#1752 = CARTESIAN_POINT('',(76.085,-31.2,1.585));
#1753 = DIRECTION('',(0.,0.,1.));
#1754 = DIRECTION('',(1.,0.,-0.));
#1755 = PLANE('',#1756);
#1756 = AXIS2_PLACEMENT_3D('',#1757,#1758,#1759);
#1757 = CARTESIAN_POINT('',(0.,0.,1.585));
#1758 = DIRECTION('',(0.,0.,1.));
#1759 = DIRECTION('',(1.,0.,-0.));
#1760 = SHELL_BASED_SURFACE_MODEL('',(#1761));
#1761 = OPEN_SHELL('',(#1762));
#1762 = ADVANCED_FACE('',(#1763),#1774,.T.);
#1763 = FACE_BOUND('',#1764,.T.);
#1764 = EDGE_LOOP('',(#1765));
#1765 = ORIENTED_EDGE('',*,*,#1766,.T.);
#1766 = EDGE_CURVE('',#1767,#1767,#1769,.T.);
#1767 = VERTEX_POINT('',#1768);
#1768 = CARTESIAN_POINT('',(77.885,-31.2,1.585));
#1769 = CIRCLE('',#1770,0.1);
#1770 = AXIS2_PLACEMENT_3D('',#1771,#1772,#1773);
#1771 = CARTESIAN_POINT('',(77.785,-31.2,1.585));
#1772 = DIRECTION('',(0.,0.,1.));
#1773 = DIRECTION('',(1.,0.,-0.));
#1774 = PLANE('',#1775);
#1775 = AXIS2_PLACEMENT_3D('',#1776,#1777,#1778);
#1776 = CARTESIAN_POINT('',(0.,0.,1.585));
#1777 = DIRECTION('',(0.,0.,1.));
#1778 = DIRECTION('',(1.,0.,-0.));
#1779 = SHELL_BASED_SURFACE_MODEL('',(#1780));
#1780 = OPEN_SHELL('',(#1781));
#1781 = ADVANCED_FACE('',(#1782),#1793,.T.);
#1782 = FACE_BOUND('',#1783,.T.);
#1783 = EDGE_LOOP('',(#1784));
#1784 = ORIENTED_EDGE('',*,*,#1785,.T.);
#1785 = EDGE_CURVE('',#1786,#1786,#1788,.T.);
#1786 = VERTEX_POINT('',#1787);
#1787 = CARTESIAN_POINT('',(65.14,-29.7,1.585));
#1788 = CIRCLE('',#1789,0.1);
#1789 = AXIS2_PLACEMENT_3D('',#1790,#1791,#1792);
#1790 = CARTESIAN_POINT('',(65.04,-29.7,1.585));
#1791 = DIRECTION('',(0.,0.,1.));
#1792 = DIRECTION('',(1.,0.,-0.));
#1793 = PLANE('',#1794);
#1794 = AXIS2_PLACEMENT_3D('',#1795,#1796,#1797);
#1795 = CARTESIAN_POINT('',(0.,0.,1.585));
#1796 = DIRECTION('',(0.,0.,1.));
#1797 = DIRECTION('',(1.,0.,-0.));
#1798 = SHELL_BASED_SURFACE_MODEL('',(#1799));
#1799 = OPEN_SHELL('',(#1800));
#1800 = ADVANCED_FACE('',(#1801),#1812,.T.);
#1801 = FACE_BOUND('',#1802,.T.);
#1802 = EDGE_LOOP('',(#1803));
#1803 = ORIENTED_EDGE('',*,*,#1804,.T.);
#1804 = EDGE_CURVE('',#1805,#1805,#1807,.T.);
#1805 = VERTEX_POINT('',#1806);
#1806 = CARTESIAN_POINT('',(66.94,-29.7,1.585));
#1807 = CIRCLE('',#1808,0.1);
#1808 = AXIS2_PLACEMENT_3D('',#1809,#1810,#1811);
#1809 = CARTESIAN_POINT('',(66.84,-29.7,1.585));
#1810 = DIRECTION('',(0.,0.,1.));
#1811 = DIRECTION('',(1.,0.,-0.));
#1812 = PLANE('',#1813);
#1813 = AXIS2_PLACEMENT_3D('',#1814,#1815,#1816);
#1814 = CARTESIAN_POINT('',(0.,0.,1.585));
#1815 = DIRECTION('',(0.,0.,1.));
#1816 = DIRECTION('',(1.,0.,-0.));
#1817 = SHELL_BASED_SURFACE_MODEL('',(#1818));
#1818 = OPEN_SHELL('',(#1819));
#1819 = ADVANCED_FACE('',(#1820),#1831,.T.);
#1820 = FACE_BOUND('',#1821,.T.);
#1821 = EDGE_LOOP('',(#1822));
#1822 = ORIENTED_EDGE('',*,*,#1823,.T.);
#1823 = EDGE_CURVE('',#1824,#1824,#1826,.T.);
#1824 = VERTEX_POINT('',#1825);
#1825 = CARTESIAN_POINT('',(68.84,-29.7,1.585));
#1826 = CIRCLE('',#1827,0.1);
#1827 = AXIS2_PLACEMENT_3D('',#1828,#1829,#1830);
#1828 = CARTESIAN_POINT('',(68.74,-29.7,1.585));
#1829 = DIRECTION('',(0.,0.,1.));
#1830 = DIRECTION('',(1.,0.,-0.));
#1831 = PLANE('',#1832);
#1832 = AXIS2_PLACEMENT_3D('',#1833,#1834,#1835);
#1833 = CARTESIAN_POINT('',(0.,0.,1.585));
#1834 = DIRECTION('',(0.,0.,1.));
#1835 = DIRECTION('',(1.,0.,-0.));
#1836 = SHELL_BASED_SURFACE_MODEL('',(#1837));
#1837 = OPEN_SHELL('',(#1838));
#1838 = ADVANCED_FACE('',(#1839),#1850,.T.);
#1839 = FACE_BOUND('',#1840,.T.);
#1840 = EDGE_LOOP('',(#1841));
#1841 = ORIENTED_EDGE('',*,*,#1842,.T.);
#1842 = EDGE_CURVE('',#1843,#1843,#1845,.T.);
#1843 = VERTEX_POINT('',#1844);
#1844 = CARTESIAN_POINT('',(70.64,-29.7,1.585));
#1845 = CIRCLE('',#1846,0.1);
#1846 = AXIS2_PLACEMENT_3D('',#1847,#1848,#1849);
#1847 = CARTESIAN_POINT('',(70.54,-29.7,1.585));
#1848 = DIRECTION('',(0.,0.,1.));
#1849 = DIRECTION('',(1.,0.,-0.));
#1850 = PLANE('',#1851);
#1851 = AXIS2_PLACEMENT_3D('',#1852,#1853,#1854);
#1852 = CARTESIAN_POINT('',(0.,0.,1.585));
#1853 = DIRECTION('',(0.,0.,1.));
#1854 = DIRECTION('',(1.,0.,-0.));
#1855 = SHELL_BASED_SURFACE_MODEL('',(#1856));
#1856 = OPEN_SHELL('',(#1857));
#1857 = ADVANCED_FACE('',(#1858),#1869,.T.);
#1858 = FACE_BOUND('',#1859,.T.);
#1859 = EDGE_LOOP('',(#1860));
#1860 = ORIENTED_EDGE('',*,*,#1861,.T.);
#1861 = EDGE_CURVE('',#1862,#1862,#1864,.T.);
#1862 = VERTEX_POINT('',#1863);
#1863 = CARTESIAN_POINT('',(72.54,-29.7,1.585));
#1864 = CIRCLE('',#1865,0.1);
#1865 = AXIS2_PLACEMENT_3D('',#1866,#1867,#1868);
#1866 = CARTESIAN_POINT('',(72.44,-29.7,1.585));
#1867 = DIRECTION('',(0.,0.,1.));
#1868 = DIRECTION('',(1.,0.,-0.));
#1869 = PLANE('',#1870);
#1870 = AXIS2_PLACEMENT_3D('',#1871,#1872,#1873);
#1871 = CARTESIAN_POINT('',(0.,0.,1.585));
#1872 = DIRECTION('',(0.,0.,1.));
#1873 = DIRECTION('',(1.,0.,-0.));
#1874 = SHELL_BASED_SURFACE_MODEL('',(#1875));
#1875 = OPEN_SHELL('',(#1876));
#1876 = ADVANCED_FACE('',(#1877),#1888,.T.);
#1877 = FACE_BOUND('',#1878,.T.);
#1878 = EDGE_LOOP('',(#1879));
#1879 = ORIENTED_EDGE('',*,*,#1880,.T.);
#1880 = EDGE_CURVE('',#1881,#1881,#1883,.T.);
#1881 = VERTEX_POINT('',#1882);
#1882 = CARTESIAN_POINT('',(74.34,-29.7,1.585));
#1883 = CIRCLE('',#1884,0.1);
#1884 = AXIS2_PLACEMENT_3D('',#1885,#1886,#1887);
#1885 = CARTESIAN_POINT('',(74.24,-29.7,1.585));
#1886 = DIRECTION('',(0.,0.,1.));
#1887 = DIRECTION('',(1.,0.,-0.));
#1888 = PLANE('',#1889);
#1889 = AXIS2_PLACEMENT_3D('',#1890,#1891,#1892);
#1890 = CARTESIAN_POINT('',(0.,0.,1.585));
#1891 = DIRECTION('',(0.,0.,1.));
#1892 = DIRECTION('',(1.,0.,-0.));
#1893 = SHELL_BASED_SURFACE_MODEL('',(#1894));
#1894 = OPEN_SHELL('',(#1895));
#1895 = ADVANCED_FACE('',(#1896),#1907,.T.);
#1896 = FACE_BOUND('',#1897,.T.);
#1897 = EDGE_LOOP('',(#1898));
#1898 = ORIENTED_EDGE('',*,*,#1899,.T.);
#1899 = EDGE_CURVE('',#1900,#1900,#1902,.T.);
#1900 = VERTEX_POINT('',#1901);
#1901 = CARTESIAN_POINT('',(76.14,-29.7,1.585));
#1902 = CIRCLE('',#1903,0.1);
#1903 = AXIS2_PLACEMENT_3D('',#1904,#1905,#1906);
#1904 = CARTESIAN_POINT('',(76.04,-29.7,1.585));
#1905 = DIRECTION('',(0.,0.,1.));
#1906 = DIRECTION('',(1.,0.,-0.));
#1907 = PLANE('',#1908);
#1908 = AXIS2_PLACEMENT_3D('',#1909,#1910,#1911);
#1909 = CARTESIAN_POINT('',(0.,0.,1.585));
#1910 = DIRECTION('',(0.,0.,1.));
#1911 = DIRECTION('',(1.,0.,-0.));
#1912 = SHELL_BASED_SURFACE_MODEL('',(#1913));
#1913 = OPEN_SHELL('',(#1914));
#1914 = ADVANCED_FACE('',(#1915),#1926,.T.);
#1915 = FACE_BOUND('',#1916,.T.);
#1916 = EDGE_LOOP('',(#1917));
#1917 = ORIENTED_EDGE('',*,*,#1918,.T.);
#1918 = EDGE_CURVE('',#1919,#1919,#1921,.T.);
#1919 = VERTEX_POINT('',#1920);
#1920 = CARTESIAN_POINT('',(77.84,-29.7,1.585));
#1921 = CIRCLE('',#1922,0.1);
#1922 = AXIS2_PLACEMENT_3D('',#1923,#1924,#1925);
#1923 = CARTESIAN_POINT('',(77.74,-29.7,1.585));
#1924 = DIRECTION('',(0.,0.,1.));
#1925 = DIRECTION('',(1.,0.,-0.));
#1926 = PLANE('',#1927);
#1927 = AXIS2_PLACEMENT_3D('',#1928,#1929,#1930);
#1928 = CARTESIAN_POINT('',(0.,0.,1.585));
#1929 = DIRECTION('',(0.,0.,1.));
#1930 = DIRECTION('',(1.,0.,-0.));
#1931 = SHELL_BASED_SURFACE_MODEL('',(#1932));
#1932 = OPEN_SHELL('',(#1933));
#1933 = ADVANCED_FACE('',(#1934),#1945,.T.);
#1934 = FACE_BOUND('',#1935,.T.);
#1935 = EDGE_LOOP('',(#1936));
#1936 = ORIENTED_EDGE('',*,*,#1937,.T.);
#1937 = EDGE_CURVE('',#1938,#1938,#1940,.T.);
#1938 = VERTEX_POINT('',#1939);
#1939 = CARTESIAN_POINT('',(65.125,-28.2,1.585));
#1940 = CIRCLE('',#1941,0.1);
#1941 = AXIS2_PLACEMENT_3D('',#1942,#1943,#1944);
#1942 = CARTESIAN_POINT('',(65.025,-28.2,1.585));
#1943 = DIRECTION('',(0.,0.,1.));
#1944 = DIRECTION('',(1.,0.,-0.));
#1945 = PLANE('',#1946);
#1946 = AXIS2_PLACEMENT_3D('',#1947,#1948,#1949);
#1947 = CARTESIAN_POINT('',(0.,0.,1.585));
#1948 = DIRECTION('',(0.,0.,1.));
#1949 = DIRECTION('',(1.,0.,-0.));
#1950 = SHELL_BASED_SURFACE_MODEL('',(#1951));
#1951 = OPEN_SHELL('',(#1952));
#1952 = ADVANCED_FACE('',(#1953),#1964,.T.);
#1953 = FACE_BOUND('',#1954,.T.);
#1954 = EDGE_LOOP('',(#1955));
#1955 = ORIENTED_EDGE('',*,*,#1956,.T.);
#1956 = EDGE_CURVE('',#1957,#1957,#1959,.T.);
#1957 = VERTEX_POINT('',#1958);
#1958 = CARTESIAN_POINT('',(66.96,-28.2,1.585));
#1959 = CIRCLE('',#1960,0.1);
#1960 = AXIS2_PLACEMENT_3D('',#1961,#1962,#1963);
#1961 = CARTESIAN_POINT('',(66.86,-28.2,1.585));
#1962 = DIRECTION('',(0.,0.,1.));
#1963 = DIRECTION('',(1.,0.,-0.));
#1964 = PLANE('',#1965);
#1965 = AXIS2_PLACEMENT_3D('',#1966,#1967,#1968);
#1966 = CARTESIAN_POINT('',(0.,0.,1.585));
#1967 = DIRECTION('',(0.,0.,1.));
#1968 = DIRECTION('',(1.,0.,-0.));
#1969 = SHELL_BASED_SURFACE_MODEL('',(#1970));
#1970 = OPEN_SHELL('',(#1971));
#1971 = ADVANCED_FACE('',(#1972),#1983,.T.);
#1972 = FACE_BOUND('',#1973,.T.);
#1973 = EDGE_LOOP('',(#1974));
#1974 = ORIENTED_EDGE('',*,*,#1975,.T.);
#1975 = EDGE_CURVE('',#1976,#1976,#1978,.T.);
#1976 = VERTEX_POINT('',#1977);
#1977 = CARTESIAN_POINT('',(68.825,-28.2,1.585));
#1978 = CIRCLE('',#1979,0.1);
#1979 = AXIS2_PLACEMENT_3D('',#1980,#1981,#1982);
#1980 = CARTESIAN_POINT('',(68.725,-28.2,1.585));
#1981 = DIRECTION('',(0.,0.,1.));
#1982 = DIRECTION('',(1.,0.,-0.));
#1983 = PLANE('',#1984);
#1984 = AXIS2_PLACEMENT_3D('',#1985,#1986,#1987);
#1985 = CARTESIAN_POINT('',(0.,0.,1.585));
#1986 = DIRECTION('',(0.,0.,1.));
#1987 = DIRECTION('',(1.,0.,-0.));
#1988 = SHELL_BASED_SURFACE_MODEL('',(#1989));
#1989 = OPEN_SHELL('',(#1990));
#1990 = ADVANCED_FACE('',(#1991),#2002,.T.);
#1991 = FACE_BOUND('',#1992,.T.);
#1992 = EDGE_LOOP('',(#1993));
#1993 = ORIENTED_EDGE('',*,*,#1994,.T.);
#1994 = EDGE_CURVE('',#1995,#1995,#1997,.T.);
#1995 = VERTEX_POINT('',#1996);
#1996 = CARTESIAN_POINT('',(70.68,-28.2,1.585));
#1997 = CIRCLE('',#1998,0.1);
#1998 = AXIS2_PLACEMENT_3D('',#1999,#2000,#2001);
#1999 = CARTESIAN_POINT('',(70.58,-28.2,1.585));
#2000 = DIRECTION('',(0.,0.,1.));
#2001 = DIRECTION('',(1.,0.,-0.));
#2002 = PLANE('',#2003);
#2003 = AXIS2_PLACEMENT_3D('',#2004,#2005,#2006);
#2004 = CARTESIAN_POINT('',(0.,0.,1.585));
#2005 = DIRECTION('',(0.,0.,1.));
#2006 = DIRECTION('',(1.,0.,-0.));
#2007 = SHELL_BASED_SURFACE_MODEL('',(#2008));
#2008 = OPEN_SHELL('',(#2009));
#2009 = ADVANCED_FACE('',(#2010),#2021,.T.);
#2010 = FACE_BOUND('',#2011,.T.);
#2011 = EDGE_LOOP('',(#2012));
#2012 = ORIENTED_EDGE('',*,*,#2013,.T.);
#2013 = EDGE_CURVE('',#2014,#2014,#2016,.T.);
#2014 = VERTEX_POINT('',#2015);
#2015 = CARTESIAN_POINT('',(72.56,-28.2,1.585));
#2016 = CIRCLE('',#2017,0.1);
#2017 = AXIS2_PLACEMENT_3D('',#2018,#2019,#2020);
#2018 = CARTESIAN_POINT('',(72.46,-28.2,1.585));
#2019 = DIRECTION('',(0.,0.,1.));
#2020 = DIRECTION('',(1.,0.,-0.));
#2021 = PLANE('',#2022);
#2022 = AXIS2_PLACEMENT_3D('',#2023,#2024,#2025);
#2023 = CARTESIAN_POINT('',(0.,0.,1.585));
#2024 = DIRECTION('',(0.,0.,1.));
#2025 = DIRECTION('',(1.,0.,-0.));
#2026 = SHELL_BASED_SURFACE_MODEL('',(#2027));
#2027 = OPEN_SHELL('',(#2028));
#2028 = ADVANCED_FACE('',(#2029),#2040,.T.);
#2029 = FACE_BOUND('',#2030,.T.);
#2030 = EDGE_LOOP('',(#2031));
#2031 = ORIENTED_EDGE('',*,*,#2032,.T.);
#2032 = EDGE_CURVE('',#2033,#2033,#2035,.T.);
#2033 = VERTEX_POINT('',#2034);
#2034 = CARTESIAN_POINT('',(74.325,-28.2,1.585));
#2035 = CIRCLE('',#2036,0.1);
#2036 = AXIS2_PLACEMENT_3D('',#2037,#2038,#2039);
#2037 = CARTESIAN_POINT('',(74.225,-28.2,1.585));
#2038 = DIRECTION('',(0.,0.,1.));
#2039 = DIRECTION('',(1.,0.,-0.));
#2040 = PLANE('',#2041);
#2041 = AXIS2_PLACEMENT_3D('',#2042,#2043,#2044);
#2042 = CARTESIAN_POINT('',(0.,0.,1.585));
#2043 = DIRECTION('',(0.,0.,1.));
#2044 = DIRECTION('',(1.,0.,-0.));
#2045 = SHELL_BASED_SURFACE_MODEL('',(#2046));
#2046 = OPEN_SHELL('',(#2047));
#2047 = ADVANCED_FACE('',(#2048),#2059,.T.);
#2048 = FACE_BOUND('',#2049,.T.);
#2049 = EDGE_LOOP('',(#2050));
#2050 = ORIENTED_EDGE('',*,*,#2051,.T.);
#2051 = EDGE_CURVE('',#2052,#2052,#2054,.T.);
#2052 = VERTEX_POINT('',#2053);
#2053 = CARTESIAN_POINT('',(76.125,-28.2,1.585));
#2054 = CIRCLE('',#2055,0.1);
#2055 = AXIS2_PLACEMENT_3D('',#2056,#2057,#2058);
#2056 = CARTESIAN_POINT('',(76.025,-28.2,1.585));
#2057 = DIRECTION('',(0.,0.,1.));
#2058 = DIRECTION('',(1.,0.,-0.));
#2059 = PLANE('',#2060);
#2060 = AXIS2_PLACEMENT_3D('',#2061,#2062,#2063);
#2061 = CARTESIAN_POINT('',(0.,0.,1.585));
#2062 = DIRECTION('',(0.,0.,1.));
#2063 = DIRECTION('',(1.,0.,-0.));
#2064 = SHELL_BASED_SURFACE_MODEL('',(#2065));
#2065 = OPEN_SHELL('',(#2066));
#2066 = ADVANCED_FACE('',(#2067),#2078,.T.);
#2067 = FACE_BOUND('',#2068,.T.);
#2068 = EDGE_LOOP('',(#2069));
#2069 = ORIENTED_EDGE('',*,*,#2070,.T.);
#2070 = EDGE_CURVE('',#2071,#2071,#2073,.T.);
#2071 = VERTEX_POINT('',#2072);
#2072 = CARTESIAN_POINT('',(77.835,-28.2,1.585));
#2073 = CIRCLE('',#2074,0.1);
#2074 = AXIS2_PLACEMENT_3D('',#2075,#2076,#2077);
#2075 = CARTESIAN_POINT('',(77.735,-28.2,1.585));
#2076 = DIRECTION('',(0.,0.,1.));
#2077 = DIRECTION('',(1.,0.,-0.));
#2078 = PLANE('',#2079);
#2079 = AXIS2_PLACEMENT_3D('',#2080,#2081,#2082);
#2080 = CARTESIAN_POINT('',(0.,0.,1.585));
#2081 = DIRECTION('',(0.,0.,1.));
#2082 = DIRECTION('',(1.,0.,-0.));
#2083 = SHELL_BASED_SURFACE_MODEL('',(#2084));
#2084 = OPEN_SHELL('',(#2085));
#2085 = ADVANCED_FACE('',(#2086),#2097,.T.);
#2086 = FACE_BOUND('',#2087,.T.);
#2087 = EDGE_LOOP('',(#2088));
#2088 = ORIENTED_EDGE('',*,*,#2089,.T.);
#2089 = EDGE_CURVE('',#2090,#2090,#2092,.T.);
#2090 = VERTEX_POINT('',#2091);
#2091 = CARTESIAN_POINT('',(65.1,-26.7,1.585));
#2092 = CIRCLE('',#2093,0.1);
#2093 = AXIS2_PLACEMENT_3D('',#2094,#2095,#2096);
#2094 = CARTESIAN_POINT('',(65.,-26.7,1.585));
#2095 = DIRECTION('',(0.,0.,1.));
#2096 = DIRECTION('',(1.,0.,-0.));
#2097 = PLANE('',#2098);
#2098 = AXIS2_PLACEMENT_3D('',#2099,#2100,#2101);
#2099 = CARTESIAN_POINT('',(0.,0.,1.585));
#2100 = DIRECTION('',(0.,0.,1.));
#2101 = DIRECTION('',(1.,0.,-0.));
#2102 = SHELL_BASED_SURFACE_MODEL('',(#2103));
#2103 = OPEN_SHELL('',(#2104));
#2104 = ADVANCED_FACE('',(#2105),#2116,.T.);
#2105 = FACE_BOUND('',#2106,.T.);
#2106 = EDGE_LOOP('',(#2107));
#2107 = ORIENTED_EDGE('',*,*,#2108,.T.);
#2108 = EDGE_CURVE('',#2109,#2109,#2111,.T.);
#2109 = VERTEX_POINT('',#2110);
#2110 = CARTESIAN_POINT('',(66.955,-26.7,1.585));
#2111 = CIRCLE('',#2112,0.1);
#2112 = AXIS2_PLACEMENT_3D('',#2113,#2114,#2115);
#2113 = CARTESIAN_POINT('',(66.855,-26.7,1.585));
#2114 = DIRECTION('',(0.,0.,1.));
#2115 = DIRECTION('',(1.,0.,-0.));
#2116 = PLANE('',#2117);
#2117 = AXIS2_PLACEMENT_3D('',#2118,#2119,#2120);
#2118 = CARTESIAN_POINT('',(0.,0.,1.585));
#2119 = DIRECTION('',(0.,0.,1.));
#2120 = DIRECTION('',(1.,0.,-0.));
#2121 = SHELL_BASED_SURFACE_MODEL('',(#2122));
#2122 = OPEN_SHELL('',(#2123));
#2123 = ADVANCED_FACE('',(#2124),#2135,.T.);
#2124 = FACE_BOUND('',#2125,.T.);
#2125 = EDGE_LOOP('',(#2126));
#2126 = ORIENTED_EDGE('',*,*,#2127,.T.);
#2127 = EDGE_CURVE('',#2128,#2128,#2130,.T.);
#2128 = VERTEX_POINT('',#2129);
#2129 = CARTESIAN_POINT('',(68.8,-26.7,1.585));
#2130 = CIRCLE('',#2131,0.1);
#2131 = AXIS2_PLACEMENT_3D('',#2132,#2133,#2134);
#2132 = CARTESIAN_POINT('',(68.7,-26.7,1.585));
#2133 = DIRECTION('',(0.,0.,1.));
#2134 = DIRECTION('',(1.,0.,-0.));
#2135 = PLANE('',#2136);
#2136 = AXIS2_PLACEMENT_3D('',#2137,#2138,#2139);
#2137 = CARTESIAN_POINT('',(0.,0.,1.585));
#2138 = DIRECTION('',(0.,0.,1.));
#2139 = DIRECTION('',(1.,0.,-0.));
#2140 = SHELL_BASED_SURFACE_MODEL('',(#2141));
#2141 = OPEN_SHELL('',(#2142));
#2142 = ADVANCED_FACE('',(#2143),#2154,.T.);
#2143 = FACE_BOUND('',#2144,.T.);
#2144 = EDGE_LOOP('',(#2145));
#2145 = ORIENTED_EDGE('',*,*,#2146,.T.);
#2146 = EDGE_CURVE('',#2147,#2147,#2149,.T.);
#2147 = VERTEX_POINT('',#2148);
#2148 = CARTESIAN_POINT('',(70.675,-26.7,1.585));
#2149 = CIRCLE('',#2150,0.1);
#2150 = AXIS2_PLACEMENT_3D('',#2151,#2152,#2153);
#2151 = CARTESIAN_POINT('',(70.575,-26.7,1.585));
#2152 = DIRECTION('',(0.,0.,1.));
#2153 = DIRECTION('',(1.,0.,-0.));
#2154 = PLANE('',#2155);
#2155 = AXIS2_PLACEMENT_3D('',#2156,#2157,#2158);
#2156 = CARTESIAN_POINT('',(0.,0.,1.585));
#2157 = DIRECTION('',(0.,0.,1.));
#2158 = DIRECTION('',(1.,0.,-0.));
#2159 = SHELL_BASED_SURFACE_MODEL('',(#2160));
#2160 = OPEN_SHELL('',(#2161));
#2161 = ADVANCED_FACE('',(#2162),#2173,.T.);
#2162 = FACE_BOUND('',#2163,.T.);
#2163 = EDGE_LOOP('',(#2164));
#2164 = ORIENTED_EDGE('',*,*,#2165,.T.);
#2165 = EDGE_CURVE('',#2166,#2166,#2168,.T.);
#2166 = VERTEX_POINT('',#2167);
#2167 = CARTESIAN_POINT('',(72.5,-26.7,1.585));
#2168 = CIRCLE('',#2169,0.1);
#2169 = AXIS2_PLACEMENT_3D('',#2170,#2171,#2172);
#2170 = CARTESIAN_POINT('',(72.4,-26.7,1.585));
#2171 = DIRECTION('',(0.,0.,1.));
#2172 = DIRECTION('',(1.,0.,-0.));
#2173 = PLANE('',#2174);
#2174 = AXIS2_PLACEMENT_3D('',#2175,#2176,#2177);
#2175 = CARTESIAN_POINT('',(0.,0.,1.585));
#2176 = DIRECTION('',(0.,0.,1.));
#2177 = DIRECTION('',(1.,0.,-0.));
#2178 = SHELL_BASED_SURFACE_MODEL('',(#2179));
#2179 = OPEN_SHELL('',(#2180));
#2180 = ADVANCED_FACE('',(#2181),#2192,.T.);
#2181 = FACE_BOUND('',#2182,.T.);
#2182 = EDGE_LOOP('',(#2183));
#2183 = ORIENTED_EDGE('',*,*,#2184,.T.);
#2184 = EDGE_CURVE('',#2185,#2185,#2187,.T.);
#2185 = VERTEX_POINT('',#2186);
#2186 = CARTESIAN_POINT('',(74.275,-26.7,1.585));
#2187 = CIRCLE('',#2188,0.1);
#2188 = AXIS2_PLACEMENT_3D('',#2189,#2190,#2191);
#2189 = CARTESIAN_POINT('',(74.175,-26.7,1.585));
#2190 = DIRECTION('',(0.,0.,1.));
#2191 = DIRECTION('',(1.,0.,-0.));
#2192 = PLANE('',#2193);
#2193 = AXIS2_PLACEMENT_3D('',#2194,#2195,#2196);
#2194 = CARTESIAN_POINT('',(0.,0.,1.585));
#2195 = DIRECTION('',(0.,0.,1.));
#2196 = DIRECTION('',(1.,0.,-0.));
#2197 = SHELL_BASED_SURFACE_MODEL('',(#2198));
#2198 = OPEN_SHELL('',(#2199));
#2199 = ADVANCED_FACE('',(#2200),#2211,.T.);
#2200 = FACE_BOUND('',#2201,.T.);
#2201 = EDGE_LOOP('',(#2202));
#2202 = ORIENTED_EDGE('',*,*,#2203,.T.);
#2203 = EDGE_CURVE('',#2204,#2204,#2206,.T.);
#2204 = VERTEX_POINT('',#2205);
#2205 = CARTESIAN_POINT('',(76.1,-26.7,1.585));
#2206 = CIRCLE('',#2207,0.1);
#2207 = AXIS2_PLACEMENT_3D('',#2208,#2209,#2210);
#2208 = CARTESIAN_POINT('',(76.,-26.7,1.585));
#2209 = DIRECTION('',(0.,0.,1.));
#2210 = DIRECTION('',(1.,0.,-0.));
#2211 = PLANE('',#2212);
#2212 = AXIS2_PLACEMENT_3D('',#2213,#2214,#2215);
#2213 = CARTESIAN_POINT('',(0.,0.,1.585));
#2214 = DIRECTION('',(0.,0.,1.));
#2215 = DIRECTION('',(1.,0.,-0.));
#2216 = SHELL_BASED_SURFACE_MODEL('',(#2217));
#2217 = OPEN_SHELL('',(#2218));
#2218 = ADVANCED_FACE('',(#2219),#2230,.T.);
#2219 = FACE_BOUND('',#2220,.T.);
#2220 = EDGE_LOOP('',(#2221));
#2221 = ORIENTED_EDGE('',*,*,#2222,.T.);
#2222 = EDGE_CURVE('',#2223,#2223,#2225,.T.);
#2223 = VERTEX_POINT('',#2224);
#2224 = CARTESIAN_POINT('',(77.855,-26.7,1.585));
#2225 = CIRCLE('',#2226,0.1);
#2226 = AXIS2_PLACEMENT_3D('',#2227,#2228,#2229);
#2227 = CARTESIAN_POINT('',(77.755,-26.7,1.585));
#2228 = DIRECTION('',(0.,0.,1.));
#2229 = DIRECTION('',(1.,0.,-0.));
#2230 = PLANE('',#2231);
#2231 = AXIS2_PLACEMENT_3D('',#2232,#2233,#2234);
#2232 = CARTESIAN_POINT('',(0.,0.,1.585));
#2233 = DIRECTION('',(0.,0.,1.));
#2234 = DIRECTION('',(1.,0.,-0.));
#2235 = SHELL_BASED_SURFACE_MODEL('',(#2236));
#2236 = OPEN_SHELL('',(#2237));
#2237 = ADVANCED_FACE('',(#2238),#2249,.T.);
#2238 = FACE_BOUND('',#2239,.T.);
#2239 = EDGE_LOOP('',(#2240));
#2240 = ORIENTED_EDGE('',*,*,#2241,.T.);
#2241 = EDGE_CURVE('',#2242,#2242,#2244,.T.);
#2242 = VERTEX_POINT('',#2243);
#2243 = CARTESIAN_POINT('',(65.105,-25.1,1.585));
#2244 = CIRCLE('',#2245,0.1);
#2245 = AXIS2_PLACEMENT_3D('',#2246,#2247,#2248);
#2246 = CARTESIAN_POINT('',(65.005,-25.1,1.585));
#2247 = DIRECTION('',(0.,0.,1.));
#2248 = DIRECTION('',(1.,0.,-0.));
#2249 = PLANE('',#2250);
#2250 = AXIS2_PLACEMENT_3D('',#2251,#2252,#2253);
#2251 = CARTESIAN_POINT('',(0.,0.,1.585));
#2252 = DIRECTION('',(0.,0.,1.));
#2253 = DIRECTION('',(1.,0.,-0.));
#2254 = SHELL_BASED_SURFACE_MODEL('',(#2255));
#2255 = OPEN_SHELL('',(#2256));
#2256 = ADVANCED_FACE('',(#2257),#2268,.T.);
#2257 = FACE_BOUND('',#2258,.T.);
#2258 = EDGE_LOOP('',(#2259));
#2259 = ORIENTED_EDGE('',*,*,#2260,.T.);
#2260 = EDGE_CURVE('',#2261,#2261,#2263,.T.);
#2261 = VERTEX_POINT('',#2262);
#2262 = CARTESIAN_POINT('',(67.005,-25.1,1.585));
#2263 = CIRCLE('',#2264,0.1);
#2264 = AXIS2_PLACEMENT_3D('',#2265,#2266,#2267);
#2265 = CARTESIAN_POINT('',(66.905,-25.1,1.585));
#2266 = DIRECTION('',(0.,0.,1.));
#2267 = DIRECTION('',(1.,0.,-0.));
#2268 = PLANE('',#2269);
#2269 = AXIS2_PLACEMENT_3D('',#2270,#2271,#2272);
#2270 = CARTESIAN_POINT('',(0.,0.,1.585));
#2271 = DIRECTION('',(0.,0.,1.));
#2272 = DIRECTION('',(1.,0.,-0.));
#2273 = SHELL_BASED_SURFACE_MODEL('',(#2274));
#2274 = OPEN_SHELL('',(#2275));
#2275 = ADVANCED_FACE('',(#2276),#2287,.T.);
#2276 = FACE_BOUND('',#2277,.T.);
#2277 = EDGE_LOOP('',(#2278));
#2278 = ORIENTED_EDGE('',*,*,#2279,.T.);
#2279 = EDGE_CURVE('',#2280,#2280,#2282,.T.);
#2280 = VERTEX_POINT('',#2281);
#2281 = CARTESIAN_POINT('',(68.805,-25.1,1.585));
#2282 = CIRCLE('',#2283,0.1);
#2283 = AXIS2_PLACEMENT_3D('',#2284,#2285,#2286);
#2284 = CARTESIAN_POINT('',(68.705,-25.1,1.585));
#2285 = DIRECTION('',(0.,0.,1.));
#2286 = DIRECTION('',(1.,0.,-0.));
#2287 = PLANE('',#2288);
#2288 = AXIS2_PLACEMENT_3D('',#2289,#2290,#2291);
#2289 = CARTESIAN_POINT('',(0.,0.,1.585));
#2290 = DIRECTION('',(0.,0.,1.));
#2291 = DIRECTION('',(1.,0.,-0.));
#2292 = SHELL_BASED_SURFACE_MODEL('',(#2293));
#2293 = OPEN_SHELL('',(#2294));
#2294 = ADVANCED_FACE('',(#2295),#2306,.T.);
#2295 = FACE_BOUND('',#2296,.T.);
#2296 = EDGE_LOOP('',(#2297));
#2297 = ORIENTED_EDGE('',*,*,#2298,.T.);
#2298 = EDGE_CURVE('',#2299,#2299,#2301,.T.);
#2299 = VERTEX_POINT('',#2300);
#2300 = CARTESIAN_POINT('',(70.65,-25.1,1.585));
#2301 = CIRCLE('',#2302,0.1);
#2302 = AXIS2_PLACEMENT_3D('',#2303,#2304,#2305);
#2303 = CARTESIAN_POINT('',(70.55,-25.1,1.585));
#2304 = DIRECTION('',(0.,0.,1.));
#2305 = DIRECTION('',(1.,0.,-0.));
#2306 = PLANE('',#2307);
#2307 = AXIS2_PLACEMENT_3D('',#2308,#2309,#2310);
#2308 = CARTESIAN_POINT('',(0.,0.,1.585));
#2309 = DIRECTION('',(0.,0.,1.));
#2310 = DIRECTION('',(1.,0.,-0.));
#2311 = SHELL_BASED_SURFACE_MODEL('',(#2312));
#2312 = OPEN_SHELL('',(#2313));
#2313 = ADVANCED_FACE('',(#2314),#2325,.T.);
#2314 = FACE_BOUND('',#2315,.T.);
#2315 = EDGE_LOOP('',(#2316));
#2316 = ORIENTED_EDGE('',*,*,#2317,.T.);
#2317 = EDGE_CURVE('',#2318,#2318,#2320,.T.);
#2318 = VERTEX_POINT('',#2319);
#2319 = CARTESIAN_POINT('',(72.47,-25.1,1.585));
#2320 = CIRCLE('',#2321,0.1);
#2321 = AXIS2_PLACEMENT_3D('',#2322,#2323,#2324);
#2322 = CARTESIAN_POINT('',(72.37,-25.1,1.585));
#2323 = DIRECTION('',(0.,0.,1.));
#2324 = DIRECTION('',(1.,0.,-0.));
#2325 = PLANE('',#2326);
#2326 = AXIS2_PLACEMENT_3D('',#2327,#2328,#2329);
#2327 = CARTESIAN_POINT('',(0.,0.,1.585));
#2328 = DIRECTION('',(0.,0.,1.));
#2329 = DIRECTION('',(1.,0.,-0.));
#2330 = SHELL_BASED_SURFACE_MODEL('',(#2331));
#2331 = OPEN_SHELL('',(#2332));
#2332 = ADVANCED_FACE('',(#2333),#2344,.T.);
#2333 = FACE_BOUND('',#2334,.T.);
#2334 = EDGE_LOOP('',(#2335));
#2335 = ORIENTED_EDGE('',*,*,#2336,.T.);
#2336 = EDGE_CURVE('',#2337,#2337,#2339,.T.);
#2337 = VERTEX_POINT('',#2338);
#2338 = CARTESIAN_POINT('',(74.295,-25.1,1.585));
#2339 = CIRCLE('',#2340,0.1);
#2340 = AXIS2_PLACEMENT_3D('',#2341,#2342,#2343);
#2341 = CARTESIAN_POINT('',(74.195,-25.1,1.585));
#2342 = DIRECTION('',(0.,0.,1.));
#2343 = DIRECTION('',(1.,0.,-0.));
#2344 = PLANE('',#2345);
#2345 = AXIS2_PLACEMENT_3D('',#2346,#2347,#2348);
#2346 = CARTESIAN_POINT('',(0.,0.,1.585));
#2347 = DIRECTION('',(0.,0.,1.));
#2348 = DIRECTION('',(1.,0.,-0.));
#2349 = SHELL_BASED_SURFACE_MODEL('',(#2350));
#2350 = OPEN_SHELL('',(#2351));
#2351 = ADVANCED_FACE('',(#2352),#2363,.T.);
#2352 = FACE_BOUND('',#2353,.T.);
#2353 = EDGE_LOOP('',(#2354));
#2354 = ORIENTED_EDGE('',*,*,#2355,.T.);
#2355 = EDGE_CURVE('',#2356,#2356,#2358,.T.);
#2356 = VERTEX_POINT('',#2357);
#2357 = CARTESIAN_POINT('',(76.13,-25.1,1.585));
#2358 = CIRCLE('',#2359,0.1);
#2359 = AXIS2_PLACEMENT_3D('',#2360,#2361,#2362);
#2360 = CARTESIAN_POINT('',(76.03,-25.1,1.585));
#2361 = DIRECTION('',(0.,0.,1.));
#2362 = DIRECTION('',(1.,0.,-0.));
#2363 = PLANE('',#2364);
#2364 = AXIS2_PLACEMENT_3D('',#2365,#2366,#2367);
#2365 = CARTESIAN_POINT('',(0.,0.,1.585));
#2366 = DIRECTION('',(0.,0.,1.));
#2367 = DIRECTION('',(1.,0.,-0.));
#2368 = SHELL_BASED_SURFACE_MODEL('',(#2369));
#2369 = OPEN_SHELL('',(#2370));
#2370 = ADVANCED_FACE('',(#2371),#2382,.T.);
#2371 = FACE_BOUND('',#2372,.T.);
#2372 = EDGE_LOOP('',(#2373));
#2373 = ORIENTED_EDGE('',*,*,#2374,.T.);
#2374 = EDGE_CURVE('',#2375,#2375,#2377,.T.);
#2375 = VERTEX_POINT('',#2376);
#2376 = CARTESIAN_POINT('',(77.87,-25.1,1.585));
#2377 = CIRCLE('',#2378,0.1);
#2378 = AXIS2_PLACEMENT_3D('',#2379,#2380,#2381);
#2379 = CARTESIAN_POINT('',(77.77,-25.1,1.585));
#2380 = DIRECTION('',(0.,0.,1.));
#2381 = DIRECTION('',(1.,0.,-0.));
#2382 = PLANE('',#2383);
#2383 = AXIS2_PLACEMENT_3D('',#2384,#2385,#2386);
#2384 = CARTESIAN_POINT('',(0.,0.,1.585));
#2385 = DIRECTION('',(0.,0.,1.));
#2386 = DIRECTION('',(1.,0.,-0.));
#2387 = SHELL_BASED_SURFACE_MODEL('',(#2388));
#2388 = OPEN_SHELL('',(#2389));
#2389 = ADVANCED_FACE('',(#2390),#2401,.T.);
#2390 = FACE_BOUND('',#2391,.T.);
#2391 = EDGE_LOOP('',(#2392));
#2392 = ORIENTED_EDGE('',*,*,#2393,.T.);
#2393 = EDGE_CURVE('',#2394,#2394,#2396,.T.);
#2394 = VERTEX_POINT('',#2395);
#2395 = CARTESIAN_POINT('',(65.14,-23.6,1.585));
#2396 = CIRCLE('',#2397,0.1);
#2397 = AXIS2_PLACEMENT_3D('',#2398,#2399,#2400);
#2398 = CARTESIAN_POINT('',(65.04,-23.6,1.585));
#2399 = DIRECTION('',(0.,0.,1.));
#2400 = DIRECTION('',(1.,0.,-0.));
#2401 = PLANE('',#2402);
#2402 = AXIS2_PLACEMENT_3D('',#2403,#2404,#2405);
#2403 = CARTESIAN_POINT('',(0.,0.,1.585));
#2404 = DIRECTION('',(0.,0.,1.));
#2405 = DIRECTION('',(1.,0.,-0.));
#2406 = SHELL_BASED_SURFACE_MODEL('',(#2407));
#2407 = OPEN_SHELL('',(#2408));
#2408 = ADVANCED_FACE('',(#2409),#2420,.T.);
#2409 = FACE_BOUND('',#2410,.T.);
#2410 = EDGE_LOOP('',(#2411));
#2411 = ORIENTED_EDGE('',*,*,#2412,.T.);
#2412 = EDGE_CURVE('',#2413,#2413,#2415,.T.);
#2413 = VERTEX_POINT('',#2414);
#2414 = CARTESIAN_POINT('',(66.995,-23.6,1.585));
#2415 = CIRCLE('',#2416,0.1);
#2416 = AXIS2_PLACEMENT_3D('',#2417,#2418,#2419);
#2417 = CARTESIAN_POINT('',(66.895,-23.6,1.585));
#2418 = DIRECTION('',(0.,0.,1.));
#2419 = DIRECTION('',(1.,0.,-0.));
#2420 = PLANE('',#2421);
#2421 = AXIS2_PLACEMENT_3D('',#2422,#2423,#2424);
#2422 = CARTESIAN_POINT('',(0.,0.,1.585));
#2423 = DIRECTION('',(0.,0.,1.));
#2424 = DIRECTION('',(1.,0.,-0.));
#2425 = SHELL_BASED_SURFACE_MODEL('',(#2426));
#2426 = OPEN_SHELL('',(#2427));
#2427 = ADVANCED_FACE('',(#2428),#2439,.T.);
#2428 = FACE_BOUND('',#2429,.T.);
#2429 = EDGE_LOOP('',(#2430));
#2430 = ORIENTED_EDGE('',*,*,#2431,.T.);
#2431 = EDGE_CURVE('',#2432,#2432,#2434,.T.);
#2432 = VERTEX_POINT('',#2433);
#2433 = CARTESIAN_POINT('',(68.82,-23.6,1.585));
#2434 = CIRCLE('',#2435,0.1);
#2435 = AXIS2_PLACEMENT_3D('',#2436,#2437,#2438);
#2436 = CARTESIAN_POINT('',(68.72,-23.6,1.585));
#2437 = DIRECTION('',(0.,0.,1.));
#2438 = DIRECTION('',(1.,0.,-0.));
#2439 = PLANE('',#2440);
#2440 = AXIS2_PLACEMENT_3D('',#2441,#2442,#2443);
#2441 = CARTESIAN_POINT('',(0.,0.,1.585));
#2442 = DIRECTION('',(0.,0.,1.));
#2443 = DIRECTION('',(1.,0.,-0.));
#2444 = SHELL_BASED_SURFACE_MODEL('',(#2445));
#2445 = OPEN_SHELL('',(#2446));
#2446 = ADVANCED_FACE('',(#2447),#2458,.T.);
#2447 = FACE_BOUND('',#2448,.T.);
#2448 = EDGE_LOOP('',(#2449));
#2449 = ORIENTED_EDGE('',*,*,#2450,.T.);
#2450 = EDGE_CURVE('',#2451,#2451,#2453,.T.);
#2451 = VERTEX_POINT('',#2452);
#2452 = CARTESIAN_POINT('',(70.66,-23.6,1.585));
#2453 = CIRCLE('',#2454,0.1);
#2454 = AXIS2_PLACEMENT_3D('',#2455,#2456,#2457);
#2455 = CARTESIAN_POINT('',(70.56,-23.6,1.585));
#2456 = DIRECTION('',(0.,0.,1.));
#2457 = DIRECTION('',(1.,0.,-0.));
#2458 = PLANE('',#2459);
#2459 = AXIS2_PLACEMENT_3D('',#2460,#2461,#2462);
#2460 = CARTESIAN_POINT('',(0.,0.,1.585));
#2461 = DIRECTION('',(0.,0.,1.));
#2462 = DIRECTION('',(1.,0.,-0.));
#2463 = SHELL_BASED_SURFACE_MODEL('',(#2464));
#2464 = OPEN_SHELL('',(#2465));
#2465 = ADVANCED_FACE('',(#2466),#2477,.T.);
#2466 = FACE_BOUND('',#2467,.T.);
#2467 = EDGE_LOOP('',(#2468));
#2468 = ORIENTED_EDGE('',*,*,#2469,.T.);
#2469 = EDGE_CURVE('',#2470,#2470,#2472,.T.);
#2470 = VERTEX_POINT('',#2471);
#2471 = CARTESIAN_POINT('',(72.495,-23.6,1.585));
#2472 = CIRCLE('',#2473,0.1);
#2473 = AXIS2_PLACEMENT_3D('',#2474,#2475,#2476);
#2474 = CARTESIAN_POINT('',(72.395,-23.6,1.585));
#2475 = DIRECTION('',(0.,0.,1.));
#2476 = DIRECTION('',(1.,0.,-0.));
#2477 = PLANE('',#2478);
#2478 = AXIS2_PLACEMENT_3D('',#2479,#2480,#2481);
#2479 = CARTESIAN_POINT('',(0.,0.,1.585));
#2480 = DIRECTION('',(0.,0.,1.));
#2481 = DIRECTION('',(1.,0.,-0.));
#2482 = SHELL_BASED_SURFACE_MODEL('',(#2483));
#2483 = OPEN_SHELL('',(#2484));
#2484 = ADVANCED_FACE('',(#2485),#2496,.T.);
#2485 = FACE_BOUND('',#2486,.T.);
#2486 = EDGE_LOOP('',(#2487));
#2487 = ORIENTED_EDGE('',*,*,#2488,.T.);
#2488 = EDGE_CURVE('',#2489,#2489,#2491,.T.);
#2489 = VERTEX_POINT('',#2490);
#2490 = CARTESIAN_POINT('',(74.295,-23.6,1.585));
#2491 = CIRCLE('',#2492,0.1);
#2492 = AXIS2_PLACEMENT_3D('',#2493,#2494,#2495);
#2493 = CARTESIAN_POINT('',(74.195,-23.6,1.585));
#2494 = DIRECTION('',(0.,0.,1.));
#2495 = DIRECTION('',(1.,0.,-0.));
#2496 = PLANE('',#2497);
#2497 = AXIS2_PLACEMENT_3D('',#2498,#2499,#2500);
#2498 = CARTESIAN_POINT('',(0.,0.,1.585));
#2499 = DIRECTION('',(0.,0.,1.));
#2500 = DIRECTION('',(1.,0.,-0.));
#2501 = SHELL_BASED_SURFACE_MODEL('',(#2502));
#2502 = OPEN_SHELL('',(#2503));
#2503 = ADVANCED_FACE('',(#2504),#2515,.T.);
#2504 = FACE_BOUND('',#2505,.T.);
#2505 = EDGE_LOOP('',(#2506));
#2506 = ORIENTED_EDGE('',*,*,#2507,.T.);
#2507 = EDGE_CURVE('',#2508,#2508,#2510,.T.);
#2508 = VERTEX_POINT('',#2509);
#2509 = CARTESIAN_POINT('',(76.095,-23.6,1.585));
#2510 = CIRCLE('',#2511,0.1);
#2511 = AXIS2_PLACEMENT_3D('',#2512,#2513,#2514);
#2512 = CARTESIAN_POINT('',(75.995,-23.6,1.585));
#2513 = DIRECTION('',(0.,0.,1.));
#2514 = DIRECTION('',(1.,0.,-0.));
#2515 = PLANE('',#2516);
#2516 = AXIS2_PLACEMENT_3D('',#2517,#2518,#2519);
#2517 = CARTESIAN_POINT('',(0.,0.,1.585));
#2518 = DIRECTION('',(0.,0.,1.));
#2519 = DIRECTION('',(1.,0.,-0.));
#2520 = SHELL_BASED_SURFACE_MODEL('',(#2521));
#2521 = OPEN_SHELL('',(#2522));
#2522 = ADVANCED_FACE('',(#2523),#2534,.T.);
#2523 = FACE_BOUND('',#2524,.T.);
#2524 = EDGE_LOOP('',(#2525));
#2525 = ORIENTED_EDGE('',*,*,#2526,.T.);
#2526 = EDGE_CURVE('',#2527,#2527,#2529,.T.);
#2527 = VERTEX_POINT('',#2528);
#2528 = CARTESIAN_POINT('',(77.895,-23.6,1.585));
#2529 = CIRCLE('',#2530,0.1);
#2530 = AXIS2_PLACEMENT_3D('',#2531,#2532,#2533);
#2531 = CARTESIAN_POINT('',(77.795,-23.6,1.585));
#2532 = DIRECTION('',(0.,0.,1.));
#2533 = DIRECTION('',(1.,0.,-0.));
#2534 = PLANE('',#2535);
#2535 = AXIS2_PLACEMENT_3D('',#2536,#2537,#2538);
#2536 = CARTESIAN_POINT('',(0.,0.,1.585));
#2537 = DIRECTION('',(0.,0.,1.));
#2538 = DIRECTION('',(1.,0.,-0.));
#2539 = SHELL_BASED_SURFACE_MODEL('',(#2540));
#2540 = OPEN_SHELL('',(#2541));
#2541 = ADVANCED_FACE('',(#2542),#2611,.T.);
#2542 = FACE_BOUND('',#2543,.F.);
#2543 = EDGE_LOOP('',(#2544,#2555,#2563,#2571,#2580,#2588,#2597,#2605));
#2544 = ORIENTED_EDGE('',*,*,#2545,.T.);
#2545 = EDGE_CURVE('',#2546,#2548,#2550,.T.);
#2546 = VERTEX_POINT('',#2547);
#2547 = CARTESIAN_POINT('',(67.634567,-18.477039,1.585));
#2548 = VERTEX_POINT('',#2549);
#2549 = CARTESIAN_POINT('',(67.75,-18.5,1.585));
#2550 = CIRCLE('',#2551,6.000007318647E-02);
#2551 = AXIS2_PLACEMENT_3D('',#2552,#2553,#2554);
#2552 = CARTESIAN_POINT('',(67.689999926814,-18.49999982331,1.585));
#2553 = DIRECTION('',(0.,0.,-1.));
#2554 = DIRECTION('',(-0.923880986637,0.382679921777,0.));
#2555 = ORIENTED_EDGE('',*,*,#2556,.T.);
#2556 = EDGE_CURVE('',#2548,#2557,#2559,.T.);
#2557 = VERTEX_POINT('',#2558);
#2558 = CARTESIAN_POINT('',(67.75,-19.55,1.585));
#2559 = LINE('',#2560,#2561);
#2560 = CARTESIAN_POINT('',(67.75,-18.5,1.585));
#2561 = VECTOR('',#2562,1.);
#2562 = DIRECTION('',(0.,-1.,0.));
#2563 = ORIENTED_EDGE('',*,*,#2564,.T.);
#2564 = EDGE_CURVE('',#2557,#2565,#2567,.T.);
#2565 = VERTEX_POINT('',#2566);
#2566 = CARTESIAN_POINT('',(68.8,-19.55,1.585));
#2567 = LINE('',#2568,#2569);
#2568 = CARTESIAN_POINT('',(67.75,-19.55,1.585));
#2569 = VECTOR('',#2570,1.);
#2570 = DIRECTION('',(1.,0.,0.));
#2571 = ORIENTED_EDGE('',*,*,#2572,.T.);
#2572 = EDGE_CURVE('',#2565,#2573,#2575,.T.);
#2573 = VERTEX_POINT('',#2574);
#2574 = CARTESIAN_POINT('',(68.8,-19.67,1.585));
#2575 = CIRCLE('',#2576,6.000000000042E-02);
#2576 = AXIS2_PLACEMENT_3D('',#2577,#2578,#2579);
#2577 = CARTESIAN_POINT('',(68.800000225588,-19.61,1.585));
#2578 = DIRECTION('',(0.,0.,-1.));
#2579 = DIRECTION('',(-3.759794253684E-06,0.999999999993,-0.));
#2580 = ORIENTED_EDGE('',*,*,#2581,.T.);
#2581 = EDGE_CURVE('',#2573,#2582,#2584,.T.);
#2582 = VERTEX_POINT('',#2583);
#2583 = CARTESIAN_POINT('',(67.69,-19.67,1.585));
#2584 = LINE('',#2585,#2586);
#2585 = CARTESIAN_POINT('',(68.8,-19.67,1.585));
#2586 = VECTOR('',#2587,1.);
#2587 = DIRECTION('',(-1.,0.,0.));
#2588 = ORIENTED_EDGE('',*,*,#2589,.T.);
#2589 = EDGE_CURVE('',#2582,#2590,#2592,.T.);
#2590 = VERTEX_POINT('',#2591);
#2591 = CARTESIAN_POINT('',(67.63,-19.61,1.585));
#2592 = CIRCLE('',#2593,5.999932016261E-02);
#2593 = AXIS2_PLACEMENT_3D('',#2594,#2595,#2596);
#2594 = CARTESIAN_POINT('',(67.689999320159,-19.61000067984,1.585));
#2595 = DIRECTION('',(0.,0.,-1.));
#2596 = DIRECTION('',(1.133081588457E-05,-0.999999999936,0.));
#2597 = ORIENTED_EDGE('',*,*,#2598,.T.);
#2598 = EDGE_CURVE('',#2590,#2599,#2601,.T.);
#2599 = VERTEX_POINT('',#2600);
#2600 = CARTESIAN_POINT('',(67.63,-18.5,1.585));
#2601 = LINE('',#2602,#2603);
#2602 = CARTESIAN_POINT('',(67.63,-19.61,1.585));
#2603 = VECTOR('',#2604,1.);
#2604 = DIRECTION('',(0.,1.,0.));
#2605 = ORIENTED_EDGE('',*,*,#2606,.T.);
#2606 = EDGE_CURVE('',#2599,#2546,#2607,.T.);
#2607 = LINE('',#2608,#2609);
#2608 = CARTESIAN_POINT('',(67.63,-18.5,1.585));
#2609 = VECTOR('',#2610,1.);
#2610 = DIRECTION('',(0.195081000118,0.980787134598,0.));
#2611 = PLANE('',#2612);
#2612 = AXIS2_PLACEMENT_3D('',#2613,#2614,#2615);
#2613 = CARTESIAN_POINT('',(0.,0.,1.585));
#2614 = DIRECTION('',(0.,0.,1.));
#2615 = DIRECTION('',(1.,0.,-0.));
#2616 = SHELL_BASED_SURFACE_MODEL('',(#2617));
#2617 = OPEN_SHELL('',(#2618));
#2618 = ADVANCED_FACE('',(#2619,#2689),#2723,.T.);
#2619 = FACE_BOUND('',#2620,.F.);
#2620 = EDGE_LOOP('',(#2621,#2632,#2640,#2649,#2657,#2666,#2674,#2683));
#2621 = ORIENTED_EDGE('',*,*,#2622,.T.);
#2622 = EDGE_CURVE('',#2623,#2625,#2627,.T.);
#2623 = VERTEX_POINT('',#2624);
#2624 = CARTESIAN_POINT('',(69.74,-17.39,1.585));
#2625 = VERTEX_POINT('',#2626);
#2626 = CARTESIAN_POINT('',(69.8,-17.33,1.585));
#2627 = CIRCLE('',#2628,5.999932016262E-02);
#2628 = AXIS2_PLACEMENT_3D('',#2629,#2630,#2631);
#2629 = CARTESIAN_POINT('',(69.799999320159,-17.38999932015,1.585));
#2630 = DIRECTION('',(0.,0.,-1.));
#2631 = DIRECTION('',(-0.999999999936,-1.133081552929E-05,-0.));
#2632 = ORIENTED_EDGE('',*,*,#2633,.T.);
#2633 = EDGE_CURVE('',#2625,#2634,#2636,.T.);
#2634 = VERTEX_POINT('',#2635);
#2635 = CARTESIAN_POINT('',(77.91,-17.33,1.585));
#2636 = LINE('',#2637,#2638);
#2637 = CARTESIAN_POINT('',(69.8,-17.33,1.585));
#2638 = VECTOR('',#2639,1.);
#2639 = DIRECTION('',(1.,0.,0.));
#2640 = ORIENTED_EDGE('',*,*,#2641,.T.);
#2641 = EDGE_CURVE('',#2634,#2642,#2644,.T.);
#2642 = VERTEX_POINT('',#2643);
#2643 = CARTESIAN_POINT('',(77.97,-17.39,1.585));
#2644 = CIRCLE('',#2645,5.999932016259E-02);
#2645 = AXIS2_PLACEMENT_3D('',#2646,#2647,#2648);
#2646 = CARTESIAN_POINT('',(77.910000679841,-17.38999932015,1.585));
#2647 = DIRECTION('',(0.,0.,-1.));
#2648 = DIRECTION('',(-1.133081612143E-05,0.999999999936,0.));
#2649 = ORIENTED_EDGE('',*,*,#2650,.T.);
#2650 = EDGE_CURVE('',#2642,#2651,#2653,.T.);
#2651 = VERTEX_POINT('',#2652);
#2652 = CARTESIAN_POINT('',(77.97,-19.61,1.585));
#2653 = LINE('',#2654,#2655);
#2654 = CARTESIAN_POINT('',(77.97,-17.39,1.585));
#2655 = VECTOR('',#2656,1.);
#2656 = DIRECTION('',(0.,-1.,0.));
#2657 = ORIENTED_EDGE('',*,*,#2658,.T.);
#2658 = EDGE_CURVE('',#2651,#2659,#2661,.T.);
#2659 = VERTEX_POINT('',#2660);
#2660 = CARTESIAN_POINT('',(77.91,-19.67,1.585));
#2661 = CIRCLE('',#2662,5.999932016259E-02);
#2662 = AXIS2_PLACEMENT_3D('',#2663,#2664,#2665);
#2663 = CARTESIAN_POINT('',(77.910000679841,-19.61000067984,1.585));
#2664 = DIRECTION('',(0.,0.,-1.));
#2665 = DIRECTION('',(0.999999999936,1.133081623985E-05,0.));
#2666 = ORIENTED_EDGE('',*,*,#2667,.T.);
#2667 = EDGE_CURVE('',#2659,#2668,#2670,.T.);
#2668 = VERTEX_POINT('',#2669);
#2669 = CARTESIAN_POINT('',(69.8,-19.67,1.585));
#2670 = LINE('',#2671,#2672);
#2671 = CARTESIAN_POINT('',(77.91,-19.67,1.585));
#2672 = VECTOR('',#2673,1.);
#2673 = DIRECTION('',(-1.,0.,0.));
#2674 = ORIENTED_EDGE('',*,*,#2675,.T.);
#2675 = EDGE_CURVE('',#2668,#2676,#2678,.T.);
#2676 = VERTEX_POINT('',#2677);
#2677 = CARTESIAN_POINT('',(69.74,-19.61,1.585));
#2678 = CIRCLE('',#2679,5.999932016261E-02);
#2679 = AXIS2_PLACEMENT_3D('',#2680,#2681,#2682);
#2680 = CARTESIAN_POINT('',(69.799999320159,-19.61000067984,1.585));
#2681 = DIRECTION('',(0.,0.,-1.));
#2682 = DIRECTION('',(1.133081564772E-05,-0.999999999936,0.));
#2683 = ORIENTED_EDGE('',*,*,#2684,.T.);
#2684 = EDGE_CURVE('',#2676,#2623,#2685,.T.);
#2685 = LINE('',#2686,#2687);
#2686 = CARTESIAN_POINT('',(69.74,-19.61,1.585));
#2687 = VECTOR('',#2688,1.);
#2688 = DIRECTION('',(0.,1.,0.));
#2689 = FACE_BOUND('',#2690,.F.);
#2690 = EDGE_LOOP('',(#2691,#2701,#2709,#2717));
#2691 = ORIENTED_EDGE('',*,*,#2692,.T.);
#2692 = EDGE_CURVE('',#2693,#2695,#2697,.T.);
#2693 = VERTEX_POINT('',#2694);
#2694 = CARTESIAN_POINT('',(77.85,-19.55,1.585));
#2695 = VERTEX_POINT('',#2696);
#2696 = CARTESIAN_POINT('',(77.85,-17.45,1.585));
#2697 = LINE('',#2698,#2699);
#2698 = CARTESIAN_POINT('',(77.85,-19.55,1.585));
#2699 = VECTOR('',#2700,1.);
#2700 = DIRECTION('',(0.,1.,0.));
#2701 = ORIENTED_EDGE('',*,*,#2702,.T.);
#2702 = EDGE_CURVE('',#2695,#2703,#2705,.T.);
#2703 = VERTEX_POINT('',#2704);
#2704 = CARTESIAN_POINT('',(69.86,-17.45,1.585));
#2705 = LINE('',#2706,#2707);
#2706 = CARTESIAN_POINT('',(77.85,-17.45,1.585));
#2707 = VECTOR('',#2708,1.);
#2708 = DIRECTION('',(-1.,0.,0.));
#2709 = ORIENTED_EDGE('',*,*,#2710,.T.);
#2710 = EDGE_CURVE('',#2703,#2711,#2713,.T.);
#2711 = VERTEX_POINT('',#2712);
#2712 = CARTESIAN_POINT('',(69.86,-19.55,1.585));
#2713 = LINE('',#2714,#2715);
#2714 = CARTESIAN_POINT('',(69.86,-17.45,1.585));
#2715 = VECTOR('',#2716,1.);
#2716 = DIRECTION('',(0.,-1.,0.));
#2717 = ORIENTED_EDGE('',*,*,#2718,.T.);
#2718 = EDGE_CURVE('',#2711,#2693,#2719,.T.);
#2719 = LINE('',#2720,#2721);
#2720 = CARTESIAN_POINT('',(69.86,-19.55,1.585));
#2721 = VECTOR('',#2722,1.);
#2722 = DIRECTION('',(1.,0.,0.));
#2723 = PLANE('',#2724);
#2724 = AXIS2_PLACEMENT_3D('',#2725,#2726,#2727);
#2725 = CARTESIAN_POINT('',(0.,0.,1.585));
#2726 = DIRECTION('',(0.,0.,1.));
#2727 = DIRECTION('',(1.,0.,-0.));
#2728 = ( GEOMETRIC_REPRESENTATION_CONTEXT(3) 
GLOBAL_UNCERTAINTY_ASSIGNED_CONTEXT((#2732)) 
GLOBAL_UNIT_ASSIGNED_CONTEXT((#2729,#2730,#2731)) REPRESENTATION_CONTEXT
('Context #1','3D Context with UNIT and UNCERTAINTY') );
#2729 = ( LENGTH_UNIT() NAMED_UNIT(*) SI_UNIT(.MILLI.,.METRE.) );
#2730 = ( NAMED_UNIT(*) PLANE_ANGLE_UNIT() SI_UNIT($,.RADIAN.) );
#2731 = ( NAMED_UNIT(*) SI_UNIT($,.STERADIAN.) SOLID_ANGLE_UNIT() );
#2732 = UNCERTAINTY_MEASURE_WITH_UNIT(LENGTH_MEASURE(1.E-07),#2729,
  'distance_accuracy_value','confusion accuracy');
#2733 = CONTEXT_DEPENDENT_SHAPE_REPRESENTATION(#2734,#2736);
#2734 = ( REPRESENTATION_RELATIONSHIP('','',#44,#10) 
REPRESENTATION_RELATIONSHIP_WITH_TRANSFORMATION(#2735) 
SHAPE_REPRESENTATION_RELATIONSHIP() );
#2735 = ITEM_DEFINED_TRANSFORMATION('','',#11,#15);
#2736 = PRODUCT_DEFINITION_SHAPE('Placement','Placement of an item',
  #2737);
#2737 = NEXT_ASSEMBLY_USAGE_OCCURRENCE('1','=>[0:1:1:2]','',#5,#39,$);
#2738 = PRODUCT_RELATED_PRODUCT_CATEGORY('part',$,(#41));
#2739 = SHAPE_DEFINITION_REPRESENTATION(#2740,#2746);
#2740 = PRODUCT_DEFINITION_SHAPE('','',#2741);
#2741 = PRODUCT_DEFINITION('design','',#2742,#2745);
#2742 = PRODUCT_DEFINITION_FORMATION('','',#2743);
#2743 = PRODUCT('led matrix_soldermask','led matrix_soldermask','',(
    #2744));
#2744 = PRODUCT_CONTEXT('',#2,'mechanical');
#2745 = PRODUCT_DEFINITION_CONTEXT('part definition',#2,'design');
#2746 = MANIFOLD_SURFACE_SHAPE_REPRESENTATION('',(#11,#2747),#2844);
#2747 = SHELL_BASED_SURFACE_MODEL('',(#2748));
#2748 = OPEN_SHELL('',(#2749));
#2749 = ADVANCED_FACE('',(#2750,#2784,#2795,#2806,#2817,#2828),#2839,.T.
  );
#2750 = FACE_BOUND('',#2751,.F.);
#2751 = EDGE_LOOP('',(#2752,#2762,#2770,#2778));
#2752 = ORIENTED_EDGE('',*,*,#2753,.T.);
#2753 = EDGE_CURVE('',#2754,#2756,#2758,.T.);
#2754 = VERTEX_POINT('',#2755);
#2755 = CARTESIAN_POINT('',(61.3,-49.,1.56));
#2756 = VERTEX_POINT('',#2757);
#2757 = CARTESIAN_POINT('',(61.3,-16.6,1.56));
#2758 = LINE('',#2759,#2760);
#2759 = CARTESIAN_POINT('',(61.3,-49.,1.56));
#2760 = VECTOR('',#2761,1.);
#2761 = DIRECTION('',(0.,1.,0.));
#2762 = ORIENTED_EDGE('',*,*,#2763,.T.);
#2763 = EDGE_CURVE('',#2756,#2764,#2766,.T.);
#2764 = VERTEX_POINT('',#2765);
#2765 = CARTESIAN_POINT('',(83.7,-16.6,1.56));
#2766 = LINE('',#2767,#2768);
#2767 = CARTESIAN_POINT('',(61.3,-16.6,1.56));
#2768 = VECTOR('',#2769,1.);
#2769 = DIRECTION('',(1.,0.,0.));
#2770 = ORIENTED_EDGE('',*,*,#2771,.T.);
#2771 = EDGE_CURVE('',#2764,#2772,#2774,.T.);
#2772 = VERTEX_POINT('',#2773);
#2773 = CARTESIAN_POINT('',(83.7,-49.,1.56));
#2774 = LINE('',#2775,#2776);
#2775 = CARTESIAN_POINT('',(83.7,-16.6,1.56));
#2776 = VECTOR('',#2777,1.);
#2777 = DIRECTION('',(0.,-1.,0.));
#2778 = ORIENTED_EDGE('',*,*,#2779,.T.);
#2779 = EDGE_CURVE('',#2772,#2754,#2780,.T.);
#2780 = LINE('',#2781,#2782);
#2781 = CARTESIAN_POINT('',(83.7,-49.,1.56));
#2782 = VECTOR('',#2783,1.);
#2783 = DIRECTION('',(-1.,0.,0.));
#2784 = FACE_BOUND('',#2785,.F.);
#2785 = EDGE_LOOP('',(#2786));
#2786 = ORIENTED_EDGE('',*,*,#2787,.T.);
#2787 = EDGE_CURVE('',#2788,#2788,#2790,.T.);
#2788 = VERTEX_POINT('',#2789);
#2789 = CARTESIAN_POINT('',(69.187392,-18.5,1.56));
#2790 = CIRCLE('',#2791,0.387392);
#2791 = AXIS2_PLACEMENT_3D('',#2792,#2793,#2794);
#2792 = CARTESIAN_POINT('',(68.8,-18.5,1.56));
#2793 = DIRECTION('',(0.,0.,1.));
#2794 = DIRECTION('',(1.,0.,-0.));
#2795 = FACE_BOUND('',#2796,.F.);
#2796 = EDGE_LOOP('',(#2797));
#2797 = ORIENTED_EDGE('',*,*,#2798,.T.);
#2798 = EDGE_CURVE('',#2799,#2799,#2801,.T.);
#2799 = VERTEX_POINT('',#2800);
#2800 = CARTESIAN_POINT('',(71.187392,-18.5,1.56));
#2801 = CIRCLE('',#2802,0.387392);
#2802 = AXIS2_PLACEMENT_3D('',#2803,#2804,#2805);
#2803 = CARTESIAN_POINT('',(70.8,-18.5,1.56));
#2804 = DIRECTION('',(0.,0.,1.));
#2805 = DIRECTION('',(1.,0.,-0.));
#2806 = FACE_BOUND('',#2807,.F.);
#2807 = EDGE_LOOP('',(#2808));
#2808 = ORIENTED_EDGE('',*,*,#2809,.T.);
#2809 = EDGE_CURVE('',#2810,#2810,#2812,.T.);
#2810 = VERTEX_POINT('',#2811);
#2811 = CARTESIAN_POINT('',(73.187392,-18.5,1.56));
#2812 = CIRCLE('',#2813,0.387392);
#2813 = AXIS2_PLACEMENT_3D('',#2814,#2815,#2816);
#2814 = CARTESIAN_POINT('',(72.8,-18.5,1.56));
#2815 = DIRECTION('',(0.,0.,1.));
#2816 = DIRECTION('',(1.,0.,-0.));
#2817 = FACE_BOUND('',#2818,.F.);
#2818 = EDGE_LOOP('',(#2819));
#2819 = ORIENTED_EDGE('',*,*,#2820,.T.);
#2820 = EDGE_CURVE('',#2821,#2821,#2823,.T.);
#2821 = VERTEX_POINT('',#2822);
#2822 = CARTESIAN_POINT('',(75.187392,-18.5,1.56));
#2823 = CIRCLE('',#2824,0.387392);
#2824 = AXIS2_PLACEMENT_3D('',#2825,#2826,#2827);
#2825 = CARTESIAN_POINT('',(74.8,-18.5,1.56));
#2826 = DIRECTION('',(0.,0.,1.));
#2827 = DIRECTION('',(1.,0.,-0.));
#2828 = FACE_BOUND('',#2829,.F.);
#2829 = EDGE_LOOP('',(#2830));
#2830 = ORIENTED_EDGE('',*,*,#2831,.T.);
#2831 = EDGE_CURVE('',#2832,#2832,#2834,.T.);
#2832 = VERTEX_POINT('',#2833);
#2833 = CARTESIAN_POINT('',(77.187392,-18.5,1.56));
#2834 = CIRCLE('',#2835,0.387392);
#2835 = AXIS2_PLACEMENT_3D('',#2836,#2837,#2838);
#2836 = CARTESIAN_POINT('',(76.8,-18.5,1.56));
#2837 = DIRECTION('',(0.,0.,1.));
#2838 = DIRECTION('',(1.,0.,-0.));
#2839 = PLANE('',#2840);
#2840 = AXIS2_PLACEMENT_3D('',#2841,#2842,#2843);
#2841 = CARTESIAN_POINT('',(0.,0.,1.56));
#2842 = DIRECTION('',(0.,0.,1.));
#2843 = DIRECTION('',(1.,0.,-0.));
#2844 = ( GEOMETRIC_REPRESENTATION_CONTEXT(3) 
GLOBAL_UNCERTAINTY_ASSIGNED_CONTEXT((#2848)) 
GLOBAL_UNIT_ASSIGNED_CONTEXT((#2845,#2846,#2847)) REPRESENTATION_CONTEXT
('Context #1','3D Context with UNIT and UNCERTAINTY') );
#2845 = ( LENGTH_UNIT() NAMED_UNIT(*) SI_UNIT(.MILLI.,.METRE.) );
#2846 = ( NAMED_UNIT(*) PLANE_ANGLE_UNIT() SI_UNIT($,.RADIAN.) );
#2847 = ( NAMED_UNIT(*) SI_UNIT($,.STERADIAN.) SOLID_ANGLE_UNIT() );
#2848 = UNCERTAINTY_MEASURE_WITH_UNIT(LENGTH_MEASURE(1.E-07),#2845,
  'distance_accuracy_value','confusion accuracy');
#2849 = CONTEXT_DEPENDENT_SHAPE_REPRESENTATION(#2850,#2852);
#2850 = ( REPRESENTATION_RELATIONSHIP('','',#2746,#10) 
REPRESENTATION_RELATIONSHIP_WITH_TRANSFORMATION(#2851) 
SHAPE_REPRESENTATION_RELATIONSHIP() );
#2851 = ITEM_DEFINED_TRANSFORMATION('','',#11,#19);
#2852 = PRODUCT_DEFINITION_SHAPE('Placement','Placement of an item',
  #2853);
#2853 = NEXT_ASSEMBLY_USAGE_OCCURRENCE('2','=>[0:1:1:3]','',#5,#2741,$);
#2854 = PRODUCT_RELATED_PRODUCT_CATEGORY('part',$,(#2743));
#2855 = SHAPE_DEFINITION_REPRESENTATION(#2856,#2862);
#2856 = PRODUCT_DEFINITION_SHAPE('','',#2857);
#2857 = PRODUCT_DEFINITION('design','',#2858,#2861);
#2858 = PRODUCT_DEFINITION_FORMATION('','',#2859);
#2859 = PRODUCT('led matrix_soldermask','led matrix_soldermask','',(
    #2860));
#2860 = PRODUCT_CONTEXT('',#2,'mechanical');
#2861 = PRODUCT_DEFINITION_CONTEXT('part definition',#2,'design');
#2862 = MANIFOLD_SURFACE_SHAPE_REPRESENTATION('',(#11,#2863),#2960);
#2863 = SHELL_BASED_SURFACE_MODEL('',(#2864));
#2864 = OPEN_SHELL('',(#2865));
#2865 = ADVANCED_FACE('',(#2866,#2900,#2911,#2922,#2933,#2944),#2955,.T.
  );
#2866 = FACE_BOUND('',#2867,.T.);
#2867 = EDGE_LOOP('',(#2868,#2878,#2886,#2894));
#2868 = ORIENTED_EDGE('',*,*,#2869,.T.);
#2869 = EDGE_CURVE('',#2870,#2872,#2874,.T.);
#2870 = VERTEX_POINT('',#2871);
#2871 = CARTESIAN_POINT('',(61.3,-49.,-5.E-02));
#2872 = VERTEX_POINT('',#2873);
#2873 = CARTESIAN_POINT('',(61.3,-16.6,-5.E-02));
#2874 = LINE('',#2875,#2876);
#2875 = CARTESIAN_POINT('',(61.3,-49.,-5.E-02));
#2876 = VECTOR('',#2877,1.);
#2877 = DIRECTION('',(0.,1.,0.));
#2878 = ORIENTED_EDGE('',*,*,#2879,.T.);
#2879 = EDGE_CURVE('',#2872,#2880,#2882,.T.);
#2880 = VERTEX_POINT('',#2881);
#2881 = CARTESIAN_POINT('',(83.7,-16.6,-5.E-02));
#2882 = LINE('',#2883,#2884);
#2883 = CARTESIAN_POINT('',(61.3,-16.6,-5.E-02));
#2884 = VECTOR('',#2885,1.);
#2885 = DIRECTION('',(1.,0.,0.));
#2886 = ORIENTED_EDGE('',*,*,#2887,.T.);
#2887 = EDGE_CURVE('',#2880,#2888,#2890,.T.);
#2888 = VERTEX_POINT('',#2889);
#2889 = CARTESIAN_POINT('',(83.7,-49.,-5.E-02));
#2890 = LINE('',#2891,#2892);
#2891 = CARTESIAN_POINT('',(83.7,-16.6,-5.E-02));
#2892 = VECTOR('',#2893,1.);
#2893 = DIRECTION('',(0.,-1.,0.));
#2894 = ORIENTED_EDGE('',*,*,#2895,.T.);
#2895 = EDGE_CURVE('',#2888,#2870,#2896,.T.);
#2896 = LINE('',#2897,#2898);
#2897 = CARTESIAN_POINT('',(83.7,-49.,-5.E-02));
#2898 = VECTOR('',#2899,1.);
#2899 = DIRECTION('',(-1.,0.,0.));
#2900 = FACE_BOUND('',#2901,.T.);
#2901 = EDGE_LOOP('',(#2902));
#2902 = ORIENTED_EDGE('',*,*,#2903,.T.);
#2903 = EDGE_CURVE('',#2904,#2904,#2906,.T.);
#2904 = VERTEX_POINT('',#2905);
#2905 = CARTESIAN_POINT('',(69.187392,-18.5,-5.E-02));
#2906 = CIRCLE('',#2907,0.387392);
#2907 = AXIS2_PLACEMENT_3D('',#2908,#2909,#2910);
#2908 = CARTESIAN_POINT('',(68.8,-18.5,-5.E-02));
#2909 = DIRECTION('',(0.,0.,1.));
#2910 = DIRECTION('',(1.,0.,-0.));
#2911 = FACE_BOUND('',#2912,.T.);
#2912 = EDGE_LOOP('',(#2913));
#2913 = ORIENTED_EDGE('',*,*,#2914,.T.);
#2914 = EDGE_CURVE('',#2915,#2915,#2917,.T.);
#2915 = VERTEX_POINT('',#2916);
#2916 = CARTESIAN_POINT('',(71.187392,-18.5,-5.E-02));
#2917 = CIRCLE('',#2918,0.387392);
#2918 = AXIS2_PLACEMENT_3D('',#2919,#2920,#2921);
#2919 = CARTESIAN_POINT('',(70.8,-18.5,-5.E-02));
#2920 = DIRECTION('',(0.,0.,1.));
#2921 = DIRECTION('',(1.,0.,-0.));
#2922 = FACE_BOUND('',#2923,.T.);
#2923 = EDGE_LOOP('',(#2924));
#2924 = ORIENTED_EDGE('',*,*,#2925,.T.);
#2925 = EDGE_CURVE('',#2926,#2926,#2928,.T.);
#2926 = VERTEX_POINT('',#2927);
#2927 = CARTESIAN_POINT('',(73.187392,-18.5,-5.E-02));
#2928 = CIRCLE('',#2929,0.387392);
#2929 = AXIS2_PLACEMENT_3D('',#2930,#2931,#2932);
#2930 = CARTESIAN_POINT('',(72.8,-18.5,-5.E-02));
#2931 = DIRECTION('',(0.,0.,1.));
#2932 = DIRECTION('',(1.,0.,-0.));
#2933 = FACE_BOUND('',#2934,.T.);
#2934 = EDGE_LOOP('',(#2935));
#2935 = ORIENTED_EDGE('',*,*,#2936,.T.);
#2936 = EDGE_CURVE('',#2937,#2937,#2939,.T.);
#2937 = VERTEX_POINT('',#2938);
#2938 = CARTESIAN_POINT('',(75.187392,-18.5,-5.E-02));
#2939 = CIRCLE('',#2940,0.387392);
#2940 = AXIS2_PLACEMENT_3D('',#2941,#2942,#2943);
#2941 = CARTESIAN_POINT('',(74.8,-18.5,-5.E-02));
#2942 = DIRECTION('',(0.,0.,1.));
#2943 = DIRECTION('',(1.,0.,-0.));
#2944 = FACE_BOUND('',#2945,.T.);
#2945 = EDGE_LOOP('',(#2946));
#2946 = ORIENTED_EDGE('',*,*,#2947,.T.);
#2947 = EDGE_CURVE('',#2948,#2948,#2950,.T.);
#2948 = VERTEX_POINT('',#2949);
#2949 = CARTESIAN_POINT('',(77.187392,-18.5,-5.E-02));
#2950 = CIRCLE('',#2951,0.387392);
#2951 = AXIS2_PLACEMENT_3D('',#2952,#2953,#2954);
#2952 = CARTESIAN_POINT('',(76.8,-18.5,-5.E-02));
#2953 = DIRECTION('',(0.,0.,1.));
#2954 = DIRECTION('',(1.,0.,-0.));
#2955 = PLANE('',#2956);
#2956 = AXIS2_PLACEMENT_3D('',#2957,#2958,#2959);
#2957 = CARTESIAN_POINT('',(0.,0.,-5.E-02));
#2958 = DIRECTION('',(-0.,-0.,-1.));
#2959 = DIRECTION('',(-1.,0.,0.));
#2960 = ( GEOMETRIC_REPRESENTATION_CONTEXT(3) 
GLOBAL_UNCERTAINTY_ASSIGNED_CONTEXT((#2964)) 
GLOBAL_UNIT_ASSIGNED_CONTEXT((#2961,#2962,#2963)) REPRESENTATION_CONTEXT
('Context #1','3D Context with UNIT and UNCERTAINTY') );
#2961 = ( LENGTH_UNIT() NAMED_UNIT(*) SI_UNIT(.MILLI.,.METRE.) );
#2962 = ( NAMED_UNIT(*) PLANE_ANGLE_UNIT() SI_UNIT($,.RADIAN.) );
#2963 = ( NAMED_UNIT(*) SI_UNIT($,.STERADIAN.) SOLID_ANGLE_UNIT() );
#2964 = UNCERTAINTY_MEASURE_WITH_UNIT(LENGTH_MEASURE(1.E-07),#2961,
  'distance_accuracy_value','confusion accuracy');
#2965 = CONTEXT_DEPENDENT_SHAPE_REPRESENTATION(#2966,#2968);
#2966 = ( REPRESENTATION_RELATIONSHIP('','',#2862,#10) 
REPRESENTATION_RELATIONSHIP_WITH_TRANSFORMATION(#2967) 
SHAPE_REPRESENTATION_RELATIONSHIP() );
#2967 = ITEM_DEFINED_TRANSFORMATION('','',#11,#23);
#2968 = PRODUCT_DEFINITION_SHAPE('Placement','Placement of an item',
  #2969);
#2969 = NEXT_ASSEMBLY_USAGE_OCCURRENCE('3','=>[0:1:1:4]','',#5,#2857,$);
#2970 = PRODUCT_RELATED_PRODUCT_CATEGORY('part',$,(#2859));
#2971 = SHAPE_DEFINITION_REPRESENTATION(#2972,#2978);
#2972 = PRODUCT_DEFINITION_SHAPE('','',#2973);
#2973 = PRODUCT_DEFINITION('design','',#2974,#2977);
#2974 = PRODUCT_DEFINITION_FORMATION('','',#2975);
#2975 = PRODUCT('led matrix_PCB','led matrix_PCB','',(#2976));
#2976 = PRODUCT_CONTEXT('',#2,'mechanical');
#2977 = PRODUCT_DEFINITION_CONTEXT('part definition',#2,'design');
#2978 = ADVANCED_BREP_SHAPE_REPRESENTATION('',(#11,#2979),#6600);
#2979 = MANIFOLD_SOLID_BREP('',#2980);
#2980 = CLOSED_SHELL('',(#2981,#3021,#3052,#3083,#4079,#5075,#5087,#5104
    ,#5121,#5138,#5155,#5172,#5189,#5206,#5223,#5240,#5257,#5274,#5291,
    #5308,#5325,#5342,#5359,#5376,#5393,#5410,#5427,#5444,#5461,#5478,
    #5495,#5512,#5529,#5546,#5563,#5580,#5597,#5614,#5631,#5648,#5665,
    #5682,#5699,#5716,#5733,#5750,#5767,#5784,#5801,#5818,#5835,#5852,
    #5869,#5886,#5903,#5920,#5937,#5954,#5971,#5988,#6005,#6022,#6039,
    #6056,#6073,#6090,#6107,#6124,#6141,#6158,#6175,#6192,#6209,#6226,
    #6243,#6260,#6277,#6294,#6311,#6328,#6345,#6362,#6379,#6396,#6413,
    #6430,#6447,#6464,#6481,#6498,#6515,#6532,#6549,#6566,#6583));
#2981 = ADVANCED_FACE('',(#2982),#3016,.T.);
#2982 = FACE_BOUND('',#2983,.T.);
#2983 = EDGE_LOOP('',(#2984,#2994,#3002,#3010));
#2984 = ORIENTED_EDGE('',*,*,#2985,.T.);
#2985 = EDGE_CURVE('',#2986,#2988,#2990,.T.);
#2986 = VERTEX_POINT('',#2987);
#2987 = CARTESIAN_POINT('',(83.7,-49.,0.));
#2988 = VERTEX_POINT('',#2989);
#2989 = CARTESIAN_POINT('',(83.7,-49.,1.51));
#2990 = LINE('',#2991,#2992);
#2991 = CARTESIAN_POINT('',(83.7,-49.,0.));
#2992 = VECTOR('',#2993,1.);
#2993 = DIRECTION('',(0.,0.,1.));
#2994 = ORIENTED_EDGE('',*,*,#2995,.T.);
#2995 = EDGE_CURVE('',#2988,#2996,#2998,.T.);
#2996 = VERTEX_POINT('',#2997);
#2997 = CARTESIAN_POINT('',(61.3,-49.,1.51));
#2998 = LINE('',#2999,#3000);
#2999 = CARTESIAN_POINT('',(83.7,-49.,1.51));
#3000 = VECTOR('',#3001,1.);
#3001 = DIRECTION('',(-1.,0.,0.));
#3002 = ORIENTED_EDGE('',*,*,#3003,.F.);
#3003 = EDGE_CURVE('',#3004,#2996,#3006,.T.);
#3004 = VERTEX_POINT('',#3005);
#3005 = CARTESIAN_POINT('',(61.3,-49.,0.));
#3006 = LINE('',#3007,#3008);
#3007 = CARTESIAN_POINT('',(61.3,-49.,0.));
#3008 = VECTOR('',#3009,1.);
#3009 = DIRECTION('',(0.,0.,1.));
#3010 = ORIENTED_EDGE('',*,*,#3011,.F.);
#3011 = EDGE_CURVE('',#2986,#3004,#3012,.T.);
#3012 = LINE('',#3013,#3014);
#3013 = CARTESIAN_POINT('',(83.7,-49.,0.));
#3014 = VECTOR('',#3015,1.);
#3015 = DIRECTION('',(-1.,0.,0.));
#3016 = PLANE('',#3017);
#3017 = AXIS2_PLACEMENT_3D('',#3018,#3019,#3020);
#3018 = CARTESIAN_POINT('',(83.7,-49.,0.));
#3019 = DIRECTION('',(0.,-1.,0.));
#3020 = DIRECTION('',(-1.,0.,0.));
#3021 = ADVANCED_FACE('',(#3022),#3047,.T.);
#3022 = FACE_BOUND('',#3023,.T.);
#3023 = EDGE_LOOP('',(#3024,#3034,#3040,#3041));
#3024 = ORIENTED_EDGE('',*,*,#3025,.T.);
#3025 = EDGE_CURVE('',#3026,#3028,#3030,.T.);
#3026 = VERTEX_POINT('',#3027);
#3027 = CARTESIAN_POINT('',(83.7,-16.6,0.));
#3028 = VERTEX_POINT('',#3029);
#3029 = CARTESIAN_POINT('',(83.7,-16.6,1.51));
#3030 = LINE('',#3031,#3032);
#3031 = CARTESIAN_POINT('',(83.7,-16.6,0.));
#3032 = VECTOR('',#3033,1.);
#3033 = DIRECTION('',(0.,0.,1.));
#3034 = ORIENTED_EDGE('',*,*,#3035,.T.);
#3035 = EDGE_CURVE('',#3028,#2988,#3036,.T.);
#3036 = LINE('',#3037,#3038);
#3037 = CARTESIAN_POINT('',(83.7,-16.6,1.51));
#3038 = VECTOR('',#3039,1.);
#3039 = DIRECTION('',(0.,-1.,0.));
#3040 = ORIENTED_EDGE('',*,*,#2985,.F.);
#3041 = ORIENTED_EDGE('',*,*,#3042,.F.);
#3042 = EDGE_CURVE('',#3026,#2986,#3043,.T.);
#3043 = LINE('',#3044,#3045);
#3044 = CARTESIAN_POINT('',(83.7,-16.6,0.));
#3045 = VECTOR('',#3046,1.);
#3046 = DIRECTION('',(0.,-1.,0.));
#3047 = PLANE('',#3048);
#3048 = AXIS2_PLACEMENT_3D('',#3049,#3050,#3051);
#3049 = CARTESIAN_POINT('',(83.7,-16.6,0.));
#3050 = DIRECTION('',(1.,0.,-0.));
#3051 = DIRECTION('',(0.,-1.,0.));
#3052 = ADVANCED_FACE('',(#3053),#3078,.T.);
#3053 = FACE_BOUND('',#3054,.T.);
#3054 = EDGE_LOOP('',(#3055,#3056,#3064,#3072));
#3055 = ORIENTED_EDGE('',*,*,#3003,.T.);
#3056 = ORIENTED_EDGE('',*,*,#3057,.T.);
#3057 = EDGE_CURVE('',#2996,#3058,#3060,.T.);
#3058 = VERTEX_POINT('',#3059);
#3059 = CARTESIAN_POINT('',(61.3,-16.6,1.51));
#3060 = LINE('',#3061,#3062);
#3061 = CARTESIAN_POINT('',(61.3,-49.,1.51));
#3062 = VECTOR('',#3063,1.);
#3063 = DIRECTION('',(0.,1.,0.));
#3064 = ORIENTED_EDGE('',*,*,#3065,.F.);
#3065 = EDGE_CURVE('',#3066,#3058,#3068,.T.);
#3066 = VERTEX_POINT('',#3067);
#3067 = CARTESIAN_POINT('',(61.3,-16.6,0.));
#3068 = LINE('',#3069,#3070);
#3069 = CARTESIAN_POINT('',(61.3,-16.6,0.));
#3070 = VECTOR('',#3071,1.);
#3071 = DIRECTION('',(0.,0.,1.));
#3072 = ORIENTED_EDGE('',*,*,#3073,.F.);
#3073 = EDGE_CURVE('',#3004,#3066,#3074,.T.);
#3074 = LINE('',#3075,#3076);
#3075 = CARTESIAN_POINT('',(61.3,-49.,0.));
#3076 = VECTOR('',#3077,1.);
#3077 = DIRECTION('',(0.,1.,0.));
#3078 = PLANE('',#3079);
#3079 = AXIS2_PLACEMENT_3D('',#3080,#3081,#3082);
#3080 = CARTESIAN_POINT('',(61.3,-49.,0.));
#3081 = DIRECTION('',(-1.,0.,0.));
#3082 = DIRECTION('',(0.,1.,0.));
#3083 = ADVANCED_FACE('',(#3084,#3095,#3106,#3117,#3128,#3139,#3150,
    #3161,#3172,#3183,#3194,#3205,#3216,#3227,#3238,#3249,#3260,#3271,
    #3282,#3293,#3304,#3315,#3326,#3337,#3348,#3359,#3370,#3381,#3392,
    #3403,#3414,#3425,#3436,#3447,#3458,#3469,#3480,#3491,#3502,#3513,
    #3524,#3535,#3546,#3557,#3568,#3579,#3590,#3601,#3612,#3623,#3634,
    #3645,#3656,#3667,#3678,#3689,#3700,#3711,#3722,#3733,#3744,#3755,
    #3766,#3777,#3788,#3799,#3810,#3821,#3832,#3843,#3854,#3865,#3876,
    #3887,#3898,#3909,#3920,#3931,#3942,#3953,#3964,#3975,#3986,#3997,
    #4008,#4019,#4030,#4041,#4052,#4063),#4074,.F.);
#3084 = FACE_BOUND('',#3085,.F.);
#3085 = EDGE_LOOP('',(#3086,#3087,#3088,#3094));
#3086 = ORIENTED_EDGE('',*,*,#3011,.F.);
#3087 = ORIENTED_EDGE('',*,*,#3042,.F.);
#3088 = ORIENTED_EDGE('',*,*,#3089,.F.);
#3089 = EDGE_CURVE('',#3066,#3026,#3090,.T.);
#3090 = LINE('',#3091,#3092);
#3091 = CARTESIAN_POINT('',(61.3,-16.6,0.));
#3092 = VECTOR('',#3093,1.);
#3093 = DIRECTION('',(1.,0.,0.));
#3094 = ORIENTED_EDGE('',*,*,#3073,.F.);
#3095 = FACE_BOUND('',#3096,.F.);
#3096 = EDGE_LOOP('',(#3097));
#3097 = ORIENTED_EDGE('',*,*,#3098,.T.);
#3098 = EDGE_CURVE('',#3099,#3099,#3101,.T.);
#3099 = VERTEX_POINT('',#3100);
#3100 = CARTESIAN_POINT('',(63.8,-44.85,0.));
#3101 = CIRCLE('',#3102,0.15);
#3102 = AXIS2_PLACEMENT_3D('',#3103,#3104,#3105);
#3103 = CARTESIAN_POINT('',(63.8,-44.7,0.));
#3104 = DIRECTION('',(-0.,0.,-1.));
#3105 = DIRECTION('',(-0.,-1.,0.));
#3106 = FACE_BOUND('',#3107,.F.);
#3107 = EDGE_LOOP('',(#3108));
#3108 = ORIENTED_EDGE('',*,*,#3109,.T.);
#3109 = EDGE_CURVE('',#3110,#3110,#3112,.T.);
#3110 = VERTEX_POINT('',#3111);
#3111 = CARTESIAN_POINT('',(65.8,-46.25,0.));
#3112 = CIRCLE('',#3113,0.15);
#3113 = AXIS2_PLACEMENT_3D('',#3114,#3115,#3116);
#3114 = CARTESIAN_POINT('',(65.8,-46.1,0.));
#3115 = DIRECTION('',(-0.,0.,-1.));
#3116 = DIRECTION('',(-9.473903143468E-14,-1.,0.));
#3117 = FACE_BOUND('',#3118,.F.);
#3118 = EDGE_LOOP('',(#3119));
#3119 = ORIENTED_EDGE('',*,*,#3120,.T.);
#3120 = EDGE_CURVE('',#3121,#3121,#3123,.T.);
#3121 = VERTEX_POINT('',#3122);
#3122 = CARTESIAN_POINT('',(68.29,-45.55,0.));
#3123 = CIRCLE('',#3124,0.15);
#3124 = AXIS2_PLACEMENT_3D('',#3125,#3126,#3127);
#3125 = CARTESIAN_POINT('',(68.29,-45.4,0.));
#3126 = DIRECTION('',(-0.,0.,-1.));
#3127 = DIRECTION('',(9.473903143467E-14,-1.,-0.));
#3128 = FACE_BOUND('',#3129,.F.);
#3129 = EDGE_LOOP('',(#3130));
#3130 = ORIENTED_EDGE('',*,*,#3131,.T.);
#3131 = EDGE_CURVE('',#3132,#3132,#3134,.T.);
#3132 = VERTEX_POINT('',#3133);
#3133 = CARTESIAN_POINT('',(66.4,-42.55,0.));
#3134 = CIRCLE('',#3135,0.15);
#3135 = AXIS2_PLACEMENT_3D('',#3136,#3137,#3138);
#3136 = CARTESIAN_POINT('',(66.4,-42.4,0.));
#3137 = DIRECTION('',(-0.,0.,-1.));
#3138 = DIRECTION('',(-0.,-1.,0.));
#3139 = FACE_BOUND('',#3140,.F.);
#3140 = EDGE_LOOP('',(#3141));
#3141 = ORIENTED_EDGE('',*,*,#3142,.T.);
#3142 = EDGE_CURVE('',#3143,#3143,#3145,.T.);
#3143 = VERTEX_POINT('',#3144);
#3144 = CARTESIAN_POINT('',(69.59,-45.55,0.));
#3145 = CIRCLE('',#3146,0.15);
#3146 = AXIS2_PLACEMENT_3D('',#3147,#3148,#3149);
#3147 = CARTESIAN_POINT('',(69.59,-45.4,0.));
#3148 = DIRECTION('',(-0.,0.,-1.));
#3149 = DIRECTION('',(-0.,-1.,0.));
#3150 = FACE_BOUND('',#3151,.F.);
#3151 = EDGE_LOOP('',(#3152));
#3152 = ORIENTED_EDGE('',*,*,#3153,.T.);
#3153 = EDGE_CURVE('',#3154,#3154,#3156,.T.);
#3154 = VERTEX_POINT('',#3155);
#3155 = CARTESIAN_POINT('',(70.89,-45.45,0.));
#3156 = CIRCLE('',#3157,0.15);
#3157 = AXIS2_PLACEMENT_3D('',#3158,#3159,#3160);
#3158 = CARTESIAN_POINT('',(70.89,-45.3,0.));
#3159 = DIRECTION('',(-0.,0.,-1.));
#3160 = DIRECTION('',(-0.,-1.,0.));
#3161 = FACE_BOUND('',#3162,.F.);
#3162 = EDGE_LOOP('',(#3163));
#3163 = ORIENTED_EDGE('',*,*,#3164,.T.);
#3164 = EDGE_CURVE('',#3165,#3165,#3167,.T.);
#3165 = VERTEX_POINT('',#3166);
#3166 = CARTESIAN_POINT('',(72.09,-45.45,0.));
#3167 = CIRCLE('',#3168,0.15);
#3168 = AXIS2_PLACEMENT_3D('',#3169,#3170,#3171);
#3169 = CARTESIAN_POINT('',(72.09,-45.3,0.));
#3170 = DIRECTION('',(-0.,0.,-1.));
#3171 = DIRECTION('',(-0.,-1.,0.));
#3172 = FACE_BOUND('',#3173,.F.);
#3173 = EDGE_LOOP('',(#3174));
#3174 = ORIENTED_EDGE('',*,*,#3175,.T.);
#3175 = EDGE_CURVE('',#3176,#3176,#3178,.T.);
#3176 = VERTEX_POINT('',#3177);
#3177 = CARTESIAN_POINT('',(69.147959,-41.002041,0.));
#3178 = CIRCLE('',#3179,0.15);
#3179 = AXIS2_PLACEMENT_3D('',#3180,#3181,#3182);
#3180 = CARTESIAN_POINT('',(69.147959,-40.852041,0.));
#3181 = DIRECTION('',(-0.,0.,-1.));
#3182 = DIRECTION('',(-0.,-1.,0.));
#3183 = FACE_BOUND('',#3184,.F.);
#3184 = EDGE_LOOP('',(#3185));
#3185 = ORIENTED_EDGE('',*,*,#3186,.T.);
#3186 = EDGE_CURVE('',#3187,#3187,#3189,.T.);
#3187 = VERTEX_POINT('',#3188);
#3188 = CARTESIAN_POINT('',(72.5,-39.45,0.));
#3189 = CIRCLE('',#3190,0.15);
#3190 = AXIS2_PLACEMENT_3D('',#3191,#3192,#3193);
#3191 = CARTESIAN_POINT('',(72.5,-39.3,0.));
#3192 = DIRECTION('',(-0.,0.,-1.));
#3193 = DIRECTION('',(-0.,-1.,0.));
#3194 = FACE_BOUND('',#3195,.F.);
#3195 = EDGE_LOOP('',(#3196));
#3196 = ORIENTED_EDGE('',*,*,#3197,.T.);
#3197 = EDGE_CURVE('',#3198,#3198,#3200,.T.);
#3198 = VERTEX_POINT('',#3199);
#3199 = CARTESIAN_POINT('',(67.3,-37.15,0.));
#3200 = CIRCLE('',#3201,0.15);
#3201 = AXIS2_PLACEMENT_3D('',#3202,#3203,#3204);
#3202 = CARTESIAN_POINT('',(67.3,-37.,0.));
#3203 = DIRECTION('',(-0.,0.,-1.));
#3204 = DIRECTION('',(-9.473903143469E-14,-1.,0.));
#3205 = FACE_BOUND('',#3206,.F.);
#3206 = EDGE_LOOP('',(#3207));
#3207 = ORIENTED_EDGE('',*,*,#3208,.T.);
#3208 = EDGE_CURVE('',#3209,#3209,#3211,.T.);
#3209 = VERTEX_POINT('',#3210);
#3210 = CARTESIAN_POINT('',(67.345,-34.559093,0.));
#3211 = CIRCLE('',#3212,0.15);
#3212 = AXIS2_PLACEMENT_3D('',#3213,#3214,#3215);
#3213 = CARTESIAN_POINT('',(67.345,-34.409093,0.));
#3214 = DIRECTION('',(-0.,0.,-1.));
#3215 = DIRECTION('',(-0.,-1.,0.));
#3216 = FACE_BOUND('',#3217,.F.);
#3217 = EDGE_LOOP('',(#3218));
#3218 = ORIENTED_EDGE('',*,*,#3219,.T.);
#3219 = EDGE_CURVE('',#3220,#3220,#3222,.T.);
#3220 = VERTEX_POINT('',#3221);
#3221 = CARTESIAN_POINT('',(67.37,-32.924482,0.));
#3222 = CIRCLE('',#3223,0.15);
#3223 = AXIS2_PLACEMENT_3D('',#3224,#3225,#3226);
#3224 = CARTESIAN_POINT('',(67.37,-32.774482,0.));
#3225 = DIRECTION('',(-0.,0.,-1.));
#3226 = DIRECTION('',(-0.,-1.,0.));
#3227 = FACE_BOUND('',#3228,.F.);
#3228 = EDGE_LOOP('',(#3229));
#3229 = ORIENTED_EDGE('',*,*,#3230,.T.);
#3230 = EDGE_CURVE('',#3231,#3231,#3233,.T.);
#3231 = VERTEX_POINT('',#3232);
#3232 = CARTESIAN_POINT('',(69.246468,-34.69813,0.));
#3233 = CIRCLE('',#3234,0.15);
#3234 = AXIS2_PLACEMENT_3D('',#3235,#3236,#3237);
#3235 = CARTESIAN_POINT('',(69.246468,-34.54813,0.));
#3236 = DIRECTION('',(-0.,0.,-1.));
#3237 = DIRECTION('',(-0.,-1.,0.));
#3238 = FACE_BOUND('',#3239,.F.);
#3239 = EDGE_LOOP('',(#3240));
#3240 = ORIENTED_EDGE('',*,*,#3241,.T.);
#3241 = EDGE_CURVE('',#3242,#3242,#3244,.T.);
#3242 = VERTEX_POINT('',#3243);
#3243 = CARTESIAN_POINT('',(69.27,-32.94999,0.));
#3244 = CIRCLE('',#3245,0.15);
#3245 = AXIS2_PLACEMENT_3D('',#3246,#3247,#3248);
#3246 = CARTESIAN_POINT('',(69.27,-32.79999,0.));
#3247 = DIRECTION('',(-0.,0.,-1.));
#3248 = DIRECTION('',(-9.473903143468E-14,-1.,0.));
#3249 = FACE_BOUND('',#3250,.F.);
#3250 = EDGE_LOOP('',(#3251));
#3251 = ORIENTED_EDGE('',*,*,#3252,.T.);
#3252 = EDGE_CURVE('',#3253,#3253,#3255,.T.);
#3253 = VERTEX_POINT('',#3254);
#3254 = CARTESIAN_POINT('',(71.045,-34.454419,0.));
#3255 = CIRCLE('',#3256,0.15);
#3256 = AXIS2_PLACEMENT_3D('',#3257,#3258,#3259);
#3257 = CARTESIAN_POINT('',(71.045,-34.304419,0.));
#3258 = DIRECTION('',(-0.,0.,-1.));
#3259 = DIRECTION('',(9.473903143467E-14,-1.,-0.));
#3260 = FACE_BOUND('',#3261,.F.);
#3261 = EDGE_LOOP('',(#3262));
#3262 = ORIENTED_EDGE('',*,*,#3263,.T.);
#3263 = EDGE_CURVE('',#3264,#3264,#3266,.T.);
#3264 = VERTEX_POINT('',#3265);
#3265 = CARTESIAN_POINT('',(72.6,-34.45,0.));
#3266 = CIRCLE('',#3267,0.15);
#3267 = AXIS2_PLACEMENT_3D('',#3268,#3269,#3270);
#3268 = CARTESIAN_POINT('',(72.6,-34.3,0.));
#3269 = DIRECTION('',(-0.,0.,-1.));
#3270 = DIRECTION('',(-0.,-1.,0.));
#3271 = FACE_BOUND('',#3272,.F.);
#3272 = EDGE_LOOP('',(#3273));
#3273 = ORIENTED_EDGE('',*,*,#3274,.T.);
#3274 = EDGE_CURVE('',#3275,#3275,#3277,.T.);
#3275 = VERTEX_POINT('',#3276);
#3276 = CARTESIAN_POINT('',(71.08,-32.949995,0.));
#3277 = CIRCLE('',#3278,0.15);
#3278 = AXIS2_PLACEMENT_3D('',#3279,#3280,#3281);
#3279 = CARTESIAN_POINT('',(71.08,-32.799995,0.));
#3280 = DIRECTION('',(-0.,0.,-1.));
#3281 = DIRECTION('',(-9.473903143468E-14,-1.,0.));
#3282 = FACE_BOUND('',#3283,.F.);
#3283 = EDGE_LOOP('',(#3284));
#3284 = ORIENTED_EDGE('',*,*,#3285,.T.);
#3285 = EDGE_CURVE('',#3286,#3286,#3288,.T.);
#3286 = VERTEX_POINT('',#3287);
#3287 = CARTESIAN_POINT('',(72.7,-32.85,0.));
#3288 = CIRCLE('',#3289,0.15);
#3289 = AXIS2_PLACEMENT_3D('',#3290,#3291,#3292);
#3290 = CARTESIAN_POINT('',(72.7,-32.7,0.));
#3291 = DIRECTION('',(-0.,0.,-1.));
#3292 = DIRECTION('',(9.473903143467E-14,-1.,-0.));
#3293 = FACE_BOUND('',#3294,.F.);
#3294 = EDGE_LOOP('',(#3295));
#3295 = ORIENTED_EDGE('',*,*,#3296,.T.);
#3296 = EDGE_CURVE('',#3297,#3297,#3299,.T.);
#3297 = VERTEX_POINT('',#3298);
#3298 = CARTESIAN_POINT('',(73.39,-45.45,0.));
#3299 = CIRCLE('',#3300,0.15);
#3300 = AXIS2_PLACEMENT_3D('',#3301,#3302,#3303);
#3301 = CARTESIAN_POINT('',(73.39,-45.3,0.));
#3302 = DIRECTION('',(-0.,0.,-1.));
#3303 = DIRECTION('',(-0.,-1.,0.));
#3304 = FACE_BOUND('',#3305,.F.);
#3305 = EDGE_LOOP('',(#3306));
#3306 = ORIENTED_EDGE('',*,*,#3307,.T.);
#3307 = EDGE_CURVE('',#3308,#3308,#3310,.T.);
#3308 = VERTEX_POINT('',#3309);
#3309 = CARTESIAN_POINT('',(74.69,-45.35,0.));
#3310 = CIRCLE('',#3311,0.15);
#3311 = AXIS2_PLACEMENT_3D('',#3312,#3313,#3314);
#3312 = CARTESIAN_POINT('',(74.69,-45.2,0.));
#3313 = DIRECTION('',(-0.,0.,-1.));
#3314 = DIRECTION('',(-0.,-1.,0.));
#3315 = FACE_BOUND('',#3316,.F.);
#3316 = EDGE_LOOP('',(#3317));
#3317 = ORIENTED_EDGE('',*,*,#3318,.T.);
#3318 = EDGE_CURVE('',#3319,#3319,#3321,.T.);
#3319 = VERTEX_POINT('',#3320);
#3320 = CARTESIAN_POINT('',(77.2,-44.95,0.));
#3321 = CIRCLE('',#3322,0.15);
#3322 = AXIS2_PLACEMENT_3D('',#3323,#3324,#3325);
#3323 = CARTESIAN_POINT('',(77.2,-44.8,0.));
#3324 = DIRECTION('',(-0.,0.,-1.));
#3325 = DIRECTION('',(9.473903143467E-14,-1.,-0.));
#3326 = FACE_BOUND('',#3327,.F.);
#3327 = EDGE_LOOP('',(#3328));
#3328 = ORIENTED_EDGE('',*,*,#3329,.T.);
#3329 = EDGE_CURVE('',#3330,#3330,#3332,.T.);
#3330 = VERTEX_POINT('',#3331);
#3331 = CARTESIAN_POINT('',(76.,-40.75,0.));
#3332 = CIRCLE('',#3333,0.15);
#3333 = AXIS2_PLACEMENT_3D('',#3334,#3335,#3336);
#3334 = CARTESIAN_POINT('',(76.,-40.6,0.));
#3335 = DIRECTION('',(-0.,0.,-1.));
#3336 = DIRECTION('',(-0.,-1.,0.));
#3337 = FACE_BOUND('',#3338,.F.);
#3338 = EDGE_LOOP('',(#3339));
#3339 = ORIENTED_EDGE('',*,*,#3340,.T.);
#3340 = EDGE_CURVE('',#3341,#3341,#3343,.T.);
#3341 = VERTEX_POINT('',#3342);
#3342 = CARTESIAN_POINT('',(77.2,-40.95,0.));
#3343 = CIRCLE('',#3344,0.15);
#3344 = AXIS2_PLACEMENT_3D('',#3345,#3346,#3347);
#3345 = CARTESIAN_POINT('',(77.2,-40.8,0.));
#3346 = DIRECTION('',(-0.,0.,-1.));
#3347 = DIRECTION('',(9.473903143467E-14,-1.,-0.));
#3348 = FACE_BOUND('',#3349,.F.);
#3349 = EDGE_LOOP('',(#3350));
#3350 = ORIENTED_EDGE('',*,*,#3351,.T.);
#3351 = EDGE_CURVE('',#3352,#3352,#3354,.T.);
#3352 = VERTEX_POINT('',#3353);
#3353 = CARTESIAN_POINT('',(78.2,-45.35,0.));
#3354 = CIRCLE('',#3355,0.15);
#3355 = AXIS2_PLACEMENT_3D('',#3356,#3357,#3358);
#3356 = CARTESIAN_POINT('',(78.2,-45.2,0.));
#3357 = DIRECTION('',(-0.,0.,-1.));
#3358 = DIRECTION('',(9.473903143467E-14,-1.,-0.));
#3359 = FACE_BOUND('',#3360,.F.);
#3360 = EDGE_LOOP('',(#3361));
#3361 = ORIENTED_EDGE('',*,*,#3362,.T.);
#3362 = EDGE_CURVE('',#3363,#3363,#3365,.T.);
#3363 = VERTEX_POINT('',#3364);
#3364 = CARTESIAN_POINT('',(81.3,-44.75,0.));
#3365 = CIRCLE('',#3366,0.15);
#3366 = AXIS2_PLACEMENT_3D('',#3367,#3368,#3369);
#3367 = CARTESIAN_POINT('',(81.3,-44.6,0.));
#3368 = DIRECTION('',(-0.,0.,-1.));
#3369 = DIRECTION('',(-9.473903143468E-14,-1.,0.));
#3370 = FACE_BOUND('',#3371,.F.);
#3371 = EDGE_LOOP('',(#3372));
#3372 = ORIENTED_EDGE('',*,*,#3373,.T.);
#3373 = EDGE_CURVE('',#3374,#3374,#3376,.T.);
#3374 = VERTEX_POINT('',#3375);
#3375 = CARTESIAN_POINT('',(73.9,-39.35,0.));
#3376 = CIRCLE('',#3377,0.15);
#3377 = AXIS2_PLACEMENT_3D('',#3378,#3379,#3380);
#3378 = CARTESIAN_POINT('',(73.9,-39.2,0.));
#3379 = DIRECTION('',(-0.,0.,-1.));
#3380 = DIRECTION('',(-0.,-1.,0.));
#3381 = FACE_BOUND('',#3382,.F.);
#3382 = EDGE_LOOP('',(#3383));
#3383 = ORIENTED_EDGE('',*,*,#3384,.T.);
#3384 = EDGE_CURVE('',#3385,#3385,#3387,.T.);
#3385 = VERTEX_POINT('',#3386);
#3386 = CARTESIAN_POINT('',(74.36,-34.65539,0.));
#3387 = CIRCLE('',#3388,0.15);
#3388 = AXIS2_PLACEMENT_3D('',#3389,#3390,#3391);
#3389 = CARTESIAN_POINT('',(74.36,-34.50539,0.));
#3390 = DIRECTION('',(-0.,0.,-1.));
#3391 = DIRECTION('',(-0.,-1.,0.));
#3392 = FACE_BOUND('',#3393,.F.);
#3393 = EDGE_LOOP('',(#3394));
#3394 = ORIENTED_EDGE('',*,*,#3395,.T.);
#3395 = EDGE_CURVE('',#3396,#3396,#3398,.T.);
#3396 = VERTEX_POINT('',#3397);
#3397 = CARTESIAN_POINT('',(74.405,-32.95,0.));
#3398 = CIRCLE('',#3399,0.15);
#3399 = AXIS2_PLACEMENT_3D('',#3400,#3401,#3402);
#3400 = CARTESIAN_POINT('',(74.405,-32.8,0.));
#3401 = DIRECTION('',(-0.,0.,-1.));
#3402 = DIRECTION('',(-0.,-1.,0.));
#3403 = FACE_BOUND('',#3404,.F.);
#3404 = EDGE_LOOP('',(#3405));
#3405 = ORIENTED_EDGE('',*,*,#3406,.T.);
#3406 = EDGE_CURVE('',#3407,#3407,#3409,.T.);
#3407 = VERTEX_POINT('',#3408);
#3408 = CARTESIAN_POINT('',(76.5,-34.45,0.));
#3409 = CIRCLE('',#3410,0.15);
#3410 = AXIS2_PLACEMENT_3D('',#3411,#3412,#3413);
#3411 = CARTESIAN_POINT('',(76.5,-34.3,0.));
#3412 = DIRECTION('',(-0.,0.,-1.));
#3413 = DIRECTION('',(-0.,-1.,0.));
#3414 = FACE_BOUND('',#3415,.F.);
#3415 = EDGE_LOOP('',(#3416));
#3416 = ORIENTED_EDGE('',*,*,#3417,.T.);
#3417 = EDGE_CURVE('',#3418,#3418,#3420,.T.);
#3418 = VERTEX_POINT('',#3419);
#3419 = CARTESIAN_POINT('',(76.3,-32.95,0.));
#3420 = CIRCLE('',#3421,0.15);
#3421 = AXIS2_PLACEMENT_3D('',#3422,#3423,#3424);
#3422 = CARTESIAN_POINT('',(76.3,-32.8,0.));
#3423 = DIRECTION('',(-0.,0.,-1.));
#3424 = DIRECTION('',(-9.473903143469E-14,-1.,0.));
#3425 = FACE_BOUND('',#3426,.F.);
#3426 = EDGE_LOOP('',(#3427));
#3427 = ORIENTED_EDGE('',*,*,#3428,.T.);
#3428 = EDGE_CURVE('',#3429,#3429,#3431,.T.);
#3429 = VERTEX_POINT('',#3430);
#3430 = CARTESIAN_POINT('',(77.9,-39.25,0.));
#3431 = CIRCLE('',#3432,0.15);
#3432 = AXIS2_PLACEMENT_3D('',#3433,#3434,#3435);
#3433 = CARTESIAN_POINT('',(77.9,-39.1,0.));
#3434 = DIRECTION('',(-0.,0.,-1.));
#3435 = DIRECTION('',(-0.,-1.,0.));
#3436 = FACE_BOUND('',#3437,.F.);
#3437 = EDGE_LOOP('',(#3438));
#3438 = ORIENTED_EDGE('',*,*,#3439,.T.);
#3439 = EDGE_CURVE('',#3440,#3440,#3442,.T.);
#3440 = VERTEX_POINT('',#3441);
#3441 = CARTESIAN_POINT('',(79.7,-39.25,0.));
#3442 = CIRCLE('',#3443,0.15);
#3443 = AXIS2_PLACEMENT_3D('',#3444,#3445,#3446);
#3444 = CARTESIAN_POINT('',(79.7,-39.1,0.));
#3445 = DIRECTION('',(-0.,0.,-1.));
#3446 = DIRECTION('',(9.473903143467E-14,-1.,-0.));
#3447 = FACE_BOUND('',#3448,.F.);
#3448 = EDGE_LOOP('',(#3449));
#3449 = ORIENTED_EDGE('',*,*,#3450,.T.);
#3450 = EDGE_CURVE('',#3451,#3451,#3453,.T.);
#3451 = VERTEX_POINT('',#3452);
#3452 = CARTESIAN_POINT('',(79.2,-36.15,0.));
#3453 = CIRCLE('',#3454,0.15);
#3454 = AXIS2_PLACEMENT_3D('',#3455,#3456,#3457);
#3455 = CARTESIAN_POINT('',(79.2,-36.,0.));
#3456 = DIRECTION('',(-0.,0.,-1.));
#3457 = DIRECTION('',(9.473903143467E-14,-1.,-0.));
#3458 = FACE_BOUND('',#3459,.F.);
#3459 = EDGE_LOOP('',(#3460));
#3460 = ORIENTED_EDGE('',*,*,#3461,.T.);
#3461 = EDGE_CURVE('',#3462,#3462,#3464,.T.);
#3462 = VERTEX_POINT('',#3463);
#3463 = CARTESIAN_POINT('',(78.005,-34.65,0.));
#3464 = CIRCLE('',#3465,0.15);
#3465 = AXIS2_PLACEMENT_3D('',#3466,#3467,#3468);
#3466 = CARTESIAN_POINT('',(78.005,-34.5,0.));
#3467 = DIRECTION('',(-0.,0.,-1.));
#3468 = DIRECTION('',(-0.,-1.,0.));
#3469 = FACE_BOUND('',#3470,.F.);
#3470 = EDGE_LOOP('',(#3471));
#3471 = ORIENTED_EDGE('',*,*,#3472,.T.);
#3472 = EDGE_CURVE('',#3473,#3473,#3475,.T.);
#3473 = VERTEX_POINT('',#3474);
#3474 = CARTESIAN_POINT('',(78.03,-32.95,0.));
#3475 = CIRCLE('',#3476,0.15);
#3476 = AXIS2_PLACEMENT_3D('',#3477,#3478,#3479);
#3477 = CARTESIAN_POINT('',(78.03,-32.8,0.));
#3478 = DIRECTION('',(-0.,0.,-1.));
#3479 = DIRECTION('',(-0.,-1.,0.));
#3480 = FACE_BOUND('',#3481,.F.);
#3481 = EDGE_LOOP('',(#3482));
#3482 = ORIENTED_EDGE('',*,*,#3483,.T.);
#3483 = EDGE_CURVE('',#3484,#3484,#3486,.T.);
#3484 = VERTEX_POINT('',#3485);
#3485 = CARTESIAN_POINT('',(79.8,-34.05,0.));
#3486 = CIRCLE('',#3487,0.15);
#3487 = AXIS2_PLACEMENT_3D('',#3488,#3489,#3490);
#3488 = CARTESIAN_POINT('',(79.8,-33.9,0.));
#3489 = DIRECTION('',(-0.,0.,-1.));
#3490 = DIRECTION('',(-9.473903143468E-14,-1.,0.));
#3491 = FACE_BOUND('',#3492,.F.);
#3492 = EDGE_LOOP('',(#3493));
#3493 = ORIENTED_EDGE('',*,*,#3494,.T.);
#3494 = EDGE_CURVE('',#3495,#3495,#3497,.T.);
#3495 = VERTEX_POINT('',#3496);
#3496 = CARTESIAN_POINT('',(80.4,-33.35,0.));
#3497 = CIRCLE('',#3498,0.15);
#3498 = AXIS2_PLACEMENT_3D('',#3499,#3500,#3501);
#3499 = CARTESIAN_POINT('',(80.4,-33.2,0.));
#3500 = DIRECTION('',(-0.,0.,-1.));
#3501 = DIRECTION('',(-0.,-1.,0.));
#3502 = FACE_BOUND('',#3503,.F.);
#3503 = EDGE_LOOP('',(#3504));
#3504 = ORIENTED_EDGE('',*,*,#3505,.T.);
#3505 = EDGE_CURVE('',#3506,#3506,#3508,.T.);
#3506 = VERTEX_POINT('',#3507);
#3507 = CARTESIAN_POINT('',(67.335,-31.361478,0.));
#3508 = CIRCLE('',#3509,0.15);
#3509 = AXIS2_PLACEMENT_3D('',#3510,#3511,#3512);
#3510 = CARTESIAN_POINT('',(67.335,-31.211478,0.));
#3511 = DIRECTION('',(-0.,0.,-1.));
#3512 = DIRECTION('',(-9.473903143469E-14,-1.,0.));
#3513 = FACE_BOUND('',#3514,.F.);
#3514 = EDGE_LOOP('',(#3515));
#3515 = ORIENTED_EDGE('',*,*,#3516,.T.);
#3516 = EDGE_CURVE('',#3517,#3517,#3519,.T.);
#3517 = VERTEX_POINT('',#3518);
#3518 = CARTESIAN_POINT('',(67.295734,-30.035349,0.));
#3519 = CIRCLE('',#3520,0.15);
#3520 = AXIS2_PLACEMENT_3D('',#3521,#3522,#3523);
#3521 = CARTESIAN_POINT('',(67.295734,-29.885349,0.));
#3522 = DIRECTION('',(-0.,0.,-1.));
#3523 = DIRECTION('',(-9.473903143469E-14,-1.,0.));
#3524 = FACE_BOUND('',#3525,.F.);
#3525 = EDGE_LOOP('',(#3526));
#3526 = ORIENTED_EDGE('',*,*,#3527,.T.);
#3527 = EDGE_CURVE('',#3528,#3528,#3530,.T.);
#3528 = VERTEX_POINT('',#3529);
#3529 = CARTESIAN_POINT('',(67.310018,-28.464055,0.));
#3530 = CIRCLE('',#3531,0.15);
#3531 = AXIS2_PLACEMENT_3D('',#3532,#3533,#3534);
#3532 = CARTESIAN_POINT('',(67.310018,-28.314055,0.));
#3533 = DIRECTION('',(-0.,0.,-1.));
#3534 = DIRECTION('',(-0.,-1.,0.));
#3535 = FACE_BOUND('',#3536,.F.);
#3536 = EDGE_LOOP('',(#3537));
#3537 = ORIENTED_EDGE('',*,*,#3538,.T.);
#3538 = EDGE_CURVE('',#3539,#3539,#3541,.T.);
#3539 = VERTEX_POINT('',#3540);
#3540 = CARTESIAN_POINT('',(67.305,-26.95,0.));
#3541 = CIRCLE('',#3542,0.15);
#3542 = AXIS2_PLACEMENT_3D('',#3543,#3544,#3545);
#3543 = CARTESIAN_POINT('',(67.305,-26.8,0.));
#3544 = DIRECTION('',(-0.,0.,-1.));
#3545 = DIRECTION('',(-0.,-1.,0.));
#3546 = FACE_BOUND('',#3547,.F.);
#3547 = EDGE_LOOP('',(#3548));
#3548 = ORIENTED_EDGE('',*,*,#3549,.T.);
#3549 = EDGE_CURVE('',#3550,#3550,#3552,.T.);
#3550 = VERTEX_POINT('',#3551);
#3551 = CARTESIAN_POINT('',(67.355,-25.35,0.));
#3552 = CIRCLE('',#3553,0.15);
#3553 = AXIS2_PLACEMENT_3D('',#3554,#3555,#3556);
#3554 = CARTESIAN_POINT('',(67.355,-25.2,0.));
#3555 = DIRECTION('',(-0.,0.,-1.));
#3556 = DIRECTION('',(9.473903143467E-14,-1.,-0.));
#3557 = FACE_BOUND('',#3558,.F.);
#3558 = EDGE_LOOP('',(#3559));
#3559 = ORIENTED_EDGE('',*,*,#3560,.T.);
#3560 = EDGE_CURVE('',#3561,#3561,#3563,.T.);
#3561 = VERTEX_POINT('',#3562);
#3562 = CARTESIAN_POINT('',(69.235,-31.453155,0.));
#3563 = CIRCLE('',#3564,0.15);
#3564 = AXIS2_PLACEMENT_3D('',#3565,#3566,#3567);
#3565 = CARTESIAN_POINT('',(69.235,-31.303155,0.));
#3566 = DIRECTION('',(-0.,0.,-1.));
#3567 = DIRECTION('',(-0.,-1.,0.));
#3568 = FACE_BOUND('',#3569,.F.);
#3569 = EDGE_LOOP('',(#3570));
#3570 = ORIENTED_EDGE('',*,*,#3571,.T.);
#3571 = EDGE_CURVE('',#3572,#3572,#3574,.T.);
#3572 = VERTEX_POINT('',#3573);
#3573 = CARTESIAN_POINT('',(69.1,-29.85,0.));
#3574 = CIRCLE('',#3575,0.15);
#3575 = AXIS2_PLACEMENT_3D('',#3576,#3577,#3578);
#3576 = CARTESIAN_POINT('',(69.1,-29.7,0.));
#3577 = DIRECTION('',(-0.,0.,-1.));
#3578 = DIRECTION('',(-0.,-1.,0.));
#3579 = FACE_BOUND('',#3580,.F.);
#3580 = EDGE_LOOP('',(#3581));
#3581 = ORIENTED_EDGE('',*,*,#3582,.T.);
#3582 = EDGE_CURVE('',#3583,#3583,#3585,.T.);
#3583 = VERTEX_POINT('',#3584);
#3584 = CARTESIAN_POINT('',(71.035,-31.453155,0.));
#3585 = CIRCLE('',#3586,0.15);
#3586 = AXIS2_PLACEMENT_3D('',#3587,#3588,#3589);
#3587 = CARTESIAN_POINT('',(71.035,-31.303155,0.));
#3588 = DIRECTION('',(-0.,0.,-1.));
#3589 = DIRECTION('',(-0.,-1.,0.));
#3590 = FACE_BOUND('',#3591,.F.);
#3591 = EDGE_LOOP('',(#3592));
#3592 = ORIENTED_EDGE('',*,*,#3593,.T.);
#3593 = EDGE_CURVE('',#3594,#3594,#3596,.T.);
#3594 = VERTEX_POINT('',#3595);
#3595 = CARTESIAN_POINT('',(72.7,-31.55,0.));
#3596 = CIRCLE('',#3597,0.15);
#3597 = AXIS2_PLACEMENT_3D('',#3598,#3599,#3600);
#3598 = CARTESIAN_POINT('',(72.7,-31.4,0.));
#3599 = DIRECTION('',(-0.,0.,-1.));
#3600 = DIRECTION('',(9.473903143467E-14,-1.,-0.));
#3601 = FACE_BOUND('',#3602,.F.);
#3602 = EDGE_LOOP('',(#3603));
#3603 = ORIENTED_EDGE('',*,*,#3604,.T.);
#3604 = EDGE_CURVE('',#3605,#3605,#3607,.T.);
#3605 = VERTEX_POINT('',#3606);
#3606 = CARTESIAN_POINT('',(70.999411,-30.056396,0.));
#3607 = CIRCLE('',#3608,0.15);
#3608 = AXIS2_PLACEMENT_3D('',#3609,#3610,#3611);
#3609 = CARTESIAN_POINT('',(70.999411,-29.906396,0.));
#3610 = DIRECTION('',(-0.,0.,-1.));
#3611 = DIRECTION('',(-9.473903143469E-14,-1.,0.));
#3612 = FACE_BOUND('',#3613,.F.);
#3613 = EDGE_LOOP('',(#3614));
#3614 = ORIENTED_EDGE('',*,*,#3615,.T.);
#3615 = EDGE_CURVE('',#3616,#3616,#3618,.T.);
#3616 = VERTEX_POINT('',#3617);
#3617 = CARTESIAN_POINT('',(72.7,-30.15,0.));
#3618 = CIRCLE('',#3619,0.15);
#3619 = AXIS2_PLACEMENT_3D('',#3620,#3621,#3622);
#3620 = CARTESIAN_POINT('',(72.7,-30.,0.));
#3621 = DIRECTION('',(-0.,0.,-1.));
#3622 = DIRECTION('',(9.473903143467E-14,-1.,-0.));
#3623 = FACE_BOUND('',#3624,.F.);
#3624 = EDGE_LOOP('',(#3625));
#3625 = ORIENTED_EDGE('',*,*,#3626,.T.);
#3626 = EDGE_CURVE('',#3627,#3627,#3629,.T.);
#3627 = VERTEX_POINT('',#3628);
#3628 = CARTESIAN_POINT('',(69.175465,-28.481403,0.));
#3629 = CIRCLE('',#3630,0.15);
#3630 = AXIS2_PLACEMENT_3D('',#3631,#3632,#3633);
#3631 = CARTESIAN_POINT('',(69.175465,-28.331403,0.));
#3632 = DIRECTION('',(-0.,0.,-1.));
#3633 = DIRECTION('',(-0.,-1.,0.));
#3634 = FACE_BOUND('',#3635,.F.);
#3635 = EDGE_LOOP('',(#3636));
#3636 = ORIENTED_EDGE('',*,*,#3637,.T.);
#3637 = EDGE_CURVE('',#3638,#3638,#3640,.T.);
#3638 = VERTEX_POINT('',#3639);
#3639 = CARTESIAN_POINT('',(69.164425,-27.081617,0.));
#3640 = CIRCLE('',#3641,0.15);
#3641 = AXIS2_PLACEMENT_3D('',#3642,#3643,#3644);
#3642 = CARTESIAN_POINT('',(69.164425,-26.931617,0.));
#3643 = DIRECTION('',(-0.,0.,-1.));
#3644 = DIRECTION('',(-0.,-1.,0.));
#3645 = FACE_BOUND('',#3646,.F.);
#3646 = EDGE_LOOP('',(#3647));
#3647 = ORIENTED_EDGE('',*,*,#3648,.T.);
#3648 = EDGE_CURVE('',#3649,#3649,#3651,.T.);
#3649 = VERTEX_POINT('',#3650);
#3650 = CARTESIAN_POINT('',(69.2,-25.75,0.));
#3651 = CIRCLE('',#3652,0.15);
#3652 = AXIS2_PLACEMENT_3D('',#3653,#3654,#3655);
#3653 = CARTESIAN_POINT('',(69.2,-25.6,0.));
#3654 = DIRECTION('',(-0.,0.,-1.));
#3655 = DIRECTION('',(9.473903143467E-14,-1.,-0.));
#3656 = FACE_BOUND('',#3657,.F.);
#3657 = EDGE_LOOP('',(#3658));
#3658 = ORIENTED_EDGE('',*,*,#3659,.T.);
#3659 = EDGE_CURVE('',#3660,#3660,#3662,.T.);
#3660 = VERTEX_POINT('',#3661);
#3661 = CARTESIAN_POINT('',(71.039081,-28.554708,0.));
#3662 = CIRCLE('',#3663,0.15);
#3663 = AXIS2_PLACEMENT_3D('',#3664,#3665,#3666);
#3664 = CARTESIAN_POINT('',(71.039081,-28.404708,0.));
#3665 = DIRECTION('',(-0.,0.,-1.));
#3666 = DIRECTION('',(-9.473903143469E-14,-1.,0.));
#3667 = FACE_BOUND('',#3668,.F.);
#3668 = EDGE_LOOP('',(#3669));
#3669 = ORIENTED_EDGE('',*,*,#3670,.T.);
#3670 = EDGE_CURVE('',#3671,#3671,#3673,.T.);
#3671 = VERTEX_POINT('',#3672);
#3672 = CARTESIAN_POINT('',(71.,-27.15,0.));
#3673 = CIRCLE('',#3674,0.15);
#3674 = AXIS2_PLACEMENT_3D('',#3675,#3676,#3677);
#3675 = CARTESIAN_POINT('',(71.,-27.,0.));
#3676 = DIRECTION('',(-0.,0.,-1.));
#3677 = DIRECTION('',(-0.,-1.,0.));
#3678 = FACE_BOUND('',#3679,.F.);
#3679 = EDGE_LOOP('',(#3680));
#3680 = ORIENTED_EDGE('',*,*,#3681,.T.);
#3681 = EDGE_CURVE('',#3682,#3682,#3684,.T.);
#3682 = VERTEX_POINT('',#3683);
#3683 = CARTESIAN_POINT('',(72.7,-28.65,0.));
#3684 = CIRCLE('',#3685,0.15);
#3685 = AXIS2_PLACEMENT_3D('',#3686,#3687,#3688);
#3686 = CARTESIAN_POINT('',(72.7,-28.5,0.));
#3687 = DIRECTION('',(-0.,0.,-1.));
#3688 = DIRECTION('',(9.473903143467E-14,-1.,-0.));
#3689 = FACE_BOUND('',#3690,.F.);
#3690 = EDGE_LOOP('',(#3691));
#3691 = ORIENTED_EDGE('',*,*,#3692,.T.);
#3692 = EDGE_CURVE('',#3693,#3693,#3695,.T.);
#3693 = VERTEX_POINT('',#3694);
#3694 = CARTESIAN_POINT('',(72.7,-27.15,0.));
#3695 = CIRCLE('',#3696,0.15);
#3696 = AXIS2_PLACEMENT_3D('',#3697,#3698,#3699);
#3697 = CARTESIAN_POINT('',(72.7,-27.,0.));
#3698 = DIRECTION('',(-0.,0.,-1.));
#3699 = DIRECTION('',(9.473903143467E-14,-1.,-0.));
#3700 = FACE_BOUND('',#3701,.F.);
#3701 = EDGE_LOOP('',(#3702));
#3702 = ORIENTED_EDGE('',*,*,#3703,.T.);
#3703 = EDGE_CURVE('',#3704,#3704,#3706,.T.);
#3704 = VERTEX_POINT('',#3705);
#3705 = CARTESIAN_POINT('',(71.,-25.55,0.));
#3706 = CIRCLE('',#3707,0.15);
#3707 = AXIS2_PLACEMENT_3D('',#3708,#3709,#3710);
#3708 = CARTESIAN_POINT('',(71.,-25.4,0.));
#3709 = DIRECTION('',(-0.,0.,-1.));
#3710 = DIRECTION('',(-0.,-1.,0.));
#3711 = FACE_BOUND('',#3712,.F.);
#3712 = EDGE_LOOP('',(#3713));
#3713 = ORIENTED_EDGE('',*,*,#3714,.T.);
#3714 = EDGE_CURVE('',#3715,#3715,#3717,.T.);
#3715 = VERTEX_POINT('',#3716);
#3716 = CARTESIAN_POINT('',(72.7,-25.75,0.));
#3717 = CIRCLE('',#3718,0.15);
#3718 = AXIS2_PLACEMENT_3D('',#3719,#3720,#3721);
#3719 = CARTESIAN_POINT('',(72.7,-25.6,0.));
#3720 = DIRECTION('',(-0.,0.,-1.));
#3721 = DIRECTION('',(9.473903143467E-14,-1.,-0.));
#3722 = FACE_BOUND('',#3723,.F.);
#3723 = EDGE_LOOP('',(#3724));
#3724 = ORIENTED_EDGE('',*,*,#3725,.T.);
#3725 = EDGE_CURVE('',#3726,#3726,#3728,.T.);
#3726 = VERTEX_POINT('',#3727);
#3727 = CARTESIAN_POINT('',(67.345,-23.759093,0.));
#3728 = CIRCLE('',#3729,0.15);
#3729 = AXIS2_PLACEMENT_3D('',#3730,#3731,#3732);
#3730 = CARTESIAN_POINT('',(67.345,-23.609093,0.));
#3731 = DIRECTION('',(-0.,0.,-1.));
#3732 = DIRECTION('',(-0.,-1.,0.));
#3733 = FACE_BOUND('',#3734,.F.);
#3734 = EDGE_LOOP('',(#3735));
#3735 = ORIENTED_EDGE('',*,*,#3736,.T.);
#3736 = EDGE_CURVE('',#3737,#3737,#3739,.T.);
#3737 = VERTEX_POINT('',#3738);
#3738 = CARTESIAN_POINT('',(69.2,-24.15,0.));
#3739 = CIRCLE('',#3740,0.15);
#3740 = AXIS2_PLACEMENT_3D('',#3741,#3742,#3743);
#3741 = CARTESIAN_POINT('',(69.2,-24.,0.));
#3742 = DIRECTION('',(-0.,0.,-1.));
#3743 = DIRECTION('',(9.473903143467E-14,-1.,-0.));
#3744 = FACE_BOUND('',#3745,.F.);
#3745 = EDGE_LOOP('',(#3746));
#3746 = ORIENTED_EDGE('',*,*,#3747,.T.);
#3747 = EDGE_CURVE('',#3748,#3748,#3750,.T.);
#3748 = VERTEX_POINT('',#3749);
#3749 = CARTESIAN_POINT('',(71.,-24.15,0.));
#3750 = CIRCLE('',#3751,0.15);
#3751 = AXIS2_PLACEMENT_3D('',#3752,#3753,#3754);
#3752 = CARTESIAN_POINT('',(71.,-24.,0.));
#3753 = DIRECTION('',(-0.,0.,-1.));
#3754 = DIRECTION('',(-0.,-1.,0.));
#3755 = FACE_BOUND('',#3756,.F.);
#3756 = EDGE_LOOP('',(#3757));
#3757 = ORIENTED_EDGE('',*,*,#3758,.T.);
#3758 = EDGE_CURVE('',#3759,#3759,#3761,.T.);
#3759 = VERTEX_POINT('',#3760);
#3760 = CARTESIAN_POINT('',(72.8,-24.15,0.));
#3761 = CIRCLE('',#3762,0.15);
#3762 = AXIS2_PLACEMENT_3D('',#3763,#3764,#3765);
#3763 = CARTESIAN_POINT('',(72.8,-24.,0.));
#3764 = DIRECTION('',(-0.,0.,-1.));
#3765 = DIRECTION('',(-9.473903143469E-14,-1.,0.));
#3766 = FACE_BOUND('',#3767,.F.);
#3767 = EDGE_LOOP('',(#3768));
#3768 = ORIENTED_EDGE('',*,*,#3769,.T.);
#3769 = EDGE_CURVE('',#3770,#3770,#3772,.T.);
#3770 = VERTEX_POINT('',#3771);
#3771 = CARTESIAN_POINT('',(68.8,-18.9,0.));
#3772 = CIRCLE('',#3773,0.4);
#3773 = AXIS2_PLACEMENT_3D('',#3774,#3775,#3776);
#3774 = CARTESIAN_POINT('',(68.8,-18.5,0.));
#3775 = DIRECTION('',(-0.,0.,-1.));
#3776 = DIRECTION('',(-3.552713678801E-14,-1.,0.));
#3777 = FACE_BOUND('',#3778,.F.);
#3778 = EDGE_LOOP('',(#3779));
#3779 = ORIENTED_EDGE('',*,*,#3780,.T.);
#3780 = EDGE_CURVE('',#3781,#3781,#3783,.T.);
#3781 = VERTEX_POINT('',#3782);
#3782 = CARTESIAN_POINT('',(70.8,-18.9,0.));
#3783 = CIRCLE('',#3784,0.4);
#3784 = AXIS2_PLACEMENT_3D('',#3785,#3786,#3787);
#3785 = CARTESIAN_POINT('',(70.8,-18.5,0.));
#3786 = DIRECTION('',(-0.,0.,-1.));
#3787 = DIRECTION('',(-3.552713678801E-14,-1.,0.));
#3788 = FACE_BOUND('',#3789,.F.);
#3789 = EDGE_LOOP('',(#3790));
#3790 = ORIENTED_EDGE('',*,*,#3791,.T.);
#3791 = EDGE_CURVE('',#3792,#3792,#3794,.T.);
#3792 = VERTEX_POINT('',#3793);
#3793 = CARTESIAN_POINT('',(72.8,-18.9,0.));
#3794 = CIRCLE('',#3795,0.4);
#3795 = AXIS2_PLACEMENT_3D('',#3796,#3797,#3798);
#3796 = CARTESIAN_POINT('',(72.8,-18.5,0.));
#3797 = DIRECTION('',(-0.,0.,-1.));
#3798 = DIRECTION('',(-3.552713678801E-14,-1.,0.));
#3799 = FACE_BOUND('',#3800,.F.);
#3800 = EDGE_LOOP('',(#3801));
#3801 = ORIENTED_EDGE('',*,*,#3802,.T.);
#3802 = EDGE_CURVE('',#3803,#3803,#3805,.T.);
#3803 = VERTEX_POINT('',#3804);
#3804 = CARTESIAN_POINT('',(74.4,-31.55,0.));
#3805 = CIRCLE('',#3806,0.15);
#3806 = AXIS2_PLACEMENT_3D('',#3807,#3808,#3809);
#3807 = CARTESIAN_POINT('',(74.4,-31.4,0.));
#3808 = DIRECTION('',(-0.,0.,-1.));
#3809 = DIRECTION('',(-0.,-1.,0.));
#3810 = FACE_BOUND('',#3811,.F.);
#3811 = EDGE_LOOP('',(#3812));
#3812 = ORIENTED_EDGE('',*,*,#3813,.T.);
#3813 = EDGE_CURVE('',#3814,#3814,#3816,.T.);
#3814 = VERTEX_POINT('',#3815);
#3815 = CARTESIAN_POINT('',(74.317574,-30.15,0.));
#3816 = CIRCLE('',#3817,0.15);
#3817 = AXIS2_PLACEMENT_3D('',#3818,#3819,#3820);
#3818 = CARTESIAN_POINT('',(74.317574,-30.,0.));
#3819 = DIRECTION('',(-0.,0.,-1.));
#3820 = DIRECTION('',(-9.473903143469E-14,-1.,0.));
#3821 = FACE_BOUND('',#3822,.F.);
#3822 = EDGE_LOOP('',(#3823));
#3823 = ORIENTED_EDGE('',*,*,#3824,.T.);
#3824 = EDGE_CURVE('',#3825,#3825,#3827,.T.);
#3825 = VERTEX_POINT('',#3826);
#3826 = CARTESIAN_POINT('',(76.2,-31.55,0.));
#3827 = CIRCLE('',#3828,0.15);
#3828 = AXIS2_PLACEMENT_3D('',#3829,#3830,#3831);
#3829 = CARTESIAN_POINT('',(76.2,-31.4,0.));
#3830 = DIRECTION('',(-0.,0.,-1.));
#3831 = DIRECTION('',(9.473903143467E-14,-1.,-0.));
#3832 = FACE_BOUND('',#3833,.F.);
#3833 = EDGE_LOOP('',(#3834));
#3834 = ORIENTED_EDGE('',*,*,#3835,.T.);
#3835 = EDGE_CURVE('',#3836,#3836,#3838,.T.);
#3836 = VERTEX_POINT('',#3837);
#3837 = CARTESIAN_POINT('',(76.2,-30.15,0.));
#3838 = CIRCLE('',#3839,0.15);
#3839 = AXIS2_PLACEMENT_3D('',#3840,#3841,#3842);
#3840 = CARTESIAN_POINT('',(76.2,-30.,0.));
#3841 = DIRECTION('',(-0.,0.,-1.));
#3842 = DIRECTION('',(9.473903143467E-14,-1.,-0.));
#3843 = FACE_BOUND('',#3844,.F.);
#3844 = EDGE_LOOP('',(#3845));
#3845 = ORIENTED_EDGE('',*,*,#3846,.T.);
#3846 = EDGE_CURVE('',#3847,#3847,#3849,.T.);
#3847 = VERTEX_POINT('',#3848);
#3848 = CARTESIAN_POINT('',(74.3,-27.15,0.));
#3849 = CIRCLE('',#3850,0.15);
#3850 = AXIS2_PLACEMENT_3D('',#3851,#3852,#3853);
#3851 = CARTESIAN_POINT('',(74.3,-27.,0.));
#3852 = DIRECTION('',(-0.,0.,-1.));
#3853 = DIRECTION('',(-9.473903143469E-14,-1.,0.));
#3854 = FACE_BOUND('',#3855,.F.);
#3855 = EDGE_LOOP('',(#3856));
#3856 = ORIENTED_EDGE('',*,*,#3857,.T.);
#3857 = EDGE_CURVE('',#3858,#3858,#3860,.T.);
#3858 = VERTEX_POINT('',#3859);
#3859 = CARTESIAN_POINT('',(74.337574,-28.65,0.));
#3860 = CIRCLE('',#3861,0.15);
#3861 = AXIS2_PLACEMENT_3D('',#3862,#3863,#3864);
#3862 = CARTESIAN_POINT('',(74.337574,-28.5,0.));
#3863 = DIRECTION('',(-0.,0.,-1.));
#3864 = DIRECTION('',(9.473903143467E-14,-1.,-0.));
#3865 = FACE_BOUND('',#3866,.F.);
#3866 = EDGE_LOOP('',(#3867));
#3867 = ORIENTED_EDGE('',*,*,#3868,.T.);
#3868 = EDGE_CURVE('',#3869,#3869,#3871,.T.);
#3869 = VERTEX_POINT('',#3870);
#3870 = CARTESIAN_POINT('',(74.3,-25.75,0.));
#3871 = CIRCLE('',#3872,0.15);
#3872 = AXIS2_PLACEMENT_3D('',#3873,#3874,#3875);
#3873 = CARTESIAN_POINT('',(74.3,-25.6,0.));
#3874 = DIRECTION('',(-0.,0.,-1.));
#3875 = DIRECTION('',(-9.473903143469E-14,-1.,0.));
#3876 = FACE_BOUND('',#3877,.F.);
#3877 = EDGE_LOOP('',(#3878));
#3878 = ORIENTED_EDGE('',*,*,#3879,.T.);
#3879 = EDGE_CURVE('',#3880,#3880,#3882,.T.);
#3880 = VERTEX_POINT('',#3881);
#3881 = CARTESIAN_POINT('',(76.2,-28.65,0.));
#3882 = CIRCLE('',#3883,0.15);
#3883 = AXIS2_PLACEMENT_3D('',#3884,#3885,#3886);
#3884 = CARTESIAN_POINT('',(76.2,-28.5,0.));
#3885 = DIRECTION('',(-0.,0.,-1.));
#3886 = DIRECTION('',(9.473903143467E-14,-1.,-0.));
#3887 = FACE_BOUND('',#3888,.F.);
#3888 = EDGE_LOOP('',(#3889));
#3889 = ORIENTED_EDGE('',*,*,#3890,.T.);
#3890 = EDGE_CURVE('',#3891,#3891,#3893,.T.);
#3891 = VERTEX_POINT('',#3892);
#3892 = CARTESIAN_POINT('',(76.3,-27.15,0.));
#3893 = CIRCLE('',#3894,0.15);
#3894 = AXIS2_PLACEMENT_3D('',#3895,#3896,#3897);
#3895 = CARTESIAN_POINT('',(76.3,-27.,0.));
#3896 = DIRECTION('',(-0.,0.,-1.));
#3897 = DIRECTION('',(-9.473903143469E-14,-1.,0.));
#3898 = FACE_BOUND('',#3899,.F.);
#3899 = EDGE_LOOP('',(#3900));
#3900 = ORIENTED_EDGE('',*,*,#3901,.T.);
#3901 = EDGE_CURVE('',#3902,#3902,#3904,.T.);
#3902 = VERTEX_POINT('',#3903);
#3903 = CARTESIAN_POINT('',(76.2,-25.75,0.));
#3904 = CIRCLE('',#3905,0.15);
#3905 = AXIS2_PLACEMENT_3D('',#3906,#3907,#3908);
#3906 = CARTESIAN_POINT('',(76.2,-25.6,0.));
#3907 = DIRECTION('',(-0.,0.,-1.));
#3908 = DIRECTION('',(9.473903143467E-14,-1.,-0.));
#3909 = FACE_BOUND('',#3910,.F.);
#3910 = EDGE_LOOP('',(#3911));
#3911 = ORIENTED_EDGE('',*,*,#3912,.T.);
#3912 = EDGE_CURVE('',#3913,#3913,#3915,.T.);
#3913 = VERTEX_POINT('',#3914);
#3914 = CARTESIAN_POINT('',(78.,-31.55,0.));
#3915 = CIRCLE('',#3916,0.15);
#3916 = AXIS2_PLACEMENT_3D('',#3917,#3918,#3919);
#3917 = CARTESIAN_POINT('',(78.,-31.4,0.));
#3918 = DIRECTION('',(-0.,0.,-1.));
#3919 = DIRECTION('',(-0.,-1.,0.));
#3920 = FACE_BOUND('',#3921,.F.);
#3921 = EDGE_LOOP('',(#3922));
#3922 = ORIENTED_EDGE('',*,*,#3923,.T.);
#3923 = EDGE_CURVE('',#3924,#3924,#3926,.T.);
#3924 = VERTEX_POINT('',#3925);
#3925 = CARTESIAN_POINT('',(77.917574,-30.15,0.));
#3926 = CIRCLE('',#3927,0.15);
#3927 = AXIS2_PLACEMENT_3D('',#3928,#3929,#3930);
#3928 = CARTESIAN_POINT('',(77.917574,-30.,0.));
#3929 = DIRECTION('',(-0.,0.,-1.));
#3930 = DIRECTION('',(-0.,-1.,0.));
#3931 = FACE_BOUND('',#3932,.F.);
#3932 = EDGE_LOOP('',(#3933));
#3933 = ORIENTED_EDGE('',*,*,#3934,.T.);
#3934 = EDGE_CURVE('',#3935,#3935,#3937,.T.);
#3935 = VERTEX_POINT('',#3936);
#3936 = CARTESIAN_POINT('',(80.3,-32.15,0.));
#3937 = CIRCLE('',#3938,0.15);
#3938 = AXIS2_PLACEMENT_3D('',#3939,#3940,#3941);
#3939 = CARTESIAN_POINT('',(80.3,-32.,0.));
#3940 = DIRECTION('',(-0.,0.,-1.));
#3941 = DIRECTION('',(-9.473903143469E-14,-1.,0.));
#3942 = FACE_BOUND('',#3943,.F.);
#3943 = EDGE_LOOP('',(#3944));
#3944 = ORIENTED_EDGE('',*,*,#3945,.T.);
#3945 = EDGE_CURVE('',#3946,#3946,#3948,.T.);
#3946 = VERTEX_POINT('',#3947);
#3947 = CARTESIAN_POINT('',(82.5,-30.75,0.));
#3948 = CIRCLE('',#3949,0.15);
#3949 = AXIS2_PLACEMENT_3D('',#3950,#3951,#3952);
#3950 = CARTESIAN_POINT('',(82.5,-30.6,0.));
#3951 = DIRECTION('',(-0.,0.,-1.));
#3952 = DIRECTION('',(-0.,-1.,0.));
#3953 = FACE_BOUND('',#3954,.F.);
#3954 = EDGE_LOOP('',(#3955));
#3955 = ORIENTED_EDGE('',*,*,#3956,.T.);
#3956 = EDGE_CURVE('',#3957,#3957,#3959,.T.);
#3957 = VERTEX_POINT('',#3958);
#3958 = CARTESIAN_POINT('',(81.7,-29.15,0.));
#3959 = CIRCLE('',#3960,0.15);
#3960 = AXIS2_PLACEMENT_3D('',#3961,#3962,#3963);
#3961 = CARTESIAN_POINT('',(81.7,-29.,0.));
#3962 = DIRECTION('',(-0.,0.,-1.));
#3963 = DIRECTION('',(9.473903143467E-14,-1.,-0.));
#3964 = FACE_BOUND('',#3965,.F.);
#3965 = EDGE_LOOP('',(#3966));
#3966 = ORIENTED_EDGE('',*,*,#3967,.T.);
#3967 = EDGE_CURVE('',#3968,#3968,#3970,.T.);
#3968 = VERTEX_POINT('',#3969);
#3969 = CARTESIAN_POINT('',(78.,-28.65,0.));
#3970 = CIRCLE('',#3971,0.15);
#3971 = AXIS2_PLACEMENT_3D('',#3972,#3973,#3974);
#3972 = CARTESIAN_POINT('',(78.,-28.5,0.));
#3973 = DIRECTION('',(-0.,0.,-1.));
#3974 = DIRECTION('',(-0.,-1.,0.));
#3975 = FACE_BOUND('',#3976,.F.);
#3976 = EDGE_LOOP('',(#3977));
#3977 = ORIENTED_EDGE('',*,*,#3978,.T.);
#3978 = EDGE_CURVE('',#3979,#3979,#3981,.T.);
#3979 = VERTEX_POINT('',#3980);
#3980 = CARTESIAN_POINT('',(77.9,-27.15,0.));
#3981 = CIRCLE('',#3982,0.15);
#3982 = AXIS2_PLACEMENT_3D('',#3983,#3984,#3985);
#3983 = CARTESIAN_POINT('',(77.9,-27.,0.));
#3984 = DIRECTION('',(-0.,0.,-1.));
#3985 = DIRECTION('',(-0.,-1.,0.));
#3986 = FACE_BOUND('',#3987,.F.);
#3987 = EDGE_LOOP('',(#3988));
#3988 = ORIENTED_EDGE('',*,*,#3989,.T.);
#3989 = EDGE_CURVE('',#3990,#3990,#3992,.T.);
#3990 = VERTEX_POINT('',#3991);
#3991 = CARTESIAN_POINT('',(78.,-25.65,0.));
#3992 = CIRCLE('',#3993,0.15);
#3993 = AXIS2_PLACEMENT_3D('',#3994,#3995,#3996);
#3994 = CARTESIAN_POINT('',(78.,-25.5,0.));
#3995 = DIRECTION('',(-0.,0.,-1.));
#3996 = DIRECTION('',(-0.,-1.,0.));
#3997 = FACE_BOUND('',#3998,.F.);
#3998 = EDGE_LOOP('',(#3999));
#3999 = ORIENTED_EDGE('',*,*,#4000,.T.);
#4000 = EDGE_CURVE('',#4001,#4001,#4003,.T.);
#4001 = VERTEX_POINT('',#4002);
#4002 = CARTESIAN_POINT('',(80.,-26.85,0.));
#4003 = CIRCLE('',#4004,0.15);
#4004 = AXIS2_PLACEMENT_3D('',#4005,#4006,#4007);
#4005 = CARTESIAN_POINT('',(80.,-26.7,0.));
#4006 = DIRECTION('',(-0.,0.,-1.));
#4007 = DIRECTION('',(-0.,-1.,0.));
#4008 = FACE_BOUND('',#4009,.F.);
#4009 = EDGE_LOOP('',(#4010));
#4010 = ORIENTED_EDGE('',*,*,#4011,.T.);
#4011 = EDGE_CURVE('',#4012,#4012,#4014,.T.);
#4012 = VERTEX_POINT('',#4013);
#4013 = CARTESIAN_POINT('',(79.8,-25.35,0.));
#4014 = CIRCLE('',#4015,0.15);
#4015 = AXIS2_PLACEMENT_3D('',#4016,#4017,#4018);
#4016 = CARTESIAN_POINT('',(79.8,-25.2,0.));
#4017 = DIRECTION('',(-0.,0.,-1.));
#4018 = DIRECTION('',(-9.473903143469E-14,-1.,0.));
#4019 = FACE_BOUND('',#4020,.F.);
#4020 = EDGE_LOOP('',(#4021));
#4021 = ORIENTED_EDGE('',*,*,#4022,.T.);
#4022 = EDGE_CURVE('',#4023,#4023,#4025,.T.);
#4023 = VERTEX_POINT('',#4024);
#4024 = CARTESIAN_POINT('',(74.4,-24.15,0.));
#4025 = CIRCLE('',#4026,0.15);
#4026 = AXIS2_PLACEMENT_3D('',#4027,#4028,#4029);
#4027 = CARTESIAN_POINT('',(74.4,-24.,0.));
#4028 = DIRECTION('',(-0.,0.,-1.));
#4029 = DIRECTION('',(-0.,-1.,0.));
#4030 = FACE_BOUND('',#4031,.F.);
#4031 = EDGE_LOOP('',(#4032));
#4032 = ORIENTED_EDGE('',*,*,#4033,.T.);
#4033 = EDGE_CURVE('',#4034,#4034,#4036,.T.);
#4034 = VERTEX_POINT('',#4035);
#4035 = CARTESIAN_POINT('',(76.2,-24.15,0.));
#4036 = CIRCLE('',#4037,0.15);
#4037 = AXIS2_PLACEMENT_3D('',#4038,#4039,#4040);
#4038 = CARTESIAN_POINT('',(76.2,-24.,0.));
#4039 = DIRECTION('',(-0.,0.,-1.));
#4040 = DIRECTION('',(9.473903143467E-14,-1.,-0.));
#4041 = FACE_BOUND('',#4042,.F.);
#4042 = EDGE_LOOP('',(#4043));
#4043 = ORIENTED_EDGE('',*,*,#4044,.T.);
#4044 = EDGE_CURVE('',#4045,#4045,#4047,.T.);
#4045 = VERTEX_POINT('',#4046);
#4046 = CARTESIAN_POINT('',(74.8,-18.9,0.));
#4047 = CIRCLE('',#4048,0.4);
#4048 = AXIS2_PLACEMENT_3D('',#4049,#4050,#4051);
#4049 = CARTESIAN_POINT('',(74.8,-18.5,0.));
#4050 = DIRECTION('',(-0.,0.,-1.));
#4051 = DIRECTION('',(-3.552713678801E-14,-1.,0.));
#4052 = FACE_BOUND('',#4053,.F.);
#4053 = EDGE_LOOP('',(#4054));
#4054 = ORIENTED_EDGE('',*,*,#4055,.T.);
#4055 = EDGE_CURVE('',#4056,#4056,#4058,.T.);
#4056 = VERTEX_POINT('',#4057);
#4057 = CARTESIAN_POINT('',(76.8,-18.9,0.));
#4058 = CIRCLE('',#4059,0.4);
#4059 = AXIS2_PLACEMENT_3D('',#4060,#4061,#4062);
#4060 = CARTESIAN_POINT('',(76.8,-18.5,0.));
#4061 = DIRECTION('',(-0.,0.,-1.));
#4062 = DIRECTION('',(-3.552713678801E-14,-1.,0.));
#4063 = FACE_BOUND('',#4064,.F.);
#4064 = EDGE_LOOP('',(#4065));
#4065 = ORIENTED_EDGE('',*,*,#4066,.T.);
#4066 = EDGE_CURVE('',#4067,#4067,#4069,.T.);
#4067 = VERTEX_POINT('',#4068);
#4068 = CARTESIAN_POINT('',(78.,-24.15,0.));
#4069 = CIRCLE('',#4070,0.15);
#4070 = AXIS2_PLACEMENT_3D('',#4071,#4072,#4073);
#4071 = CARTESIAN_POINT('',(78.,-24.,0.));
#4072 = DIRECTION('',(-0.,0.,-1.));
#4073 = DIRECTION('',(-0.,-1.,0.));
#4074 = PLANE('',#4075);
#4075 = AXIS2_PLACEMENT_3D('',#4076,#4077,#4078);
#4076 = CARTESIAN_POINT('',(0.,0.,0.));
#4077 = DIRECTION('',(0.,0.,1.));
#4078 = DIRECTION('',(1.,0.,-0.));
#4079 = ADVANCED_FACE('',(#4080,#4091,#4102,#4113,#4124,#4135,#4146,
    #4157,#4168,#4179,#4190,#4201,#4212,#4223,#4234,#4245,#4256,#4267,
    #4278,#4289,#4300,#4311,#4322,#4333,#4344,#4355,#4366,#4377,#4388,
    #4399,#4410,#4421,#4432,#4443,#4454,#4465,#4476,#4487,#4498,#4509,
    #4520,#4531,#4542,#4553,#4564,#4575,#4586,#4597,#4608,#4619,#4630,
    #4641,#4652,#4663,#4674,#4685,#4696,#4707,#4718,#4729,#4740,#4751,
    #4762,#4773,#4784,#4795,#4806,#4817,#4828,#4839,#4850,#4861,#4872,
    #4883,#4894,#4905,#4916,#4927,#4938,#4949,#4960,#4971,#4982,#4993,
    #5004,#5015,#5026,#5037,#5048,#5059),#5070,.T.);
#4080 = FACE_BOUND('',#4081,.T.);
#4081 = EDGE_LOOP('',(#4082,#4083,#4084,#4090));
#4082 = ORIENTED_EDGE('',*,*,#2995,.F.);
#4083 = ORIENTED_EDGE('',*,*,#3035,.F.);
#4084 = ORIENTED_EDGE('',*,*,#4085,.F.);
#4085 = EDGE_CURVE('',#3058,#3028,#4086,.T.);
#4086 = LINE('',#4087,#4088);
#4087 = CARTESIAN_POINT('',(61.3,-16.6,1.51));
#4088 = VECTOR('',#4089,1.);
#4089 = DIRECTION('',(1.,0.,0.));
#4090 = ORIENTED_EDGE('',*,*,#3057,.F.);
#4091 = FACE_BOUND('',#4092,.T.);
#4092 = EDGE_LOOP('',(#4093));
#4093 = ORIENTED_EDGE('',*,*,#4094,.T.);
#4094 = EDGE_CURVE('',#4095,#4095,#4097,.T.);
#4095 = VERTEX_POINT('',#4096);
#4096 = CARTESIAN_POINT('',(63.8,-44.85,1.51));
#4097 = CIRCLE('',#4098,0.15);
#4098 = AXIS2_PLACEMENT_3D('',#4099,#4100,#4101);
#4099 = CARTESIAN_POINT('',(63.8,-44.7,1.51));
#4100 = DIRECTION('',(-0.,0.,-1.));
#4101 = DIRECTION('',(-0.,-1.,0.));
#4102 = FACE_BOUND('',#4103,.T.);
#4103 = EDGE_LOOP('',(#4104));
#4104 = ORIENTED_EDGE('',*,*,#4105,.T.);
#4105 = EDGE_CURVE('',#4106,#4106,#4108,.T.);
#4106 = VERTEX_POINT('',#4107);
#4107 = CARTESIAN_POINT('',(65.8,-46.25,1.51));
#4108 = CIRCLE('',#4109,0.15);
#4109 = AXIS2_PLACEMENT_3D('',#4110,#4111,#4112);
#4110 = CARTESIAN_POINT('',(65.8,-46.1,1.51));
#4111 = DIRECTION('',(-0.,0.,-1.));
#4112 = DIRECTION('',(-9.473903143468E-14,-1.,0.));
#4113 = FACE_BOUND('',#4114,.T.);
#4114 = EDGE_LOOP('',(#4115));
#4115 = ORIENTED_EDGE('',*,*,#4116,.T.);
#4116 = EDGE_CURVE('',#4117,#4117,#4119,.T.);
#4117 = VERTEX_POINT('',#4118);
#4118 = CARTESIAN_POINT('',(68.29,-45.55,1.51));
#4119 = CIRCLE('',#4120,0.15);
#4120 = AXIS2_PLACEMENT_3D('',#4121,#4122,#4123);
#4121 = CARTESIAN_POINT('',(68.29,-45.4,1.51));
#4122 = DIRECTION('',(-0.,0.,-1.));
#4123 = DIRECTION('',(9.473903143467E-14,-1.,-0.));
#4124 = FACE_BOUND('',#4125,.T.);
#4125 = EDGE_LOOP('',(#4126));
#4126 = ORIENTED_EDGE('',*,*,#4127,.T.);
#4127 = EDGE_CURVE('',#4128,#4128,#4130,.T.);
#4128 = VERTEX_POINT('',#4129);
#4129 = CARTESIAN_POINT('',(66.4,-42.55,1.51));
#4130 = CIRCLE('',#4131,0.15);
#4131 = AXIS2_PLACEMENT_3D('',#4132,#4133,#4134);
#4132 = CARTESIAN_POINT('',(66.4,-42.4,1.51));
#4133 = DIRECTION('',(-0.,0.,-1.));
#4134 = DIRECTION('',(-0.,-1.,0.));
#4135 = FACE_BOUND('',#4136,.T.);
#4136 = EDGE_LOOP('',(#4137));
#4137 = ORIENTED_EDGE('',*,*,#4138,.T.);
#4138 = EDGE_CURVE('',#4139,#4139,#4141,.T.);
#4139 = VERTEX_POINT('',#4140);
#4140 = CARTESIAN_POINT('',(69.59,-45.55,1.51));
#4141 = CIRCLE('',#4142,0.15);
#4142 = AXIS2_PLACEMENT_3D('',#4143,#4144,#4145);
#4143 = CARTESIAN_POINT('',(69.59,-45.4,1.51));
#4144 = DIRECTION('',(-0.,0.,-1.));
#4145 = DIRECTION('',(-0.,-1.,0.));
#4146 = FACE_BOUND('',#4147,.T.);
#4147 = EDGE_LOOP('',(#4148));
#4148 = ORIENTED_EDGE('',*,*,#4149,.T.);
#4149 = EDGE_CURVE('',#4150,#4150,#4152,.T.);
#4150 = VERTEX_POINT('',#4151);
#4151 = CARTESIAN_POINT('',(70.89,-45.45,1.51));
#4152 = CIRCLE('',#4153,0.15);
#4153 = AXIS2_PLACEMENT_3D('',#4154,#4155,#4156);
#4154 = CARTESIAN_POINT('',(70.89,-45.3,1.51));
#4155 = DIRECTION('',(-0.,0.,-1.));
#4156 = DIRECTION('',(-0.,-1.,0.));
#4157 = FACE_BOUND('',#4158,.T.);
#4158 = EDGE_LOOP('',(#4159));
#4159 = ORIENTED_EDGE('',*,*,#4160,.T.);
#4160 = EDGE_CURVE('',#4161,#4161,#4163,.T.);
#4161 = VERTEX_POINT('',#4162);
#4162 = CARTESIAN_POINT('',(72.09,-45.45,1.51));
#4163 = CIRCLE('',#4164,0.15);
#4164 = AXIS2_PLACEMENT_3D('',#4165,#4166,#4167);
#4165 = CARTESIAN_POINT('',(72.09,-45.3,1.51));
#4166 = DIRECTION('',(-0.,0.,-1.));
#4167 = DIRECTION('',(-0.,-1.,0.));
#4168 = FACE_BOUND('',#4169,.T.);
#4169 = EDGE_LOOP('',(#4170));
#4170 = ORIENTED_EDGE('',*,*,#4171,.T.);
#4171 = EDGE_CURVE('',#4172,#4172,#4174,.T.);
#4172 = VERTEX_POINT('',#4173);
#4173 = CARTESIAN_POINT('',(69.147959,-41.002041,1.51));
#4174 = CIRCLE('',#4175,0.15);
#4175 = AXIS2_PLACEMENT_3D('',#4176,#4177,#4178);
#4176 = CARTESIAN_POINT('',(69.147959,-40.852041,1.51));
#4177 = DIRECTION('',(-0.,0.,-1.));
#4178 = DIRECTION('',(-0.,-1.,0.));
#4179 = FACE_BOUND('',#4180,.T.);
#4180 = EDGE_LOOP('',(#4181));
#4181 = ORIENTED_EDGE('',*,*,#4182,.T.);
#4182 = EDGE_CURVE('',#4183,#4183,#4185,.T.);
#4183 = VERTEX_POINT('',#4184);
#4184 = CARTESIAN_POINT('',(72.5,-39.45,1.51));
#4185 = CIRCLE('',#4186,0.15);
#4186 = AXIS2_PLACEMENT_3D('',#4187,#4188,#4189);
#4187 = CARTESIAN_POINT('',(72.5,-39.3,1.51));
#4188 = DIRECTION('',(-0.,0.,-1.));
#4189 = DIRECTION('',(-0.,-1.,0.));
#4190 = FACE_BOUND('',#4191,.T.);
#4191 = EDGE_LOOP('',(#4192));
#4192 = ORIENTED_EDGE('',*,*,#4193,.T.);
#4193 = EDGE_CURVE('',#4194,#4194,#4196,.T.);
#4194 = VERTEX_POINT('',#4195);
#4195 = CARTESIAN_POINT('',(67.3,-37.15,1.51));
#4196 = CIRCLE('',#4197,0.15);
#4197 = AXIS2_PLACEMENT_3D('',#4198,#4199,#4200);
#4198 = CARTESIAN_POINT('',(67.3,-37.,1.51));
#4199 = DIRECTION('',(-0.,0.,-1.));
#4200 = DIRECTION('',(-9.473903143469E-14,-1.,0.));
#4201 = FACE_BOUND('',#4202,.T.);
#4202 = EDGE_LOOP('',(#4203));
#4203 = ORIENTED_EDGE('',*,*,#4204,.T.);
#4204 = EDGE_CURVE('',#4205,#4205,#4207,.T.);
#4205 = VERTEX_POINT('',#4206);
#4206 = CARTESIAN_POINT('',(67.345,-34.559093,1.51));
#4207 = CIRCLE('',#4208,0.15);
#4208 = AXIS2_PLACEMENT_3D('',#4209,#4210,#4211);
#4209 = CARTESIAN_POINT('',(67.345,-34.409093,1.51));
#4210 = DIRECTION('',(-0.,0.,-1.));
#4211 = DIRECTION('',(-0.,-1.,0.));
#4212 = FACE_BOUND('',#4213,.T.);
#4213 = EDGE_LOOP('',(#4214));
#4214 = ORIENTED_EDGE('',*,*,#4215,.T.);
#4215 = EDGE_CURVE('',#4216,#4216,#4218,.T.);
#4216 = VERTEX_POINT('',#4217);
#4217 = CARTESIAN_POINT('',(67.37,-32.924482,1.51));
#4218 = CIRCLE('',#4219,0.15);
#4219 = AXIS2_PLACEMENT_3D('',#4220,#4221,#4222);
#4220 = CARTESIAN_POINT('',(67.37,-32.774482,1.51));
#4221 = DIRECTION('',(-0.,0.,-1.));
#4222 = DIRECTION('',(-0.,-1.,0.));
#4223 = FACE_BOUND('',#4224,.T.);
#4224 = EDGE_LOOP('',(#4225));
#4225 = ORIENTED_EDGE('',*,*,#4226,.T.);
#4226 = EDGE_CURVE('',#4227,#4227,#4229,.T.);
#4227 = VERTEX_POINT('',#4228);
#4228 = CARTESIAN_POINT('',(69.246468,-34.69813,1.51));
#4229 = CIRCLE('',#4230,0.15);
#4230 = AXIS2_PLACEMENT_3D('',#4231,#4232,#4233);
#4231 = CARTESIAN_POINT('',(69.246468,-34.54813,1.51));
#4232 = DIRECTION('',(-0.,0.,-1.));
#4233 = DIRECTION('',(-0.,-1.,0.));
#4234 = FACE_BOUND('',#4235,.T.);
#4235 = EDGE_LOOP('',(#4236));
#4236 = ORIENTED_EDGE('',*,*,#4237,.T.);
#4237 = EDGE_CURVE('',#4238,#4238,#4240,.T.);
#4238 = VERTEX_POINT('',#4239);
#4239 = CARTESIAN_POINT('',(69.27,-32.94999,1.51));
#4240 = CIRCLE('',#4241,0.15);
#4241 = AXIS2_PLACEMENT_3D('',#4242,#4243,#4244);
#4242 = CARTESIAN_POINT('',(69.27,-32.79999,1.51));
#4243 = DIRECTION('',(-0.,0.,-1.));
#4244 = DIRECTION('',(-9.473903143468E-14,-1.,0.));
#4245 = FACE_BOUND('',#4246,.T.);
#4246 = EDGE_LOOP('',(#4247));
#4247 = ORIENTED_EDGE('',*,*,#4248,.T.);
#4248 = EDGE_CURVE('',#4249,#4249,#4251,.T.);
#4249 = VERTEX_POINT('',#4250);
#4250 = CARTESIAN_POINT('',(71.045,-34.454419,1.51));
#4251 = CIRCLE('',#4252,0.15);
#4252 = AXIS2_PLACEMENT_3D('',#4253,#4254,#4255);
#4253 = CARTESIAN_POINT('',(71.045,-34.304419,1.51));
#4254 = DIRECTION('',(-0.,0.,-1.));
#4255 = DIRECTION('',(9.473903143467E-14,-1.,-0.));
#4256 = FACE_BOUND('',#4257,.T.);
#4257 = EDGE_LOOP('',(#4258));
#4258 = ORIENTED_EDGE('',*,*,#4259,.T.);
#4259 = EDGE_CURVE('',#4260,#4260,#4262,.T.);
#4260 = VERTEX_POINT('',#4261);
#4261 = CARTESIAN_POINT('',(72.6,-34.45,1.51));
#4262 = CIRCLE('',#4263,0.15);
#4263 = AXIS2_PLACEMENT_3D('',#4264,#4265,#4266);
#4264 = CARTESIAN_POINT('',(72.6,-34.3,1.51));
#4265 = DIRECTION('',(-0.,0.,-1.));
#4266 = DIRECTION('',(-0.,-1.,0.));
#4267 = FACE_BOUND('',#4268,.T.);
#4268 = EDGE_LOOP('',(#4269));
#4269 = ORIENTED_EDGE('',*,*,#4270,.T.);
#4270 = EDGE_CURVE('',#4271,#4271,#4273,.T.);
#4271 = VERTEX_POINT('',#4272);
#4272 = CARTESIAN_POINT('',(71.08,-32.949995,1.51));
#4273 = CIRCLE('',#4274,0.15);
#4274 = AXIS2_PLACEMENT_3D('',#4275,#4276,#4277);
#4275 = CARTESIAN_POINT('',(71.08,-32.799995,1.51));
#4276 = DIRECTION('',(-0.,0.,-1.));
#4277 = DIRECTION('',(-9.473903143468E-14,-1.,0.));
#4278 = FACE_BOUND('',#4279,.T.);
#4279 = EDGE_LOOP('',(#4280));
#4280 = ORIENTED_EDGE('',*,*,#4281,.T.);
#4281 = EDGE_CURVE('',#4282,#4282,#4284,.T.);
#4282 = VERTEX_POINT('',#4283);
#4283 = CARTESIAN_POINT('',(72.7,-32.85,1.51));
#4284 = CIRCLE('',#4285,0.15);
#4285 = AXIS2_PLACEMENT_3D('',#4286,#4287,#4288);
#4286 = CARTESIAN_POINT('',(72.7,-32.7,1.51));
#4287 = DIRECTION('',(-0.,0.,-1.));
#4288 = DIRECTION('',(9.473903143467E-14,-1.,-0.));
#4289 = FACE_BOUND('',#4290,.T.);
#4290 = EDGE_LOOP('',(#4291));
#4291 = ORIENTED_EDGE('',*,*,#4292,.T.);
#4292 = EDGE_CURVE('',#4293,#4293,#4295,.T.);
#4293 = VERTEX_POINT('',#4294);
#4294 = CARTESIAN_POINT('',(73.39,-45.45,1.51));
#4295 = CIRCLE('',#4296,0.15);
#4296 = AXIS2_PLACEMENT_3D('',#4297,#4298,#4299);
#4297 = CARTESIAN_POINT('',(73.39,-45.3,1.51));
#4298 = DIRECTION('',(-0.,0.,-1.));
#4299 = DIRECTION('',(-0.,-1.,0.));
#4300 = FACE_BOUND('',#4301,.T.);
#4301 = EDGE_LOOP('',(#4302));
#4302 = ORIENTED_EDGE('',*,*,#4303,.T.);
#4303 = EDGE_CURVE('',#4304,#4304,#4306,.T.);
#4304 = VERTEX_POINT('',#4305);
#4305 = CARTESIAN_POINT('',(74.69,-45.35,1.51));
#4306 = CIRCLE('',#4307,0.15);
#4307 = AXIS2_PLACEMENT_3D('',#4308,#4309,#4310);
#4308 = CARTESIAN_POINT('',(74.69,-45.2,1.51));
#4309 = DIRECTION('',(-0.,0.,-1.));
#4310 = DIRECTION('',(-0.,-1.,0.));
#4311 = FACE_BOUND('',#4312,.T.);
#4312 = EDGE_LOOP('',(#4313));
#4313 = ORIENTED_EDGE('',*,*,#4314,.T.);
#4314 = EDGE_CURVE('',#4315,#4315,#4317,.T.);
#4315 = VERTEX_POINT('',#4316);
#4316 = CARTESIAN_POINT('',(77.2,-44.95,1.51));
#4317 = CIRCLE('',#4318,0.15);
#4318 = AXIS2_PLACEMENT_3D('',#4319,#4320,#4321);
#4319 = CARTESIAN_POINT('',(77.2,-44.8,1.51));
#4320 = DIRECTION('',(-0.,0.,-1.));
#4321 = DIRECTION('',(9.473903143467E-14,-1.,-0.));
#4322 = FACE_BOUND('',#4323,.T.);
#4323 = EDGE_LOOP('',(#4324));
#4324 = ORIENTED_EDGE('',*,*,#4325,.T.);
#4325 = EDGE_CURVE('',#4326,#4326,#4328,.T.);
#4326 = VERTEX_POINT('',#4327);
#4327 = CARTESIAN_POINT('',(76.,-40.75,1.51));
#4328 = CIRCLE('',#4329,0.15);
#4329 = AXIS2_PLACEMENT_3D('',#4330,#4331,#4332);
#4330 = CARTESIAN_POINT('',(76.,-40.6,1.51));
#4331 = DIRECTION('',(-0.,0.,-1.));
#4332 = DIRECTION('',(-0.,-1.,0.));
#4333 = FACE_BOUND('',#4334,.T.);
#4334 = EDGE_LOOP('',(#4335));
#4335 = ORIENTED_EDGE('',*,*,#4336,.T.);
#4336 = EDGE_CURVE('',#4337,#4337,#4339,.T.);
#4337 = VERTEX_POINT('',#4338);
#4338 = CARTESIAN_POINT('',(77.2,-40.95,1.51));
#4339 = CIRCLE('',#4340,0.15);
#4340 = AXIS2_PLACEMENT_3D('',#4341,#4342,#4343);
#4341 = CARTESIAN_POINT('',(77.2,-40.8,1.51));
#4342 = DIRECTION('',(-0.,0.,-1.));
#4343 = DIRECTION('',(9.473903143467E-14,-1.,-0.));
#4344 = FACE_BOUND('',#4345,.T.);
#4345 = EDGE_LOOP('',(#4346));
#4346 = ORIENTED_EDGE('',*,*,#4347,.T.);
#4347 = EDGE_CURVE('',#4348,#4348,#4350,.T.);
#4348 = VERTEX_POINT('',#4349);
#4349 = CARTESIAN_POINT('',(78.2,-45.35,1.51));
#4350 = CIRCLE('',#4351,0.15);
#4351 = AXIS2_PLACEMENT_3D('',#4352,#4353,#4354);
#4352 = CARTESIAN_POINT('',(78.2,-45.2,1.51));
#4353 = DIRECTION('',(-0.,0.,-1.));
#4354 = DIRECTION('',(9.473903143467E-14,-1.,-0.));
#4355 = FACE_BOUND('',#4356,.T.);
#4356 = EDGE_LOOP('',(#4357));
#4357 = ORIENTED_EDGE('',*,*,#4358,.T.);
#4358 = EDGE_CURVE('',#4359,#4359,#4361,.T.);
#4359 = VERTEX_POINT('',#4360);
#4360 = CARTESIAN_POINT('',(81.3,-44.75,1.51));
#4361 = CIRCLE('',#4362,0.15);
#4362 = AXIS2_PLACEMENT_3D('',#4363,#4364,#4365);
#4363 = CARTESIAN_POINT('',(81.3,-44.6,1.51));
#4364 = DIRECTION('',(-0.,0.,-1.));
#4365 = DIRECTION('',(-9.473903143468E-14,-1.,0.));
#4366 = FACE_BOUND('',#4367,.T.);
#4367 = EDGE_LOOP('',(#4368));
#4368 = ORIENTED_EDGE('',*,*,#4369,.T.);
#4369 = EDGE_CURVE('',#4370,#4370,#4372,.T.);
#4370 = VERTEX_POINT('',#4371);
#4371 = CARTESIAN_POINT('',(73.9,-39.35,1.51));
#4372 = CIRCLE('',#4373,0.15);
#4373 = AXIS2_PLACEMENT_3D('',#4374,#4375,#4376);
#4374 = CARTESIAN_POINT('',(73.9,-39.2,1.51));
#4375 = DIRECTION('',(-0.,0.,-1.));
#4376 = DIRECTION('',(-0.,-1.,0.));
#4377 = FACE_BOUND('',#4378,.T.);
#4378 = EDGE_LOOP('',(#4379));
#4379 = ORIENTED_EDGE('',*,*,#4380,.T.);
#4380 = EDGE_CURVE('',#4381,#4381,#4383,.T.);
#4381 = VERTEX_POINT('',#4382);
#4382 = CARTESIAN_POINT('',(74.36,-34.65539,1.51));
#4383 = CIRCLE('',#4384,0.15);
#4384 = AXIS2_PLACEMENT_3D('',#4385,#4386,#4387);
#4385 = CARTESIAN_POINT('',(74.36,-34.50539,1.51));
#4386 = DIRECTION('',(-0.,0.,-1.));
#4387 = DIRECTION('',(-0.,-1.,0.));
#4388 = FACE_BOUND('',#4389,.T.);
#4389 = EDGE_LOOP('',(#4390));
#4390 = ORIENTED_EDGE('',*,*,#4391,.T.);
#4391 = EDGE_CURVE('',#4392,#4392,#4394,.T.);
#4392 = VERTEX_POINT('',#4393);
#4393 = CARTESIAN_POINT('',(74.405,-32.95,1.51));
#4394 = CIRCLE('',#4395,0.15);
#4395 = AXIS2_PLACEMENT_3D('',#4396,#4397,#4398);
#4396 = CARTESIAN_POINT('',(74.405,-32.8,1.51));
#4397 = DIRECTION('',(-0.,0.,-1.));
#4398 = DIRECTION('',(-0.,-1.,0.));
#4399 = FACE_BOUND('',#4400,.T.);
#4400 = EDGE_LOOP('',(#4401));
#4401 = ORIENTED_EDGE('',*,*,#4402,.T.);
#4402 = EDGE_CURVE('',#4403,#4403,#4405,.T.);
#4403 = VERTEX_POINT('',#4404);
#4404 = CARTESIAN_POINT('',(76.5,-34.45,1.51));
#4405 = CIRCLE('',#4406,0.15);
#4406 = AXIS2_PLACEMENT_3D('',#4407,#4408,#4409);
#4407 = CARTESIAN_POINT('',(76.5,-34.3,1.51));
#4408 = DIRECTION('',(-0.,0.,-1.));
#4409 = DIRECTION('',(-0.,-1.,0.));
#4410 = FACE_BOUND('',#4411,.T.);
#4411 = EDGE_LOOP('',(#4412));
#4412 = ORIENTED_EDGE('',*,*,#4413,.T.);
#4413 = EDGE_CURVE('',#4414,#4414,#4416,.T.);
#4414 = VERTEX_POINT('',#4415);
#4415 = CARTESIAN_POINT('',(76.3,-32.95,1.51));
#4416 = CIRCLE('',#4417,0.15);
#4417 = AXIS2_PLACEMENT_3D('',#4418,#4419,#4420);
#4418 = CARTESIAN_POINT('',(76.3,-32.8,1.51));
#4419 = DIRECTION('',(-0.,0.,-1.));
#4420 = DIRECTION('',(-9.473903143469E-14,-1.,0.));
#4421 = FACE_BOUND('',#4422,.T.);
#4422 = EDGE_LOOP('',(#4423));
#4423 = ORIENTED_EDGE('',*,*,#4424,.T.);
#4424 = EDGE_CURVE('',#4425,#4425,#4427,.T.);
#4425 = VERTEX_POINT('',#4426);
#4426 = CARTESIAN_POINT('',(77.9,-39.25,1.51));
#4427 = CIRCLE('',#4428,0.15);
#4428 = AXIS2_PLACEMENT_3D('',#4429,#4430,#4431);
#4429 = CARTESIAN_POINT('',(77.9,-39.1,1.51));
#4430 = DIRECTION('',(-0.,0.,-1.));
#4431 = DIRECTION('',(-0.,-1.,0.));
#4432 = FACE_BOUND('',#4433,.T.);
#4433 = EDGE_LOOP('',(#4434));
#4434 = ORIENTED_EDGE('',*,*,#4435,.T.);
#4435 = EDGE_CURVE('',#4436,#4436,#4438,.T.);
#4436 = VERTEX_POINT('',#4437);
#4437 = CARTESIAN_POINT('',(79.7,-39.25,1.51));
#4438 = CIRCLE('',#4439,0.15);
#4439 = AXIS2_PLACEMENT_3D('',#4440,#4441,#4442);
#4440 = CARTESIAN_POINT('',(79.7,-39.1,1.51));
#4441 = DIRECTION('',(-0.,0.,-1.));
#4442 = DIRECTION('',(9.473903143467E-14,-1.,-0.));
#4443 = FACE_BOUND('',#4444,.T.);
#4444 = EDGE_LOOP('',(#4445));
#4445 = ORIENTED_EDGE('',*,*,#4446,.T.);
#4446 = EDGE_CURVE('',#4447,#4447,#4449,.T.);
#4447 = VERTEX_POINT('',#4448);
#4448 = CARTESIAN_POINT('',(79.2,-36.15,1.51));
#4449 = CIRCLE('',#4450,0.15);
#4450 = AXIS2_PLACEMENT_3D('',#4451,#4452,#4453);
#4451 = CARTESIAN_POINT('',(79.2,-36.,1.51));
#4452 = DIRECTION('',(-0.,0.,-1.));
#4453 = DIRECTION('',(9.473903143467E-14,-1.,-0.));
#4454 = FACE_BOUND('',#4455,.T.);
#4455 = EDGE_LOOP('',(#4456));
#4456 = ORIENTED_EDGE('',*,*,#4457,.T.);
#4457 = EDGE_CURVE('',#4458,#4458,#4460,.T.);
#4458 = VERTEX_POINT('',#4459);
#4459 = CARTESIAN_POINT('',(78.005,-34.65,1.51));
#4460 = CIRCLE('',#4461,0.15);
#4461 = AXIS2_PLACEMENT_3D('',#4462,#4463,#4464);
#4462 = CARTESIAN_POINT('',(78.005,-34.5,1.51));
#4463 = DIRECTION('',(-0.,0.,-1.));
#4464 = DIRECTION('',(-0.,-1.,0.));
#4465 = FACE_BOUND('',#4466,.T.);
#4466 = EDGE_LOOP('',(#4467));
#4467 = ORIENTED_EDGE('',*,*,#4468,.T.);
#4468 = EDGE_CURVE('',#4469,#4469,#4471,.T.);
#4469 = VERTEX_POINT('',#4470);
#4470 = CARTESIAN_POINT('',(78.03,-32.95,1.51));
#4471 = CIRCLE('',#4472,0.15);
#4472 = AXIS2_PLACEMENT_3D('',#4473,#4474,#4475);
#4473 = CARTESIAN_POINT('',(78.03,-32.8,1.51));
#4474 = DIRECTION('',(-0.,0.,-1.));
#4475 = DIRECTION('',(-0.,-1.,0.));
#4476 = FACE_BOUND('',#4477,.T.);
#4477 = EDGE_LOOP('',(#4478));
#4478 = ORIENTED_EDGE('',*,*,#4479,.T.);
#4479 = EDGE_CURVE('',#4480,#4480,#4482,.T.);
#4480 = VERTEX_POINT('',#4481);
#4481 = CARTESIAN_POINT('',(79.8,-34.05,1.51));
#4482 = CIRCLE('',#4483,0.15);
#4483 = AXIS2_PLACEMENT_3D('',#4484,#4485,#4486);
#4484 = CARTESIAN_POINT('',(79.8,-33.9,1.51));
#4485 = DIRECTION('',(-0.,0.,-1.));
#4486 = DIRECTION('',(-9.473903143468E-14,-1.,0.));
#4487 = FACE_BOUND('',#4488,.T.);
#4488 = EDGE_LOOP('',(#4489));
#4489 = ORIENTED_EDGE('',*,*,#4490,.T.);
#4490 = EDGE_CURVE('',#4491,#4491,#4493,.T.);
#4491 = VERTEX_POINT('',#4492);
#4492 = CARTESIAN_POINT('',(80.4,-33.35,1.51));
#4493 = CIRCLE('',#4494,0.15);
#4494 = AXIS2_PLACEMENT_3D('',#4495,#4496,#4497);
#4495 = CARTESIAN_POINT('',(80.4,-33.2,1.51));
#4496 = DIRECTION('',(-0.,0.,-1.));
#4497 = DIRECTION('',(-0.,-1.,0.));
#4498 = FACE_BOUND('',#4499,.T.);
#4499 = EDGE_LOOP('',(#4500));
#4500 = ORIENTED_EDGE('',*,*,#4501,.T.);
#4501 = EDGE_CURVE('',#4502,#4502,#4504,.T.);
#4502 = VERTEX_POINT('',#4503);
#4503 = CARTESIAN_POINT('',(67.335,-31.361478,1.51));
#4504 = CIRCLE('',#4505,0.15);
#4505 = AXIS2_PLACEMENT_3D('',#4506,#4507,#4508);
#4506 = CARTESIAN_POINT('',(67.335,-31.211478,1.51));
#4507 = DIRECTION('',(-0.,0.,-1.));
#4508 = DIRECTION('',(-9.473903143469E-14,-1.,0.));
#4509 = FACE_BOUND('',#4510,.T.);
#4510 = EDGE_LOOP('',(#4511));
#4511 = ORIENTED_EDGE('',*,*,#4512,.T.);
#4512 = EDGE_CURVE('',#4513,#4513,#4515,.T.);
#4513 = VERTEX_POINT('',#4514);
#4514 = CARTESIAN_POINT('',(67.295734,-30.035349,1.51));
#4515 = CIRCLE('',#4516,0.15);
#4516 = AXIS2_PLACEMENT_3D('',#4517,#4518,#4519);
#4517 = CARTESIAN_POINT('',(67.295734,-29.885349,1.51));
#4518 = DIRECTION('',(-0.,0.,-1.));
#4519 = DIRECTION('',(-9.473903143469E-14,-1.,0.));
#4520 = FACE_BOUND('',#4521,.T.);
#4521 = EDGE_LOOP('',(#4522));
#4522 = ORIENTED_EDGE('',*,*,#4523,.T.);
#4523 = EDGE_CURVE('',#4524,#4524,#4526,.T.);
#4524 = VERTEX_POINT('',#4525);
#4525 = CARTESIAN_POINT('',(67.310018,-28.464055,1.51));
#4526 = CIRCLE('',#4527,0.15);
#4527 = AXIS2_PLACEMENT_3D('',#4528,#4529,#4530);
#4528 = CARTESIAN_POINT('',(67.310018,-28.314055,1.51));
#4529 = DIRECTION('',(-0.,0.,-1.));
#4530 = DIRECTION('',(-0.,-1.,0.));
#4531 = FACE_BOUND('',#4532,.T.);
#4532 = EDGE_LOOP('',(#4533));
#4533 = ORIENTED_EDGE('',*,*,#4534,.T.);
#4534 = EDGE_CURVE('',#4535,#4535,#4537,.T.);
#4535 = VERTEX_POINT('',#4536);
#4536 = CARTESIAN_POINT('',(67.305,-26.95,1.51));
#4537 = CIRCLE('',#4538,0.15);
#4538 = AXIS2_PLACEMENT_3D('',#4539,#4540,#4541);
#4539 = CARTESIAN_POINT('',(67.305,-26.8,1.51));
#4540 = DIRECTION('',(-0.,0.,-1.));
#4541 = DIRECTION('',(-0.,-1.,0.));
#4542 = FACE_BOUND('',#4543,.T.);
#4543 = EDGE_LOOP('',(#4544));
#4544 = ORIENTED_EDGE('',*,*,#4545,.T.);
#4545 = EDGE_CURVE('',#4546,#4546,#4548,.T.);
#4546 = VERTEX_POINT('',#4547);
#4547 = CARTESIAN_POINT('',(67.355,-25.35,1.51));
#4548 = CIRCLE('',#4549,0.15);
#4549 = AXIS2_PLACEMENT_3D('',#4550,#4551,#4552);
#4550 = CARTESIAN_POINT('',(67.355,-25.2,1.51));
#4551 = DIRECTION('',(-0.,0.,-1.));
#4552 = DIRECTION('',(9.473903143467E-14,-1.,-0.));
#4553 = FACE_BOUND('',#4554,.T.);
#4554 = EDGE_LOOP('',(#4555));
#4555 = ORIENTED_EDGE('',*,*,#4556,.T.);
#4556 = EDGE_CURVE('',#4557,#4557,#4559,.T.);
#4557 = VERTEX_POINT('',#4558);
#4558 = CARTESIAN_POINT('',(69.235,-31.453155,1.51));
#4559 = CIRCLE('',#4560,0.15);
#4560 = AXIS2_PLACEMENT_3D('',#4561,#4562,#4563);
#4561 = CARTESIAN_POINT('',(69.235,-31.303155,1.51));
#4562 = DIRECTION('',(-0.,0.,-1.));
#4563 = DIRECTION('',(-0.,-1.,0.));
#4564 = FACE_BOUND('',#4565,.T.);
#4565 = EDGE_LOOP('',(#4566));
#4566 = ORIENTED_EDGE('',*,*,#4567,.T.);
#4567 = EDGE_CURVE('',#4568,#4568,#4570,.T.);
#4568 = VERTEX_POINT('',#4569);
#4569 = CARTESIAN_POINT('',(69.1,-29.85,1.51));
#4570 = CIRCLE('',#4571,0.15);
#4571 = AXIS2_PLACEMENT_3D('',#4572,#4573,#4574);
#4572 = CARTESIAN_POINT('',(69.1,-29.7,1.51));
#4573 = DIRECTION('',(-0.,0.,-1.));
#4574 = DIRECTION('',(-0.,-1.,0.));
#4575 = FACE_BOUND('',#4576,.T.);
#4576 = EDGE_LOOP('',(#4577));
#4577 = ORIENTED_EDGE('',*,*,#4578,.T.);
#4578 = EDGE_CURVE('',#4579,#4579,#4581,.T.);
#4579 = VERTEX_POINT('',#4580);
#4580 = CARTESIAN_POINT('',(71.035,-31.453155,1.51));
#4581 = CIRCLE('',#4582,0.15);
#4582 = AXIS2_PLACEMENT_3D('',#4583,#4584,#4585);
#4583 = CARTESIAN_POINT('',(71.035,-31.303155,1.51));
#4584 = DIRECTION('',(-0.,0.,-1.));
#4585 = DIRECTION('',(-0.,-1.,0.));
#4586 = FACE_BOUND('',#4587,.T.);
#4587 = EDGE_LOOP('',(#4588));
#4588 = ORIENTED_EDGE('',*,*,#4589,.T.);
#4589 = EDGE_CURVE('',#4590,#4590,#4592,.T.);
#4590 = VERTEX_POINT('',#4591);
#4591 = CARTESIAN_POINT('',(72.7,-31.55,1.51));
#4592 = CIRCLE('',#4593,0.15);
#4593 = AXIS2_PLACEMENT_3D('',#4594,#4595,#4596);
#4594 = CARTESIAN_POINT('',(72.7,-31.4,1.51));
#4595 = DIRECTION('',(-0.,0.,-1.));
#4596 = DIRECTION('',(9.473903143467E-14,-1.,-0.));
#4597 = FACE_BOUND('',#4598,.T.);
#4598 = EDGE_LOOP('',(#4599));
#4599 = ORIENTED_EDGE('',*,*,#4600,.T.);
#4600 = EDGE_CURVE('',#4601,#4601,#4603,.T.);
#4601 = VERTEX_POINT('',#4602);
#4602 = CARTESIAN_POINT('',(70.999411,-30.056396,1.51));
#4603 = CIRCLE('',#4604,0.15);
#4604 = AXIS2_PLACEMENT_3D('',#4605,#4606,#4607);
#4605 = CARTESIAN_POINT('',(70.999411,-29.906396,1.51));
#4606 = DIRECTION('',(-0.,0.,-1.));
#4607 = DIRECTION('',(-9.473903143469E-14,-1.,0.));
#4608 = FACE_BOUND('',#4609,.T.);
#4609 = EDGE_LOOP('',(#4610));
#4610 = ORIENTED_EDGE('',*,*,#4611,.T.);
#4611 = EDGE_CURVE('',#4612,#4612,#4614,.T.);
#4612 = VERTEX_POINT('',#4613);
#4613 = CARTESIAN_POINT('',(72.7,-30.15,1.51));
#4614 = CIRCLE('',#4615,0.15);
#4615 = AXIS2_PLACEMENT_3D('',#4616,#4617,#4618);
#4616 = CARTESIAN_POINT('',(72.7,-30.,1.51));
#4617 = DIRECTION('',(-0.,0.,-1.));
#4618 = DIRECTION('',(9.473903143467E-14,-1.,-0.));
#4619 = FACE_BOUND('',#4620,.T.);
#4620 = EDGE_LOOP('',(#4621));
#4621 = ORIENTED_EDGE('',*,*,#4622,.T.);
#4622 = EDGE_CURVE('',#4623,#4623,#4625,.T.);
#4623 = VERTEX_POINT('',#4624);
#4624 = CARTESIAN_POINT('',(69.175465,-28.481403,1.51));
#4625 = CIRCLE('',#4626,0.15);
#4626 = AXIS2_PLACEMENT_3D('',#4627,#4628,#4629);
#4627 = CARTESIAN_POINT('',(69.175465,-28.331403,1.51));
#4628 = DIRECTION('',(-0.,0.,-1.));
#4629 = DIRECTION('',(-0.,-1.,0.));
#4630 = FACE_BOUND('',#4631,.T.);
#4631 = EDGE_LOOP('',(#4632));
#4632 = ORIENTED_EDGE('',*,*,#4633,.T.);
#4633 = EDGE_CURVE('',#4634,#4634,#4636,.T.);
#4634 = VERTEX_POINT('',#4635);
#4635 = CARTESIAN_POINT('',(69.164425,-27.081617,1.51));
#4636 = CIRCLE('',#4637,0.15);
#4637 = AXIS2_PLACEMENT_3D('',#4638,#4639,#4640);
#4638 = CARTESIAN_POINT('',(69.164425,-26.931617,1.51));
#4639 = DIRECTION('',(-0.,0.,-1.));
#4640 = DIRECTION('',(-0.,-1.,0.));
#4641 = FACE_BOUND('',#4642,.T.);
#4642 = EDGE_LOOP('',(#4643));
#4643 = ORIENTED_EDGE('',*,*,#4644,.T.);
#4644 = EDGE_CURVE('',#4645,#4645,#4647,.T.);
#4645 = VERTEX_POINT('',#4646);
#4646 = CARTESIAN_POINT('',(69.2,-25.75,1.51));
#4647 = CIRCLE('',#4648,0.15);
#4648 = AXIS2_PLACEMENT_3D('',#4649,#4650,#4651);
#4649 = CARTESIAN_POINT('',(69.2,-25.6,1.51));
#4650 = DIRECTION('',(-0.,0.,-1.));
#4651 = DIRECTION('',(9.473903143467E-14,-1.,-0.));
#4652 = FACE_BOUND('',#4653,.T.);
#4653 = EDGE_LOOP('',(#4654));
#4654 = ORIENTED_EDGE('',*,*,#4655,.T.);
#4655 = EDGE_CURVE('',#4656,#4656,#4658,.T.);
#4656 = VERTEX_POINT('',#4657);
#4657 = CARTESIAN_POINT('',(71.039081,-28.554708,1.51));
#4658 = CIRCLE('',#4659,0.15);
#4659 = AXIS2_PLACEMENT_3D('',#4660,#4661,#4662);
#4660 = CARTESIAN_POINT('',(71.039081,-28.404708,1.51));
#4661 = DIRECTION('',(-0.,0.,-1.));
#4662 = DIRECTION('',(-9.473903143469E-14,-1.,0.));
#4663 = FACE_BOUND('',#4664,.T.);
#4664 = EDGE_LOOP('',(#4665));
#4665 = ORIENTED_EDGE('',*,*,#4666,.T.);
#4666 = EDGE_CURVE('',#4667,#4667,#4669,.T.);
#4667 = VERTEX_POINT('',#4668);
#4668 = CARTESIAN_POINT('',(71.,-27.15,1.51));
#4669 = CIRCLE('',#4670,0.15);
#4670 = AXIS2_PLACEMENT_3D('',#4671,#4672,#4673);
#4671 = CARTESIAN_POINT('',(71.,-27.,1.51));
#4672 = DIRECTION('',(-0.,0.,-1.));
#4673 = DIRECTION('',(-0.,-1.,0.));
#4674 = FACE_BOUND('',#4675,.T.);
#4675 = EDGE_LOOP('',(#4676));
#4676 = ORIENTED_EDGE('',*,*,#4677,.T.);
#4677 = EDGE_CURVE('',#4678,#4678,#4680,.T.);
#4678 = VERTEX_POINT('',#4679);
#4679 = CARTESIAN_POINT('',(72.7,-28.65,1.51));
#4680 = CIRCLE('',#4681,0.15);
#4681 = AXIS2_PLACEMENT_3D('',#4682,#4683,#4684);
#4682 = CARTESIAN_POINT('',(72.7,-28.5,1.51));
#4683 = DIRECTION('',(-0.,0.,-1.));
#4684 = DIRECTION('',(9.473903143467E-14,-1.,-0.));
#4685 = FACE_BOUND('',#4686,.T.);
#4686 = EDGE_LOOP('',(#4687));
#4687 = ORIENTED_EDGE('',*,*,#4688,.T.);
#4688 = EDGE_CURVE('',#4689,#4689,#4691,.T.);
#4689 = VERTEX_POINT('',#4690);
#4690 = CARTESIAN_POINT('',(72.7,-27.15,1.51));
#4691 = CIRCLE('',#4692,0.15);
#4692 = AXIS2_PLACEMENT_3D('',#4693,#4694,#4695);
#4693 = CARTESIAN_POINT('',(72.7,-27.,1.51));
#4694 = DIRECTION('',(-0.,0.,-1.));
#4695 = DIRECTION('',(9.473903143467E-14,-1.,-0.));
#4696 = FACE_BOUND('',#4697,.T.);
#4697 = EDGE_LOOP('',(#4698));
#4698 = ORIENTED_EDGE('',*,*,#4699,.T.);
#4699 = EDGE_CURVE('',#4700,#4700,#4702,.T.);
#4700 = VERTEX_POINT('',#4701);
#4701 = CARTESIAN_POINT('',(71.,-25.55,1.51));
#4702 = CIRCLE('',#4703,0.15);
#4703 = AXIS2_PLACEMENT_3D('',#4704,#4705,#4706);
#4704 = CARTESIAN_POINT('',(71.,-25.4,1.51));
#4705 = DIRECTION('',(-0.,0.,-1.));
#4706 = DIRECTION('',(-0.,-1.,0.));
#4707 = FACE_BOUND('',#4708,.T.);
#4708 = EDGE_LOOP('',(#4709));
#4709 = ORIENTED_EDGE('',*,*,#4710,.T.);
#4710 = EDGE_CURVE('',#4711,#4711,#4713,.T.);
#4711 = VERTEX_POINT('',#4712);
#4712 = CARTESIAN_POINT('',(72.7,-25.75,1.51));
#4713 = CIRCLE('',#4714,0.15);
#4714 = AXIS2_PLACEMENT_3D('',#4715,#4716,#4717);
#4715 = CARTESIAN_POINT('',(72.7,-25.6,1.51));
#4716 = DIRECTION('',(-0.,0.,-1.));
#4717 = DIRECTION('',(9.473903143467E-14,-1.,-0.));
#4718 = FACE_BOUND('',#4719,.T.);
#4719 = EDGE_LOOP('',(#4720));
#4720 = ORIENTED_EDGE('',*,*,#4721,.T.);
#4721 = EDGE_CURVE('',#4722,#4722,#4724,.T.);
#4722 = VERTEX_POINT('',#4723);
#4723 = CARTESIAN_POINT('',(67.345,-23.759093,1.51));
#4724 = CIRCLE('',#4725,0.15);
#4725 = AXIS2_PLACEMENT_3D('',#4726,#4727,#4728);
#4726 = CARTESIAN_POINT('',(67.345,-23.609093,1.51));
#4727 = DIRECTION('',(-0.,0.,-1.));
#4728 = DIRECTION('',(-0.,-1.,0.));
#4729 = FACE_BOUND('',#4730,.T.);
#4730 = EDGE_LOOP('',(#4731));
#4731 = ORIENTED_EDGE('',*,*,#4732,.T.);
#4732 = EDGE_CURVE('',#4733,#4733,#4735,.T.);
#4733 = VERTEX_POINT('',#4734);
#4734 = CARTESIAN_POINT('',(69.2,-24.15,1.51));
#4735 = CIRCLE('',#4736,0.15);
#4736 = AXIS2_PLACEMENT_3D('',#4737,#4738,#4739);
#4737 = CARTESIAN_POINT('',(69.2,-24.,1.51));
#4738 = DIRECTION('',(-0.,0.,-1.));
#4739 = DIRECTION('',(9.473903143467E-14,-1.,-0.));
#4740 = FACE_BOUND('',#4741,.T.);
#4741 = EDGE_LOOP('',(#4742));
#4742 = ORIENTED_EDGE('',*,*,#4743,.T.);
#4743 = EDGE_CURVE('',#4744,#4744,#4746,.T.);
#4744 = VERTEX_POINT('',#4745);
#4745 = CARTESIAN_POINT('',(71.,-24.15,1.51));
#4746 = CIRCLE('',#4747,0.15);
#4747 = AXIS2_PLACEMENT_3D('',#4748,#4749,#4750);
#4748 = CARTESIAN_POINT('',(71.,-24.,1.51));
#4749 = DIRECTION('',(-0.,0.,-1.));
#4750 = DIRECTION('',(-0.,-1.,0.));
#4751 = FACE_BOUND('',#4752,.T.);
#4752 = EDGE_LOOP('',(#4753));
#4753 = ORIENTED_EDGE('',*,*,#4754,.T.);
#4754 = EDGE_CURVE('',#4755,#4755,#4757,.T.);
#4755 = VERTEX_POINT('',#4756);
#4756 = CARTESIAN_POINT('',(72.8,-24.15,1.51));
#4757 = CIRCLE('',#4758,0.15);
#4758 = AXIS2_PLACEMENT_3D('',#4759,#4760,#4761);
#4759 = CARTESIAN_POINT('',(72.8,-24.,1.51));
#4760 = DIRECTION('',(-0.,0.,-1.));
#4761 = DIRECTION('',(-9.473903143469E-14,-1.,0.));
#4762 = FACE_BOUND('',#4763,.T.);
#4763 = EDGE_LOOP('',(#4764));
#4764 = ORIENTED_EDGE('',*,*,#4765,.T.);
#4765 = EDGE_CURVE('',#4766,#4766,#4768,.T.);
#4766 = VERTEX_POINT('',#4767);
#4767 = CARTESIAN_POINT('',(68.8,-18.9,1.51));
#4768 = CIRCLE('',#4769,0.4);
#4769 = AXIS2_PLACEMENT_3D('',#4770,#4771,#4772);
#4770 = CARTESIAN_POINT('',(68.8,-18.5,1.51));
#4771 = DIRECTION('',(-0.,0.,-1.));
#4772 = DIRECTION('',(-3.552713678801E-14,-1.,0.));
#4773 = FACE_BOUND('',#4774,.T.);
#4774 = EDGE_LOOP('',(#4775));
#4775 = ORIENTED_EDGE('',*,*,#4776,.T.);
#4776 = EDGE_CURVE('',#4777,#4777,#4779,.T.);
#4777 = VERTEX_POINT('',#4778);
#4778 = CARTESIAN_POINT('',(70.8,-18.9,1.51));
#4779 = CIRCLE('',#4780,0.4);
#4780 = AXIS2_PLACEMENT_3D('',#4781,#4782,#4783);
#4781 = CARTESIAN_POINT('',(70.8,-18.5,1.51));
#4782 = DIRECTION('',(-0.,0.,-1.));
#4783 = DIRECTION('',(-3.552713678801E-14,-1.,0.));
#4784 = FACE_BOUND('',#4785,.T.);
#4785 = EDGE_LOOP('',(#4786));
#4786 = ORIENTED_EDGE('',*,*,#4787,.T.);
#4787 = EDGE_CURVE('',#4788,#4788,#4790,.T.);
#4788 = VERTEX_POINT('',#4789);
#4789 = CARTESIAN_POINT('',(72.8,-18.9,1.51));
#4790 = CIRCLE('',#4791,0.4);
#4791 = AXIS2_PLACEMENT_3D('',#4792,#4793,#4794);
#4792 = CARTESIAN_POINT('',(72.8,-18.5,1.51));
#4793 = DIRECTION('',(-0.,0.,-1.));
#4794 = DIRECTION('',(-3.552713678801E-14,-1.,0.));
#4795 = FACE_BOUND('',#4796,.T.);
#4796 = EDGE_LOOP('',(#4797));
#4797 = ORIENTED_EDGE('',*,*,#4798,.T.);
#4798 = EDGE_CURVE('',#4799,#4799,#4801,.T.);
#4799 = VERTEX_POINT('',#4800);
#4800 = CARTESIAN_POINT('',(74.4,-31.55,1.51));
#4801 = CIRCLE('',#4802,0.15);
#4802 = AXIS2_PLACEMENT_3D('',#4803,#4804,#4805);
#4803 = CARTESIAN_POINT('',(74.4,-31.4,1.51));
#4804 = DIRECTION('',(-0.,0.,-1.));
#4805 = DIRECTION('',(-0.,-1.,0.));
#4806 = FACE_BOUND('',#4807,.T.);
#4807 = EDGE_LOOP('',(#4808));
#4808 = ORIENTED_EDGE('',*,*,#4809,.T.);
#4809 = EDGE_CURVE('',#4810,#4810,#4812,.T.);
#4810 = VERTEX_POINT('',#4811);
#4811 = CARTESIAN_POINT('',(74.317574,-30.15,1.51));
#4812 = CIRCLE('',#4813,0.15);
#4813 = AXIS2_PLACEMENT_3D('',#4814,#4815,#4816);
#4814 = CARTESIAN_POINT('',(74.317574,-30.,1.51));
#4815 = DIRECTION('',(-0.,0.,-1.));
#4816 = DIRECTION('',(-9.473903143469E-14,-1.,0.));
#4817 = FACE_BOUND('',#4818,.T.);
#4818 = EDGE_LOOP('',(#4819));
#4819 = ORIENTED_EDGE('',*,*,#4820,.T.);
#4820 = EDGE_CURVE('',#4821,#4821,#4823,.T.);
#4821 = VERTEX_POINT('',#4822);
#4822 = CARTESIAN_POINT('',(76.2,-31.55,1.51));
#4823 = CIRCLE('',#4824,0.15);
#4824 = AXIS2_PLACEMENT_3D('',#4825,#4826,#4827);
#4825 = CARTESIAN_POINT('',(76.2,-31.4,1.51));
#4826 = DIRECTION('',(-0.,0.,-1.));
#4827 = DIRECTION('',(9.473903143467E-14,-1.,-0.));
#4828 = FACE_BOUND('',#4829,.T.);
#4829 = EDGE_LOOP('',(#4830));
#4830 = ORIENTED_EDGE('',*,*,#4831,.T.);
#4831 = EDGE_CURVE('',#4832,#4832,#4834,.T.);
#4832 = VERTEX_POINT('',#4833);
#4833 = CARTESIAN_POINT('',(76.2,-30.15,1.51));
#4834 = CIRCLE('',#4835,0.15);
#4835 = AXIS2_PLACEMENT_3D('',#4836,#4837,#4838);
#4836 = CARTESIAN_POINT('',(76.2,-30.,1.51));
#4837 = DIRECTION('',(-0.,0.,-1.));
#4838 = DIRECTION('',(9.473903143467E-14,-1.,-0.));
#4839 = FACE_BOUND('',#4840,.T.);
#4840 = EDGE_LOOP('',(#4841));
#4841 = ORIENTED_EDGE('',*,*,#4842,.T.);
#4842 = EDGE_CURVE('',#4843,#4843,#4845,.T.);
#4843 = VERTEX_POINT('',#4844);
#4844 = CARTESIAN_POINT('',(74.3,-27.15,1.51));
#4845 = CIRCLE('',#4846,0.15);
#4846 = AXIS2_PLACEMENT_3D('',#4847,#4848,#4849);
#4847 = CARTESIAN_POINT('',(74.3,-27.,1.51));
#4848 = DIRECTION('',(-0.,0.,-1.));
#4849 = DIRECTION('',(-9.473903143469E-14,-1.,0.));
#4850 = FACE_BOUND('',#4851,.T.);
#4851 = EDGE_LOOP('',(#4852));
#4852 = ORIENTED_EDGE('',*,*,#4853,.T.);
#4853 = EDGE_CURVE('',#4854,#4854,#4856,.T.);
#4854 = VERTEX_POINT('',#4855);
#4855 = CARTESIAN_POINT('',(74.337574,-28.65,1.51));
#4856 = CIRCLE('',#4857,0.15);
#4857 = AXIS2_PLACEMENT_3D('',#4858,#4859,#4860);
#4858 = CARTESIAN_POINT('',(74.337574,-28.5,1.51));
#4859 = DIRECTION('',(-0.,0.,-1.));
#4860 = DIRECTION('',(9.473903143467E-14,-1.,-0.));
#4861 = FACE_BOUND('',#4862,.T.);
#4862 = EDGE_LOOP('',(#4863));
#4863 = ORIENTED_EDGE('',*,*,#4864,.T.);
#4864 = EDGE_CURVE('',#4865,#4865,#4867,.T.);
#4865 = VERTEX_POINT('',#4866);
#4866 = CARTESIAN_POINT('',(74.3,-25.75,1.51));
#4867 = CIRCLE('',#4868,0.15);
#4868 = AXIS2_PLACEMENT_3D('',#4869,#4870,#4871);
#4869 = CARTESIAN_POINT('',(74.3,-25.6,1.51));
#4870 = DIRECTION('',(-0.,0.,-1.));
#4871 = DIRECTION('',(-9.473903143469E-14,-1.,0.));
#4872 = FACE_BOUND('',#4873,.T.);
#4873 = EDGE_LOOP('',(#4874));
#4874 = ORIENTED_EDGE('',*,*,#4875,.T.);
#4875 = EDGE_CURVE('',#4876,#4876,#4878,.T.);
#4876 = VERTEX_POINT('',#4877);
#4877 = CARTESIAN_POINT('',(76.2,-28.65,1.51));
#4878 = CIRCLE('',#4879,0.15);
#4879 = AXIS2_PLACEMENT_3D('',#4880,#4881,#4882);
#4880 = CARTESIAN_POINT('',(76.2,-28.5,1.51));
#4881 = DIRECTION('',(-0.,0.,-1.));
#4882 = DIRECTION('',(9.473903143467E-14,-1.,-0.));
#4883 = FACE_BOUND('',#4884,.T.);
#4884 = EDGE_LOOP('',(#4885));
#4885 = ORIENTED_EDGE('',*,*,#4886,.T.);
#4886 = EDGE_CURVE('',#4887,#4887,#4889,.T.);
#4887 = VERTEX_POINT('',#4888);
#4888 = CARTESIAN_POINT('',(76.3,-27.15,1.51));
#4889 = CIRCLE('',#4890,0.15);
#4890 = AXIS2_PLACEMENT_3D('',#4891,#4892,#4893);
#4891 = CARTESIAN_POINT('',(76.3,-27.,1.51));
#4892 = DIRECTION('',(-0.,0.,-1.));
#4893 = DIRECTION('',(-9.473903143469E-14,-1.,0.));
#4894 = FACE_BOUND('',#4895,.T.);
#4895 = EDGE_LOOP('',(#4896));
#4896 = ORIENTED_EDGE('',*,*,#4897,.T.);
#4897 = EDGE_CURVE('',#4898,#4898,#4900,.T.);
#4898 = VERTEX_POINT('',#4899);
#4899 = CARTESIAN_POINT('',(76.2,-25.75,1.51));
#4900 = CIRCLE('',#4901,0.15);
#4901 = AXIS2_PLACEMENT_3D('',#4902,#4903,#4904);
#4902 = CARTESIAN_POINT('',(76.2,-25.6,1.51));
#4903 = DIRECTION('',(-0.,0.,-1.));
#4904 = DIRECTION('',(9.473903143467E-14,-1.,-0.));
#4905 = FACE_BOUND('',#4906,.T.);
#4906 = EDGE_LOOP('',(#4907));
#4907 = ORIENTED_EDGE('',*,*,#4908,.T.);
#4908 = EDGE_CURVE('',#4909,#4909,#4911,.T.);
#4909 = VERTEX_POINT('',#4910);
#4910 = CARTESIAN_POINT('',(78.,-31.55,1.51));
#4911 = CIRCLE('',#4912,0.15);
#4912 = AXIS2_PLACEMENT_3D('',#4913,#4914,#4915);
#4913 = CARTESIAN_POINT('',(78.,-31.4,1.51));
#4914 = DIRECTION('',(-0.,0.,-1.));
#4915 = DIRECTION('',(-0.,-1.,0.));
#4916 = FACE_BOUND('',#4917,.T.);
#4917 = EDGE_LOOP('',(#4918));
#4918 = ORIENTED_EDGE('',*,*,#4919,.T.);
#4919 = EDGE_CURVE('',#4920,#4920,#4922,.T.);
#4920 = VERTEX_POINT('',#4921);
#4921 = CARTESIAN_POINT('',(77.917574,-30.15,1.51));
#4922 = CIRCLE('',#4923,0.15);
#4923 = AXIS2_PLACEMENT_3D('',#4924,#4925,#4926);
#4924 = CARTESIAN_POINT('',(77.917574,-30.,1.51));
#4925 = DIRECTION('',(-0.,0.,-1.));
#4926 = DIRECTION('',(-0.,-1.,0.));
#4927 = FACE_BOUND('',#4928,.T.);
#4928 = EDGE_LOOP('',(#4929));
#4929 = ORIENTED_EDGE('',*,*,#4930,.T.);
#4930 = EDGE_CURVE('',#4931,#4931,#4933,.T.);
#4931 = VERTEX_POINT('',#4932);
#4932 = CARTESIAN_POINT('',(80.3,-32.15,1.51));
#4933 = CIRCLE('',#4934,0.15);
#4934 = AXIS2_PLACEMENT_3D('',#4935,#4936,#4937);
#4935 = CARTESIAN_POINT('',(80.3,-32.,1.51));
#4936 = DIRECTION('',(-0.,0.,-1.));
#4937 = DIRECTION('',(-9.473903143469E-14,-1.,0.));
#4938 = FACE_BOUND('',#4939,.T.);
#4939 = EDGE_LOOP('',(#4940));
#4940 = ORIENTED_EDGE('',*,*,#4941,.T.);
#4941 = EDGE_CURVE('',#4942,#4942,#4944,.T.);
#4942 = VERTEX_POINT('',#4943);
#4943 = CARTESIAN_POINT('',(82.5,-30.75,1.51));
#4944 = CIRCLE('',#4945,0.15);
#4945 = AXIS2_PLACEMENT_3D('',#4946,#4947,#4948);
#4946 = CARTESIAN_POINT('',(82.5,-30.6,1.51));
#4947 = DIRECTION('',(-0.,0.,-1.));
#4948 = DIRECTION('',(-0.,-1.,0.));
#4949 = FACE_BOUND('',#4950,.T.);
#4950 = EDGE_LOOP('',(#4951));
#4951 = ORIENTED_EDGE('',*,*,#4952,.T.);
#4952 = EDGE_CURVE('',#4953,#4953,#4955,.T.);
#4953 = VERTEX_POINT('',#4954);
#4954 = CARTESIAN_POINT('',(81.7,-29.15,1.51));
#4955 = CIRCLE('',#4956,0.15);
#4956 = AXIS2_PLACEMENT_3D('',#4957,#4958,#4959);
#4957 = CARTESIAN_POINT('',(81.7,-29.,1.51));
#4958 = DIRECTION('',(-0.,0.,-1.));
#4959 = DIRECTION('',(9.473903143467E-14,-1.,-0.));
#4960 = FACE_BOUND('',#4961,.T.);
#4961 = EDGE_LOOP('',(#4962));
#4962 = ORIENTED_EDGE('',*,*,#4963,.T.);
#4963 = EDGE_CURVE('',#4964,#4964,#4966,.T.);
#4964 = VERTEX_POINT('',#4965);
#4965 = CARTESIAN_POINT('',(78.,-28.65,1.51));
#4966 = CIRCLE('',#4967,0.15);
#4967 = AXIS2_PLACEMENT_3D('',#4968,#4969,#4970);
#4968 = CARTESIAN_POINT('',(78.,-28.5,1.51));
#4969 = DIRECTION('',(-0.,0.,-1.));
#4970 = DIRECTION('',(-0.,-1.,0.));
#4971 = FACE_BOUND('',#4972,.T.);
#4972 = EDGE_LOOP('',(#4973));
#4973 = ORIENTED_EDGE('',*,*,#4974,.T.);
#4974 = EDGE_CURVE('',#4975,#4975,#4977,.T.);
#4975 = VERTEX_POINT('',#4976);
#4976 = CARTESIAN_POINT('',(77.9,-27.15,1.51));
#4977 = CIRCLE('',#4978,0.15);
#4978 = AXIS2_PLACEMENT_3D('',#4979,#4980,#4981);
#4979 = CARTESIAN_POINT('',(77.9,-27.,1.51));
#4980 = DIRECTION('',(-0.,0.,-1.));
#4981 = DIRECTION('',(-0.,-1.,0.));
#4982 = FACE_BOUND('',#4983,.T.);
#4983 = EDGE_LOOP('',(#4984));
#4984 = ORIENTED_EDGE('',*,*,#4985,.T.);
#4985 = EDGE_CURVE('',#4986,#4986,#4988,.T.);
#4986 = VERTEX_POINT('',#4987);
#4987 = CARTESIAN_POINT('',(78.,-25.65,1.51));
#4988 = CIRCLE('',#4989,0.15);
#4989 = AXIS2_PLACEMENT_3D('',#4990,#4991,#4992);
#4990 = CARTESIAN_POINT('',(78.,-25.5,1.51));
#4991 = DIRECTION('',(-0.,0.,-1.));
#4992 = DIRECTION('',(-0.,-1.,0.));
#4993 = FACE_BOUND('',#4994,.T.);
#4994 = EDGE_LOOP('',(#4995));
#4995 = ORIENTED_EDGE('',*,*,#4996,.T.);
#4996 = EDGE_CURVE('',#4997,#4997,#4999,.T.);
#4997 = VERTEX_POINT('',#4998);
#4998 = CARTESIAN_POINT('',(80.,-26.85,1.51));
#4999 = CIRCLE('',#5000,0.15);
#5000 = AXIS2_PLACEMENT_3D('',#5001,#5002,#5003);
#5001 = CARTESIAN_POINT('',(80.,-26.7,1.51));
#5002 = DIRECTION('',(-0.,0.,-1.));
#5003 = DIRECTION('',(-0.,-1.,0.));
#5004 = FACE_BOUND('',#5005,.T.);
#5005 = EDGE_LOOP('',(#5006));
#5006 = ORIENTED_EDGE('',*,*,#5007,.T.);
#5007 = EDGE_CURVE('',#5008,#5008,#5010,.T.);
#5008 = VERTEX_POINT('',#5009);
#5009 = CARTESIAN_POINT('',(79.8,-25.35,1.51));
#5010 = CIRCLE('',#5011,0.15);
#5011 = AXIS2_PLACEMENT_3D('',#5012,#5013,#5014);
#5012 = CARTESIAN_POINT('',(79.8,-25.2,1.51));
#5013 = DIRECTION('',(-0.,0.,-1.));
#5014 = DIRECTION('',(-9.473903143469E-14,-1.,0.));
#5015 = FACE_BOUND('',#5016,.T.);
#5016 = EDGE_LOOP('',(#5017));
#5017 = ORIENTED_EDGE('',*,*,#5018,.T.);
#5018 = EDGE_CURVE('',#5019,#5019,#5021,.T.);
#5019 = VERTEX_POINT('',#5020);
#5020 = CARTESIAN_POINT('',(74.4,-24.15,1.51));
#5021 = CIRCLE('',#5022,0.15);
#5022 = AXIS2_PLACEMENT_3D('',#5023,#5024,#5025);
#5023 = CARTESIAN_POINT('',(74.4,-24.,1.51));
#5024 = DIRECTION('',(-0.,0.,-1.));
#5025 = DIRECTION('',(-0.,-1.,0.));
#5026 = FACE_BOUND('',#5027,.T.);
#5027 = EDGE_LOOP('',(#5028));
#5028 = ORIENTED_EDGE('',*,*,#5029,.T.);
#5029 = EDGE_CURVE('',#5030,#5030,#5032,.T.);
#5030 = VERTEX_POINT('',#5031);
#5031 = CARTESIAN_POINT('',(76.2,-24.15,1.51));
#5032 = CIRCLE('',#5033,0.15);
#5033 = AXIS2_PLACEMENT_3D('',#5034,#5035,#5036);
#5034 = CARTESIAN_POINT('',(76.2,-24.,1.51));
#5035 = DIRECTION('',(-0.,0.,-1.));
#5036 = DIRECTION('',(9.473903143467E-14,-1.,-0.));
#5037 = FACE_BOUND('',#5038,.T.);
#5038 = EDGE_LOOP('',(#5039));
#5039 = ORIENTED_EDGE('',*,*,#5040,.T.);
#5040 = EDGE_CURVE('',#5041,#5041,#5043,.T.);
#5041 = VERTEX_POINT('',#5042);
#5042 = CARTESIAN_POINT('',(74.8,-18.9,1.51));
#5043 = CIRCLE('',#5044,0.4);
#5044 = AXIS2_PLACEMENT_3D('',#5045,#5046,#5047);
#5045 = CARTESIAN_POINT('',(74.8,-18.5,1.51));
#5046 = DIRECTION('',(-0.,0.,-1.));
#5047 = DIRECTION('',(-3.552713678801E-14,-1.,0.));
#5048 = FACE_BOUND('',#5049,.T.);
#5049 = EDGE_LOOP('',(#5050));
#5050 = ORIENTED_EDGE('',*,*,#5051,.T.);
#5051 = EDGE_CURVE('',#5052,#5052,#5054,.T.);
#5052 = VERTEX_POINT('',#5053);
#5053 = CARTESIAN_POINT('',(76.8,-18.9,1.51));
#5054 = CIRCLE('',#5055,0.4);
#5055 = AXIS2_PLACEMENT_3D('',#5056,#5057,#5058);
#5056 = CARTESIAN_POINT('',(76.8,-18.5,1.51));
#5057 = DIRECTION('',(-0.,0.,-1.));
#5058 = DIRECTION('',(-3.552713678801E-14,-1.,0.));
#5059 = FACE_BOUND('',#5060,.T.);
#5060 = EDGE_LOOP('',(#5061));
#5061 = ORIENTED_EDGE('',*,*,#5062,.T.);
#5062 = EDGE_CURVE('',#5063,#5063,#5065,.T.);
#5063 = VERTEX_POINT('',#5064);
#5064 = CARTESIAN_POINT('',(78.,-24.15,1.51));
#5065 = CIRCLE('',#5066,0.15);
#5066 = AXIS2_PLACEMENT_3D('',#5067,#5068,#5069);
#5067 = CARTESIAN_POINT('',(78.,-24.,1.51));
#5068 = DIRECTION('',(-0.,0.,-1.));
#5069 = DIRECTION('',(-0.,-1.,0.));
#5070 = PLANE('',#5071);
#5071 = AXIS2_PLACEMENT_3D('',#5072,#5073,#5074);
#5072 = CARTESIAN_POINT('',(0.,0.,1.51));
#5073 = DIRECTION('',(0.,0.,1.));
#5074 = DIRECTION('',(1.,0.,-0.));
#5075 = ADVANCED_FACE('',(#5076),#5082,.T.);
#5076 = FACE_BOUND('',#5077,.T.);
#5077 = EDGE_LOOP('',(#5078,#5079,#5080,#5081));
#5078 = ORIENTED_EDGE('',*,*,#3065,.T.);
#5079 = ORIENTED_EDGE('',*,*,#4085,.T.);
#5080 = ORIENTED_EDGE('',*,*,#3025,.F.);
#5081 = ORIENTED_EDGE('',*,*,#3089,.F.);
#5082 = PLANE('',#5083);
#5083 = AXIS2_PLACEMENT_3D('',#5084,#5085,#5086);
#5084 = CARTESIAN_POINT('',(61.3,-16.6,0.));
#5085 = DIRECTION('',(0.,1.,0.));
#5086 = DIRECTION('',(1.,0.,0.));
#5087 = ADVANCED_FACE('',(#5088),#5099,.F.);
#5088 = FACE_BOUND('',#5089,.T.);
#5089 = EDGE_LOOP('',(#5090,#5091,#5097,#5098));
#5090 = ORIENTED_EDGE('',*,*,#3098,.T.);
#5091 = ORIENTED_EDGE('',*,*,#5092,.T.);
#5092 = EDGE_CURVE('',#3099,#4095,#5093,.T.);
#5093 = LINE('',#5094,#5095);
#5094 = CARTESIAN_POINT('',(63.8,-44.85,-3.6E-02));
#5095 = VECTOR('',#5096,1.);
#5096 = DIRECTION('',(0.,0.,1.));
#5097 = ORIENTED_EDGE('',*,*,#4094,.F.);
#5098 = ORIENTED_EDGE('',*,*,#5092,.F.);
#5099 = CYLINDRICAL_SURFACE('',#5100,0.15);
#5100 = AXIS2_PLACEMENT_3D('',#5101,#5102,#5103);
#5101 = CARTESIAN_POINT('',(63.8,-44.7,-3.6E-02));
#5102 = DIRECTION('',(-0.,-0.,-1.));
#5103 = DIRECTION('',(-0.,-1.,0.));
#5104 = ADVANCED_FACE('',(#5105),#5116,.F.);
#5105 = FACE_BOUND('',#5106,.T.);
#5106 = EDGE_LOOP('',(#5107,#5108,#5114,#5115));
#5107 = ORIENTED_EDGE('',*,*,#3109,.T.);
#5108 = ORIENTED_EDGE('',*,*,#5109,.T.);
#5109 = EDGE_CURVE('',#3110,#4106,#5110,.T.);
#5110 = LINE('',#5111,#5112);
#5111 = CARTESIAN_POINT('',(65.8,-46.25,-3.6E-02));
#5112 = VECTOR('',#5113,1.);
#5113 = DIRECTION('',(0.,0.,1.));
#5114 = ORIENTED_EDGE('',*,*,#4105,.F.);
#5115 = ORIENTED_EDGE('',*,*,#5109,.F.);
#5116 = CYLINDRICAL_SURFACE('',#5117,0.15);
#5117 = AXIS2_PLACEMENT_3D('',#5118,#5119,#5120);
#5118 = CARTESIAN_POINT('',(65.8,-46.1,-3.6E-02));
#5119 = DIRECTION('',(-0.,-0.,-1.));
#5120 = DIRECTION('',(-9.473903143468E-14,-1.,0.));
#5121 = ADVANCED_FACE('',(#5122),#5133,.F.);
#5122 = FACE_BOUND('',#5123,.T.);
#5123 = EDGE_LOOP('',(#5124,#5125,#5131,#5132));
#5124 = ORIENTED_EDGE('',*,*,#3120,.T.);
#5125 = ORIENTED_EDGE('',*,*,#5126,.T.);
#5126 = EDGE_CURVE('',#3121,#4117,#5127,.T.);
#5127 = LINE('',#5128,#5129);
#5128 = CARTESIAN_POINT('',(68.29,-45.55,-3.6E-02));
#5129 = VECTOR('',#5130,1.);
#5130 = DIRECTION('',(0.,0.,1.));
#5131 = ORIENTED_EDGE('',*,*,#4116,.F.);
#5132 = ORIENTED_EDGE('',*,*,#5126,.F.);
#5133 = CYLINDRICAL_SURFACE('',#5134,0.15);
#5134 = AXIS2_PLACEMENT_3D('',#5135,#5136,#5137);
#5135 = CARTESIAN_POINT('',(68.29,-45.4,-3.6E-02));
#5136 = DIRECTION('',(-0.,0.,-1.));
#5137 = DIRECTION('',(9.473903143467E-14,-1.,-0.));
#5138 = ADVANCED_FACE('',(#5139),#5150,.F.);
#5139 = FACE_BOUND('',#5140,.T.);
#5140 = EDGE_LOOP('',(#5141,#5142,#5148,#5149));
#5141 = ORIENTED_EDGE('',*,*,#3131,.T.);
#5142 = ORIENTED_EDGE('',*,*,#5143,.T.);
#5143 = EDGE_CURVE('',#3132,#4128,#5144,.T.);
#5144 = LINE('',#5145,#5146);
#5145 = CARTESIAN_POINT('',(66.4,-42.55,-3.6E-02));
#5146 = VECTOR('',#5147,1.);
#5147 = DIRECTION('',(0.,0.,1.));
#5148 = ORIENTED_EDGE('',*,*,#4127,.F.);
#5149 = ORIENTED_EDGE('',*,*,#5143,.F.);
#5150 = CYLINDRICAL_SURFACE('',#5151,0.15);
#5151 = AXIS2_PLACEMENT_3D('',#5152,#5153,#5154);
#5152 = CARTESIAN_POINT('',(66.4,-42.4,-3.6E-02));
#5153 = DIRECTION('',(-0.,-0.,-1.));
#5154 = DIRECTION('',(-0.,-1.,0.));
#5155 = ADVANCED_FACE('',(#5156),#5167,.F.);
#5156 = FACE_BOUND('',#5157,.T.);
#5157 = EDGE_LOOP('',(#5158,#5159,#5165,#5166));
#5158 = ORIENTED_EDGE('',*,*,#3142,.T.);
#5159 = ORIENTED_EDGE('',*,*,#5160,.T.);
#5160 = EDGE_CURVE('',#3143,#4139,#5161,.T.);
#5161 = LINE('',#5162,#5163);
#5162 = CARTESIAN_POINT('',(69.59,-45.55,-3.6E-02));
#5163 = VECTOR('',#5164,1.);
#5164 = DIRECTION('',(0.,0.,1.));
#5165 = ORIENTED_EDGE('',*,*,#4138,.F.);
#5166 = ORIENTED_EDGE('',*,*,#5160,.F.);
#5167 = CYLINDRICAL_SURFACE('',#5168,0.15);
#5168 = AXIS2_PLACEMENT_3D('',#5169,#5170,#5171);
#5169 = CARTESIAN_POINT('',(69.59,-45.4,-3.6E-02));
#5170 = DIRECTION('',(-0.,-0.,-1.));
#5171 = DIRECTION('',(-0.,-1.,0.));
#5172 = ADVANCED_FACE('',(#5173),#5184,.F.);
#5173 = FACE_BOUND('',#5174,.T.);
#5174 = EDGE_LOOP('',(#5175,#5176,#5182,#5183));
#5175 = ORIENTED_EDGE('',*,*,#3153,.T.);
#5176 = ORIENTED_EDGE('',*,*,#5177,.T.);
#5177 = EDGE_CURVE('',#3154,#4150,#5178,.T.);
#5178 = LINE('',#5179,#5180);
#5179 = CARTESIAN_POINT('',(70.89,-45.45,-3.6E-02));
#5180 = VECTOR('',#5181,1.);
#5181 = DIRECTION('',(0.,0.,1.));
#5182 = ORIENTED_EDGE('',*,*,#4149,.F.);
#5183 = ORIENTED_EDGE('',*,*,#5177,.F.);
#5184 = CYLINDRICAL_SURFACE('',#5185,0.15);
#5185 = AXIS2_PLACEMENT_3D('',#5186,#5187,#5188);
#5186 = CARTESIAN_POINT('',(70.89,-45.3,-3.6E-02));
#5187 = DIRECTION('',(-0.,-0.,-1.));
#5188 = DIRECTION('',(-0.,-1.,0.));
#5189 = ADVANCED_FACE('',(#5190),#5201,.F.);
#5190 = FACE_BOUND('',#5191,.T.);
#5191 = EDGE_LOOP('',(#5192,#5193,#5199,#5200));
#5192 = ORIENTED_EDGE('',*,*,#3164,.T.);
#5193 = ORIENTED_EDGE('',*,*,#5194,.T.);
#5194 = EDGE_CURVE('',#3165,#4161,#5195,.T.);
#5195 = LINE('',#5196,#5197);
#5196 = CARTESIAN_POINT('',(72.09,-45.45,-3.6E-02));
#5197 = VECTOR('',#5198,1.);
#5198 = DIRECTION('',(0.,0.,1.));
#5199 = ORIENTED_EDGE('',*,*,#4160,.F.);
#5200 = ORIENTED_EDGE('',*,*,#5194,.F.);
#5201 = CYLINDRICAL_SURFACE('',#5202,0.15);
#5202 = AXIS2_PLACEMENT_3D('',#5203,#5204,#5205);
#5203 = CARTESIAN_POINT('',(72.09,-45.3,-3.6E-02));
#5204 = DIRECTION('',(-0.,-0.,-1.));
#5205 = DIRECTION('',(-0.,-1.,0.));
#5206 = ADVANCED_FACE('',(#5207),#5218,.F.);
#5207 = FACE_BOUND('',#5208,.T.);
#5208 = EDGE_LOOP('',(#5209,#5210,#5216,#5217));
#5209 = ORIENTED_EDGE('',*,*,#3175,.T.);
#5210 = ORIENTED_EDGE('',*,*,#5211,.T.);
#5211 = EDGE_CURVE('',#3176,#4172,#5212,.T.);
#5212 = LINE('',#5213,#5214);
#5213 = CARTESIAN_POINT('',(69.147959,-41.002041,-3.6E-02));
#5214 = VECTOR('',#5215,1.);
#5215 = DIRECTION('',(0.,0.,1.));
#5216 = ORIENTED_EDGE('',*,*,#4171,.F.);
#5217 = ORIENTED_EDGE('',*,*,#5211,.F.);
#5218 = CYLINDRICAL_SURFACE('',#5219,0.15);
#5219 = AXIS2_PLACEMENT_3D('',#5220,#5221,#5222);
#5220 = CARTESIAN_POINT('',(69.147959,-40.852041,-3.6E-02));
#5221 = DIRECTION('',(-0.,-0.,-1.));
#5222 = DIRECTION('',(-0.,-1.,0.));
#5223 = ADVANCED_FACE('',(#5224),#5235,.F.);
#5224 = FACE_BOUND('',#5225,.T.);
#5225 = EDGE_LOOP('',(#5226,#5227,#5233,#5234));
#5226 = ORIENTED_EDGE('',*,*,#3186,.T.);
#5227 = ORIENTED_EDGE('',*,*,#5228,.T.);
#5228 = EDGE_CURVE('',#3187,#4183,#5229,.T.);
#5229 = LINE('',#5230,#5231);
#5230 = CARTESIAN_POINT('',(72.5,-39.45,-3.6E-02));
#5231 = VECTOR('',#5232,1.);
#5232 = DIRECTION('',(0.,0.,1.));
#5233 = ORIENTED_EDGE('',*,*,#4182,.F.);
#5234 = ORIENTED_EDGE('',*,*,#5228,.F.);
#5235 = CYLINDRICAL_SURFACE('',#5236,0.15);
#5236 = AXIS2_PLACEMENT_3D('',#5237,#5238,#5239);
#5237 = CARTESIAN_POINT('',(72.5,-39.3,-3.6E-02));
#5238 = DIRECTION('',(-0.,-0.,-1.));
#5239 = DIRECTION('',(-0.,-1.,0.));
#5240 = ADVANCED_FACE('',(#5241),#5252,.F.);
#5241 = FACE_BOUND('',#5242,.T.);
#5242 = EDGE_LOOP('',(#5243,#5244,#5250,#5251));
#5243 = ORIENTED_EDGE('',*,*,#3197,.T.);
#5244 = ORIENTED_EDGE('',*,*,#5245,.T.);
#5245 = EDGE_CURVE('',#3198,#4194,#5246,.T.);
#5246 = LINE('',#5247,#5248);
#5247 = CARTESIAN_POINT('',(67.3,-37.15,-3.6E-02));
#5248 = VECTOR('',#5249,1.);
#5249 = DIRECTION('',(0.,0.,1.));
#5250 = ORIENTED_EDGE('',*,*,#4193,.F.);
#5251 = ORIENTED_EDGE('',*,*,#5245,.F.);
#5252 = CYLINDRICAL_SURFACE('',#5253,0.15);
#5253 = AXIS2_PLACEMENT_3D('',#5254,#5255,#5256);
#5254 = CARTESIAN_POINT('',(67.3,-37.,-3.6E-02));
#5255 = DIRECTION('',(-0.,-0.,-1.));
#5256 = DIRECTION('',(-9.473903143469E-14,-1.,0.));
#5257 = ADVANCED_FACE('',(#5258),#5269,.F.);
#5258 = FACE_BOUND('',#5259,.T.);
#5259 = EDGE_LOOP('',(#5260,#5261,#5267,#5268));
#5260 = ORIENTED_EDGE('',*,*,#3208,.T.);
#5261 = ORIENTED_EDGE('',*,*,#5262,.T.);
#5262 = EDGE_CURVE('',#3209,#4205,#5263,.T.);
#5263 = LINE('',#5264,#5265);
#5264 = CARTESIAN_POINT('',(67.345,-34.559093,-3.6E-02));
#5265 = VECTOR('',#5266,1.);
#5266 = DIRECTION('',(0.,0.,1.));
#5267 = ORIENTED_EDGE('',*,*,#4204,.F.);
#5268 = ORIENTED_EDGE('',*,*,#5262,.F.);
#5269 = CYLINDRICAL_SURFACE('',#5270,0.15);
#5270 = AXIS2_PLACEMENT_3D('',#5271,#5272,#5273);
#5271 = CARTESIAN_POINT('',(67.345,-34.409093,-3.6E-02));
#5272 = DIRECTION('',(-0.,-0.,-1.));
#5273 = DIRECTION('',(-0.,-1.,0.));
#5274 = ADVANCED_FACE('',(#5275),#5286,.F.);
#5275 = FACE_BOUND('',#5276,.T.);
#5276 = EDGE_LOOP('',(#5277,#5278,#5284,#5285));
#5277 = ORIENTED_EDGE('',*,*,#3219,.T.);
#5278 = ORIENTED_EDGE('',*,*,#5279,.T.);
#5279 = EDGE_CURVE('',#3220,#4216,#5280,.T.);
#5280 = LINE('',#5281,#5282);
#5281 = CARTESIAN_POINT('',(67.37,-32.924482,-3.6E-02));
#5282 = VECTOR('',#5283,1.);
#5283 = DIRECTION('',(0.,0.,1.));
#5284 = ORIENTED_EDGE('',*,*,#4215,.F.);
#5285 = ORIENTED_EDGE('',*,*,#5279,.F.);
#5286 = CYLINDRICAL_SURFACE('',#5287,0.15);
#5287 = AXIS2_PLACEMENT_3D('',#5288,#5289,#5290);
#5288 = CARTESIAN_POINT('',(67.37,-32.774482,-3.6E-02));
#5289 = DIRECTION('',(-0.,-0.,-1.));
#5290 = DIRECTION('',(-0.,-1.,0.));
#5291 = ADVANCED_FACE('',(#5292),#5303,.F.);
#5292 = FACE_BOUND('',#5293,.T.);
#5293 = EDGE_LOOP('',(#5294,#5295,#5301,#5302));
#5294 = ORIENTED_EDGE('',*,*,#3230,.T.);
#5295 = ORIENTED_EDGE('',*,*,#5296,.T.);
#5296 = EDGE_CURVE('',#3231,#4227,#5297,.T.);
#5297 = LINE('',#5298,#5299);
#5298 = CARTESIAN_POINT('',(69.246468,-34.69813,-3.6E-02));
#5299 = VECTOR('',#5300,1.);
#5300 = DIRECTION('',(0.,0.,1.));
#5301 = ORIENTED_EDGE('',*,*,#4226,.F.);
#5302 = ORIENTED_EDGE('',*,*,#5296,.F.);
#5303 = CYLINDRICAL_SURFACE('',#5304,0.15);
#5304 = AXIS2_PLACEMENT_3D('',#5305,#5306,#5307);
#5305 = CARTESIAN_POINT('',(69.246468,-34.54813,-3.6E-02));
#5306 = DIRECTION('',(-0.,-0.,-1.));
#5307 = DIRECTION('',(-0.,-1.,0.));
#5308 = ADVANCED_FACE('',(#5309),#5320,.F.);
#5309 = FACE_BOUND('',#5310,.T.);
#5310 = EDGE_LOOP('',(#5311,#5312,#5318,#5319));
#5311 = ORIENTED_EDGE('',*,*,#3241,.T.);
#5312 = ORIENTED_EDGE('',*,*,#5313,.T.);
#5313 = EDGE_CURVE('',#3242,#4238,#5314,.T.);
#5314 = LINE('',#5315,#5316);
#5315 = CARTESIAN_POINT('',(69.27,-32.94999,-3.6E-02));
#5316 = VECTOR('',#5317,1.);
#5317 = DIRECTION('',(0.,0.,1.));
#5318 = ORIENTED_EDGE('',*,*,#4237,.F.);
#5319 = ORIENTED_EDGE('',*,*,#5313,.F.);
#5320 = CYLINDRICAL_SURFACE('',#5321,0.15);
#5321 = AXIS2_PLACEMENT_3D('',#5322,#5323,#5324);
#5322 = CARTESIAN_POINT('',(69.27,-32.79999,-3.6E-02));
#5323 = DIRECTION('',(-0.,-0.,-1.));
#5324 = DIRECTION('',(-9.473903143468E-14,-1.,0.));
#5325 = ADVANCED_FACE('',(#5326),#5337,.F.);
#5326 = FACE_BOUND('',#5327,.T.);
#5327 = EDGE_LOOP('',(#5328,#5329,#5335,#5336));
#5328 = ORIENTED_EDGE('',*,*,#3252,.T.);
#5329 = ORIENTED_EDGE('',*,*,#5330,.T.);
#5330 = EDGE_CURVE('',#3253,#4249,#5331,.T.);
#5331 = LINE('',#5332,#5333);
#5332 = CARTESIAN_POINT('',(71.045,-34.454419,-3.6E-02));
#5333 = VECTOR('',#5334,1.);
#5334 = DIRECTION('',(0.,0.,1.));
#5335 = ORIENTED_EDGE('',*,*,#4248,.F.);
#5336 = ORIENTED_EDGE('',*,*,#5330,.F.);
#5337 = CYLINDRICAL_SURFACE('',#5338,0.15);
#5338 = AXIS2_PLACEMENT_3D('',#5339,#5340,#5341);
#5339 = CARTESIAN_POINT('',(71.045,-34.304419,-3.6E-02));
#5340 = DIRECTION('',(-0.,0.,-1.));
#5341 = DIRECTION('',(9.473903143467E-14,-1.,-0.));
#5342 = ADVANCED_FACE('',(#5343),#5354,.F.);
#5343 = FACE_BOUND('',#5344,.T.);
#5344 = EDGE_LOOP('',(#5345,#5346,#5352,#5353));
#5345 = ORIENTED_EDGE('',*,*,#3263,.T.);
#5346 = ORIENTED_EDGE('',*,*,#5347,.T.);
#5347 = EDGE_CURVE('',#3264,#4260,#5348,.T.);
#5348 = LINE('',#5349,#5350);
#5349 = CARTESIAN_POINT('',(72.6,-34.45,-3.6E-02));
#5350 = VECTOR('',#5351,1.);
#5351 = DIRECTION('',(0.,0.,1.));
#5352 = ORIENTED_EDGE('',*,*,#4259,.F.);
#5353 = ORIENTED_EDGE('',*,*,#5347,.F.);
#5354 = CYLINDRICAL_SURFACE('',#5355,0.15);
#5355 = AXIS2_PLACEMENT_3D('',#5356,#5357,#5358);
#5356 = CARTESIAN_POINT('',(72.6,-34.3,-3.6E-02));
#5357 = DIRECTION('',(-0.,-0.,-1.));
#5358 = DIRECTION('',(-0.,-1.,0.));
#5359 = ADVANCED_FACE('',(#5360),#5371,.F.);
#5360 = FACE_BOUND('',#5361,.T.);
#5361 = EDGE_LOOP('',(#5362,#5363,#5369,#5370));
#5362 = ORIENTED_EDGE('',*,*,#3274,.T.);
#5363 = ORIENTED_EDGE('',*,*,#5364,.T.);
#5364 = EDGE_CURVE('',#3275,#4271,#5365,.T.);
#5365 = LINE('',#5366,#5367);
#5366 = CARTESIAN_POINT('',(71.08,-32.949995,-3.6E-02));
#5367 = VECTOR('',#5368,1.);
#5368 = DIRECTION('',(0.,0.,1.));
#5369 = ORIENTED_EDGE('',*,*,#4270,.F.);
#5370 = ORIENTED_EDGE('',*,*,#5364,.F.);
#5371 = CYLINDRICAL_SURFACE('',#5372,0.15);
#5372 = AXIS2_PLACEMENT_3D('',#5373,#5374,#5375);
#5373 = CARTESIAN_POINT('',(71.08,-32.799995,-3.6E-02));
#5374 = DIRECTION('',(-0.,-0.,-1.));
#5375 = DIRECTION('',(-9.473903143468E-14,-1.,0.));
#5376 = ADVANCED_FACE('',(#5377),#5388,.F.);
#5377 = FACE_BOUND('',#5378,.T.);
#5378 = EDGE_LOOP('',(#5379,#5380,#5386,#5387));
#5379 = ORIENTED_EDGE('',*,*,#3285,.T.);
#5380 = ORIENTED_EDGE('',*,*,#5381,.T.);
#5381 = EDGE_CURVE('',#3286,#4282,#5382,.T.);
#5382 = LINE('',#5383,#5384);
#5383 = CARTESIAN_POINT('',(72.7,-32.85,-3.6E-02));
#5384 = VECTOR('',#5385,1.);
#5385 = DIRECTION('',(0.,0.,1.));
#5386 = ORIENTED_EDGE('',*,*,#4281,.F.);
#5387 = ORIENTED_EDGE('',*,*,#5381,.F.);
#5388 = CYLINDRICAL_SURFACE('',#5389,0.15);
#5389 = AXIS2_PLACEMENT_3D('',#5390,#5391,#5392);
#5390 = CARTESIAN_POINT('',(72.7,-32.7,-3.6E-02));
#5391 = DIRECTION('',(-0.,0.,-1.));
#5392 = DIRECTION('',(9.473903143467E-14,-1.,-0.));
#5393 = ADVANCED_FACE('',(#5394),#5405,.F.);
#5394 = FACE_BOUND('',#5395,.T.);
#5395 = EDGE_LOOP('',(#5396,#5397,#5403,#5404));
#5396 = ORIENTED_EDGE('',*,*,#3296,.T.);
#5397 = ORIENTED_EDGE('',*,*,#5398,.T.);
#5398 = EDGE_CURVE('',#3297,#4293,#5399,.T.);
#5399 = LINE('',#5400,#5401);
#5400 = CARTESIAN_POINT('',(73.39,-45.45,-3.6E-02));
#5401 = VECTOR('',#5402,1.);
#5402 = DIRECTION('',(0.,0.,1.));
#5403 = ORIENTED_EDGE('',*,*,#4292,.F.);
#5404 = ORIENTED_EDGE('',*,*,#5398,.F.);
#5405 = CYLINDRICAL_SURFACE('',#5406,0.15);
#5406 = AXIS2_PLACEMENT_3D('',#5407,#5408,#5409);
#5407 = CARTESIAN_POINT('',(73.39,-45.3,-3.6E-02));
#5408 = DIRECTION('',(-0.,-0.,-1.));
#5409 = DIRECTION('',(-0.,-1.,0.));
#5410 = ADVANCED_FACE('',(#5411),#5422,.F.);
#5411 = FACE_BOUND('',#5412,.T.);
#5412 = EDGE_LOOP('',(#5413,#5414,#5420,#5421));
#5413 = ORIENTED_EDGE('',*,*,#3307,.T.);
#5414 = ORIENTED_EDGE('',*,*,#5415,.T.);
#5415 = EDGE_CURVE('',#3308,#4304,#5416,.T.);
#5416 = LINE('',#5417,#5418);
#5417 = CARTESIAN_POINT('',(74.69,-45.35,-3.6E-02));
#5418 = VECTOR('',#5419,1.);
#5419 = DIRECTION('',(0.,0.,1.));
#5420 = ORIENTED_EDGE('',*,*,#4303,.F.);
#5421 = ORIENTED_EDGE('',*,*,#5415,.F.);
#5422 = CYLINDRICAL_SURFACE('',#5423,0.15);
#5423 = AXIS2_PLACEMENT_3D('',#5424,#5425,#5426);
#5424 = CARTESIAN_POINT('',(74.69,-45.2,-3.6E-02));
#5425 = DIRECTION('',(-0.,-0.,-1.));
#5426 = DIRECTION('',(-0.,-1.,0.));
#5427 = ADVANCED_FACE('',(#5428),#5439,.F.);
#5428 = FACE_BOUND('',#5429,.T.);
#5429 = EDGE_LOOP('',(#5430,#5431,#5437,#5438));
#5430 = ORIENTED_EDGE('',*,*,#3318,.T.);
#5431 = ORIENTED_EDGE('',*,*,#5432,.T.);
#5432 = EDGE_CURVE('',#3319,#4315,#5433,.T.);
#5433 = LINE('',#5434,#5435);
#5434 = CARTESIAN_POINT('',(77.2,-44.95,-3.6E-02));
#5435 = VECTOR('',#5436,1.);
#5436 = DIRECTION('',(0.,0.,1.));
#5437 = ORIENTED_EDGE('',*,*,#4314,.F.);
#5438 = ORIENTED_EDGE('',*,*,#5432,.F.);
#5439 = CYLINDRICAL_SURFACE('',#5440,0.15);
#5440 = AXIS2_PLACEMENT_3D('',#5441,#5442,#5443);
#5441 = CARTESIAN_POINT('',(77.2,-44.8,-3.6E-02));
#5442 = DIRECTION('',(-0.,0.,-1.));
#5443 = DIRECTION('',(9.473903143467E-14,-1.,-0.));
#5444 = ADVANCED_FACE('',(#5445),#5456,.F.);
#5445 = FACE_BOUND('',#5446,.T.);
#5446 = EDGE_LOOP('',(#5447,#5448,#5454,#5455));
#5447 = ORIENTED_EDGE('',*,*,#3329,.T.);
#5448 = ORIENTED_EDGE('',*,*,#5449,.T.);
#5449 = EDGE_CURVE('',#3330,#4326,#5450,.T.);
#5450 = LINE('',#5451,#5452);
#5451 = CARTESIAN_POINT('',(76.,-40.75,-3.6E-02));
#5452 = VECTOR('',#5453,1.);
#5453 = DIRECTION('',(0.,0.,1.));
#5454 = ORIENTED_EDGE('',*,*,#4325,.F.);
#5455 = ORIENTED_EDGE('',*,*,#5449,.F.);
#5456 = CYLINDRICAL_SURFACE('',#5457,0.15);
#5457 = AXIS2_PLACEMENT_3D('',#5458,#5459,#5460);
#5458 = CARTESIAN_POINT('',(76.,-40.6,-3.6E-02));
#5459 = DIRECTION('',(-0.,-0.,-1.));
#5460 = DIRECTION('',(-0.,-1.,0.));
#5461 = ADVANCED_FACE('',(#5462),#5473,.F.);
#5462 = FACE_BOUND('',#5463,.T.);
#5463 = EDGE_LOOP('',(#5464,#5465,#5471,#5472));
#5464 = ORIENTED_EDGE('',*,*,#3340,.T.);
#5465 = ORIENTED_EDGE('',*,*,#5466,.T.);
#5466 = EDGE_CURVE('',#3341,#4337,#5467,.T.);
#5467 = LINE('',#5468,#5469);
#5468 = CARTESIAN_POINT('',(77.2,-40.95,-3.6E-02));
#5469 = VECTOR('',#5470,1.);
#5470 = DIRECTION('',(0.,0.,1.));
#5471 = ORIENTED_EDGE('',*,*,#4336,.F.);
#5472 = ORIENTED_EDGE('',*,*,#5466,.F.);
#5473 = CYLINDRICAL_SURFACE('',#5474,0.15);
#5474 = AXIS2_PLACEMENT_3D('',#5475,#5476,#5477);
#5475 = CARTESIAN_POINT('',(77.2,-40.8,-3.6E-02));
#5476 = DIRECTION('',(-0.,0.,-1.));
#5477 = DIRECTION('',(9.473903143467E-14,-1.,-0.));
#5478 = ADVANCED_FACE('',(#5479),#5490,.F.);
#5479 = FACE_BOUND('',#5480,.T.);
#5480 = EDGE_LOOP('',(#5481,#5482,#5488,#5489));
#5481 = ORIENTED_EDGE('',*,*,#3351,.T.);
#5482 = ORIENTED_EDGE('',*,*,#5483,.T.);
#5483 = EDGE_CURVE('',#3352,#4348,#5484,.T.);
#5484 = LINE('',#5485,#5486);
#5485 = CARTESIAN_POINT('',(78.2,-45.35,-3.6E-02));
#5486 = VECTOR('',#5487,1.);
#5487 = DIRECTION('',(0.,0.,1.));
#5488 = ORIENTED_EDGE('',*,*,#4347,.F.);
#5489 = ORIENTED_EDGE('',*,*,#5483,.F.);
#5490 = CYLINDRICAL_SURFACE('',#5491,0.15);
#5491 = AXIS2_PLACEMENT_3D('',#5492,#5493,#5494);
#5492 = CARTESIAN_POINT('',(78.2,-45.2,-3.6E-02));
#5493 = DIRECTION('',(-0.,0.,-1.));
#5494 = DIRECTION('',(9.473903143467E-14,-1.,-0.));
#5495 = ADVANCED_FACE('',(#5496),#5507,.F.);
#5496 = FACE_BOUND('',#5497,.T.);
#5497 = EDGE_LOOP('',(#5498,#5499,#5505,#5506));
#5498 = ORIENTED_EDGE('',*,*,#3362,.T.);
#5499 = ORIENTED_EDGE('',*,*,#5500,.T.);
#5500 = EDGE_CURVE('',#3363,#4359,#5501,.T.);
#5501 = LINE('',#5502,#5503);
#5502 = CARTESIAN_POINT('',(81.3,-44.75,-3.6E-02));
#5503 = VECTOR('',#5504,1.);
#5504 = DIRECTION('',(0.,0.,1.));
#5505 = ORIENTED_EDGE('',*,*,#4358,.F.);
#5506 = ORIENTED_EDGE('',*,*,#5500,.F.);
#5507 = CYLINDRICAL_SURFACE('',#5508,0.15);
#5508 = AXIS2_PLACEMENT_3D('',#5509,#5510,#5511);
#5509 = CARTESIAN_POINT('',(81.3,-44.6,-3.6E-02));
#5510 = DIRECTION('',(-0.,-0.,-1.));
#5511 = DIRECTION('',(-9.473903143468E-14,-1.,0.));
#5512 = ADVANCED_FACE('',(#5513),#5524,.F.);
#5513 = FACE_BOUND('',#5514,.T.);
#5514 = EDGE_LOOP('',(#5515,#5516,#5522,#5523));
#5515 = ORIENTED_EDGE('',*,*,#3373,.T.);
#5516 = ORIENTED_EDGE('',*,*,#5517,.T.);
#5517 = EDGE_CURVE('',#3374,#4370,#5518,.T.);
#5518 = LINE('',#5519,#5520);
#5519 = CARTESIAN_POINT('',(73.9,-39.35,-3.6E-02));
#5520 = VECTOR('',#5521,1.);
#5521 = DIRECTION('',(0.,0.,1.));
#5522 = ORIENTED_EDGE('',*,*,#4369,.F.);
#5523 = ORIENTED_EDGE('',*,*,#5517,.F.);
#5524 = CYLINDRICAL_SURFACE('',#5525,0.15);
#5525 = AXIS2_PLACEMENT_3D('',#5526,#5527,#5528);
#5526 = CARTESIAN_POINT('',(73.9,-39.2,-3.6E-02));
#5527 = DIRECTION('',(-0.,-0.,-1.));
#5528 = DIRECTION('',(-0.,-1.,0.));
#5529 = ADVANCED_FACE('',(#5530),#5541,.F.);
#5530 = FACE_BOUND('',#5531,.T.);
#5531 = EDGE_LOOP('',(#5532,#5533,#5539,#5540));
#5532 = ORIENTED_EDGE('',*,*,#3384,.T.);
#5533 = ORIENTED_EDGE('',*,*,#5534,.T.);
#5534 = EDGE_CURVE('',#3385,#4381,#5535,.T.);
#5535 = LINE('',#5536,#5537);
#5536 = CARTESIAN_POINT('',(74.36,-34.65539,-3.6E-02));
#5537 = VECTOR('',#5538,1.);
#5538 = DIRECTION('',(0.,0.,1.));
#5539 = ORIENTED_EDGE('',*,*,#4380,.F.);
#5540 = ORIENTED_EDGE('',*,*,#5534,.F.);
#5541 = CYLINDRICAL_SURFACE('',#5542,0.15);
#5542 = AXIS2_PLACEMENT_3D('',#5543,#5544,#5545);
#5543 = CARTESIAN_POINT('',(74.36,-34.50539,-3.6E-02));
#5544 = DIRECTION('',(-0.,-0.,-1.));
#5545 = DIRECTION('',(-0.,-1.,0.));
#5546 = ADVANCED_FACE('',(#5547),#5558,.F.);
#5547 = FACE_BOUND('',#5548,.T.);
#5548 = EDGE_LOOP('',(#5549,#5550,#5556,#5557));
#5549 = ORIENTED_EDGE('',*,*,#3395,.T.);
#5550 = ORIENTED_EDGE('',*,*,#5551,.T.);
#5551 = EDGE_CURVE('',#3396,#4392,#5552,.T.);
#5552 = LINE('',#5553,#5554);
#5553 = CARTESIAN_POINT('',(74.405,-32.95,-3.6E-02));
#5554 = VECTOR('',#5555,1.);
#5555 = DIRECTION('',(0.,0.,1.));
#5556 = ORIENTED_EDGE('',*,*,#4391,.F.);
#5557 = ORIENTED_EDGE('',*,*,#5551,.F.);
#5558 = CYLINDRICAL_SURFACE('',#5559,0.15);
#5559 = AXIS2_PLACEMENT_3D('',#5560,#5561,#5562);
#5560 = CARTESIAN_POINT('',(74.405,-32.8,-3.6E-02));
#5561 = DIRECTION('',(-0.,-0.,-1.));
#5562 = DIRECTION('',(-0.,-1.,0.));
#5563 = ADVANCED_FACE('',(#5564),#5575,.F.);
#5564 = FACE_BOUND('',#5565,.T.);
#5565 = EDGE_LOOP('',(#5566,#5567,#5573,#5574));
#5566 = ORIENTED_EDGE('',*,*,#3406,.T.);
#5567 = ORIENTED_EDGE('',*,*,#5568,.T.);
#5568 = EDGE_CURVE('',#3407,#4403,#5569,.T.);
#5569 = LINE('',#5570,#5571);
#5570 = CARTESIAN_POINT('',(76.5,-34.45,-3.6E-02));
#5571 = VECTOR('',#5572,1.);
#5572 = DIRECTION('',(0.,0.,1.));
#5573 = ORIENTED_EDGE('',*,*,#4402,.F.);
#5574 = ORIENTED_EDGE('',*,*,#5568,.F.);
#5575 = CYLINDRICAL_SURFACE('',#5576,0.15);
#5576 = AXIS2_PLACEMENT_3D('',#5577,#5578,#5579);
#5577 = CARTESIAN_POINT('',(76.5,-34.3,-3.6E-02));
#5578 = DIRECTION('',(-0.,-0.,-1.));
#5579 = DIRECTION('',(-0.,-1.,0.));
#5580 = ADVANCED_FACE('',(#5581),#5592,.F.);
#5581 = FACE_BOUND('',#5582,.T.);
#5582 = EDGE_LOOP('',(#5583,#5584,#5590,#5591));
#5583 = ORIENTED_EDGE('',*,*,#3417,.T.);
#5584 = ORIENTED_EDGE('',*,*,#5585,.T.);
#5585 = EDGE_CURVE('',#3418,#4414,#5586,.T.);
#5586 = LINE('',#5587,#5588);
#5587 = CARTESIAN_POINT('',(76.3,-32.95,-3.6E-02));
#5588 = VECTOR('',#5589,1.);
#5589 = DIRECTION('',(0.,0.,1.));
#5590 = ORIENTED_EDGE('',*,*,#4413,.F.);
#5591 = ORIENTED_EDGE('',*,*,#5585,.F.);
#5592 = CYLINDRICAL_SURFACE('',#5593,0.15);
#5593 = AXIS2_PLACEMENT_3D('',#5594,#5595,#5596);
#5594 = CARTESIAN_POINT('',(76.3,-32.8,-3.6E-02));
#5595 = DIRECTION('',(-0.,-0.,-1.));
#5596 = DIRECTION('',(-9.473903143469E-14,-1.,0.));
#5597 = ADVANCED_FACE('',(#5598),#5609,.F.);
#5598 = FACE_BOUND('',#5599,.T.);
#5599 = EDGE_LOOP('',(#5600,#5601,#5607,#5608));
#5600 = ORIENTED_EDGE('',*,*,#3428,.T.);
#5601 = ORIENTED_EDGE('',*,*,#5602,.T.);
#5602 = EDGE_CURVE('',#3429,#4425,#5603,.T.);
#5603 = LINE('',#5604,#5605);
#5604 = CARTESIAN_POINT('',(77.9,-39.25,-3.6E-02));
#5605 = VECTOR('',#5606,1.);
#5606 = DIRECTION('',(0.,0.,1.));
#5607 = ORIENTED_EDGE('',*,*,#4424,.F.);
#5608 = ORIENTED_EDGE('',*,*,#5602,.F.);
#5609 = CYLINDRICAL_SURFACE('',#5610,0.15);
#5610 = AXIS2_PLACEMENT_3D('',#5611,#5612,#5613);
#5611 = CARTESIAN_POINT('',(77.9,-39.1,-3.6E-02));
#5612 = DIRECTION('',(-0.,-0.,-1.));
#5613 = DIRECTION('',(-0.,-1.,0.));
#5614 = ADVANCED_FACE('',(#5615),#5626,.F.);
#5615 = FACE_BOUND('',#5616,.T.);
#5616 = EDGE_LOOP('',(#5617,#5618,#5624,#5625));
#5617 = ORIENTED_EDGE('',*,*,#3439,.T.);
#5618 = ORIENTED_EDGE('',*,*,#5619,.T.);
#5619 = EDGE_CURVE('',#3440,#4436,#5620,.T.);
#5620 = LINE('',#5621,#5622);
#5621 = CARTESIAN_POINT('',(79.7,-39.25,-3.6E-02));
#5622 = VECTOR('',#5623,1.);
#5623 = DIRECTION('',(0.,0.,1.));
#5624 = ORIENTED_EDGE('',*,*,#4435,.F.);
#5625 = ORIENTED_EDGE('',*,*,#5619,.F.);
#5626 = CYLINDRICAL_SURFACE('',#5627,0.15);
#5627 = AXIS2_PLACEMENT_3D('',#5628,#5629,#5630);
#5628 = CARTESIAN_POINT('',(79.7,-39.1,-3.6E-02));
#5629 = DIRECTION('',(-0.,0.,-1.));
#5630 = DIRECTION('',(9.473903143467E-14,-1.,-0.));
#5631 = ADVANCED_FACE('',(#5632),#5643,.F.);
#5632 = FACE_BOUND('',#5633,.T.);
#5633 = EDGE_LOOP('',(#5634,#5635,#5641,#5642));
#5634 = ORIENTED_EDGE('',*,*,#3450,.T.);
#5635 = ORIENTED_EDGE('',*,*,#5636,.T.);
#5636 = EDGE_CURVE('',#3451,#4447,#5637,.T.);
#5637 = LINE('',#5638,#5639);
#5638 = CARTESIAN_POINT('',(79.2,-36.15,-3.6E-02));
#5639 = VECTOR('',#5640,1.);
#5640 = DIRECTION('',(0.,0.,1.));
#5641 = ORIENTED_EDGE('',*,*,#4446,.F.);
#5642 = ORIENTED_EDGE('',*,*,#5636,.F.);
#5643 = CYLINDRICAL_SURFACE('',#5644,0.15);
#5644 = AXIS2_PLACEMENT_3D('',#5645,#5646,#5647);
#5645 = CARTESIAN_POINT('',(79.2,-36.,-3.6E-02));
#5646 = DIRECTION('',(-0.,0.,-1.));
#5647 = DIRECTION('',(9.473903143467E-14,-1.,-0.));
#5648 = ADVANCED_FACE('',(#5649),#5660,.F.);
#5649 = FACE_BOUND('',#5650,.T.);
#5650 = EDGE_LOOP('',(#5651,#5652,#5658,#5659));
#5651 = ORIENTED_EDGE('',*,*,#3461,.T.);
#5652 = ORIENTED_EDGE('',*,*,#5653,.T.);
#5653 = EDGE_CURVE('',#3462,#4458,#5654,.T.);
#5654 = LINE('',#5655,#5656);
#5655 = CARTESIAN_POINT('',(78.005,-34.65,-3.6E-02));
#5656 = VECTOR('',#5657,1.);
#5657 = DIRECTION('',(0.,0.,1.));
#5658 = ORIENTED_EDGE('',*,*,#4457,.F.);
#5659 = ORIENTED_EDGE('',*,*,#5653,.F.);
#5660 = CYLINDRICAL_SURFACE('',#5661,0.15);
#5661 = AXIS2_PLACEMENT_3D('',#5662,#5663,#5664);
#5662 = CARTESIAN_POINT('',(78.005,-34.5,-3.6E-02));
#5663 = DIRECTION('',(-0.,-0.,-1.));
#5664 = DIRECTION('',(-0.,-1.,0.));
#5665 = ADVANCED_FACE('',(#5666),#5677,.F.);
#5666 = FACE_BOUND('',#5667,.T.);
#5667 = EDGE_LOOP('',(#5668,#5669,#5675,#5676));
#5668 = ORIENTED_EDGE('',*,*,#3472,.T.);
#5669 = ORIENTED_EDGE('',*,*,#5670,.T.);
#5670 = EDGE_CURVE('',#3473,#4469,#5671,.T.);
#5671 = LINE('',#5672,#5673);
#5672 = CARTESIAN_POINT('',(78.03,-32.95,-3.6E-02));
#5673 = VECTOR('',#5674,1.);
#5674 = DIRECTION('',(0.,0.,1.));
#5675 = ORIENTED_EDGE('',*,*,#4468,.F.);
#5676 = ORIENTED_EDGE('',*,*,#5670,.F.);
#5677 = CYLINDRICAL_SURFACE('',#5678,0.15);
#5678 = AXIS2_PLACEMENT_3D('',#5679,#5680,#5681);
#5679 = CARTESIAN_POINT('',(78.03,-32.8,-3.6E-02));
#5680 = DIRECTION('',(-0.,-0.,-1.));
#5681 = DIRECTION('',(-0.,-1.,0.));
#5682 = ADVANCED_FACE('',(#5683),#5694,.F.);
#5683 = FACE_BOUND('',#5684,.T.);
#5684 = EDGE_LOOP('',(#5685,#5686,#5692,#5693));
#5685 = ORIENTED_EDGE('',*,*,#3483,.T.);
#5686 = ORIENTED_EDGE('',*,*,#5687,.T.);
#5687 = EDGE_CURVE('',#3484,#4480,#5688,.T.);
#5688 = LINE('',#5689,#5690);
#5689 = CARTESIAN_POINT('',(79.8,-34.05,-3.6E-02));
#5690 = VECTOR('',#5691,1.);
#5691 = DIRECTION('',(0.,0.,1.));
#5692 = ORIENTED_EDGE('',*,*,#4479,.F.);
#5693 = ORIENTED_EDGE('',*,*,#5687,.F.);
#5694 = CYLINDRICAL_SURFACE('',#5695,0.15);
#5695 = AXIS2_PLACEMENT_3D('',#5696,#5697,#5698);
#5696 = CARTESIAN_POINT('',(79.8,-33.9,-3.6E-02));
#5697 = DIRECTION('',(-0.,-0.,-1.));
#5698 = DIRECTION('',(-9.473903143468E-14,-1.,0.));
#5699 = ADVANCED_FACE('',(#5700),#5711,.F.);
#5700 = FACE_BOUND('',#5701,.T.);
#5701 = EDGE_LOOP('',(#5702,#5703,#5709,#5710));
#5702 = ORIENTED_EDGE('',*,*,#3494,.T.);
#5703 = ORIENTED_EDGE('',*,*,#5704,.T.);
#5704 = EDGE_CURVE('',#3495,#4491,#5705,.T.);
#5705 = LINE('',#5706,#5707);
#5706 = CARTESIAN_POINT('',(80.4,-33.35,-3.6E-02));
#5707 = VECTOR('',#5708,1.);
#5708 = DIRECTION('',(0.,0.,1.));
#5709 = ORIENTED_EDGE('',*,*,#4490,.F.);
#5710 = ORIENTED_EDGE('',*,*,#5704,.F.);
#5711 = CYLINDRICAL_SURFACE('',#5712,0.15);
#5712 = AXIS2_PLACEMENT_3D('',#5713,#5714,#5715);
#5713 = CARTESIAN_POINT('',(80.4,-33.2,-3.6E-02));
#5714 = DIRECTION('',(-0.,-0.,-1.));
#5715 = DIRECTION('',(-0.,-1.,0.));
#5716 = ADVANCED_FACE('',(#5717),#5728,.F.);
#5717 = FACE_BOUND('',#5718,.T.);
#5718 = EDGE_LOOP('',(#5719,#5720,#5726,#5727));
#5719 = ORIENTED_EDGE('',*,*,#3505,.T.);
#5720 = ORIENTED_EDGE('',*,*,#5721,.T.);
#5721 = EDGE_CURVE('',#3506,#4502,#5722,.T.);
#5722 = LINE('',#5723,#5724);
#5723 = CARTESIAN_POINT('',(67.335,-31.361478,-3.6E-02));
#5724 = VECTOR('',#5725,1.);
#5725 = DIRECTION('',(0.,0.,1.));
#5726 = ORIENTED_EDGE('',*,*,#4501,.F.);
#5727 = ORIENTED_EDGE('',*,*,#5721,.F.);
#5728 = CYLINDRICAL_SURFACE('',#5729,0.15);
#5729 = AXIS2_PLACEMENT_3D('',#5730,#5731,#5732);
#5730 = CARTESIAN_POINT('',(67.335,-31.211478,-3.6E-02));
#5731 = DIRECTION('',(-0.,-0.,-1.));
#5732 = DIRECTION('',(-9.473903143469E-14,-1.,0.));
#5733 = ADVANCED_FACE('',(#5734),#5745,.F.);
#5734 = FACE_BOUND('',#5735,.T.);
#5735 = EDGE_LOOP('',(#5736,#5737,#5743,#5744));
#5736 = ORIENTED_EDGE('',*,*,#3516,.T.);
#5737 = ORIENTED_EDGE('',*,*,#5738,.T.);
#5738 = EDGE_CURVE('',#3517,#4513,#5739,.T.);
#5739 = LINE('',#5740,#5741);
#5740 = CARTESIAN_POINT('',(67.295734,-30.035349,-3.6E-02));
#5741 = VECTOR('',#5742,1.);
#5742 = DIRECTION('',(0.,0.,1.));
#5743 = ORIENTED_EDGE('',*,*,#4512,.F.);
#5744 = ORIENTED_EDGE('',*,*,#5738,.F.);
#5745 = CYLINDRICAL_SURFACE('',#5746,0.15);
#5746 = AXIS2_PLACEMENT_3D('',#5747,#5748,#5749);
#5747 = CARTESIAN_POINT('',(67.295734,-29.885349,-3.6E-02));
#5748 = DIRECTION('',(-0.,-0.,-1.));
#5749 = DIRECTION('',(-9.473903143469E-14,-1.,0.));
#5750 = ADVANCED_FACE('',(#5751),#5762,.F.);
#5751 = FACE_BOUND('',#5752,.T.);
#5752 = EDGE_LOOP('',(#5753,#5754,#5760,#5761));
#5753 = ORIENTED_EDGE('',*,*,#3527,.T.);
#5754 = ORIENTED_EDGE('',*,*,#5755,.T.);
#5755 = EDGE_CURVE('',#3528,#4524,#5756,.T.);
#5756 = LINE('',#5757,#5758);
#5757 = CARTESIAN_POINT('',(67.310018,-28.464055,-3.6E-02));
#5758 = VECTOR('',#5759,1.);
#5759 = DIRECTION('',(0.,0.,1.));
#5760 = ORIENTED_EDGE('',*,*,#4523,.F.);
#5761 = ORIENTED_EDGE('',*,*,#5755,.F.);
#5762 = CYLINDRICAL_SURFACE('',#5763,0.15);
#5763 = AXIS2_PLACEMENT_3D('',#5764,#5765,#5766);
#5764 = CARTESIAN_POINT('',(67.310018,-28.314055,-3.6E-02));
#5765 = DIRECTION('',(-0.,-0.,-1.));
#5766 = DIRECTION('',(-0.,-1.,0.));
#5767 = ADVANCED_FACE('',(#5768),#5779,.F.);
#5768 = FACE_BOUND('',#5769,.T.);
#5769 = EDGE_LOOP('',(#5770,#5771,#5777,#5778));
#5770 = ORIENTED_EDGE('',*,*,#3538,.T.);
#5771 = ORIENTED_EDGE('',*,*,#5772,.T.);
#5772 = EDGE_CURVE('',#3539,#4535,#5773,.T.);
#5773 = LINE('',#5774,#5775);
#5774 = CARTESIAN_POINT('',(67.305,-26.95,-3.6E-02));
#5775 = VECTOR('',#5776,1.);
#5776 = DIRECTION('',(0.,0.,1.));
#5777 = ORIENTED_EDGE('',*,*,#4534,.F.);
#5778 = ORIENTED_EDGE('',*,*,#5772,.F.);
#5779 = CYLINDRICAL_SURFACE('',#5780,0.15);
#5780 = AXIS2_PLACEMENT_3D('',#5781,#5782,#5783);
#5781 = CARTESIAN_POINT('',(67.305,-26.8,-3.6E-02));
#5782 = DIRECTION('',(-0.,-0.,-1.));
#5783 = DIRECTION('',(-0.,-1.,0.));
#5784 = ADVANCED_FACE('',(#5785),#5796,.F.);
#5785 = FACE_BOUND('',#5786,.T.);
#5786 = EDGE_LOOP('',(#5787,#5788,#5794,#5795));
#5787 = ORIENTED_EDGE('',*,*,#3549,.T.);
#5788 = ORIENTED_EDGE('',*,*,#5789,.T.);
#5789 = EDGE_CURVE('',#3550,#4546,#5790,.T.);
#5790 = LINE('',#5791,#5792);
#5791 = CARTESIAN_POINT('',(67.355,-25.35,-3.6E-02));
#5792 = VECTOR('',#5793,1.);
#5793 = DIRECTION('',(0.,0.,1.));
#5794 = ORIENTED_EDGE('',*,*,#4545,.F.);
#5795 = ORIENTED_EDGE('',*,*,#5789,.F.);
#5796 = CYLINDRICAL_SURFACE('',#5797,0.15);
#5797 = AXIS2_PLACEMENT_3D('',#5798,#5799,#5800);
#5798 = CARTESIAN_POINT('',(67.355,-25.2,-3.6E-02));
#5799 = DIRECTION('',(-0.,0.,-1.));
#5800 = DIRECTION('',(9.473903143467E-14,-1.,-0.));
#5801 = ADVANCED_FACE('',(#5802),#5813,.F.);
#5802 = FACE_BOUND('',#5803,.T.);
#5803 = EDGE_LOOP('',(#5804,#5805,#5811,#5812));
#5804 = ORIENTED_EDGE('',*,*,#3560,.T.);
#5805 = ORIENTED_EDGE('',*,*,#5806,.T.);
#5806 = EDGE_CURVE('',#3561,#4557,#5807,.T.);
#5807 = LINE('',#5808,#5809);
#5808 = CARTESIAN_POINT('',(69.235,-31.453155,-3.6E-02));
#5809 = VECTOR('',#5810,1.);
#5810 = DIRECTION('',(0.,0.,1.));
#5811 = ORIENTED_EDGE('',*,*,#4556,.F.);
#5812 = ORIENTED_EDGE('',*,*,#5806,.F.);
#5813 = CYLINDRICAL_SURFACE('',#5814,0.15);
#5814 = AXIS2_PLACEMENT_3D('',#5815,#5816,#5817);
#5815 = CARTESIAN_POINT('',(69.235,-31.303155,-3.6E-02));
#5816 = DIRECTION('',(-0.,-0.,-1.));
#5817 = DIRECTION('',(-0.,-1.,0.));
#5818 = ADVANCED_FACE('',(#5819),#5830,.F.);
#5819 = FACE_BOUND('',#5820,.T.);
#5820 = EDGE_LOOP('',(#5821,#5822,#5828,#5829));
#5821 = ORIENTED_EDGE('',*,*,#3571,.T.);
#5822 = ORIENTED_EDGE('',*,*,#5823,.T.);
#5823 = EDGE_CURVE('',#3572,#4568,#5824,.T.);
#5824 = LINE('',#5825,#5826);
#5825 = CARTESIAN_POINT('',(69.1,-29.85,-3.6E-02));
#5826 = VECTOR('',#5827,1.);
#5827 = DIRECTION('',(0.,0.,1.));
#5828 = ORIENTED_EDGE('',*,*,#4567,.F.);
#5829 = ORIENTED_EDGE('',*,*,#5823,.F.);
#5830 = CYLINDRICAL_SURFACE('',#5831,0.15);
#5831 = AXIS2_PLACEMENT_3D('',#5832,#5833,#5834);
#5832 = CARTESIAN_POINT('',(69.1,-29.7,-3.6E-02));
#5833 = DIRECTION('',(-0.,-0.,-1.));
#5834 = DIRECTION('',(-0.,-1.,0.));
#5835 = ADVANCED_FACE('',(#5836),#5847,.F.);
#5836 = FACE_BOUND('',#5837,.T.);
#5837 = EDGE_LOOP('',(#5838,#5839,#5845,#5846));
#5838 = ORIENTED_EDGE('',*,*,#3582,.T.);
#5839 = ORIENTED_EDGE('',*,*,#5840,.T.);
#5840 = EDGE_CURVE('',#3583,#4579,#5841,.T.);
#5841 = LINE('',#5842,#5843);
#5842 = CARTESIAN_POINT('',(71.035,-31.453155,-3.6E-02));
#5843 = VECTOR('',#5844,1.);
#5844 = DIRECTION('',(0.,0.,1.));
#5845 = ORIENTED_EDGE('',*,*,#4578,.F.);
#5846 = ORIENTED_EDGE('',*,*,#5840,.F.);
#5847 = CYLINDRICAL_SURFACE('',#5848,0.15);
#5848 = AXIS2_PLACEMENT_3D('',#5849,#5850,#5851);
#5849 = CARTESIAN_POINT('',(71.035,-31.303155,-3.6E-02));
#5850 = DIRECTION('',(-0.,-0.,-1.));
#5851 = DIRECTION('',(-0.,-1.,0.));
#5852 = ADVANCED_FACE('',(#5853),#5864,.F.);
#5853 = FACE_BOUND('',#5854,.T.);
#5854 = EDGE_LOOP('',(#5855,#5856,#5862,#5863));
#5855 = ORIENTED_EDGE('',*,*,#3593,.T.);
#5856 = ORIENTED_EDGE('',*,*,#5857,.T.);
#5857 = EDGE_CURVE('',#3594,#4590,#5858,.T.);
#5858 = LINE('',#5859,#5860);
#5859 = CARTESIAN_POINT('',(72.7,-31.55,-3.6E-02));
#5860 = VECTOR('',#5861,1.);
#5861 = DIRECTION('',(0.,0.,1.));
#5862 = ORIENTED_EDGE('',*,*,#4589,.F.);
#5863 = ORIENTED_EDGE('',*,*,#5857,.F.);
#5864 = CYLINDRICAL_SURFACE('',#5865,0.15);
#5865 = AXIS2_PLACEMENT_3D('',#5866,#5867,#5868);
#5866 = CARTESIAN_POINT('',(72.7,-31.4,-3.6E-02));
#5867 = DIRECTION('',(-0.,0.,-1.));
#5868 = DIRECTION('',(9.473903143467E-14,-1.,-0.));
#5869 = ADVANCED_FACE('',(#5870),#5881,.F.);
#5870 = FACE_BOUND('',#5871,.T.);
#5871 = EDGE_LOOP('',(#5872,#5873,#5879,#5880));
#5872 = ORIENTED_EDGE('',*,*,#3604,.T.);
#5873 = ORIENTED_EDGE('',*,*,#5874,.T.);
#5874 = EDGE_CURVE('',#3605,#4601,#5875,.T.);
#5875 = LINE('',#5876,#5877);
#5876 = CARTESIAN_POINT('',(70.999411,-30.056396,-3.6E-02));
#5877 = VECTOR('',#5878,1.);
#5878 = DIRECTION('',(0.,0.,1.));
#5879 = ORIENTED_EDGE('',*,*,#4600,.F.);
#5880 = ORIENTED_EDGE('',*,*,#5874,.F.);
#5881 = CYLINDRICAL_SURFACE('',#5882,0.15);
#5882 = AXIS2_PLACEMENT_3D('',#5883,#5884,#5885);
#5883 = CARTESIAN_POINT('',(70.999411,-29.906396,-3.6E-02));
#5884 = DIRECTION('',(-0.,-0.,-1.));
#5885 = DIRECTION('',(-9.473903143469E-14,-1.,0.));
#5886 = ADVANCED_FACE('',(#5887),#5898,.F.);
#5887 = FACE_BOUND('',#5888,.T.);
#5888 = EDGE_LOOP('',(#5889,#5890,#5896,#5897));
#5889 = ORIENTED_EDGE('',*,*,#3615,.T.);
#5890 = ORIENTED_EDGE('',*,*,#5891,.T.);
#5891 = EDGE_CURVE('',#3616,#4612,#5892,.T.);
#5892 = LINE('',#5893,#5894);
#5893 = CARTESIAN_POINT('',(72.7,-30.15,-3.6E-02));
#5894 = VECTOR('',#5895,1.);
#5895 = DIRECTION('',(0.,0.,1.));
#5896 = ORIENTED_EDGE('',*,*,#4611,.F.);
#5897 = ORIENTED_EDGE('',*,*,#5891,.F.);
#5898 = CYLINDRICAL_SURFACE('',#5899,0.15);
#5899 = AXIS2_PLACEMENT_3D('',#5900,#5901,#5902);
#5900 = CARTESIAN_POINT('',(72.7,-30.,-3.6E-02));
#5901 = DIRECTION('',(-0.,0.,-1.));
#5902 = DIRECTION('',(9.473903143467E-14,-1.,-0.));
#5903 = ADVANCED_FACE('',(#5904),#5915,.F.);
#5904 = FACE_BOUND('',#5905,.T.);
#5905 = EDGE_LOOP('',(#5906,#5907,#5913,#5914));
#5906 = ORIENTED_EDGE('',*,*,#3626,.T.);
#5907 = ORIENTED_EDGE('',*,*,#5908,.T.);
#5908 = EDGE_CURVE('',#3627,#4623,#5909,.T.);
#5909 = LINE('',#5910,#5911);
#5910 = CARTESIAN_POINT('',(69.175465,-28.481403,-3.6E-02));
#5911 = VECTOR('',#5912,1.);
#5912 = DIRECTION('',(0.,0.,1.));
#5913 = ORIENTED_EDGE('',*,*,#4622,.F.);
#5914 = ORIENTED_EDGE('',*,*,#5908,.F.);
#5915 = CYLINDRICAL_SURFACE('',#5916,0.15);
#5916 = AXIS2_PLACEMENT_3D('',#5917,#5918,#5919);
#5917 = CARTESIAN_POINT('',(69.175465,-28.331403,-3.6E-02));
#5918 = DIRECTION('',(-0.,-0.,-1.));
#5919 = DIRECTION('',(-0.,-1.,0.));
#5920 = ADVANCED_FACE('',(#5921),#5932,.F.);
#5921 = FACE_BOUND('',#5922,.T.);
#5922 = EDGE_LOOP('',(#5923,#5924,#5930,#5931));
#5923 = ORIENTED_EDGE('',*,*,#3637,.T.);
#5924 = ORIENTED_EDGE('',*,*,#5925,.T.);
#5925 = EDGE_CURVE('',#3638,#4634,#5926,.T.);
#5926 = LINE('',#5927,#5928);
#5927 = CARTESIAN_POINT('',(69.164425,-27.081617,-3.6E-02));
#5928 = VECTOR('',#5929,1.);
#5929 = DIRECTION('',(0.,0.,1.));
#5930 = ORIENTED_EDGE('',*,*,#4633,.F.);
#5931 = ORIENTED_EDGE('',*,*,#5925,.F.);
#5932 = CYLINDRICAL_SURFACE('',#5933,0.15);
#5933 = AXIS2_PLACEMENT_3D('',#5934,#5935,#5936);
#5934 = CARTESIAN_POINT('',(69.164425,-26.931617,-3.6E-02));
#5935 = DIRECTION('',(-0.,-0.,-1.));
#5936 = DIRECTION('',(-0.,-1.,0.));
#5937 = ADVANCED_FACE('',(#5938),#5949,.F.);
#5938 = FACE_BOUND('',#5939,.T.);
#5939 = EDGE_LOOP('',(#5940,#5941,#5947,#5948));
#5940 = ORIENTED_EDGE('',*,*,#3648,.T.);
#5941 = ORIENTED_EDGE('',*,*,#5942,.T.);
#5942 = EDGE_CURVE('',#3649,#4645,#5943,.T.);
#5943 = LINE('',#5944,#5945);
#5944 = CARTESIAN_POINT('',(69.2,-25.75,-3.6E-02));
#5945 = VECTOR('',#5946,1.);
#5946 = DIRECTION('',(0.,0.,1.));
#5947 = ORIENTED_EDGE('',*,*,#4644,.F.);
#5948 = ORIENTED_EDGE('',*,*,#5942,.F.);
#5949 = CYLINDRICAL_SURFACE('',#5950,0.15);
#5950 = AXIS2_PLACEMENT_3D('',#5951,#5952,#5953);
#5951 = CARTESIAN_POINT('',(69.2,-25.6,-3.6E-02));
#5952 = DIRECTION('',(-0.,0.,-1.));
#5953 = DIRECTION('',(9.473903143467E-14,-1.,-0.));
#5954 = ADVANCED_FACE('',(#5955),#5966,.F.);
#5955 = FACE_BOUND('',#5956,.T.);
#5956 = EDGE_LOOP('',(#5957,#5958,#5964,#5965));
#5957 = ORIENTED_EDGE('',*,*,#3659,.T.);
#5958 = ORIENTED_EDGE('',*,*,#5959,.T.);
#5959 = EDGE_CURVE('',#3660,#4656,#5960,.T.);
#5960 = LINE('',#5961,#5962);
#5961 = CARTESIAN_POINT('',(71.039081,-28.554708,-3.6E-02));
#5962 = VECTOR('',#5963,1.);
#5963 = DIRECTION('',(0.,0.,1.));
#5964 = ORIENTED_EDGE('',*,*,#4655,.F.);
#5965 = ORIENTED_EDGE('',*,*,#5959,.F.);
#5966 = CYLINDRICAL_SURFACE('',#5967,0.15);
#5967 = AXIS2_PLACEMENT_3D('',#5968,#5969,#5970);
#5968 = CARTESIAN_POINT('',(71.039081,-28.404708,-3.6E-02));
#5969 = DIRECTION('',(-0.,-0.,-1.));
#5970 = DIRECTION('',(-9.473903143469E-14,-1.,0.));
#5971 = ADVANCED_FACE('',(#5972),#5983,.F.);
#5972 = FACE_BOUND('',#5973,.T.);
#5973 = EDGE_LOOP('',(#5974,#5975,#5981,#5982));
#5974 = ORIENTED_EDGE('',*,*,#3670,.T.);
#5975 = ORIENTED_EDGE('',*,*,#5976,.T.);
#5976 = EDGE_CURVE('',#3671,#4667,#5977,.T.);
#5977 = LINE('',#5978,#5979);
#5978 = CARTESIAN_POINT('',(71.,-27.15,-3.6E-02));
#5979 = VECTOR('',#5980,1.);
#5980 = DIRECTION('',(0.,0.,1.));
#5981 = ORIENTED_EDGE('',*,*,#4666,.F.);
#5982 = ORIENTED_EDGE('',*,*,#5976,.F.);
#5983 = CYLINDRICAL_SURFACE('',#5984,0.15);
#5984 = AXIS2_PLACEMENT_3D('',#5985,#5986,#5987);
#5985 = CARTESIAN_POINT('',(71.,-27.,-3.6E-02));
#5986 = DIRECTION('',(-0.,-0.,-1.));
#5987 = DIRECTION('',(-0.,-1.,0.));
#5988 = ADVANCED_FACE('',(#5989),#6000,.F.);
#5989 = FACE_BOUND('',#5990,.T.);
#5990 = EDGE_LOOP('',(#5991,#5992,#5998,#5999));
#5991 = ORIENTED_EDGE('',*,*,#3681,.T.);
#5992 = ORIENTED_EDGE('',*,*,#5993,.T.);
#5993 = EDGE_CURVE('',#3682,#4678,#5994,.T.);
#5994 = LINE('',#5995,#5996);
#5995 = CARTESIAN_POINT('',(72.7,-28.65,-3.6E-02));
#5996 = VECTOR('',#5997,1.);
#5997 = DIRECTION('',(0.,0.,1.));
#5998 = ORIENTED_EDGE('',*,*,#4677,.F.);
#5999 = ORIENTED_EDGE('',*,*,#5993,.F.);
#6000 = CYLINDRICAL_SURFACE('',#6001,0.15);
#6001 = AXIS2_PLACEMENT_3D('',#6002,#6003,#6004);
#6002 = CARTESIAN_POINT('',(72.7,-28.5,-3.6E-02));
#6003 = DIRECTION('',(-0.,0.,-1.));
#6004 = DIRECTION('',(9.473903143467E-14,-1.,-0.));
#6005 = ADVANCED_FACE('',(#6006),#6017,.F.);
#6006 = FACE_BOUND('',#6007,.T.);
#6007 = EDGE_LOOP('',(#6008,#6009,#6015,#6016));
#6008 = ORIENTED_EDGE('',*,*,#3692,.T.);
#6009 = ORIENTED_EDGE('',*,*,#6010,.T.);
#6010 = EDGE_CURVE('',#3693,#4689,#6011,.T.);
#6011 = LINE('',#6012,#6013);
#6012 = CARTESIAN_POINT('',(72.7,-27.15,-3.6E-02));
#6013 = VECTOR('',#6014,1.);
#6014 = DIRECTION('',(0.,0.,1.));
#6015 = ORIENTED_EDGE('',*,*,#4688,.F.);
#6016 = ORIENTED_EDGE('',*,*,#6010,.F.);
#6017 = CYLINDRICAL_SURFACE('',#6018,0.15);
#6018 = AXIS2_PLACEMENT_3D('',#6019,#6020,#6021);
#6019 = CARTESIAN_POINT('',(72.7,-27.,-3.6E-02));
#6020 = DIRECTION('',(-0.,0.,-1.));
#6021 = DIRECTION('',(9.473903143467E-14,-1.,-0.));
#6022 = ADVANCED_FACE('',(#6023),#6034,.F.);
#6023 = FACE_BOUND('',#6024,.T.);
#6024 = EDGE_LOOP('',(#6025,#6026,#6032,#6033));
#6025 = ORIENTED_EDGE('',*,*,#3703,.T.);
#6026 = ORIENTED_EDGE('',*,*,#6027,.T.);
#6027 = EDGE_CURVE('',#3704,#4700,#6028,.T.);
#6028 = LINE('',#6029,#6030);
#6029 = CARTESIAN_POINT('',(71.,-25.55,-3.6E-02));
#6030 = VECTOR('',#6031,1.);
#6031 = DIRECTION('',(0.,0.,1.));
#6032 = ORIENTED_EDGE('',*,*,#4699,.F.);
#6033 = ORIENTED_EDGE('',*,*,#6027,.F.);
#6034 = CYLINDRICAL_SURFACE('',#6035,0.15);
#6035 = AXIS2_PLACEMENT_3D('',#6036,#6037,#6038);
#6036 = CARTESIAN_POINT('',(71.,-25.4,-3.6E-02));
#6037 = DIRECTION('',(-0.,-0.,-1.));
#6038 = DIRECTION('',(-0.,-1.,0.));
#6039 = ADVANCED_FACE('',(#6040),#6051,.F.);
#6040 = FACE_BOUND('',#6041,.T.);
#6041 = EDGE_LOOP('',(#6042,#6043,#6049,#6050));
#6042 = ORIENTED_EDGE('',*,*,#3714,.T.);
#6043 = ORIENTED_EDGE('',*,*,#6044,.T.);
#6044 = EDGE_CURVE('',#3715,#4711,#6045,.T.);
#6045 = LINE('',#6046,#6047);
#6046 = CARTESIAN_POINT('',(72.7,-25.75,-3.6E-02));
#6047 = VECTOR('',#6048,1.);
#6048 = DIRECTION('',(0.,0.,1.));
#6049 = ORIENTED_EDGE('',*,*,#4710,.F.);
#6050 = ORIENTED_EDGE('',*,*,#6044,.F.);
#6051 = CYLINDRICAL_SURFACE('',#6052,0.15);
#6052 = AXIS2_PLACEMENT_3D('',#6053,#6054,#6055);
#6053 = CARTESIAN_POINT('',(72.7,-25.6,-3.6E-02));
#6054 = DIRECTION('',(-0.,0.,-1.));
#6055 = DIRECTION('',(9.473903143467E-14,-1.,-0.));
#6056 = ADVANCED_FACE('',(#6057),#6068,.F.);
#6057 = FACE_BOUND('',#6058,.T.);
#6058 = EDGE_LOOP('',(#6059,#6060,#6066,#6067));
#6059 = ORIENTED_EDGE('',*,*,#3725,.T.);
#6060 = ORIENTED_EDGE('',*,*,#6061,.T.);
#6061 = EDGE_CURVE('',#3726,#4722,#6062,.T.);
#6062 = LINE('',#6063,#6064);
#6063 = CARTESIAN_POINT('',(67.345,-23.759093,-3.6E-02));
#6064 = VECTOR('',#6065,1.);
#6065 = DIRECTION('',(0.,0.,1.));
#6066 = ORIENTED_EDGE('',*,*,#4721,.F.);
#6067 = ORIENTED_EDGE('',*,*,#6061,.F.);
#6068 = CYLINDRICAL_SURFACE('',#6069,0.15);
#6069 = AXIS2_PLACEMENT_3D('',#6070,#6071,#6072);
#6070 = CARTESIAN_POINT('',(67.345,-23.609093,-3.6E-02));
#6071 = DIRECTION('',(-0.,-0.,-1.));
#6072 = DIRECTION('',(-0.,-1.,0.));
#6073 = ADVANCED_FACE('',(#6074),#6085,.F.);
#6074 = FACE_BOUND('',#6075,.T.);
#6075 = EDGE_LOOP('',(#6076,#6077,#6083,#6084));
#6076 = ORIENTED_EDGE('',*,*,#3736,.T.);
#6077 = ORIENTED_EDGE('',*,*,#6078,.T.);
#6078 = EDGE_CURVE('',#3737,#4733,#6079,.T.);
#6079 = LINE('',#6080,#6081);
#6080 = CARTESIAN_POINT('',(69.2,-24.15,-3.6E-02));
#6081 = VECTOR('',#6082,1.);
#6082 = DIRECTION('',(0.,0.,1.));
#6083 = ORIENTED_EDGE('',*,*,#4732,.F.);
#6084 = ORIENTED_EDGE('',*,*,#6078,.F.);
#6085 = CYLINDRICAL_SURFACE('',#6086,0.15);
#6086 = AXIS2_PLACEMENT_3D('',#6087,#6088,#6089);
#6087 = CARTESIAN_POINT('',(69.2,-24.,-3.6E-02));
#6088 = DIRECTION('',(-0.,0.,-1.));
#6089 = DIRECTION('',(9.473903143467E-14,-1.,-0.));
#6090 = ADVANCED_FACE('',(#6091),#6102,.F.);
#6091 = FACE_BOUND('',#6092,.T.);
#6092 = EDGE_LOOP('',(#6093,#6094,#6100,#6101));
#6093 = ORIENTED_EDGE('',*,*,#3747,.T.);
#6094 = ORIENTED_EDGE('',*,*,#6095,.T.);
#6095 = EDGE_CURVE('',#3748,#4744,#6096,.T.);
#6096 = LINE('',#6097,#6098);
#6097 = CARTESIAN_POINT('',(71.,-24.15,-3.6E-02));
#6098 = VECTOR('',#6099,1.);
#6099 = DIRECTION('',(0.,0.,1.));
#6100 = ORIENTED_EDGE('',*,*,#4743,.F.);
#6101 = ORIENTED_EDGE('',*,*,#6095,.F.);
#6102 = CYLINDRICAL_SURFACE('',#6103,0.15);
#6103 = AXIS2_PLACEMENT_3D('',#6104,#6105,#6106);
#6104 = CARTESIAN_POINT('',(71.,-24.,-3.6E-02));
#6105 = DIRECTION('',(-0.,-0.,-1.));
#6106 = DIRECTION('',(-0.,-1.,0.));
#6107 = ADVANCED_FACE('',(#6108),#6119,.F.);
#6108 = FACE_BOUND('',#6109,.T.);
#6109 = EDGE_LOOP('',(#6110,#6111,#6117,#6118));
#6110 = ORIENTED_EDGE('',*,*,#3758,.T.);
#6111 = ORIENTED_EDGE('',*,*,#6112,.T.);
#6112 = EDGE_CURVE('',#3759,#4755,#6113,.T.);
#6113 = LINE('',#6114,#6115);
#6114 = CARTESIAN_POINT('',(72.8,-24.15,-3.6E-02));
#6115 = VECTOR('',#6116,1.);
#6116 = DIRECTION('',(0.,0.,1.));
#6117 = ORIENTED_EDGE('',*,*,#4754,.F.);
#6118 = ORIENTED_EDGE('',*,*,#6112,.F.);
#6119 = CYLINDRICAL_SURFACE('',#6120,0.15);
#6120 = AXIS2_PLACEMENT_3D('',#6121,#6122,#6123);
#6121 = CARTESIAN_POINT('',(72.8,-24.,-3.6E-02));
#6122 = DIRECTION('',(-0.,-0.,-1.));
#6123 = DIRECTION('',(-9.473903143469E-14,-1.,0.));
#6124 = ADVANCED_FACE('',(#6125),#6136,.F.);
#6125 = FACE_BOUND('',#6126,.T.);
#6126 = EDGE_LOOP('',(#6127,#6128,#6134,#6135));
#6127 = ORIENTED_EDGE('',*,*,#3769,.T.);
#6128 = ORIENTED_EDGE('',*,*,#6129,.T.);
#6129 = EDGE_CURVE('',#3770,#4766,#6130,.T.);
#6130 = LINE('',#6131,#6132);
#6131 = CARTESIAN_POINT('',(68.8,-18.9,-4.6E-02));
#6132 = VECTOR('',#6133,1.);
#6133 = DIRECTION('',(0.,0.,1.));
#6134 = ORIENTED_EDGE('',*,*,#4765,.F.);
#6135 = ORIENTED_EDGE('',*,*,#6129,.F.);
#6136 = CYLINDRICAL_SURFACE('',#6137,0.4);
#6137 = AXIS2_PLACEMENT_3D('',#6138,#6139,#6140);
#6138 = CARTESIAN_POINT('',(68.8,-18.5,-4.6E-02));
#6139 = DIRECTION('',(-0.,-0.,-1.));
#6140 = DIRECTION('',(-3.552713678801E-14,-1.,0.));
#6141 = ADVANCED_FACE('',(#6142),#6153,.F.);
#6142 = FACE_BOUND('',#6143,.T.);
#6143 = EDGE_LOOP('',(#6144,#6145,#6151,#6152));
#6144 = ORIENTED_EDGE('',*,*,#3780,.T.);
#6145 = ORIENTED_EDGE('',*,*,#6146,.T.);
#6146 = EDGE_CURVE('',#3781,#4777,#6147,.T.);
#6147 = LINE('',#6148,#6149);
#6148 = CARTESIAN_POINT('',(70.8,-18.9,-4.6E-02));
#6149 = VECTOR('',#6150,1.);
#6150 = DIRECTION('',(0.,0.,1.));
#6151 = ORIENTED_EDGE('',*,*,#4776,.F.);
#6152 = ORIENTED_EDGE('',*,*,#6146,.F.);
#6153 = CYLINDRICAL_SURFACE('',#6154,0.4);
#6154 = AXIS2_PLACEMENT_3D('',#6155,#6156,#6157);
#6155 = CARTESIAN_POINT('',(70.8,-18.5,-4.6E-02));
#6156 = DIRECTION('',(-0.,-0.,-1.));
#6157 = DIRECTION('',(-3.552713678801E-14,-1.,0.));
#6158 = ADVANCED_FACE('',(#6159),#6170,.F.);
#6159 = FACE_BOUND('',#6160,.T.);
#6160 = EDGE_LOOP('',(#6161,#6162,#6168,#6169));
#6161 = ORIENTED_EDGE('',*,*,#3791,.T.);
#6162 = ORIENTED_EDGE('',*,*,#6163,.T.);
#6163 = EDGE_CURVE('',#3792,#4788,#6164,.T.);
#6164 = LINE('',#6165,#6166);
#6165 = CARTESIAN_POINT('',(72.8,-18.9,-4.6E-02));
#6166 = VECTOR('',#6167,1.);
#6167 = DIRECTION('',(0.,0.,1.));
#6168 = ORIENTED_EDGE('',*,*,#4787,.F.);
#6169 = ORIENTED_EDGE('',*,*,#6163,.F.);
#6170 = CYLINDRICAL_SURFACE('',#6171,0.4);
#6171 = AXIS2_PLACEMENT_3D('',#6172,#6173,#6174);
#6172 = CARTESIAN_POINT('',(72.8,-18.5,-4.6E-02));
#6173 = DIRECTION('',(-0.,-0.,-1.));
#6174 = DIRECTION('',(-3.552713678801E-14,-1.,0.));
#6175 = ADVANCED_FACE('',(#6176),#6187,.F.);
#6176 = FACE_BOUND('',#6177,.T.);
#6177 = EDGE_LOOP('',(#6178,#6179,#6185,#6186));
#6178 = ORIENTED_EDGE('',*,*,#3802,.T.);
#6179 = ORIENTED_EDGE('',*,*,#6180,.T.);
#6180 = EDGE_CURVE('',#3803,#4799,#6181,.T.);
#6181 = LINE('',#6182,#6183);
#6182 = CARTESIAN_POINT('',(74.4,-31.55,-3.6E-02));
#6183 = VECTOR('',#6184,1.);
#6184 = DIRECTION('',(0.,0.,1.));
#6185 = ORIENTED_EDGE('',*,*,#4798,.F.);
#6186 = ORIENTED_EDGE('',*,*,#6180,.F.);
#6187 = CYLINDRICAL_SURFACE('',#6188,0.15);
#6188 = AXIS2_PLACEMENT_3D('',#6189,#6190,#6191);
#6189 = CARTESIAN_POINT('',(74.4,-31.4,-3.6E-02));
#6190 = DIRECTION('',(-0.,-0.,-1.));
#6191 = DIRECTION('',(-0.,-1.,0.));
#6192 = ADVANCED_FACE('',(#6193),#6204,.F.);
#6193 = FACE_BOUND('',#6194,.T.);
#6194 = EDGE_LOOP('',(#6195,#6196,#6202,#6203));
#6195 = ORIENTED_EDGE('',*,*,#3813,.T.);
#6196 = ORIENTED_EDGE('',*,*,#6197,.T.);
#6197 = EDGE_CURVE('',#3814,#4810,#6198,.T.);
#6198 = LINE('',#6199,#6200);
#6199 = CARTESIAN_POINT('',(74.317574,-30.15,-3.6E-02));
#6200 = VECTOR('',#6201,1.);
#6201 = DIRECTION('',(0.,0.,1.));
#6202 = ORIENTED_EDGE('',*,*,#4809,.F.);
#6203 = ORIENTED_EDGE('',*,*,#6197,.F.);
#6204 = CYLINDRICAL_SURFACE('',#6205,0.15);
#6205 = AXIS2_PLACEMENT_3D('',#6206,#6207,#6208);
#6206 = CARTESIAN_POINT('',(74.317574,-30.,-3.6E-02));
#6207 = DIRECTION('',(-0.,-0.,-1.));
#6208 = DIRECTION('',(-9.473903143469E-14,-1.,0.));
#6209 = ADVANCED_FACE('',(#6210),#6221,.F.);
#6210 = FACE_BOUND('',#6211,.T.);
#6211 = EDGE_LOOP('',(#6212,#6213,#6219,#6220));
#6212 = ORIENTED_EDGE('',*,*,#3824,.T.);
#6213 = ORIENTED_EDGE('',*,*,#6214,.T.);
#6214 = EDGE_CURVE('',#3825,#4821,#6215,.T.);
#6215 = LINE('',#6216,#6217);
#6216 = CARTESIAN_POINT('',(76.2,-31.55,-3.6E-02));
#6217 = VECTOR('',#6218,1.);
#6218 = DIRECTION('',(0.,0.,1.));
#6219 = ORIENTED_EDGE('',*,*,#4820,.F.);
#6220 = ORIENTED_EDGE('',*,*,#6214,.F.);
#6221 = CYLINDRICAL_SURFACE('',#6222,0.15);
#6222 = AXIS2_PLACEMENT_3D('',#6223,#6224,#6225);
#6223 = CARTESIAN_POINT('',(76.2,-31.4,-3.6E-02));
#6224 = DIRECTION('',(-0.,0.,-1.));
#6225 = DIRECTION('',(9.473903143467E-14,-1.,-0.));
#6226 = ADVANCED_FACE('',(#6227),#6238,.F.);
#6227 = FACE_BOUND('',#6228,.T.);
#6228 = EDGE_LOOP('',(#6229,#6230,#6236,#6237));
#6229 = ORIENTED_EDGE('',*,*,#3835,.T.);
#6230 = ORIENTED_EDGE('',*,*,#6231,.T.);
#6231 = EDGE_CURVE('',#3836,#4832,#6232,.T.);
#6232 = LINE('',#6233,#6234);
#6233 = CARTESIAN_POINT('',(76.2,-30.15,-3.6E-02));
#6234 = VECTOR('',#6235,1.);
#6235 = DIRECTION('',(0.,0.,1.));
#6236 = ORIENTED_EDGE('',*,*,#4831,.F.);
#6237 = ORIENTED_EDGE('',*,*,#6231,.F.);
#6238 = CYLINDRICAL_SURFACE('',#6239,0.15);
#6239 = AXIS2_PLACEMENT_3D('',#6240,#6241,#6242);
#6240 = CARTESIAN_POINT('',(76.2,-30.,-3.6E-02));
#6241 = DIRECTION('',(-0.,0.,-1.));
#6242 = DIRECTION('',(9.473903143467E-14,-1.,-0.));
#6243 = ADVANCED_FACE('',(#6244),#6255,.F.);
#6244 = FACE_BOUND('',#6245,.T.);
#6245 = EDGE_LOOP('',(#6246,#6247,#6253,#6254));
#6246 = ORIENTED_EDGE('',*,*,#3846,.T.);
#6247 = ORIENTED_EDGE('',*,*,#6248,.T.);
#6248 = EDGE_CURVE('',#3847,#4843,#6249,.T.);
#6249 = LINE('',#6250,#6251);
#6250 = CARTESIAN_POINT('',(74.3,-27.15,-3.6E-02));
#6251 = VECTOR('',#6252,1.);
#6252 = DIRECTION('',(0.,0.,1.));
#6253 = ORIENTED_EDGE('',*,*,#4842,.F.);
#6254 = ORIENTED_EDGE('',*,*,#6248,.F.);
#6255 = CYLINDRICAL_SURFACE('',#6256,0.15);
#6256 = AXIS2_PLACEMENT_3D('',#6257,#6258,#6259);
#6257 = CARTESIAN_POINT('',(74.3,-27.,-3.6E-02));
#6258 = DIRECTION('',(-0.,-0.,-1.));
#6259 = DIRECTION('',(-9.473903143469E-14,-1.,0.));
#6260 = ADVANCED_FACE('',(#6261),#6272,.F.);
#6261 = FACE_BOUND('',#6262,.T.);
#6262 = EDGE_LOOP('',(#6263,#6264,#6270,#6271));
#6263 = ORIENTED_EDGE('',*,*,#3857,.T.);
#6264 = ORIENTED_EDGE('',*,*,#6265,.T.);
#6265 = EDGE_CURVE('',#3858,#4854,#6266,.T.);
#6266 = LINE('',#6267,#6268);
#6267 = CARTESIAN_POINT('',(74.337574,-28.65,-3.6E-02));
#6268 = VECTOR('',#6269,1.);
#6269 = DIRECTION('',(0.,0.,1.));
#6270 = ORIENTED_EDGE('',*,*,#4853,.F.);
#6271 = ORIENTED_EDGE('',*,*,#6265,.F.);
#6272 = CYLINDRICAL_SURFACE('',#6273,0.15);
#6273 = AXIS2_PLACEMENT_3D('',#6274,#6275,#6276);
#6274 = CARTESIAN_POINT('',(74.337574,-28.5,-3.6E-02));
#6275 = DIRECTION('',(-0.,0.,-1.));
#6276 = DIRECTION('',(9.473903143467E-14,-1.,-0.));
#6277 = ADVANCED_FACE('',(#6278),#6289,.F.);
#6278 = FACE_BOUND('',#6279,.T.);
#6279 = EDGE_LOOP('',(#6280,#6281,#6287,#6288));
#6280 = ORIENTED_EDGE('',*,*,#3868,.T.);
#6281 = ORIENTED_EDGE('',*,*,#6282,.T.);
#6282 = EDGE_CURVE('',#3869,#4865,#6283,.T.);
#6283 = LINE('',#6284,#6285);
#6284 = CARTESIAN_POINT('',(74.3,-25.75,-3.6E-02));
#6285 = VECTOR('',#6286,1.);
#6286 = DIRECTION('',(0.,0.,1.));
#6287 = ORIENTED_EDGE('',*,*,#4864,.F.);
#6288 = ORIENTED_EDGE('',*,*,#6282,.F.);
#6289 = CYLINDRICAL_SURFACE('',#6290,0.15);
#6290 = AXIS2_PLACEMENT_3D('',#6291,#6292,#6293);
#6291 = CARTESIAN_POINT('',(74.3,-25.6,-3.6E-02));
#6292 = DIRECTION('',(-0.,-0.,-1.));
#6293 = DIRECTION('',(-9.473903143469E-14,-1.,0.));
#6294 = ADVANCED_FACE('',(#6295),#6306,.F.);
#6295 = FACE_BOUND('',#6296,.T.);
#6296 = EDGE_LOOP('',(#6297,#6298,#6304,#6305));
#6297 = ORIENTED_EDGE('',*,*,#3879,.T.);
#6298 = ORIENTED_EDGE('',*,*,#6299,.T.);
#6299 = EDGE_CURVE('',#3880,#4876,#6300,.T.);
#6300 = LINE('',#6301,#6302);
#6301 = CARTESIAN_POINT('',(76.2,-28.65,-3.6E-02));
#6302 = VECTOR('',#6303,1.);
#6303 = DIRECTION('',(0.,0.,1.));
#6304 = ORIENTED_EDGE('',*,*,#4875,.F.);
#6305 = ORIENTED_EDGE('',*,*,#6299,.F.);
#6306 = CYLINDRICAL_SURFACE('',#6307,0.15);
#6307 = AXIS2_PLACEMENT_3D('',#6308,#6309,#6310);
#6308 = CARTESIAN_POINT('',(76.2,-28.5,-3.6E-02));
#6309 = DIRECTION('',(-0.,0.,-1.));
#6310 = DIRECTION('',(9.473903143467E-14,-1.,-0.));
#6311 = ADVANCED_FACE('',(#6312),#6323,.F.);
#6312 = FACE_BOUND('',#6313,.T.);
#6313 = EDGE_LOOP('',(#6314,#6315,#6321,#6322));
#6314 = ORIENTED_EDGE('',*,*,#3890,.T.);
#6315 = ORIENTED_EDGE('',*,*,#6316,.T.);
#6316 = EDGE_CURVE('',#3891,#4887,#6317,.T.);
#6317 = LINE('',#6318,#6319);
#6318 = CARTESIAN_POINT('',(76.3,-27.15,-3.6E-02));
#6319 = VECTOR('',#6320,1.);
#6320 = DIRECTION('',(0.,0.,1.));
#6321 = ORIENTED_EDGE('',*,*,#4886,.F.);
#6322 = ORIENTED_EDGE('',*,*,#6316,.F.);
#6323 = CYLINDRICAL_SURFACE('',#6324,0.15);
#6324 = AXIS2_PLACEMENT_3D('',#6325,#6326,#6327);
#6325 = CARTESIAN_POINT('',(76.3,-27.,-3.6E-02));
#6326 = DIRECTION('',(-0.,-0.,-1.));
#6327 = DIRECTION('',(-9.473903143469E-14,-1.,0.));
#6328 = ADVANCED_FACE('',(#6329),#6340,.F.);
#6329 = FACE_BOUND('',#6330,.T.);
#6330 = EDGE_LOOP('',(#6331,#6332,#6338,#6339));
#6331 = ORIENTED_EDGE('',*,*,#3901,.T.);
#6332 = ORIENTED_EDGE('',*,*,#6333,.T.);
#6333 = EDGE_CURVE('',#3902,#4898,#6334,.T.);
#6334 = LINE('',#6335,#6336);
#6335 = CARTESIAN_POINT('',(76.2,-25.75,-3.6E-02));
#6336 = VECTOR('',#6337,1.);
#6337 = DIRECTION('',(0.,0.,1.));
#6338 = ORIENTED_EDGE('',*,*,#4897,.F.);
#6339 = ORIENTED_EDGE('',*,*,#6333,.F.);
#6340 = CYLINDRICAL_SURFACE('',#6341,0.15);
#6341 = AXIS2_PLACEMENT_3D('',#6342,#6343,#6344);
#6342 = CARTESIAN_POINT('',(76.2,-25.6,-3.6E-02));
#6343 = DIRECTION('',(-0.,0.,-1.));
#6344 = DIRECTION('',(9.473903143467E-14,-1.,-0.));
#6345 = ADVANCED_FACE('',(#6346),#6357,.F.);
#6346 = FACE_BOUND('',#6347,.T.);
#6347 = EDGE_LOOP('',(#6348,#6349,#6355,#6356));
#6348 = ORIENTED_EDGE('',*,*,#3912,.T.);
#6349 = ORIENTED_EDGE('',*,*,#6350,.T.);
#6350 = EDGE_CURVE('',#3913,#4909,#6351,.T.);
#6351 = LINE('',#6352,#6353);
#6352 = CARTESIAN_POINT('',(78.,-31.55,-3.6E-02));
#6353 = VECTOR('',#6354,1.);
#6354 = DIRECTION('',(0.,0.,1.));
#6355 = ORIENTED_EDGE('',*,*,#4908,.F.);
#6356 = ORIENTED_EDGE('',*,*,#6350,.F.);
#6357 = CYLINDRICAL_SURFACE('',#6358,0.15);
#6358 = AXIS2_PLACEMENT_3D('',#6359,#6360,#6361);
#6359 = CARTESIAN_POINT('',(78.,-31.4,-3.6E-02));
#6360 = DIRECTION('',(-0.,-0.,-1.));
#6361 = DIRECTION('',(-0.,-1.,0.));
#6362 = ADVANCED_FACE('',(#6363),#6374,.F.);
#6363 = FACE_BOUND('',#6364,.T.);
#6364 = EDGE_LOOP('',(#6365,#6366,#6372,#6373));
#6365 = ORIENTED_EDGE('',*,*,#3923,.T.);
#6366 = ORIENTED_EDGE('',*,*,#6367,.T.);
#6367 = EDGE_CURVE('',#3924,#4920,#6368,.T.);
#6368 = LINE('',#6369,#6370);
#6369 = CARTESIAN_POINT('',(77.917574,-30.15,-3.6E-02));
#6370 = VECTOR('',#6371,1.);
#6371 = DIRECTION('',(0.,0.,1.));
#6372 = ORIENTED_EDGE('',*,*,#4919,.F.);
#6373 = ORIENTED_EDGE('',*,*,#6367,.F.);
#6374 = CYLINDRICAL_SURFACE('',#6375,0.15);
#6375 = AXIS2_PLACEMENT_3D('',#6376,#6377,#6378);
#6376 = CARTESIAN_POINT('',(77.917574,-30.,-3.6E-02));
#6377 = DIRECTION('',(-0.,-0.,-1.));
#6378 = DIRECTION('',(-0.,-1.,0.));
#6379 = ADVANCED_FACE('',(#6380),#6391,.F.);
#6380 = FACE_BOUND('',#6381,.T.);
#6381 = EDGE_LOOP('',(#6382,#6383,#6389,#6390));
#6382 = ORIENTED_EDGE('',*,*,#3934,.T.);
#6383 = ORIENTED_EDGE('',*,*,#6384,.T.);
#6384 = EDGE_CURVE('',#3935,#4931,#6385,.T.);
#6385 = LINE('',#6386,#6387);
#6386 = CARTESIAN_POINT('',(80.3,-32.15,-3.6E-02));
#6387 = VECTOR('',#6388,1.);
#6388 = DIRECTION('',(0.,0.,1.));
#6389 = ORIENTED_EDGE('',*,*,#4930,.F.);
#6390 = ORIENTED_EDGE('',*,*,#6384,.F.);
#6391 = CYLINDRICAL_SURFACE('',#6392,0.15);
#6392 = AXIS2_PLACEMENT_3D('',#6393,#6394,#6395);
#6393 = CARTESIAN_POINT('',(80.3,-32.,-3.6E-02));
#6394 = DIRECTION('',(-0.,-0.,-1.));
#6395 = DIRECTION('',(-9.473903143469E-14,-1.,0.));
#6396 = ADVANCED_FACE('',(#6397),#6408,.F.);
#6397 = FACE_BOUND('',#6398,.T.);
#6398 = EDGE_LOOP('',(#6399,#6400,#6406,#6407));
#6399 = ORIENTED_EDGE('',*,*,#3945,.T.);
#6400 = ORIENTED_EDGE('',*,*,#6401,.T.);
#6401 = EDGE_CURVE('',#3946,#4942,#6402,.T.);
#6402 = LINE('',#6403,#6404);
#6403 = CARTESIAN_POINT('',(82.5,-30.75,-3.6E-02));
#6404 = VECTOR('',#6405,1.);
#6405 = DIRECTION('',(0.,0.,1.));
#6406 = ORIENTED_EDGE('',*,*,#4941,.F.);
#6407 = ORIENTED_EDGE('',*,*,#6401,.F.);
#6408 = CYLINDRICAL_SURFACE('',#6409,0.15);
#6409 = AXIS2_PLACEMENT_3D('',#6410,#6411,#6412);
#6410 = CARTESIAN_POINT('',(82.5,-30.6,-3.6E-02));
#6411 = DIRECTION('',(-0.,-0.,-1.));
#6412 = DIRECTION('',(-0.,-1.,0.));
#6413 = ADVANCED_FACE('',(#6414),#6425,.F.);
#6414 = FACE_BOUND('',#6415,.T.);
#6415 = EDGE_LOOP('',(#6416,#6417,#6423,#6424));
#6416 = ORIENTED_EDGE('',*,*,#3956,.T.);
#6417 = ORIENTED_EDGE('',*,*,#6418,.T.);
#6418 = EDGE_CURVE('',#3957,#4953,#6419,.T.);
#6419 = LINE('',#6420,#6421);
#6420 = CARTESIAN_POINT('',(81.7,-29.15,-3.6E-02));
#6421 = VECTOR('',#6422,1.);
#6422 = DIRECTION('',(0.,0.,1.));
#6423 = ORIENTED_EDGE('',*,*,#4952,.F.);
#6424 = ORIENTED_EDGE('',*,*,#6418,.F.);
#6425 = CYLINDRICAL_SURFACE('',#6426,0.15);
#6426 = AXIS2_PLACEMENT_3D('',#6427,#6428,#6429);
#6427 = CARTESIAN_POINT('',(81.7,-29.,-3.6E-02));
#6428 = DIRECTION('',(-0.,0.,-1.));
#6429 = DIRECTION('',(9.473903143467E-14,-1.,-0.));
#6430 = ADVANCED_FACE('',(#6431),#6442,.F.);
#6431 = FACE_BOUND('',#6432,.T.);
#6432 = EDGE_LOOP('',(#6433,#6434,#6440,#6441));
#6433 = ORIENTED_EDGE('',*,*,#3967,.T.);
#6434 = ORIENTED_EDGE('',*,*,#6435,.T.);
#6435 = EDGE_CURVE('',#3968,#4964,#6436,.T.);
#6436 = LINE('',#6437,#6438);
#6437 = CARTESIAN_POINT('',(78.,-28.65,-3.6E-02));
#6438 = VECTOR('',#6439,1.);
#6439 = DIRECTION('',(0.,0.,1.));
#6440 = ORIENTED_EDGE('',*,*,#4963,.F.);
#6441 = ORIENTED_EDGE('',*,*,#6435,.F.);
#6442 = CYLINDRICAL_SURFACE('',#6443,0.15);
#6443 = AXIS2_PLACEMENT_3D('',#6444,#6445,#6446);
#6444 = CARTESIAN_POINT('',(78.,-28.5,-3.6E-02));
#6445 = DIRECTION('',(-0.,-0.,-1.));
#6446 = DIRECTION('',(-0.,-1.,0.));
#6447 = ADVANCED_FACE('',(#6448),#6459,.F.);
#6448 = FACE_BOUND('',#6449,.T.);
#6449 = EDGE_LOOP('',(#6450,#6451,#6457,#6458));
#6450 = ORIENTED_EDGE('',*,*,#3978,.T.);
#6451 = ORIENTED_EDGE('',*,*,#6452,.T.);
#6452 = EDGE_CURVE('',#3979,#4975,#6453,.T.);
#6453 = LINE('',#6454,#6455);
#6454 = CARTESIAN_POINT('',(77.9,-27.15,-3.6E-02));
#6455 = VECTOR('',#6456,1.);
#6456 = DIRECTION('',(0.,0.,1.));
#6457 = ORIENTED_EDGE('',*,*,#4974,.F.);
#6458 = ORIENTED_EDGE('',*,*,#6452,.F.);
#6459 = CYLINDRICAL_SURFACE('',#6460,0.15);
#6460 = AXIS2_PLACEMENT_3D('',#6461,#6462,#6463);
#6461 = CARTESIAN_POINT('',(77.9,-27.,-3.6E-02));
#6462 = DIRECTION('',(-0.,-0.,-1.));
#6463 = DIRECTION('',(-0.,-1.,0.));
#6464 = ADVANCED_FACE('',(#6465),#6476,.F.);
#6465 = FACE_BOUND('',#6466,.T.);
#6466 = EDGE_LOOP('',(#6467,#6468,#6474,#6475));
#6467 = ORIENTED_EDGE('',*,*,#3989,.T.);
#6468 = ORIENTED_EDGE('',*,*,#6469,.T.);
#6469 = EDGE_CURVE('',#3990,#4986,#6470,.T.);
#6470 = LINE('',#6471,#6472);
#6471 = CARTESIAN_POINT('',(78.,-25.65,-3.6E-02));
#6472 = VECTOR('',#6473,1.);
#6473 = DIRECTION('',(0.,0.,1.));
#6474 = ORIENTED_EDGE('',*,*,#4985,.F.);
#6475 = ORIENTED_EDGE('',*,*,#6469,.F.);
#6476 = CYLINDRICAL_SURFACE('',#6477,0.15);
#6477 = AXIS2_PLACEMENT_3D('',#6478,#6479,#6480);
#6478 = CARTESIAN_POINT('',(78.,-25.5,-3.6E-02));
#6479 = DIRECTION('',(-0.,-0.,-1.));
#6480 = DIRECTION('',(-0.,-1.,0.));
#6481 = ADVANCED_FACE('',(#6482),#6493,.F.);
#6482 = FACE_BOUND('',#6483,.T.);
#6483 = EDGE_LOOP('',(#6484,#6485,#6491,#6492));
#6484 = ORIENTED_EDGE('',*,*,#4000,.T.);
#6485 = ORIENTED_EDGE('',*,*,#6486,.T.);
#6486 = EDGE_CURVE('',#4001,#4997,#6487,.T.);
#6487 = LINE('',#6488,#6489);
#6488 = CARTESIAN_POINT('',(80.,-26.85,-3.6E-02));
#6489 = VECTOR('',#6490,1.);
#6490 = DIRECTION('',(0.,0.,1.));
#6491 = ORIENTED_EDGE('',*,*,#4996,.F.);
#6492 = ORIENTED_EDGE('',*,*,#6486,.F.);
#6493 = CYLINDRICAL_SURFACE('',#6494,0.15);
#6494 = AXIS2_PLACEMENT_3D('',#6495,#6496,#6497);
#6495 = CARTESIAN_POINT('',(80.,-26.7,-3.6E-02));
#6496 = DIRECTION('',(-0.,-0.,-1.));
#6497 = DIRECTION('',(-0.,-1.,0.));
#6498 = ADVANCED_FACE('',(#6499),#6510,.F.);
#6499 = FACE_BOUND('',#6500,.T.);
#6500 = EDGE_LOOP('',(#6501,#6502,#6508,#6509));
#6501 = ORIENTED_EDGE('',*,*,#4011,.T.);
#6502 = ORIENTED_EDGE('',*,*,#6503,.T.);
#6503 = EDGE_CURVE('',#4012,#5008,#6504,.T.);
#6504 = LINE('',#6505,#6506);
#6505 = CARTESIAN_POINT('',(79.8,-25.35,-3.6E-02));
#6506 = VECTOR('',#6507,1.);
#6507 = DIRECTION('',(0.,0.,1.));
#6508 = ORIENTED_EDGE('',*,*,#5007,.F.);
#6509 = ORIENTED_EDGE('',*,*,#6503,.F.);
#6510 = CYLINDRICAL_SURFACE('',#6511,0.15);
#6511 = AXIS2_PLACEMENT_3D('',#6512,#6513,#6514);
#6512 = CARTESIAN_POINT('',(79.8,-25.2,-3.6E-02));
#6513 = DIRECTION('',(-0.,-0.,-1.));
#6514 = DIRECTION('',(-9.473903143469E-14,-1.,0.));
#6515 = ADVANCED_FACE('',(#6516),#6527,.F.);
#6516 = FACE_BOUND('',#6517,.T.);
#6517 = EDGE_LOOP('',(#6518,#6519,#6525,#6526));
#6518 = ORIENTED_EDGE('',*,*,#4022,.T.);
#6519 = ORIENTED_EDGE('',*,*,#6520,.T.);
#6520 = EDGE_CURVE('',#4023,#5019,#6521,.T.);
#6521 = LINE('',#6522,#6523);
#6522 = CARTESIAN_POINT('',(74.4,-24.15,-3.6E-02));
#6523 = VECTOR('',#6524,1.);
#6524 = DIRECTION('',(0.,0.,1.));
#6525 = ORIENTED_EDGE('',*,*,#5018,.F.);
#6526 = ORIENTED_EDGE('',*,*,#6520,.F.);
#6527 = CYLINDRICAL_SURFACE('',#6528,0.15);
#6528 = AXIS2_PLACEMENT_3D('',#6529,#6530,#6531);
#6529 = CARTESIAN_POINT('',(74.4,-24.,-3.6E-02));
#6530 = DIRECTION('',(-0.,-0.,-1.));
#6531 = DIRECTION('',(-0.,-1.,0.));
#6532 = ADVANCED_FACE('',(#6533),#6544,.F.);
#6533 = FACE_BOUND('',#6534,.T.);
#6534 = EDGE_LOOP('',(#6535,#6536,#6542,#6543));
#6535 = ORIENTED_EDGE('',*,*,#4033,.T.);
#6536 = ORIENTED_EDGE('',*,*,#6537,.T.);
#6537 = EDGE_CURVE('',#4034,#5030,#6538,.T.);
#6538 = LINE('',#6539,#6540);
#6539 = CARTESIAN_POINT('',(76.2,-24.15,-3.6E-02));
#6540 = VECTOR('',#6541,1.);
#6541 = DIRECTION('',(0.,0.,1.));
#6542 = ORIENTED_EDGE('',*,*,#5029,.F.);
#6543 = ORIENTED_EDGE('',*,*,#6537,.F.);
#6544 = CYLINDRICAL_SURFACE('',#6545,0.15);
#6545 = AXIS2_PLACEMENT_3D('',#6546,#6547,#6548);
#6546 = CARTESIAN_POINT('',(76.2,-24.,-3.6E-02));
#6547 = DIRECTION('',(-0.,0.,-1.));
#6548 = DIRECTION('',(9.473903143467E-14,-1.,-0.));
#6549 = ADVANCED_FACE('',(#6550),#6561,.F.);
#6550 = FACE_BOUND('',#6551,.T.);
#6551 = EDGE_LOOP('',(#6552,#6553,#6559,#6560));
#6552 = ORIENTED_EDGE('',*,*,#4044,.T.);
#6553 = ORIENTED_EDGE('',*,*,#6554,.T.);
#6554 = EDGE_CURVE('',#4045,#5041,#6555,.T.);
#6555 = LINE('',#6556,#6557);
#6556 = CARTESIAN_POINT('',(74.8,-18.9,-4.6E-02));
#6557 = VECTOR('',#6558,1.);
#6558 = DIRECTION('',(0.,0.,1.));
#6559 = ORIENTED_EDGE('',*,*,#5040,.F.);
#6560 = ORIENTED_EDGE('',*,*,#6554,.F.);
#6561 = CYLINDRICAL_SURFACE('',#6562,0.4);
#6562 = AXIS2_PLACEMENT_3D('',#6563,#6564,#6565);
#6563 = CARTESIAN_POINT('',(74.8,-18.5,-4.6E-02));
#6564 = DIRECTION('',(-0.,-0.,-1.));
#6565 = DIRECTION('',(-3.552713678801E-14,-1.,0.));
#6566 = ADVANCED_FACE('',(#6567),#6578,.F.);
#6567 = FACE_BOUND('',#6568,.T.);
#6568 = EDGE_LOOP('',(#6569,#6570,#6576,#6577));
#6569 = ORIENTED_EDGE('',*,*,#4055,.T.);
#6570 = ORIENTED_EDGE('',*,*,#6571,.T.);
#6571 = EDGE_CURVE('',#4056,#5052,#6572,.T.);
#6572 = LINE('',#6573,#6574);
#6573 = CARTESIAN_POINT('',(76.8,-18.9,-4.6E-02));
#6574 = VECTOR('',#6575,1.);
#6575 = DIRECTION('',(0.,0.,1.));
#6576 = ORIENTED_EDGE('',*,*,#5051,.F.);
#6577 = ORIENTED_EDGE('',*,*,#6571,.F.);
#6578 = CYLINDRICAL_SURFACE('',#6579,0.4);
#6579 = AXIS2_PLACEMENT_3D('',#6580,#6581,#6582);
#6580 = CARTESIAN_POINT('',(76.8,-18.5,-4.6E-02));
#6581 = DIRECTION('',(-0.,-0.,-1.));
#6582 = DIRECTION('',(-3.552713678801E-14,-1.,0.));
#6583 = ADVANCED_FACE('',(#6584),#6595,.F.);
#6584 = FACE_BOUND('',#6585,.T.);
#6585 = EDGE_LOOP('',(#6586,#6587,#6593,#6594));
#6586 = ORIENTED_EDGE('',*,*,#4066,.T.);
#6587 = ORIENTED_EDGE('',*,*,#6588,.T.);
#6588 = EDGE_CURVE('',#4067,#5063,#6589,.T.);
#6589 = LINE('',#6590,#6591);
#6590 = CARTESIAN_POINT('',(78.,-24.15,-3.6E-02));
#6591 = VECTOR('',#6592,1.);
#6592 = DIRECTION('',(0.,0.,1.));
#6593 = ORIENTED_EDGE('',*,*,#5062,.F.);
#6594 = ORIENTED_EDGE('',*,*,#6588,.F.);
#6595 = CYLINDRICAL_SURFACE('',#6596,0.15);
#6596 = AXIS2_PLACEMENT_3D('',#6597,#6598,#6599);
#6597 = CARTESIAN_POINT('',(78.,-24.,-3.6E-02));
#6598 = DIRECTION('',(-0.,-0.,-1.));
#6599 = DIRECTION('',(-0.,-1.,0.));
#6600 = ( GEOMETRIC_REPRESENTATION_CONTEXT(3) 
GLOBAL_UNCERTAINTY_ASSIGNED_CONTEXT((#6604)) 
GLOBAL_UNIT_ASSIGNED_CONTEXT((#6601,#6602,#6603)) REPRESENTATION_CONTEXT
('Context #1','3D Context with UNIT and UNCERTAINTY') );
#6601 = ( LENGTH_UNIT() NAMED_UNIT(*) SI_UNIT(.MILLI.,.METRE.) );
#6602 = ( NAMED_UNIT(*) PLANE_ANGLE_UNIT() SI_UNIT($,.RADIAN.) );
#6603 = ( NAMED_UNIT(*) SI_UNIT($,.STERADIAN.) SOLID_ANGLE_UNIT() );
#6604 = UNCERTAINTY_MEASURE_WITH_UNIT(LENGTH_MEASURE(1.E-07),#6601,
  'distance_accuracy_value','confusion accuracy');
#6605 = CONTEXT_DEPENDENT_SHAPE_REPRESENTATION(#6606,#6608);
#6606 = ( REPRESENTATION_RELATIONSHIP('','',#2978,#10) 
REPRESENTATION_RELATIONSHIP_WITH_TRANSFORMATION(#6607) 
SHAPE_REPRESENTATION_RELATIONSHIP() );
#6607 = ITEM_DEFINED_TRANSFORMATION('','',#11,#27);
#6608 = PRODUCT_DEFINITION_SHAPE('Placement','Placement of an item',
  #6609);
#6609 = NEXT_ASSEMBLY_USAGE_OCCURRENCE('4','=>[0:1:1:5]','',#5,#2973,$);
#6610 = PRODUCT_RELATED_PRODUCT_CATEGORY('part',$,(#2975));
#6611 = MECHANICAL_DESIGN_GEOMETRIC_PRESENTATION_REPRESENTATION('',(
    #6612),#6600);
#6612 = STYLED_ITEM('color',(#6613),#2979);
#6613 = PRESENTATION_STYLE_ASSIGNMENT((#6614));
#6614 = SURFACE_STYLE_USAGE(.BOTH.,#6615);
#6615 = SURFACE_SIDE_STYLE('',(#6616));
#6616 = SURFACE_STYLE_FILL_AREA(#6617);
#6617 = FILL_AREA_STYLE('',(#6618));
#6618 = FILL_AREA_STYLE_COLOUR('',#6619);
#6619 = COLOUR_RGB('',0.583831500637,0.583831500637,0.583831500637);
#6620 = MECHANICAL_DESIGN_GEOMETRIC_PRESENTATION_REPRESENTATION('',(
    #6621),#2960);
#6621 = STYLED_ITEM('color',(#6622),#2865);
#6622 = PRESENTATION_STYLE_ASSIGNMENT((#6623));
#6623 = SURFACE_STYLE_USAGE(.BOTH.,#6624);
#6624 = SURFACE_SIDE_STYLE('',(#6625,#6629));
#6625 = SURFACE_STYLE_FILL_AREA(#6626);
#6626 = FILL_AREA_STYLE('',(#6627));
#6627 = FILL_AREA_STYLE_COLOUR('',#6628);
#6628 = COLOUR_RGB('',0.313304153717,0.484529207832,0.410020903123);
#6629 = SURFACE_STYLE_RENDERING_WITH_PROPERTIES(.NORMAL_SHADING.,#6628,(
    #6630));
#6630 = SURFACE_STYLE_TRANSPARENT(0.170000016689);
#6631 = MECHANICAL_DESIGN_GEOMETRIC_PRESENTATION_REPRESENTATION('',(
    #6632),#2844);
#6632 = STYLED_ITEM('color',(#6633),#2749);
#6633 = PRESENTATION_STYLE_ASSIGNMENT((#6634));
#6634 = SURFACE_STYLE_USAGE(.BOTH.,#6635);
#6635 = SURFACE_SIDE_STYLE('',(#6636,#6639));
#6636 = SURFACE_STYLE_FILL_AREA(#6637);
#6637 = FILL_AREA_STYLE('',(#6638));
#6638 = FILL_AREA_STYLE_COLOUR('',#6628);
#6639 = SURFACE_STYLE_RENDERING_WITH_PROPERTIES(.NORMAL_SHADING.,#6628,(
    #6640));
#6640 = SURFACE_STYLE_TRANSPARENT(0.170000016689);
#6641 = MECHANICAL_DESIGN_GEOMETRIC_PRESENTATION_REPRESENTATION('',(
    #6642,#6652,#6661,#6670,#6679,#6688,#6697,#6706,#6715,#6724,#6733,
    #6742,#6751,#6760,#6769,#6778,#6787,#6796,#6805,#6814,#6823,#6832,
    #6841,#6850,#6859,#6868,#6877,#6886,#6895,#6904,#6913,#6922,#6931,
    #6940,#6949,#6958,#6967,#6976,#6985,#6994,#7003,#7012,#7021,#7030,
    #7039,#7048,#7057,#7066,#7075,#7084,#7093,#7102,#7111,#7120,#7129,
    #7138,#7147,#7156,#7165,#7174,#7183,#7192,#7201,#7210,#7219,#7228,
    #7237,#7246,#7255,#7264,#7273,#7282,#7291,#7300,#7309,#7318,#7327,
    #7336,#7345),#2728);
#6642 = STYLED_ITEM('color',(#6643),#47);
#6643 = PRESENTATION_STYLE_ASSIGNMENT((#6644));
#6644 = SURFACE_STYLE_USAGE(.BOTH.,#6645);
#6645 = SURFACE_SIDE_STYLE('',(#6646,#6650));
#6646 = SURFACE_STYLE_FILL_AREA(#6647);
#6647 = FILL_AREA_STYLE('',(#6648));
#6648 = FILL_AREA_STYLE_COLOUR('',#6649);
#6649 = DRAUGHTING_PRE_DEFINED_COLOUR('white');
#6650 = SURFACE_STYLE_RENDERING_WITH_PROPERTIES(.NORMAL_SHADING.,#6649,(
    #6651));
#6651 = SURFACE_STYLE_TRANSPARENT(0.100000023842);
#6652 = STYLED_ITEM('color',(#6653),#248);
#6653 = PRESENTATION_STYLE_ASSIGNMENT((#6654));
#6654 = SURFACE_STYLE_USAGE(.BOTH.,#6655);
#6655 = SURFACE_SIDE_STYLE('',(#6656,#6659));
#6656 = SURFACE_STYLE_FILL_AREA(#6657);
#6657 = FILL_AREA_STYLE('',(#6658));
#6658 = FILL_AREA_STYLE_COLOUR('',#6649);
#6659 = SURFACE_STYLE_RENDERING_WITH_PROPERTIES(.NORMAL_SHADING.,#6649,(
    #6660));
#6660 = SURFACE_STYLE_TRANSPARENT(0.100000023842);
#6661 = STYLED_ITEM('color',(#6662),#449);
#6662 = PRESENTATION_STYLE_ASSIGNMENT((#6663));
#6663 = SURFACE_STYLE_USAGE(.BOTH.,#6664);
#6664 = SURFACE_SIDE_STYLE('',(#6665,#6668));
#6665 = SURFACE_STYLE_FILL_AREA(#6666);
#6666 = FILL_AREA_STYLE('',(#6667));
#6667 = FILL_AREA_STYLE_COLOUR('',#6649);
#6668 = SURFACE_STYLE_RENDERING_WITH_PROPERTIES(.NORMAL_SHADING.,#6649,(
    #6669));
#6669 = SURFACE_STYLE_TRANSPARENT(0.100000023842);
#6670 = STYLED_ITEM('color',(#6671),#501);
#6671 = PRESENTATION_STYLE_ASSIGNMENT((#6672));
#6672 = SURFACE_STYLE_USAGE(.BOTH.,#6673);
#6673 = SURFACE_SIDE_STYLE('',(#6674,#6677));
#6674 = SURFACE_STYLE_FILL_AREA(#6675);
#6675 = FILL_AREA_STYLE('',(#6676));
#6676 = FILL_AREA_STYLE_COLOUR('',#6649);
#6677 = SURFACE_STYLE_RENDERING_WITH_PROPERTIES(.NORMAL_SHADING.,#6649,(
    #6678));
#6678 = SURFACE_STYLE_TRANSPARENT(0.100000023842);
#6679 = STYLED_ITEM('color',(#6680),#553);
#6680 = PRESENTATION_STYLE_ASSIGNMENT((#6681));
#6681 = SURFACE_STYLE_USAGE(.BOTH.,#6682);
#6682 = SURFACE_SIDE_STYLE('',(#6683,#6686));
#6683 = SURFACE_STYLE_FILL_AREA(#6684);
#6684 = FILL_AREA_STYLE('',(#6685));
#6685 = FILL_AREA_STYLE_COLOUR('',#6649);
#6686 = SURFACE_STYLE_RENDERING_WITH_PROPERTIES(.NORMAL_SHADING.,#6649,(
    #6687));
#6687 = SURFACE_STYLE_TRANSPARENT(0.100000023842);
#6688 = STYLED_ITEM('color',(#6689),#605);
#6689 = PRESENTATION_STYLE_ASSIGNMENT((#6690));
#6690 = SURFACE_STYLE_USAGE(.BOTH.,#6691);
#6691 = SURFACE_SIDE_STYLE('',(#6692,#6695));
#6692 = SURFACE_STYLE_FILL_AREA(#6693);
#6693 = FILL_AREA_STYLE('',(#6694));
#6694 = FILL_AREA_STYLE_COLOUR('',#6649);
#6695 = SURFACE_STYLE_RENDERING_WITH_PROPERTIES(.NORMAL_SHADING.,#6649,(
    #6696));
#6696 = SURFACE_STYLE_TRANSPARENT(0.100000023842);
#6697 = STYLED_ITEM('color',(#6698),#657);
#6698 = PRESENTATION_STYLE_ASSIGNMENT((#6699));
#6699 = SURFACE_STYLE_USAGE(.BOTH.,#6700);
#6700 = SURFACE_SIDE_STYLE('',(#6701,#6704));
#6701 = SURFACE_STYLE_FILL_AREA(#6702);
#6702 = FILL_AREA_STYLE('',(#6703));
#6703 = FILL_AREA_STYLE_COLOUR('',#6649);
#6704 = SURFACE_STYLE_RENDERING_WITH_PROPERTIES(.NORMAL_SHADING.,#6649,(
    #6705));
#6705 = SURFACE_STYLE_TRANSPARENT(0.100000023842);
#6706 = STYLED_ITEM('color',(#6707),#783);
#6707 = PRESENTATION_STYLE_ASSIGNMENT((#6708));
#6708 = SURFACE_STYLE_USAGE(.BOTH.,#6709);
#6709 = SURFACE_SIDE_STYLE('',(#6710,#6713));
#6710 = SURFACE_STYLE_FILL_AREA(#6711);
#6711 = FILL_AREA_STYLE('',(#6712));
#6712 = FILL_AREA_STYLE_COLOUR('',#6649);
#6713 = SURFACE_STYLE_RENDERING_WITH_PROPERTIES(.NORMAL_SHADING.,#6649,(
    #6714));
#6714 = SURFACE_STYLE_TRANSPARENT(0.100000023842);
#6715 = STYLED_ITEM('color',(#6716),#965);
#6716 = PRESENTATION_STYLE_ASSIGNMENT((#6717));
#6717 = SURFACE_STYLE_USAGE(.BOTH.,#6718);
#6718 = SURFACE_SIDE_STYLE('',(#6719,#6722));
#6719 = SURFACE_STYLE_FILL_AREA(#6720);
#6720 = FILL_AREA_STYLE('',(#6721));
#6721 = FILL_AREA_STYLE_COLOUR('',#6649);
#6722 = SURFACE_STYLE_RENDERING_WITH_PROPERTIES(.NORMAL_SHADING.,#6649,(
    #6723));
#6723 = SURFACE_STYLE_TRANSPARENT(0.100000023842);
#6724 = STYLED_ITEM('color',(#6725),#1059);
#6725 = PRESENTATION_STYLE_ASSIGNMENT((#6726));
#6726 = SURFACE_STYLE_USAGE(.BOTH.,#6727);
#6727 = SURFACE_SIDE_STYLE('',(#6728,#6731));
#6728 = SURFACE_STYLE_FILL_AREA(#6729);
#6729 = FILL_AREA_STYLE('',(#6730));
#6730 = FILL_AREA_STYLE_COLOUR('',#6649);
#6731 = SURFACE_STYLE_RENDERING_WITH_PROPERTIES(.NORMAL_SHADING.,#6649,(
    #6732));
#6732 = SURFACE_STYLE_TRANSPARENT(0.100000023842);
#6733 = STYLED_ITEM('color',(#6734),#1153);
#6734 = PRESENTATION_STYLE_ASSIGNMENT((#6735));
#6735 = SURFACE_STYLE_USAGE(.BOTH.,#6736);
#6736 = SURFACE_SIDE_STYLE('',(#6737,#6740));
#6737 = SURFACE_STYLE_FILL_AREA(#6738);
#6738 = FILL_AREA_STYLE('',(#6739));
#6739 = FILL_AREA_STYLE_COLOUR('',#6649);
#6740 = SURFACE_STYLE_RENDERING_WITH_PROPERTIES(.NORMAL_SHADING.,#6649,(
    #6741));
#6741 = SURFACE_STYLE_TRANSPARENT(0.100000023842);
#6742 = STYLED_ITEM('color',(#6743),#1205);
#6743 = PRESENTATION_STYLE_ASSIGNMENT((#6744));
#6744 = SURFACE_STYLE_USAGE(.BOTH.,#6745);
#6745 = SURFACE_SIDE_STYLE('',(#6746,#6749));
#6746 = SURFACE_STYLE_FILL_AREA(#6747);
#6747 = FILL_AREA_STYLE('',(#6748));
#6748 = FILL_AREA_STYLE_COLOUR('',#6649);
#6749 = SURFACE_STYLE_RENDERING_WITH_PROPERTIES(.NORMAL_SHADING.,#6649,(
    #6750));
#6750 = SURFACE_STYLE_TRANSPARENT(0.100000023842);
#6751 = STYLED_ITEM('color',(#6752),#1257);
#6752 = PRESENTATION_STYLE_ASSIGNMENT((#6753));
#6753 = SURFACE_STYLE_USAGE(.BOTH.,#6754);
#6754 = SURFACE_SIDE_STYLE('',(#6755,#6758));
#6755 = SURFACE_STYLE_FILL_AREA(#6756);
#6756 = FILL_AREA_STYLE('',(#6757));
#6757 = FILL_AREA_STYLE_COLOUR('',#6649);
#6758 = SURFACE_STYLE_RENDERING_WITH_PROPERTIES(.NORMAL_SHADING.,#6649,(
    #6759));
#6759 = SURFACE_STYLE_TRANSPARENT(0.100000023842);
#6760 = STYLED_ITEM('color',(#6761),#1325);
#6761 = PRESENTATION_STYLE_ASSIGNMENT((#6762));
#6762 = SURFACE_STYLE_USAGE(.BOTH.,#6763);
#6763 = SURFACE_SIDE_STYLE('',(#6764,#6767));
#6764 = SURFACE_STYLE_FILL_AREA(#6765);
#6765 = FILL_AREA_STYLE('',(#6766));
#6766 = FILL_AREA_STYLE_COLOUR('',#6649);
#6767 = SURFACE_STYLE_RENDERING_WITH_PROPERTIES(.NORMAL_SHADING.,#6649,(
    #6768));
#6768 = SURFACE_STYLE_TRANSPARENT(0.100000023842);
#6769 = STYLED_ITEM('color',(#6770),#1344);
#6770 = PRESENTATION_STYLE_ASSIGNMENT((#6771));
#6771 = SURFACE_STYLE_USAGE(.BOTH.,#6772);
#6772 = SURFACE_SIDE_STYLE('',(#6773,#6776));
#6773 = SURFACE_STYLE_FILL_AREA(#6774);
#6774 = FILL_AREA_STYLE('',(#6775));
#6775 = FILL_AREA_STYLE_COLOUR('',#6649);
#6776 = SURFACE_STYLE_RENDERING_WITH_PROPERTIES(.NORMAL_SHADING.,#6649,(
    #6777));
#6777 = SURFACE_STYLE_TRANSPARENT(0.100000023842);
#6778 = STYLED_ITEM('color',(#6779),#1363);
#6779 = PRESENTATION_STYLE_ASSIGNMENT((#6780));
#6780 = SURFACE_STYLE_USAGE(.BOTH.,#6781);
#6781 = SURFACE_SIDE_STYLE('',(#6782,#6785));
#6782 = SURFACE_STYLE_FILL_AREA(#6783);
#6783 = FILL_AREA_STYLE('',(#6784));
#6784 = FILL_AREA_STYLE_COLOUR('',#6649);
#6785 = SURFACE_STYLE_RENDERING_WITH_PROPERTIES(.NORMAL_SHADING.,#6649,(
    #6786));
#6786 = SURFACE_STYLE_TRANSPARENT(0.100000023842);
#6787 = STYLED_ITEM('color',(#6788),#1382);
#6788 = PRESENTATION_STYLE_ASSIGNMENT((#6789));
#6789 = SURFACE_STYLE_USAGE(.BOTH.,#6790);
#6790 = SURFACE_SIDE_STYLE('',(#6791,#6794));
#6791 = SURFACE_STYLE_FILL_AREA(#6792);
#6792 = FILL_AREA_STYLE('',(#6793));
#6793 = FILL_AREA_STYLE_COLOUR('',#6649);
#6794 = SURFACE_STYLE_RENDERING_WITH_PROPERTIES(.NORMAL_SHADING.,#6649,(
    #6795));
#6795 = SURFACE_STYLE_TRANSPARENT(0.100000023842);
#6796 = STYLED_ITEM('color',(#6797),#1401);
#6797 = PRESENTATION_STYLE_ASSIGNMENT((#6798));
#6798 = SURFACE_STYLE_USAGE(.BOTH.,#6799);
#6799 = SURFACE_SIDE_STYLE('',(#6800,#6803));
#6800 = SURFACE_STYLE_FILL_AREA(#6801);
#6801 = FILL_AREA_STYLE('',(#6802));
#6802 = FILL_AREA_STYLE_COLOUR('',#6649);
#6803 = SURFACE_STYLE_RENDERING_WITH_PROPERTIES(.NORMAL_SHADING.,#6649,(
    #6804));
#6804 = SURFACE_STYLE_TRANSPARENT(0.100000023842);
#6805 = STYLED_ITEM('color',(#6806),#1420);
#6806 = PRESENTATION_STYLE_ASSIGNMENT((#6807));
#6807 = SURFACE_STYLE_USAGE(.BOTH.,#6808);
#6808 = SURFACE_SIDE_STYLE('',(#6809,#6812));
#6809 = SURFACE_STYLE_FILL_AREA(#6810);
#6810 = FILL_AREA_STYLE('',(#6811));
#6811 = FILL_AREA_STYLE_COLOUR('',#6649);
#6812 = SURFACE_STYLE_RENDERING_WITH_PROPERTIES(.NORMAL_SHADING.,#6649,(
    #6813));
#6813 = SURFACE_STYLE_TRANSPARENT(0.100000023842);
#6814 = STYLED_ITEM('color',(#6815),#1439);
#6815 = PRESENTATION_STYLE_ASSIGNMENT((#6816));
#6816 = SURFACE_STYLE_USAGE(.BOTH.,#6817);
#6817 = SURFACE_SIDE_STYLE('',(#6818,#6821));
#6818 = SURFACE_STYLE_FILL_AREA(#6819);
#6819 = FILL_AREA_STYLE('',(#6820));
#6820 = FILL_AREA_STYLE_COLOUR('',#6649);
#6821 = SURFACE_STYLE_RENDERING_WITH_PROPERTIES(.NORMAL_SHADING.,#6649,(
    #6822));
#6822 = SURFACE_STYLE_TRANSPARENT(0.100000023842);
#6823 = STYLED_ITEM('color',(#6824),#1458);
#6824 = PRESENTATION_STYLE_ASSIGNMENT((#6825));
#6825 = SURFACE_STYLE_USAGE(.BOTH.,#6826);
#6826 = SURFACE_SIDE_STYLE('',(#6827,#6830));
#6827 = SURFACE_STYLE_FILL_AREA(#6828);
#6828 = FILL_AREA_STYLE('',(#6829));
#6829 = FILL_AREA_STYLE_COLOUR('',#6649);
#6830 = SURFACE_STYLE_RENDERING_WITH_PROPERTIES(.NORMAL_SHADING.,#6649,(
    #6831));
#6831 = SURFACE_STYLE_TRANSPARENT(0.100000023842);
#6832 = STYLED_ITEM('color',(#6833),#1477);
#6833 = PRESENTATION_STYLE_ASSIGNMENT((#6834));
#6834 = SURFACE_STYLE_USAGE(.BOTH.,#6835);
#6835 = SURFACE_SIDE_STYLE('',(#6836,#6839));
#6836 = SURFACE_STYLE_FILL_AREA(#6837);
#6837 = FILL_AREA_STYLE('',(#6838));
#6838 = FILL_AREA_STYLE_COLOUR('',#6649);
#6839 = SURFACE_STYLE_RENDERING_WITH_PROPERTIES(.NORMAL_SHADING.,#6649,(
    #6840));
#6840 = SURFACE_STYLE_TRANSPARENT(0.100000023842);
#6841 = STYLED_ITEM('color',(#6842),#1496);
#6842 = PRESENTATION_STYLE_ASSIGNMENT((#6843));
#6843 = SURFACE_STYLE_USAGE(.BOTH.,#6844);
#6844 = SURFACE_SIDE_STYLE('',(#6845,#6848));
#6845 = SURFACE_STYLE_FILL_AREA(#6846);
#6846 = FILL_AREA_STYLE('',(#6847));
#6847 = FILL_AREA_STYLE_COLOUR('',#6649);
#6848 = SURFACE_STYLE_RENDERING_WITH_PROPERTIES(.NORMAL_SHADING.,#6649,(
    #6849));
#6849 = SURFACE_STYLE_TRANSPARENT(0.100000023842);
#6850 = STYLED_ITEM('color',(#6851),#1515);
#6851 = PRESENTATION_STYLE_ASSIGNMENT((#6852));
#6852 = SURFACE_STYLE_USAGE(.BOTH.,#6853);
#6853 = SURFACE_SIDE_STYLE('',(#6854,#6857));
#6854 = SURFACE_STYLE_FILL_AREA(#6855);
#6855 = FILL_AREA_STYLE('',(#6856));
#6856 = FILL_AREA_STYLE_COLOUR('',#6649);
#6857 = SURFACE_STYLE_RENDERING_WITH_PROPERTIES(.NORMAL_SHADING.,#6649,(
    #6858));
#6858 = SURFACE_STYLE_TRANSPARENT(0.100000023842);
#6859 = STYLED_ITEM('color',(#6860),#1534);
#6860 = PRESENTATION_STYLE_ASSIGNMENT((#6861));
#6861 = SURFACE_STYLE_USAGE(.BOTH.,#6862);
#6862 = SURFACE_SIDE_STYLE('',(#6863,#6866));
#6863 = SURFACE_STYLE_FILL_AREA(#6864);
#6864 = FILL_AREA_STYLE('',(#6865));
#6865 = FILL_AREA_STYLE_COLOUR('',#6649);
#6866 = SURFACE_STYLE_RENDERING_WITH_PROPERTIES(.NORMAL_SHADING.,#6649,(
    #6867));
#6867 = SURFACE_STYLE_TRANSPARENT(0.100000023842);
#6868 = STYLED_ITEM('color',(#6869),#1553);
#6869 = PRESENTATION_STYLE_ASSIGNMENT((#6870));
#6870 = SURFACE_STYLE_USAGE(.BOTH.,#6871);
#6871 = SURFACE_SIDE_STYLE('',(#6872,#6875));
#6872 = SURFACE_STYLE_FILL_AREA(#6873);
#6873 = FILL_AREA_STYLE('',(#6874));
#6874 = FILL_AREA_STYLE_COLOUR('',#6649);
#6875 = SURFACE_STYLE_RENDERING_WITH_PROPERTIES(.NORMAL_SHADING.,#6649,(
    #6876));
#6876 = SURFACE_STYLE_TRANSPARENT(0.100000023842);
#6877 = STYLED_ITEM('color',(#6878),#1572);
#6878 = PRESENTATION_STYLE_ASSIGNMENT((#6879));
#6879 = SURFACE_STYLE_USAGE(.BOTH.,#6880);
#6880 = SURFACE_SIDE_STYLE('',(#6881,#6884));
#6881 = SURFACE_STYLE_FILL_AREA(#6882);
#6882 = FILL_AREA_STYLE('',(#6883));
#6883 = FILL_AREA_STYLE_COLOUR('',#6649);
#6884 = SURFACE_STYLE_RENDERING_WITH_PROPERTIES(.NORMAL_SHADING.,#6649,(
    #6885));
#6885 = SURFACE_STYLE_TRANSPARENT(0.100000023842);
#6886 = STYLED_ITEM('color',(#6887),#1591);
#6887 = PRESENTATION_STYLE_ASSIGNMENT((#6888));
#6888 = SURFACE_STYLE_USAGE(.BOTH.,#6889);
#6889 = SURFACE_SIDE_STYLE('',(#6890,#6893));
#6890 = SURFACE_STYLE_FILL_AREA(#6891);
#6891 = FILL_AREA_STYLE('',(#6892));
#6892 = FILL_AREA_STYLE_COLOUR('',#6649);
#6893 = SURFACE_STYLE_RENDERING_WITH_PROPERTIES(.NORMAL_SHADING.,#6649,(
    #6894));
#6894 = SURFACE_STYLE_TRANSPARENT(0.100000023842);
#6895 = STYLED_ITEM('color',(#6896),#1610);
#6896 = PRESENTATION_STYLE_ASSIGNMENT((#6897));
#6897 = SURFACE_STYLE_USAGE(.BOTH.,#6898);
#6898 = SURFACE_SIDE_STYLE('',(#6899,#6902));
#6899 = SURFACE_STYLE_FILL_AREA(#6900);
#6900 = FILL_AREA_STYLE('',(#6901));
#6901 = FILL_AREA_STYLE_COLOUR('',#6649);
#6902 = SURFACE_STYLE_RENDERING_WITH_PROPERTIES(.NORMAL_SHADING.,#6649,(
    #6903));
#6903 = SURFACE_STYLE_TRANSPARENT(0.100000023842);
#6904 = STYLED_ITEM('color',(#6905),#1629);
#6905 = PRESENTATION_STYLE_ASSIGNMENT((#6906));
#6906 = SURFACE_STYLE_USAGE(.BOTH.,#6907);
#6907 = SURFACE_SIDE_STYLE('',(#6908,#6911));
#6908 = SURFACE_STYLE_FILL_AREA(#6909);
#6909 = FILL_AREA_STYLE('',(#6910));
#6910 = FILL_AREA_STYLE_COLOUR('',#6649);
#6911 = SURFACE_STYLE_RENDERING_WITH_PROPERTIES(.NORMAL_SHADING.,#6649,(
    #6912));
#6912 = SURFACE_STYLE_TRANSPARENT(0.100000023842);
#6913 = STYLED_ITEM('color',(#6914),#1648);
#6914 = PRESENTATION_STYLE_ASSIGNMENT((#6915));
#6915 = SURFACE_STYLE_USAGE(.BOTH.,#6916);
#6916 = SURFACE_SIDE_STYLE('',(#6917,#6920));
#6917 = SURFACE_STYLE_FILL_AREA(#6918);
#6918 = FILL_AREA_STYLE('',(#6919));
#6919 = FILL_AREA_STYLE_COLOUR('',#6649);
#6920 = SURFACE_STYLE_RENDERING_WITH_PROPERTIES(.NORMAL_SHADING.,#6649,(
    #6921));
#6921 = SURFACE_STYLE_TRANSPARENT(0.100000023842);
#6922 = STYLED_ITEM('color',(#6923),#1667);
#6923 = PRESENTATION_STYLE_ASSIGNMENT((#6924));
#6924 = SURFACE_STYLE_USAGE(.BOTH.,#6925);
#6925 = SURFACE_SIDE_STYLE('',(#6926,#6929));
#6926 = SURFACE_STYLE_FILL_AREA(#6927);
#6927 = FILL_AREA_STYLE('',(#6928));
#6928 = FILL_AREA_STYLE_COLOUR('',#6649);
#6929 = SURFACE_STYLE_RENDERING_WITH_PROPERTIES(.NORMAL_SHADING.,#6649,(
    #6930));
#6930 = SURFACE_STYLE_TRANSPARENT(0.100000023842);
#6931 = STYLED_ITEM('color',(#6932),#1686);
#6932 = PRESENTATION_STYLE_ASSIGNMENT((#6933));
#6933 = SURFACE_STYLE_USAGE(.BOTH.,#6934);
#6934 = SURFACE_SIDE_STYLE('',(#6935,#6938));
#6935 = SURFACE_STYLE_FILL_AREA(#6936);
#6936 = FILL_AREA_STYLE('',(#6937));
#6937 = FILL_AREA_STYLE_COLOUR('',#6649);
#6938 = SURFACE_STYLE_RENDERING_WITH_PROPERTIES(.NORMAL_SHADING.,#6649,(
    #6939));
#6939 = SURFACE_STYLE_TRANSPARENT(0.100000023842);
#6940 = STYLED_ITEM('color',(#6941),#1705);
#6941 = PRESENTATION_STYLE_ASSIGNMENT((#6942));
#6942 = SURFACE_STYLE_USAGE(.BOTH.,#6943);
#6943 = SURFACE_SIDE_STYLE('',(#6944,#6947));
#6944 = SURFACE_STYLE_FILL_AREA(#6945);
#6945 = FILL_AREA_STYLE('',(#6946));
#6946 = FILL_AREA_STYLE_COLOUR('',#6649);
#6947 = SURFACE_STYLE_RENDERING_WITH_PROPERTIES(.NORMAL_SHADING.,#6649,(
    #6948));
#6948 = SURFACE_STYLE_TRANSPARENT(0.100000023842);
#6949 = STYLED_ITEM('color',(#6950),#1724);
#6950 = PRESENTATION_STYLE_ASSIGNMENT((#6951));
#6951 = SURFACE_STYLE_USAGE(.BOTH.,#6952);
#6952 = SURFACE_SIDE_STYLE('',(#6953,#6956));
#6953 = SURFACE_STYLE_FILL_AREA(#6954);
#6954 = FILL_AREA_STYLE('',(#6955));
#6955 = FILL_AREA_STYLE_COLOUR('',#6649);
#6956 = SURFACE_STYLE_RENDERING_WITH_PROPERTIES(.NORMAL_SHADING.,#6649,(
    #6957));
#6957 = SURFACE_STYLE_TRANSPARENT(0.100000023842);
#6958 = STYLED_ITEM('color',(#6959),#1743);
#6959 = PRESENTATION_STYLE_ASSIGNMENT((#6960));
#6960 = SURFACE_STYLE_USAGE(.BOTH.,#6961);
#6961 = SURFACE_SIDE_STYLE('',(#6962,#6965));
#6962 = SURFACE_STYLE_FILL_AREA(#6963);
#6963 = FILL_AREA_STYLE('',(#6964));
#6964 = FILL_AREA_STYLE_COLOUR('',#6649);
#6965 = SURFACE_STYLE_RENDERING_WITH_PROPERTIES(.NORMAL_SHADING.,#6649,(
    #6966));
#6966 = SURFACE_STYLE_TRANSPARENT(0.100000023842);
#6967 = STYLED_ITEM('color',(#6968),#1762);
#6968 = PRESENTATION_STYLE_ASSIGNMENT((#6969));
#6969 = SURFACE_STYLE_USAGE(.BOTH.,#6970);
#6970 = SURFACE_SIDE_STYLE('',(#6971,#6974));
#6971 = SURFACE_STYLE_FILL_AREA(#6972);
#6972 = FILL_AREA_STYLE('',(#6973));
#6973 = FILL_AREA_STYLE_COLOUR('',#6649);
#6974 = SURFACE_STYLE_RENDERING_WITH_PROPERTIES(.NORMAL_SHADING.,#6649,(
    #6975));
#6975 = SURFACE_STYLE_TRANSPARENT(0.100000023842);
#6976 = STYLED_ITEM('color',(#6977),#1781);
#6977 = PRESENTATION_STYLE_ASSIGNMENT((#6978));
#6978 = SURFACE_STYLE_USAGE(.BOTH.,#6979);
#6979 = SURFACE_SIDE_STYLE('',(#6980,#6983));
#6980 = SURFACE_STYLE_FILL_AREA(#6981);
#6981 = FILL_AREA_STYLE('',(#6982));
#6982 = FILL_AREA_STYLE_COLOUR('',#6649);
#6983 = SURFACE_STYLE_RENDERING_WITH_PROPERTIES(.NORMAL_SHADING.,#6649,(
    #6984));
#6984 = SURFACE_STYLE_TRANSPARENT(0.100000023842);
#6985 = STYLED_ITEM('color',(#6986),#1800);
#6986 = PRESENTATION_STYLE_ASSIGNMENT((#6987));
#6987 = SURFACE_STYLE_USAGE(.BOTH.,#6988);
#6988 = SURFACE_SIDE_STYLE('',(#6989,#6992));
#6989 = SURFACE_STYLE_FILL_AREA(#6990);
#6990 = FILL_AREA_STYLE('',(#6991));
#6991 = FILL_AREA_STYLE_COLOUR('',#6649);
#6992 = SURFACE_STYLE_RENDERING_WITH_PROPERTIES(.NORMAL_SHADING.,#6649,(
    #6993));
#6993 = SURFACE_STYLE_TRANSPARENT(0.100000023842);
#6994 = STYLED_ITEM('color',(#6995),#1819);
#6995 = PRESENTATION_STYLE_ASSIGNMENT((#6996));
#6996 = SURFACE_STYLE_USAGE(.BOTH.,#6997);
#6997 = SURFACE_SIDE_STYLE('',(#6998,#7001));
#6998 = SURFACE_STYLE_FILL_AREA(#6999);
#6999 = FILL_AREA_STYLE('',(#7000));
#7000 = FILL_AREA_STYLE_COLOUR('',#6649);
#7001 = SURFACE_STYLE_RENDERING_WITH_PROPERTIES(.NORMAL_SHADING.,#6649,(
    #7002));
#7002 = SURFACE_STYLE_TRANSPARENT(0.100000023842);
#7003 = STYLED_ITEM('color',(#7004),#1838);
#7004 = PRESENTATION_STYLE_ASSIGNMENT((#7005));
#7005 = SURFACE_STYLE_USAGE(.BOTH.,#7006);
#7006 = SURFACE_SIDE_STYLE('',(#7007,#7010));
#7007 = SURFACE_STYLE_FILL_AREA(#7008);
#7008 = FILL_AREA_STYLE('',(#7009));
#7009 = FILL_AREA_STYLE_COLOUR('',#6649);
#7010 = SURFACE_STYLE_RENDERING_WITH_PROPERTIES(.NORMAL_SHADING.,#6649,(
    #7011));
#7011 = SURFACE_STYLE_TRANSPARENT(0.100000023842);
#7012 = STYLED_ITEM('color',(#7013),#1857);
#7013 = PRESENTATION_STYLE_ASSIGNMENT((#7014));
#7014 = SURFACE_STYLE_USAGE(.BOTH.,#7015);
#7015 = SURFACE_SIDE_STYLE('',(#7016,#7019));
#7016 = SURFACE_STYLE_FILL_AREA(#7017);
#7017 = FILL_AREA_STYLE('',(#7018));
#7018 = FILL_AREA_STYLE_COLOUR('',#6649);
#7019 = SURFACE_STYLE_RENDERING_WITH_PROPERTIES(.NORMAL_SHADING.,#6649,(
    #7020));
#7020 = SURFACE_STYLE_TRANSPARENT(0.100000023842);
#7021 = STYLED_ITEM('color',(#7022),#1876);
#7022 = PRESENTATION_STYLE_ASSIGNMENT((#7023));
#7023 = SURFACE_STYLE_USAGE(.BOTH.,#7024);
#7024 = SURFACE_SIDE_STYLE('',(#7025,#7028));
#7025 = SURFACE_STYLE_FILL_AREA(#7026);
#7026 = FILL_AREA_STYLE('',(#7027));
#7027 = FILL_AREA_STYLE_COLOUR('',#6649);
#7028 = SURFACE_STYLE_RENDERING_WITH_PROPERTIES(.NORMAL_SHADING.,#6649,(
    #7029));
#7029 = SURFACE_STYLE_TRANSPARENT(0.100000023842);
#7030 = STYLED_ITEM('color',(#7031),#1895);
#7031 = PRESENTATION_STYLE_ASSIGNMENT((#7032));
#7032 = SURFACE_STYLE_USAGE(.BOTH.,#7033);
#7033 = SURFACE_SIDE_STYLE('',(#7034,#7037));
#7034 = SURFACE_STYLE_FILL_AREA(#7035);
#7035 = FILL_AREA_STYLE('',(#7036));
#7036 = FILL_AREA_STYLE_COLOUR('',#6649);
#7037 = SURFACE_STYLE_RENDERING_WITH_PROPERTIES(.NORMAL_SHADING.,#6649,(
    #7038));
#7038 = SURFACE_STYLE_TRANSPARENT(0.100000023842);
#7039 = STYLED_ITEM('color',(#7040),#1914);
#7040 = PRESENTATION_STYLE_ASSIGNMENT((#7041));
#7041 = SURFACE_STYLE_USAGE(.BOTH.,#7042);
#7042 = SURFACE_SIDE_STYLE('',(#7043,#7046));
#7043 = SURFACE_STYLE_FILL_AREA(#7044);
#7044 = FILL_AREA_STYLE('',(#7045));
#7045 = FILL_AREA_STYLE_COLOUR('',#6649);
#7046 = SURFACE_STYLE_RENDERING_WITH_PROPERTIES(.NORMAL_SHADING.,#6649,(
    #7047));
#7047 = SURFACE_STYLE_TRANSPARENT(0.100000023842);
#7048 = STYLED_ITEM('color',(#7049),#1933);
#7049 = PRESENTATION_STYLE_ASSIGNMENT((#7050));
#7050 = SURFACE_STYLE_USAGE(.BOTH.,#7051);
#7051 = SURFACE_SIDE_STYLE('',(#7052,#7055));
#7052 = SURFACE_STYLE_FILL_AREA(#7053);
#7053 = FILL_AREA_STYLE('',(#7054));
#7054 = FILL_AREA_STYLE_COLOUR('',#6649);
#7055 = SURFACE_STYLE_RENDERING_WITH_PROPERTIES(.NORMAL_SHADING.,#6649,(
    #7056));
#7056 = SURFACE_STYLE_TRANSPARENT(0.100000023842);
#7057 = STYLED_ITEM('color',(#7058),#1952);
#7058 = PRESENTATION_STYLE_ASSIGNMENT((#7059));
#7059 = SURFACE_STYLE_USAGE(.BOTH.,#7060);
#7060 = SURFACE_SIDE_STYLE('',(#7061,#7064));
#7061 = SURFACE_STYLE_FILL_AREA(#7062);
#7062 = FILL_AREA_STYLE('',(#7063));
#7063 = FILL_AREA_STYLE_COLOUR('',#6649);
#7064 = SURFACE_STYLE_RENDERING_WITH_PROPERTIES(.NORMAL_SHADING.,#6649,(
    #7065));
#7065 = SURFACE_STYLE_TRANSPARENT(0.100000023842);
#7066 = STYLED_ITEM('color',(#7067),#1971);
#7067 = PRESENTATION_STYLE_ASSIGNMENT((#7068));
#7068 = SURFACE_STYLE_USAGE(.BOTH.,#7069);
#7069 = SURFACE_SIDE_STYLE('',(#7070,#7073));
#7070 = SURFACE_STYLE_FILL_AREA(#7071);
#7071 = FILL_AREA_STYLE('',(#7072));
#7072 = FILL_AREA_STYLE_COLOUR('',#6649);
#7073 = SURFACE_STYLE_RENDERING_WITH_PROPERTIES(.NORMAL_SHADING.,#6649,(
    #7074));
#7074 = SURFACE_STYLE_TRANSPARENT(0.100000023842);
#7075 = STYLED_ITEM('color',(#7076),#1990);
#7076 = PRESENTATION_STYLE_ASSIGNMENT((#7077));
#7077 = SURFACE_STYLE_USAGE(.BOTH.,#7078);
#7078 = SURFACE_SIDE_STYLE('',(#7079,#7082));
#7079 = SURFACE_STYLE_FILL_AREA(#7080);
#7080 = FILL_AREA_STYLE('',(#7081));
#7081 = FILL_AREA_STYLE_COLOUR('',#6649);
#7082 = SURFACE_STYLE_RENDERING_WITH_PROPERTIES(.NORMAL_SHADING.,#6649,(
    #7083));
#7083 = SURFACE_STYLE_TRANSPARENT(0.100000023842);
#7084 = STYLED_ITEM('color',(#7085),#2009);
#7085 = PRESENTATION_STYLE_ASSIGNMENT((#7086));
#7086 = SURFACE_STYLE_USAGE(.BOTH.,#7087);
#7087 = SURFACE_SIDE_STYLE('',(#7088,#7091));
#7088 = SURFACE_STYLE_FILL_AREA(#7089);
#7089 = FILL_AREA_STYLE('',(#7090));
#7090 = FILL_AREA_STYLE_COLOUR('',#6649);
#7091 = SURFACE_STYLE_RENDERING_WITH_PROPERTIES(.NORMAL_SHADING.,#6649,(
    #7092));
#7092 = SURFACE_STYLE_TRANSPARENT(0.100000023842);
#7093 = STYLED_ITEM('color',(#7094),#2028);
#7094 = PRESENTATION_STYLE_ASSIGNMENT((#7095));
#7095 = SURFACE_STYLE_USAGE(.BOTH.,#7096);
#7096 = SURFACE_SIDE_STYLE('',(#7097,#7100));
#7097 = SURFACE_STYLE_FILL_AREA(#7098);
#7098 = FILL_AREA_STYLE('',(#7099));
#7099 = FILL_AREA_STYLE_COLOUR('',#6649);
#7100 = SURFACE_STYLE_RENDERING_WITH_PROPERTIES(.NORMAL_SHADING.,#6649,(
    #7101));
#7101 = SURFACE_STYLE_TRANSPARENT(0.100000023842);
#7102 = STYLED_ITEM('color',(#7103),#2047);
#7103 = PRESENTATION_STYLE_ASSIGNMENT((#7104));
#7104 = SURFACE_STYLE_USAGE(.BOTH.,#7105);
#7105 = SURFACE_SIDE_STYLE('',(#7106,#7109));
#7106 = SURFACE_STYLE_FILL_AREA(#7107);
#7107 = FILL_AREA_STYLE('',(#7108));
#7108 = FILL_AREA_STYLE_COLOUR('',#6649);
#7109 = SURFACE_STYLE_RENDERING_WITH_PROPERTIES(.NORMAL_SHADING.,#6649,(
    #7110));
#7110 = SURFACE_STYLE_TRANSPARENT(0.100000023842);
#7111 = STYLED_ITEM('color',(#7112),#2066);
#7112 = PRESENTATION_STYLE_ASSIGNMENT((#7113));
#7113 = SURFACE_STYLE_USAGE(.BOTH.,#7114);
#7114 = SURFACE_SIDE_STYLE('',(#7115,#7118));
#7115 = SURFACE_STYLE_FILL_AREA(#7116);
#7116 = FILL_AREA_STYLE('',(#7117));
#7117 = FILL_AREA_STYLE_COLOUR('',#6649);
#7118 = SURFACE_STYLE_RENDERING_WITH_PROPERTIES(.NORMAL_SHADING.,#6649,(
    #7119));
#7119 = SURFACE_STYLE_TRANSPARENT(0.100000023842);
#7120 = STYLED_ITEM('color',(#7121),#2085);
#7121 = PRESENTATION_STYLE_ASSIGNMENT((#7122));
#7122 = SURFACE_STYLE_USAGE(.BOTH.,#7123);
#7123 = SURFACE_SIDE_STYLE('',(#7124,#7127));
#7124 = SURFACE_STYLE_FILL_AREA(#7125);
#7125 = FILL_AREA_STYLE('',(#7126));
#7126 = FILL_AREA_STYLE_COLOUR('',#6649);
#7127 = SURFACE_STYLE_RENDERING_WITH_PROPERTIES(.NORMAL_SHADING.,#6649,(
    #7128));
#7128 = SURFACE_STYLE_TRANSPARENT(0.100000023842);
#7129 = STYLED_ITEM('color',(#7130),#2104);
#7130 = PRESENTATION_STYLE_ASSIGNMENT((#7131));
#7131 = SURFACE_STYLE_USAGE(.BOTH.,#7132);
#7132 = SURFACE_SIDE_STYLE('',(#7133,#7136));
#7133 = SURFACE_STYLE_FILL_AREA(#7134);
#7134 = FILL_AREA_STYLE('',(#7135));
#7135 = FILL_AREA_STYLE_COLOUR('',#6649);
#7136 = SURFACE_STYLE_RENDERING_WITH_PROPERTIES(.NORMAL_SHADING.,#6649,(
    #7137));
#7137 = SURFACE_STYLE_TRANSPARENT(0.100000023842);
#7138 = STYLED_ITEM('color',(#7139),#2123);
#7139 = PRESENTATION_STYLE_ASSIGNMENT((#7140));
#7140 = SURFACE_STYLE_USAGE(.BOTH.,#7141);
#7141 = SURFACE_SIDE_STYLE('',(#7142,#7145));
#7142 = SURFACE_STYLE_FILL_AREA(#7143);
#7143 = FILL_AREA_STYLE('',(#7144));
#7144 = FILL_AREA_STYLE_COLOUR('',#6649);
#7145 = SURFACE_STYLE_RENDERING_WITH_PROPERTIES(.NORMAL_SHADING.,#6649,(
    #7146));
#7146 = SURFACE_STYLE_TRANSPARENT(0.100000023842);
#7147 = STYLED_ITEM('color',(#7148),#2142);
#7148 = PRESENTATION_STYLE_ASSIGNMENT((#7149));
#7149 = SURFACE_STYLE_USAGE(.BOTH.,#7150);
#7150 = SURFACE_SIDE_STYLE('',(#7151,#7154));
#7151 = SURFACE_STYLE_FILL_AREA(#7152);
#7152 = FILL_AREA_STYLE('',(#7153));
#7153 = FILL_AREA_STYLE_COLOUR('',#6649);
#7154 = SURFACE_STYLE_RENDERING_WITH_PROPERTIES(.NORMAL_SHADING.,#6649,(
    #7155));
#7155 = SURFACE_STYLE_TRANSPARENT(0.100000023842);
#7156 = STYLED_ITEM('color',(#7157),#2161);
#7157 = PRESENTATION_STYLE_ASSIGNMENT((#7158));
#7158 = SURFACE_STYLE_USAGE(.BOTH.,#7159);
#7159 = SURFACE_SIDE_STYLE('',(#7160,#7163));
#7160 = SURFACE_STYLE_FILL_AREA(#7161);
#7161 = FILL_AREA_STYLE('',(#7162));
#7162 = FILL_AREA_STYLE_COLOUR('',#6649);
#7163 = SURFACE_STYLE_RENDERING_WITH_PROPERTIES(.NORMAL_SHADING.,#6649,(
    #7164));
#7164 = SURFACE_STYLE_TRANSPARENT(0.100000023842);
#7165 = STYLED_ITEM('color',(#7166),#2180);
#7166 = PRESENTATION_STYLE_ASSIGNMENT((#7167));
#7167 = SURFACE_STYLE_USAGE(.BOTH.,#7168);
#7168 = SURFACE_SIDE_STYLE('',(#7169,#7172));
#7169 = SURFACE_STYLE_FILL_AREA(#7170);
#7170 = FILL_AREA_STYLE('',(#7171));
#7171 = FILL_AREA_STYLE_COLOUR('',#6649);
#7172 = SURFACE_STYLE_RENDERING_WITH_PROPERTIES(.NORMAL_SHADING.,#6649,(
    #7173));
#7173 = SURFACE_STYLE_TRANSPARENT(0.100000023842);
#7174 = STYLED_ITEM('color',(#7175),#2199);
#7175 = PRESENTATION_STYLE_ASSIGNMENT((#7176));
#7176 = SURFACE_STYLE_USAGE(.BOTH.,#7177);
#7177 = SURFACE_SIDE_STYLE('',(#7178,#7181));
#7178 = SURFACE_STYLE_FILL_AREA(#7179);
#7179 = FILL_AREA_STYLE('',(#7180));
#7180 = FILL_AREA_STYLE_COLOUR('',#6649);
#7181 = SURFACE_STYLE_RENDERING_WITH_PROPERTIES(.NORMAL_SHADING.,#6649,(
    #7182));
#7182 = SURFACE_STYLE_TRANSPARENT(0.100000023842);
#7183 = STYLED_ITEM('color',(#7184),#2218);
#7184 = PRESENTATION_STYLE_ASSIGNMENT((#7185));
#7185 = SURFACE_STYLE_USAGE(.BOTH.,#7186);
#7186 = SURFACE_SIDE_STYLE('',(#7187,#7190));
#7187 = SURFACE_STYLE_FILL_AREA(#7188);
#7188 = FILL_AREA_STYLE('',(#7189));
#7189 = FILL_AREA_STYLE_COLOUR('',#6649);
#7190 = SURFACE_STYLE_RENDERING_WITH_PROPERTIES(.NORMAL_SHADING.,#6649,(
    #7191));
#7191 = SURFACE_STYLE_TRANSPARENT(0.100000023842);
#7192 = STYLED_ITEM('color',(#7193),#2237);
#7193 = PRESENTATION_STYLE_ASSIGNMENT((#7194));
#7194 = SURFACE_STYLE_USAGE(.BOTH.,#7195);
#7195 = SURFACE_SIDE_STYLE('',(#7196,#7199));
#7196 = SURFACE_STYLE_FILL_AREA(#7197);
#7197 = FILL_AREA_STYLE('',(#7198));
#7198 = FILL_AREA_STYLE_COLOUR('',#6649);
#7199 = SURFACE_STYLE_RENDERING_WITH_PROPERTIES(.NORMAL_SHADING.,#6649,(
    #7200));
#7200 = SURFACE_STYLE_TRANSPARENT(0.100000023842);
#7201 = STYLED_ITEM('color',(#7202),#2256);
#7202 = PRESENTATION_STYLE_ASSIGNMENT((#7203));
#7203 = SURFACE_STYLE_USAGE(.BOTH.,#7204);
#7204 = SURFACE_SIDE_STYLE('',(#7205,#7208));
#7205 = SURFACE_STYLE_FILL_AREA(#7206);
#7206 = FILL_AREA_STYLE('',(#7207));
#7207 = FILL_AREA_STYLE_COLOUR('',#6649);
#7208 = SURFACE_STYLE_RENDERING_WITH_PROPERTIES(.NORMAL_SHADING.,#6649,(
    #7209));
#7209 = SURFACE_STYLE_TRANSPARENT(0.100000023842);
#7210 = STYLED_ITEM('color',(#7211),#2275);
#7211 = PRESENTATION_STYLE_ASSIGNMENT((#7212));
#7212 = SURFACE_STYLE_USAGE(.BOTH.,#7213);
#7213 = SURFACE_SIDE_STYLE('',(#7214,#7217));
#7214 = SURFACE_STYLE_FILL_AREA(#7215);
#7215 = FILL_AREA_STYLE('',(#7216));
#7216 = FILL_AREA_STYLE_COLOUR('',#6649);
#7217 = SURFACE_STYLE_RENDERING_WITH_PROPERTIES(.NORMAL_SHADING.,#6649,(
    #7218));
#7218 = SURFACE_STYLE_TRANSPARENT(0.100000023842);
#7219 = STYLED_ITEM('color',(#7220),#2294);
#7220 = PRESENTATION_STYLE_ASSIGNMENT((#7221));
#7221 = SURFACE_STYLE_USAGE(.BOTH.,#7222);
#7222 = SURFACE_SIDE_STYLE('',(#7223,#7226));
#7223 = SURFACE_STYLE_FILL_AREA(#7224);
#7224 = FILL_AREA_STYLE('',(#7225));
#7225 = FILL_AREA_STYLE_COLOUR('',#6649);
#7226 = SURFACE_STYLE_RENDERING_WITH_PROPERTIES(.NORMAL_SHADING.,#6649,(
    #7227));
#7227 = SURFACE_STYLE_TRANSPARENT(0.100000023842);
#7228 = STYLED_ITEM('color',(#7229),#2313);
#7229 = PRESENTATION_STYLE_ASSIGNMENT((#7230));
#7230 = SURFACE_STYLE_USAGE(.BOTH.,#7231);
#7231 = SURFACE_SIDE_STYLE('',(#7232,#7235));
#7232 = SURFACE_STYLE_FILL_AREA(#7233);
#7233 = FILL_AREA_STYLE('',(#7234));
#7234 = FILL_AREA_STYLE_COLOUR('',#6649);
#7235 = SURFACE_STYLE_RENDERING_WITH_PROPERTIES(.NORMAL_SHADING.,#6649,(
    #7236));
#7236 = SURFACE_STYLE_TRANSPARENT(0.100000023842);
#7237 = STYLED_ITEM('color',(#7238),#2332);
#7238 = PRESENTATION_STYLE_ASSIGNMENT((#7239));
#7239 = SURFACE_STYLE_USAGE(.BOTH.,#7240);
#7240 = SURFACE_SIDE_STYLE('',(#7241,#7244));
#7241 = SURFACE_STYLE_FILL_AREA(#7242);
#7242 = FILL_AREA_STYLE('',(#7243));
#7243 = FILL_AREA_STYLE_COLOUR('',#6649);
#7244 = SURFACE_STYLE_RENDERING_WITH_PROPERTIES(.NORMAL_SHADING.,#6649,(
    #7245));
#7245 = SURFACE_STYLE_TRANSPARENT(0.100000023842);
#7246 = STYLED_ITEM('color',(#7247),#2351);
#7247 = PRESENTATION_STYLE_ASSIGNMENT((#7248));
#7248 = SURFACE_STYLE_USAGE(.BOTH.,#7249);
#7249 = SURFACE_SIDE_STYLE('',(#7250,#7253));
#7250 = SURFACE_STYLE_FILL_AREA(#7251);
#7251 = FILL_AREA_STYLE('',(#7252));
#7252 = FILL_AREA_STYLE_COLOUR('',#6649);
#7253 = SURFACE_STYLE_RENDERING_WITH_PROPERTIES(.NORMAL_SHADING.,#6649,(
    #7254));
#7254 = SURFACE_STYLE_TRANSPARENT(0.100000023842);
#7255 = STYLED_ITEM('color',(#7256),#2370);
#7256 = PRESENTATION_STYLE_ASSIGNMENT((#7257));
#7257 = SURFACE_STYLE_USAGE(.BOTH.,#7258);
#7258 = SURFACE_SIDE_STYLE('',(#7259,#7262));
#7259 = SURFACE_STYLE_FILL_AREA(#7260);
#7260 = FILL_AREA_STYLE('',(#7261));
#7261 = FILL_AREA_STYLE_COLOUR('',#6649);
#7262 = SURFACE_STYLE_RENDERING_WITH_PROPERTIES(.NORMAL_SHADING.,#6649,(
    #7263));
#7263 = SURFACE_STYLE_TRANSPARENT(0.100000023842);
#7264 = STYLED_ITEM('color',(#7265),#2389);
#7265 = PRESENTATION_STYLE_ASSIGNMENT((#7266));
#7266 = SURFACE_STYLE_USAGE(.BOTH.,#7267);
#7267 = SURFACE_SIDE_STYLE('',(#7268,#7271));
#7268 = SURFACE_STYLE_FILL_AREA(#7269);
#7269 = FILL_AREA_STYLE('',(#7270));
#7270 = FILL_AREA_STYLE_COLOUR('',#6649);
#7271 = SURFACE_STYLE_RENDERING_WITH_PROPERTIES(.NORMAL_SHADING.,#6649,(
    #7272));
#7272 = SURFACE_STYLE_TRANSPARENT(0.100000023842);
#7273 = STYLED_ITEM('color',(#7274),#2408);
#7274 = PRESENTATION_STYLE_ASSIGNMENT((#7275));
#7275 = SURFACE_STYLE_USAGE(.BOTH.,#7276);
#7276 = SURFACE_SIDE_STYLE('',(#7277,#7280));
#7277 = SURFACE_STYLE_FILL_AREA(#7278);
#7278 = FILL_AREA_STYLE('',(#7279));
#7279 = FILL_AREA_STYLE_COLOUR('',#6649);
#7280 = SURFACE_STYLE_RENDERING_WITH_PROPERTIES(.NORMAL_SHADING.,#6649,(
    #7281));
#7281 = SURFACE_STYLE_TRANSPARENT(0.100000023842);
#7282 = STYLED_ITEM('color',(#7283),#2427);
#7283 = PRESENTATION_STYLE_ASSIGNMENT((#7284));
#7284 = SURFACE_STYLE_USAGE(.BOTH.,#7285);
#7285 = SURFACE_SIDE_STYLE('',(#7286,#7289));
#7286 = SURFACE_STYLE_FILL_AREA(#7287);
#7287 = FILL_AREA_STYLE('',(#7288));
#7288 = FILL_AREA_STYLE_COLOUR('',#6649);
#7289 = SURFACE_STYLE_RENDERING_WITH_PROPERTIES(.NORMAL_SHADING.,#6649,(
    #7290));
#7290 = SURFACE_STYLE_TRANSPARENT(0.100000023842);
#7291 = STYLED_ITEM('color',(#7292),#2446);
#7292 = PRESENTATION_STYLE_ASSIGNMENT((#7293));
#7293 = SURFACE_STYLE_USAGE(.BOTH.,#7294);
#7294 = SURFACE_SIDE_STYLE('',(#7295,#7298));
#7295 = SURFACE_STYLE_FILL_AREA(#7296);
#7296 = FILL_AREA_STYLE('',(#7297));
#7297 = FILL_AREA_STYLE_COLOUR('',#6649);
#7298 = SURFACE_STYLE_RENDERING_WITH_PROPERTIES(.NORMAL_SHADING.,#6649,(
    #7299));
#7299 = SURFACE_STYLE_TRANSPARENT(0.100000023842);
#7300 = STYLED_ITEM('color',(#7301),#2465);
#7301 = PRESENTATION_STYLE_ASSIGNMENT((#7302));
#7302 = SURFACE_STYLE_USAGE(.BOTH.,#7303);
#7303 = SURFACE_SIDE_STYLE('',(#7304,#7307));
#7304 = SURFACE_STYLE_FILL_AREA(#7305);
#7305 = FILL_AREA_STYLE('',(#7306));
#7306 = FILL_AREA_STYLE_COLOUR('',#6649);
#7307 = SURFACE_STYLE_RENDERING_WITH_PROPERTIES(.NORMAL_SHADING.,#6649,(
    #7308));
#7308 = SURFACE_STYLE_TRANSPARENT(0.100000023842);
#7309 = STYLED_ITEM('color',(#7310),#2484);
#7310 = PRESENTATION_STYLE_ASSIGNMENT((#7311));
#7311 = SURFACE_STYLE_USAGE(.BOTH.,#7312);
#7312 = SURFACE_SIDE_STYLE('',(#7313,#7316));
#7313 = SURFACE_STYLE_FILL_AREA(#7314);
#7314 = FILL_AREA_STYLE('',(#7315));
#7315 = FILL_AREA_STYLE_COLOUR('',#6649);
#7316 = SURFACE_STYLE_RENDERING_WITH_PROPERTIES(.NORMAL_SHADING.,#6649,(
    #7317));
#7317 = SURFACE_STYLE_TRANSPARENT(0.100000023842);
#7318 = STYLED_ITEM('color',(#7319),#2503);
#7319 = PRESENTATION_STYLE_ASSIGNMENT((#7320));
#7320 = SURFACE_STYLE_USAGE(.BOTH.,#7321);
#7321 = SURFACE_SIDE_STYLE('',(#7322,#7325));
#7322 = SURFACE_STYLE_FILL_AREA(#7323);
#7323 = FILL_AREA_STYLE('',(#7324));
#7324 = FILL_AREA_STYLE_COLOUR('',#6649);
#7325 = SURFACE_STYLE_RENDERING_WITH_PROPERTIES(.NORMAL_SHADING.,#6649,(
    #7326));
#7326 = SURFACE_STYLE_TRANSPARENT(0.100000023842);
#7327 = STYLED_ITEM('color',(#7328),#2522);
#7328 = PRESENTATION_STYLE_ASSIGNMENT((#7329));
#7329 = SURFACE_STYLE_USAGE(.BOTH.,#7330);
#7330 = SURFACE_SIDE_STYLE('',(#7331,#7334));
#7331 = SURFACE_STYLE_FILL_AREA(#7332);
#7332 = FILL_AREA_STYLE('',(#7333));
#7333 = FILL_AREA_STYLE_COLOUR('',#6649);
#7334 = SURFACE_STYLE_RENDERING_WITH_PROPERTIES(.NORMAL_SHADING.,#6649,(
    #7335));
#7335 = SURFACE_STYLE_TRANSPARENT(0.100000023842);
#7336 = STYLED_ITEM('color',(#7337),#2541);
#7337 = PRESENTATION_STYLE_ASSIGNMENT((#7338));
#7338 = SURFACE_STYLE_USAGE(.BOTH.,#7339);
#7339 = SURFACE_SIDE_STYLE('',(#7340,#7343));
#7340 = SURFACE_STYLE_FILL_AREA(#7341);
#7341 = FILL_AREA_STYLE('',(#7342));
#7342 = FILL_AREA_STYLE_COLOUR('',#6649);
#7343 = SURFACE_STYLE_RENDERING_WITH_PROPERTIES(.NORMAL_SHADING.,#6649,(
    #7344));
#7344 = SURFACE_STYLE_TRANSPARENT(0.100000023842);
#7345 = STYLED_ITEM('color',(#7346),#2618);
#7346 = PRESENTATION_STYLE_ASSIGNMENT((#7347));
#7347 = SURFACE_STYLE_USAGE(.BOTH.,#7348);
#7348 = SURFACE_SIDE_STYLE('',(#7349,#7352));
#7349 = SURFACE_STYLE_FILL_AREA(#7350);
#7350 = FILL_AREA_STYLE('',(#7351));
#7351 = FILL_AREA_STYLE_COLOUR('',#6649);
#7352 = SURFACE_STYLE_RENDERING_WITH_PROPERTIES(.NORMAL_SHADING.,#6649,(
    #7353));
#7353 = SURFACE_STYLE_TRANSPARENT(0.100000023842);
ENDSEC;
END-ISO-10303-21;
