ISO-10303-21;
HEADER;
FILE_DESCRIPTION(('KiCad electronic assembly'),'2;1');
FILE_NAME('tamagotchi module.step','2026-08-13T17:20:13',('Pcbnew'),(
    'Kicad'),'Open CASCADE STEP processor 7.9','KiCad to STEP converter'
  ,'Unknown');
FILE_SCHEMA(('AUTOMOTIVE_DESIGN { 1 0 10303 214 1 1 1 1 }'));
ENDSEC;
DATA;
#1 = APPLICATION_PROTOCOL_DEFINITION('international standard',
  'automotive_design',2000,#2);
#2 = APPLICATION_CONTEXT(
  'core data for automotive mechanical design processes');
#3 = SHAPE_DEFINITION_REPRESENTATION(#4,#10);
#4 = PRODUCT_DEFINITION_SHAPE('','',#5);
#5 = PRODUCT_DEFINITION('design','',#6,#9);
#6 = PRODUCT_DEFINITION_FORMATION('','',#7);
#7 = PRODUCT('tamagotchi module 1','tamagotchi module 1','',(#8));
#8 = PRODUCT_CONTEXT('',#2,'mechanical');
#9 = PRODUCT_DEFINITION_CONTEXT('part definition',#2,'design');
#10 = SHAPE_REPRESENTATION('',(#11,#15,#19,#23,#27),#31);
#11 = AXIS2_PLACEMENT_3D('',#12,#13,#14);
#12 = CARTESIAN_POINT('',(0.,0.,0.));
#13 = DIRECTION('',(0.,0.,1.));
#14 = DIRECTION('',(1.,0.,-0.));
#15 = AXIS2_PLACEMENT_3D('',#16,#17,#18);
#16 = CARTESIAN_POINT('',(0.,0.,0.));
#17 = DIRECTION('',(0.,0.,1.));
#18 = DIRECTION('',(1.,0.,-0.));
#19 = AXIS2_PLACEMENT_3D('',#20,#21,#22);
#20 = CARTESIAN_POINT('',(0.,0.,0.));
#21 = DIRECTION('',(0.,0.,1.));
#22 = DIRECTION('',(1.,0.,-0.));
#23 = AXIS2_PLACEMENT_3D('',#24,#25,#26);
#24 = CARTESIAN_POINT('',(0.,0.,0.));
#25 = DIRECTION('',(0.,0.,1.));
#26 = DIRECTION('',(1.,0.,-0.));
#27 = AXIS2_PLACEMENT_3D('',#28,#29,#30);
#28 = CARTESIAN_POINT('',(0.,0.,0.));
#29 = DIRECTION('',(0.,0.,1.));
#30 = DIRECTION('',(1.,0.,-0.));
#31 = ( GEOMETRIC_REPRESENTATION_CONTEXT(3) 
GLOBAL_UNCERTAINTY_ASSIGNED_CONTEXT((#35)) GLOBAL_UNIT_ASSIGNED_CONTEXT(
(#32,#33,#34)) REPRESENTATION_CONTEXT('Context #1',
  '3D Context with UNIT and UNCERTAINTY') );
#32 = ( LENGTH_UNIT() NAMED_UNIT(*) SI_UNIT(.MILLI.,.METRE.) );
#33 = ( NAMED_UNIT(*) PLANE_ANGLE_UNIT() SI_UNIT($,.RADIAN.) );
#34 = ( NAMED_UNIT(*) SI_UNIT($,.STERADIAN.) SOLID_ANGLE_UNIT() );
#35 = UNCERTAINTY_MEASURE_WITH_UNIT(LENGTH_MEASURE(1.E-07),#32,
  'distance_accuracy_value','confusion accuracy');
#36 = PRODUCT_RELATED_PRODUCT_CATEGORY('part',$,(#7));
#37 = SHAPE_DEFINITION_REPRESENTATION(#38,#44);
#38 = PRODUCT_DEFINITION_SHAPE('','',#39);
#39 = PRODUCT_DEFINITION('design','',#40,#43);
#40 = PRODUCT_DEFINITION_FORMATION('','',#41);
#41 = PRODUCT('tamagotchi module_silkscreen',
  'tamagotchi module_silkscreen','',(#42));
#42 = PRODUCT_CONTEXT('',#2,'mechanical');
#43 = PRODUCT_DEFINITION_CONTEXT('part definition',#2,'design');
#44 = SHAPE_REPRESENTATION('',(#11,#45,#89,#133,#177,#229,#281,#333,#385
    ,#437,#489,#769,#888,#1124,#1168,#1212,#1256,#1430,#1555,#1649,#1761
    ,#1805,#1848,#1892,#1936,#2038,#2261,#2470,#2630,#2891,#3044,#3096,
    #3148,#3217,#3293,#3515,#3641,#3783,#3827,#3871,#4085,#4253,#4455,
    #4623,#4675,#4727,#4771,#4815,#4883,#4977,#5021,#5065,#5182,#5284,
    #5328,#5440,#5508,#5619,#5832,#5876,#5993,#6095,#6255,#6463,#6588,
    #6632,#6781,#6825,#6869,#7051,#7211,#7428,#7472,#7516,#7618,#7687,
    #7839,#7891,#7943,#8019,#8071,#8123,#8275,#8319,#8453,#8497,#8540,
    #8700,#8902,#8996,#9174,#9218,#9270,#9322,#9524,#9626,#9738,#9807,
    #9949,#10116,#10287,#10339,#10391,#10476,#10528,#10580,#10722,#10790
    ,#10884,#10961,#11073,#11125,#11177,#11229,#11281,#11358,#11470,
    #11548),#11750);
#45 = SHELL_BASED_SURFACE_MODEL('',(#46));
#46 = OPEN_SHELL('',(#47));
#47 = ADVANCED_FACE('',(#48),#84,.T.);
#48 = FACE_BOUND('',#49,.F.);
#49 = EDGE_LOOP('',(#50,#61,#69,#78));
#50 = ORIENTED_EDGE('',*,*,#51,.T.);
#51 = EDGE_CURVE('',#52,#54,#56,.T.);
#52 = VERTEX_POINT('',#53);
#53 = CARTESIAN_POINT('',(102.8,-66.41,1.585));
#54 = VERTEX_POINT('',#55);
#55 = CARTESIAN_POINT('',(102.8,-66.29,1.585));
#56 = CIRCLE('',#57,6.000000000042E-02);
#57 = AXIS2_PLACEMENT_3D('',#58,#59,#60);
#58 = CARTESIAN_POINT('',(102.79999977441,-66.35,1.585));
#59 = DIRECTION('',(0.,0.,-1.));
#60 = DIRECTION('',(3.759794016836E-06,-0.999999999993,0.));
#61 = ORIENTED_EDGE('',*,*,#62,.T.);
#62 = EDGE_CURVE('',#54,#63,#65,.T.);
#63 = VERTEX_POINT('',#64);
#64 = CARTESIAN_POINT('',(104.3,-66.29,1.585));
#65 = LINE('',#66,#67);
#66 = CARTESIAN_POINT('',(102.8,-66.29,1.585));
#67 = VECTOR('',#68,1.);
#68 = DIRECTION('',(1.,0.,0.));
#69 = ORIENTED_EDGE('',*,*,#70,.T.);
#70 = EDGE_CURVE('',#63,#71,#73,.T.);
#71 = VERTEX_POINT('',#72);
#72 = CARTESIAN_POINT('',(104.3,-66.41,1.585));
#73 = CIRCLE('',#74,6.000000000042E-02);
#74 = AXIS2_PLACEMENT_3D('',#75,#76,#77);
#75 = CARTESIAN_POINT('',(104.30000022558,-66.35,1.585));
#76 = DIRECTION('',(0.,0.,-1.));
#77 = DIRECTION('',(-3.759794490532E-06,0.999999999993,-0.));
#78 = ORIENTED_EDGE('',*,*,#79,.T.);
#79 = EDGE_CURVE('',#71,#52,#80,.T.);
#80 = LINE('',#81,#82);
#81 = CARTESIAN_POINT('',(104.3,-66.41,1.585));
#82 = VECTOR('',#83,1.);
#83 = DIRECTION('',(-1.,0.,0.));
#84 = PLANE('',#85);
#85 = AXIS2_PLACEMENT_3D('',#86,#87,#88);
#86 = CARTESIAN_POINT('',(0.,0.,1.585));
#87 = DIRECTION('',(0.,0.,1.));
#88 = DIRECTION('',(1.,0.,-0.));
#89 = SHELL_BASED_SURFACE_MODEL('',(#90));
#90 = OPEN_SHELL('',(#91));
#91 = ADVANCED_FACE('',(#92),#128,.T.);
#92 = FACE_BOUND('',#93,.F.);
#93 = EDGE_LOOP('',(#94,#105,#113,#122));
#94 = ORIENTED_EDGE('',*,*,#95,.T.);
#95 = EDGE_CURVE('',#96,#98,#100,.T.);
#96 = VERTEX_POINT('',#97);
#97 = CARTESIAN_POINT('',(85.7,-66.31,1.585));
#98 = VERTEX_POINT('',#99);
#99 = CARTESIAN_POINT('',(85.7,-66.19,1.585));
#100 = CIRCLE('',#101,6.000000000042E-02);
#101 = AXIS2_PLACEMENT_3D('',#102,#103,#104);
#102 = CARTESIAN_POINT('',(85.699999774412,-66.25,1.585));
#103 = DIRECTION('',(0.,0.,-1.));
#104 = DIRECTION('',(3.759794253684E-06,-0.999999999993,0.));
#105 = ORIENTED_EDGE('',*,*,#106,.T.);
#106 = EDGE_CURVE('',#98,#107,#109,.T.);
#107 = VERTEX_POINT('',#108);
#108 = CARTESIAN_POINT('',(87.2,-66.19,1.585));
#109 = LINE('',#110,#111);
#110 = CARTESIAN_POINT('',(85.7,-66.19,1.585));
#111 = VECTOR('',#112,1.);
#112 = DIRECTION('',(1.,0.,0.));
#113 = ORIENTED_EDGE('',*,*,#114,.T.);
#114 = EDGE_CURVE('',#107,#115,#117,.T.);
#115 = VERTEX_POINT('',#116);
#116 = CARTESIAN_POINT('',(87.2,-66.31,1.585));
#117 = CIRCLE('',#118,6.000000000042E-02);
#118 = AXIS2_PLACEMENT_3D('',#119,#120,#121);
#119 = CARTESIAN_POINT('',(87.200000225588,-66.25,1.585));
#120 = DIRECTION('',(0.,0.,-1.));
#121 = DIRECTION('',(-3.759794016836E-06,0.999999999993,-0.));
#122 = ORIENTED_EDGE('',*,*,#123,.T.);
#123 = EDGE_CURVE('',#115,#96,#124,.T.);
#124 = LINE('',#125,#126);
#125 = CARTESIAN_POINT('',(87.2,-66.31,1.585));
#126 = VECTOR('',#127,1.);
#127 = DIRECTION('',(-1.,0.,0.));
#128 = PLANE('',#129);
#129 = AXIS2_PLACEMENT_3D('',#130,#131,#132);
#130 = CARTESIAN_POINT('',(0.,0.,1.585));
#131 = DIRECTION('',(0.,0.,1.));
#132 = DIRECTION('',(1.,0.,-0.));
#133 = SHELL_BASED_SURFACE_MODEL('',(#134));
#134 = OPEN_SHELL('',(#135));
#135 = ADVANCED_FACE('',(#136),#172,.T.);
#136 = FACE_BOUND('',#137,.F.);
#137 = EDGE_LOOP('',(#138,#149,#157,#166));
#138 = ORIENTED_EDGE('',*,*,#139,.T.);
#139 = EDGE_CURVE('',#140,#142,#144,.T.);
#140 = VERTEX_POINT('',#141);
#141 = CARTESIAN_POINT('',(94.5,-66.31,1.585));
#142 = VERTEX_POINT('',#143);
#143 = CARTESIAN_POINT('',(94.5,-66.19,1.585));
#144 = CIRCLE('',#145,6.000000000042E-02);
#145 = AXIS2_PLACEMENT_3D('',#146,#147,#148);
#146 = CARTESIAN_POINT('',(94.499999774412,-66.25,1.585));
#147 = DIRECTION('',(0.,0.,-1.));
#148 = DIRECTION('',(3.759794016836E-06,-0.999999999993,0.));
#149 = ORIENTED_EDGE('',*,*,#150,.T.);
#150 = EDGE_CURVE('',#142,#151,#153,.T.);
#151 = VERTEX_POINT('',#152);
#152 = CARTESIAN_POINT('',(96.,-66.19,1.585));
#153 = LINE('',#154,#155);
#154 = CARTESIAN_POINT('',(94.5,-66.19,1.585));
#155 = VECTOR('',#156,1.);
#156 = DIRECTION('',(1.,0.,0.));
#157 = ORIENTED_EDGE('',*,*,#158,.T.);
#158 = EDGE_CURVE('',#151,#159,#161,.T.);
#159 = VERTEX_POINT('',#160);
#160 = CARTESIAN_POINT('',(96.,-66.31,1.585));
#161 = CIRCLE('',#162,6.000000000042E-02);
#162 = AXIS2_PLACEMENT_3D('',#163,#164,#165);
#163 = CARTESIAN_POINT('',(96.000000225588,-66.25,1.585));
#164 = DIRECTION('',(0.,0.,-1.));
#165 = DIRECTION('',(-3.759794016836E-06,0.999999999993,-0.));
#166 = ORIENTED_EDGE('',*,*,#167,.T.);
#167 = EDGE_CURVE('',#159,#140,#168,.T.);
#168 = LINE('',#169,#170);
#169 = CARTESIAN_POINT('',(96.,-66.31,1.585));
#170 = VECTOR('',#171,1.);
#171 = DIRECTION('',(-1.,0.,0.));
#172 = PLANE('',#173);
#173 = AXIS2_PLACEMENT_3D('',#174,#175,#176);
#174 = CARTESIAN_POINT('',(0.,0.,1.585));
#175 = DIRECTION('',(0.,0.,1.));
#176 = DIRECTION('',(1.,0.,-0.));
#177 = SHELL_BASED_SURFACE_MODEL('',(#178));
#178 = OPEN_SHELL('',(#179));
#179 = ADVANCED_FACE('',(#180),#224,.T.);
#180 = FACE_BOUND('',#181,.F.);
#181 = EDGE_LOOP('',(#182,#193,#201,#210,#218));
#182 = ORIENTED_EDGE('',*,*,#183,.T.);
#183 = EDGE_CURVE('',#184,#186,#188,.T.);
#184 = VERTEX_POINT('',#185);
#185 = CARTESIAN_POINT('',(100.244567,-60.577039,1.585));
#186 = VERTEX_POINT('',#187);
#187 = CARTESIAN_POINT('',(100.36,-60.6,1.585));
#188 = CIRCLE('',#189,6.000007318647E-02);
#189 = AXIS2_PLACEMENT_3D('',#190,#191,#192);
#190 = CARTESIAN_POINT('',(100.29999992681,-60.59999982331,1.585));
#191 = DIRECTION('',(0.,0.,-1.));
#192 = DIRECTION('',(-0.923880986637,0.382679921777,0.));
#193 = ORIENTED_EDGE('',*,*,#194,.T.);
#194 = EDGE_CURVE('',#186,#195,#197,.T.);
#195 = VERTEX_POINT('',#196);
#196 = CARTESIAN_POINT('',(100.36,-65.1,1.585));
#197 = LINE('',#198,#199);
#198 = CARTESIAN_POINT('',(100.36,-60.6,1.585));
#199 = VECTOR('',#200,1.);
#200 = DIRECTION('',(0.,-1.,0.));
#201 = ORIENTED_EDGE('',*,*,#202,.T.);
#202 = EDGE_CURVE('',#195,#203,#205,.T.);
#203 = VERTEX_POINT('',#204);
#204 = CARTESIAN_POINT('',(100.24,-65.1,1.585));
#205 = CIRCLE('',#206,6.000000000043E-02);
#206 = AXIS2_PLACEMENT_3D('',#207,#208,#209);
#207 = CARTESIAN_POINT('',(100.3,-65.10000022558,1.585));
#208 = DIRECTION('',(0.,0.,-1.));
#209 = DIRECTION('',(0.999999999993,3.759794253684E-06,0.));
#210 = ORIENTED_EDGE('',*,*,#211,.T.);
#211 = EDGE_CURVE('',#203,#212,#214,.T.);
#212 = VERTEX_POINT('',#213);
#213 = CARTESIAN_POINT('',(100.24,-60.6,1.585));
#214 = LINE('',#215,#216);
#215 = CARTESIAN_POINT('',(100.24,-65.1,1.585));
#216 = VECTOR('',#217,1.);
#217 = DIRECTION('',(0.,1.,0.));
#218 = ORIENTED_EDGE('',*,*,#219,.T.);
#219 = EDGE_CURVE('',#212,#184,#220,.T.);
#220 = LINE('',#221,#222);
#221 = CARTESIAN_POINT('',(100.24,-60.6,1.585));
#222 = VECTOR('',#223,1.);
#223 = DIRECTION('',(0.195081000118,0.980787134598,0.));
#224 = PLANE('',#225);
#225 = AXIS2_PLACEMENT_3D('',#226,#227,#228);
#226 = CARTESIAN_POINT('',(0.,0.,1.585));
#227 = DIRECTION('',(0.,0.,1.));
#228 = DIRECTION('',(1.,0.,-0.));
#229 = SHELL_BASED_SURFACE_MODEL('',(#230));
#230 = OPEN_SHELL('',(#231));
#231 = ADVANCED_FACE('',(#232),#276,.T.);
#232 = FACE_BOUND('',#233,.F.);
#233 = EDGE_LOOP('',(#234,#245,#253,#262,#270));
#234 = ORIENTED_EDGE('',*,*,#235,.T.);
#235 = EDGE_CURVE('',#236,#238,#240,.T.);
#236 = VERTEX_POINT('',#237);
#237 = CARTESIAN_POINT('',(106.744567,-60.577039,1.585));
#238 = VERTEX_POINT('',#239);
#239 = CARTESIAN_POINT('',(106.86,-60.6,1.585));
#240 = CIRCLE('',#241,6.000007318647E-02);
#241 = AXIS2_PLACEMENT_3D('',#242,#243,#244);
#242 = CARTESIAN_POINT('',(106.79999992681,-60.59999982331,1.585));
#243 = DIRECTION('',(0.,0.,-1.));
#244 = DIRECTION('',(-0.923880986637,0.382679921777,0.));
#245 = ORIENTED_EDGE('',*,*,#246,.T.);
#246 = EDGE_CURVE('',#238,#247,#249,.T.);
#247 = VERTEX_POINT('',#248);
#248 = CARTESIAN_POINT('',(106.86,-65.1,1.585));
#249 = LINE('',#250,#251);
#250 = CARTESIAN_POINT('',(106.86,-60.6,1.585));
#251 = VECTOR('',#252,1.);
#252 = DIRECTION('',(0.,-1.,0.));
#253 = ORIENTED_EDGE('',*,*,#254,.T.);
#254 = EDGE_CURVE('',#247,#255,#257,.T.);
#255 = VERTEX_POINT('',#256);
#256 = CARTESIAN_POINT('',(106.74,-65.1,1.585));
#257 = CIRCLE('',#258,6.000000000043E-02);
#258 = AXIS2_PLACEMENT_3D('',#259,#260,#261);
#259 = CARTESIAN_POINT('',(106.8,-65.10000022558,1.585));
#260 = DIRECTION('',(0.,0.,-1.));
#261 = DIRECTION('',(0.999999999993,3.759794253684E-06,0.));
#262 = ORIENTED_EDGE('',*,*,#263,.T.);
#263 = EDGE_CURVE('',#255,#264,#266,.T.);
#264 = VERTEX_POINT('',#265);
#265 = CARTESIAN_POINT('',(106.74,-60.6,1.585));
#266 = LINE('',#267,#268);
#267 = CARTESIAN_POINT('',(106.74,-65.1,1.585));
#268 = VECTOR('',#269,1.);
#269 = DIRECTION('',(0.,1.,0.));
#270 = ORIENTED_EDGE('',*,*,#271,.T.);
#271 = EDGE_CURVE('',#264,#236,#272,.T.);
#272 = LINE('',#273,#274);
#273 = CARTESIAN_POINT('',(106.74,-60.6,1.585));
#274 = VECTOR('',#275,1.);
#275 = DIRECTION('',(0.195081000118,0.980787134598,0.));
#276 = PLANE('',#277);
#277 = AXIS2_PLACEMENT_3D('',#278,#279,#280);
#278 = CARTESIAN_POINT('',(0.,0.,1.585));
#279 = DIRECTION('',(0.,0.,1.));
#280 = DIRECTION('',(1.,0.,-0.));
#281 = SHELL_BASED_SURFACE_MODEL('',(#282));
#282 = OPEN_SHELL('',(#283));
#283 = ADVANCED_FACE('',(#284),#328,.T.);
#284 = FACE_BOUND('',#285,.F.);
#285 = EDGE_LOOP('',(#286,#297,#305,#314,#322));
#286 = ORIENTED_EDGE('',*,*,#287,.T.);
#287 = EDGE_CURVE('',#288,#290,#292,.T.);
#288 = VERTEX_POINT('',#289);
#289 = CARTESIAN_POINT('',(83.144567,-60.477039,1.585));
#290 = VERTEX_POINT('',#291);
#291 = CARTESIAN_POINT('',(83.26,-60.5,1.585));
#292 = CIRCLE('',#293,6.000007318648E-02);
#293 = AXIS2_PLACEMENT_3D('',#294,#295,#296);
#294 = CARTESIAN_POINT('',(83.199999926814,-60.49999982331,1.585));
#295 = DIRECTION('',(0.,0.,-1.));
#296 = DIRECTION('',(-0.923880986637,0.382679921777,0.));
#297 = ORIENTED_EDGE('',*,*,#298,.T.);
#298 = EDGE_CURVE('',#290,#299,#301,.T.);
#299 = VERTEX_POINT('',#300);
#300 = CARTESIAN_POINT('',(83.26,-65.,1.585));
#301 = LINE('',#302,#303);
#302 = CARTESIAN_POINT('',(83.26,-60.5,1.585));
#303 = VECTOR('',#304,1.);
#304 = DIRECTION('',(0.,-1.,0.));
#305 = ORIENTED_EDGE('',*,*,#306,.T.);
#306 = EDGE_CURVE('',#299,#307,#309,.T.);
#307 = VERTEX_POINT('',#308);
#308 = CARTESIAN_POINT('',(83.14,-65.,1.585));
#309 = CIRCLE('',#310,6.000000000043E-02);
#310 = AXIS2_PLACEMENT_3D('',#311,#312,#313);
#311 = CARTESIAN_POINT('',(83.2,-65.00000022558,1.585));
#312 = DIRECTION('',(0.,0.,-1.));
#313 = DIRECTION('',(0.999999999993,3.759794016835E-06,0.));
#314 = ORIENTED_EDGE('',*,*,#315,.T.);
#315 = EDGE_CURVE('',#307,#316,#318,.T.);
#316 = VERTEX_POINT('',#317);
#317 = CARTESIAN_POINT('',(83.14,-60.5,1.585));
#318 = LINE('',#319,#320);
#319 = CARTESIAN_POINT('',(83.14,-65.,1.585));
#320 = VECTOR('',#321,1.);
#321 = DIRECTION('',(0.,1.,0.));
#322 = ORIENTED_EDGE('',*,*,#323,.T.);
#323 = EDGE_CURVE('',#316,#288,#324,.T.);
#324 = LINE('',#325,#326);
#325 = CARTESIAN_POINT('',(83.14,-60.5,1.585));
#326 = VECTOR('',#327,1.);
#327 = DIRECTION('',(0.195081000118,0.980787134598,0.));
#328 = PLANE('',#329);
#329 = AXIS2_PLACEMENT_3D('',#330,#331,#332);
#330 = CARTESIAN_POINT('',(0.,0.,1.585));
#331 = DIRECTION('',(0.,0.,1.));
#332 = DIRECTION('',(1.,0.,-0.));
#333 = SHELL_BASED_SURFACE_MODEL('',(#334));
#334 = OPEN_SHELL('',(#335));
#335 = ADVANCED_FACE('',(#336),#380,.T.);
#336 = FACE_BOUND('',#337,.F.);
#337 = EDGE_LOOP('',(#338,#349,#357,#366,#374));
#338 = ORIENTED_EDGE('',*,*,#339,.T.);
#339 = EDGE_CURVE('',#340,#342,#344,.T.);
#340 = VERTEX_POINT('',#341);
#341 = CARTESIAN_POINT('',(89.644567,-60.477039,1.585));
#342 = VERTEX_POINT('',#343);
#343 = CARTESIAN_POINT('',(89.76,-60.5,1.585));
#344 = CIRCLE('',#345,6.000007318648E-02);
#345 = AXIS2_PLACEMENT_3D('',#346,#347,#348);
#346 = CARTESIAN_POINT('',(89.699999926814,-60.49999982331,1.585));
#347 = DIRECTION('',(0.,0.,-1.));
#348 = DIRECTION('',(-0.923880986637,0.382679921777,0.));
#349 = ORIENTED_EDGE('',*,*,#350,.T.);
#350 = EDGE_CURVE('',#342,#351,#353,.T.);
#351 = VERTEX_POINT('',#352);
#352 = CARTESIAN_POINT('',(89.76,-65.,1.585));
#353 = LINE('',#354,#355);
#354 = CARTESIAN_POINT('',(89.76,-60.5,1.585));
#355 = VECTOR('',#356,1.);
#356 = DIRECTION('',(0.,-1.,0.));
#357 = ORIENTED_EDGE('',*,*,#358,.T.);
#358 = EDGE_CURVE('',#351,#359,#361,.T.);
#359 = VERTEX_POINT('',#360);
#360 = CARTESIAN_POINT('',(89.64,-65.,1.585));
#361 = CIRCLE('',#362,6.000000000043E-02);
#362 = AXIS2_PLACEMENT_3D('',#363,#364,#365);
#363 = CARTESIAN_POINT('',(89.7,-65.00000022558,1.585));
#364 = DIRECTION('',(0.,0.,-1.));
#365 = DIRECTION('',(0.999999999993,3.759794016835E-06,0.));
#366 = ORIENTED_EDGE('',*,*,#367,.T.);
#367 = EDGE_CURVE('',#359,#368,#370,.T.);
#368 = VERTEX_POINT('',#369);
#369 = CARTESIAN_POINT('',(89.64,-60.5,1.585));
#370 = LINE('',#371,#372);
#371 = CARTESIAN_POINT('',(89.64,-65.,1.585));
#372 = VECTOR('',#373,1.);
#373 = DIRECTION('',(0.,1.,0.));
#374 = ORIENTED_EDGE('',*,*,#375,.T.);
#375 = EDGE_CURVE('',#368,#340,#376,.T.);
#376 = LINE('',#377,#378);
#377 = CARTESIAN_POINT('',(89.64,-60.5,1.585));
#378 = VECTOR('',#379,1.);
#379 = DIRECTION('',(0.195081000118,0.980787134598,0.));
#380 = PLANE('',#381);
#381 = AXIS2_PLACEMENT_3D('',#382,#383,#384);
#382 = CARTESIAN_POINT('',(0.,0.,1.585));
#383 = DIRECTION('',(0.,0.,1.));
#384 = DIRECTION('',(1.,0.,-0.));
#385 = SHELL_BASED_SURFACE_MODEL('',(#386));
#386 = OPEN_SHELL('',(#387));
#387 = ADVANCED_FACE('',(#388),#432,.T.);
#388 = FACE_BOUND('',#389,.F.);
#389 = EDGE_LOOP('',(#390,#401,#409,#418,#426));
#390 = ORIENTED_EDGE('',*,*,#391,.T.);
#391 = EDGE_CURVE('',#392,#394,#396,.T.);
#392 = VERTEX_POINT('',#393);
#393 = CARTESIAN_POINT('',(91.944567,-60.477039,1.585));
#394 = VERTEX_POINT('',#395);
#395 = CARTESIAN_POINT('',(92.06,-60.5,1.585));
#396 = CIRCLE('',#397,6.000007318647E-02);
#397 = AXIS2_PLACEMENT_3D('',#398,#399,#400);
#398 = CARTESIAN_POINT('',(91.999999926814,-60.49999982331,1.585));
#399 = DIRECTION('',(0.,0.,-1.));
#400 = DIRECTION('',(-0.923880986637,0.382679921777,0.));
#401 = ORIENTED_EDGE('',*,*,#402,.T.);
#402 = EDGE_CURVE('',#394,#403,#405,.T.);
#403 = VERTEX_POINT('',#404);
#404 = CARTESIAN_POINT('',(92.06,-65.,1.585));
#405 = LINE('',#406,#407);
#406 = CARTESIAN_POINT('',(92.06,-60.5,1.585));
#407 = VECTOR('',#408,1.);
#408 = DIRECTION('',(0.,-1.,0.));
#409 = ORIENTED_EDGE('',*,*,#410,.T.);
#410 = EDGE_CURVE('',#403,#411,#413,.T.);
#411 = VERTEX_POINT('',#412);
#412 = CARTESIAN_POINT('',(91.94,-65.,1.585));
#413 = CIRCLE('',#414,6.000000000042E-02);
#414 = AXIS2_PLACEMENT_3D('',#415,#416,#417);
#415 = CARTESIAN_POINT('',(92.,-65.00000022558,1.585));
#416 = DIRECTION('',(0.,0.,-1.));
#417 = DIRECTION('',(0.999999999993,3.759794016836E-06,0.));
#418 = ORIENTED_EDGE('',*,*,#419,.T.);
#419 = EDGE_CURVE('',#411,#420,#422,.T.);
#420 = VERTEX_POINT('',#421);
#421 = CARTESIAN_POINT('',(91.94,-60.5,1.585));
#422 = LINE('',#423,#424);
#423 = CARTESIAN_POINT('',(91.94,-65.,1.585));
#424 = VECTOR('',#425,1.);
#425 = DIRECTION('',(0.,1.,0.));
#426 = ORIENTED_EDGE('',*,*,#427,.T.);
#427 = EDGE_CURVE('',#420,#392,#428,.T.);
#428 = LINE('',#429,#430);
#429 = CARTESIAN_POINT('',(91.94,-60.5,1.585));
#430 = VECTOR('',#431,1.);
#431 = DIRECTION('',(0.195081000118,0.980787134598,0.));
#432 = PLANE('',#433);
#433 = AXIS2_PLACEMENT_3D('',#434,#435,#436);
#434 = CARTESIAN_POINT('',(0.,0.,1.585));
#435 = DIRECTION('',(0.,0.,1.));
#436 = DIRECTION('',(1.,0.,-0.));
#437 = SHELL_BASED_SURFACE_MODEL('',(#438));
#438 = OPEN_SHELL('',(#439));
#439 = ADVANCED_FACE('',(#440),#484,.T.);
#440 = FACE_BOUND('',#441,.F.);
#441 = EDGE_LOOP('',(#442,#453,#461,#470,#478));
#442 = ORIENTED_EDGE('',*,*,#443,.T.);
#443 = EDGE_CURVE('',#444,#446,#448,.T.);
#444 = VERTEX_POINT('',#445);
#445 = CARTESIAN_POINT('',(98.444567,-60.477039,1.585));
#446 = VERTEX_POINT('',#447);
#447 = CARTESIAN_POINT('',(98.56,-60.5,1.585));
#448 = CIRCLE('',#449,6.000007318647E-02);
#449 = AXIS2_PLACEMENT_3D('',#450,#451,#452);
#450 = CARTESIAN_POINT('',(98.499999926814,-60.49999982331,1.585));
#451 = DIRECTION('',(0.,0.,-1.));
#452 = DIRECTION('',(-0.923880986637,0.382679921777,0.));
#453 = ORIENTED_EDGE('',*,*,#454,.T.);
#454 = EDGE_CURVE('',#446,#455,#457,.T.);
#455 = VERTEX_POINT('',#456);
#456 = CARTESIAN_POINT('',(98.56,-65.,1.585));
#457 = LINE('',#458,#459);
#458 = CARTESIAN_POINT('',(98.56,-60.5,1.585));
#459 = VECTOR('',#460,1.);
#460 = DIRECTION('',(0.,-1.,0.));
#461 = ORIENTED_EDGE('',*,*,#462,.T.);
#462 = EDGE_CURVE('',#455,#463,#465,.T.);
#463 = VERTEX_POINT('',#464);
#464 = CARTESIAN_POINT('',(98.44,-65.,1.585));
#465 = CIRCLE('',#466,6.000000000042E-02);
#466 = AXIS2_PLACEMENT_3D('',#467,#468,#469);
#467 = CARTESIAN_POINT('',(98.5,-65.00000022558,1.585));
#468 = DIRECTION('',(0.,0.,-1.));
#469 = DIRECTION('',(0.999999999993,3.759794016836E-06,0.));
#470 = ORIENTED_EDGE('',*,*,#471,.T.);
#471 = EDGE_CURVE('',#463,#472,#474,.T.);
#472 = VERTEX_POINT('',#473);
#473 = CARTESIAN_POINT('',(98.44,-60.5,1.585));
#474 = LINE('',#475,#476);
#475 = CARTESIAN_POINT('',(98.44,-65.,1.585));
#476 = VECTOR('',#477,1.);
#477 = DIRECTION('',(0.,1.,0.));
#478 = ORIENTED_EDGE('',*,*,#479,.T.);
#479 = EDGE_CURVE('',#472,#444,#480,.T.);
#480 = LINE('',#481,#482);
#481 = CARTESIAN_POINT('',(98.44,-60.5,1.585));
#482 = VECTOR('',#483,1.);
#483 = DIRECTION('',(0.195081000118,0.980787134598,0.));
#484 = PLANE('',#485);
#485 = AXIS2_PLACEMENT_3D('',#486,#487,#488);
#486 = CARTESIAN_POINT('',(0.,0.,1.585));
#487 = DIRECTION('',(0.,0.,1.));
#488 = DIRECTION('',(1.,0.,-0.));
#489 = SHELL_BASED_SURFACE_MODEL('',(#490));
#490 = OPEN_SHELL('',(#491));
#491 = ADVANCED_FACE('',(#492),#764,.T.);
#492 = FACE_BOUND('',#493,.F.);
#493 = EDGE_LOOP('',(#494,#505,#513,#521,#530,#538,#546,#554,#562,#570,
    #578,#586,#595,#603,#611,#619,#627,#636,#644,#652,#661,#669,#677,
    #685,#693,#701,#709,#717,#726,#734,#742,#750,#758));
#494 = ORIENTED_EDGE('',*,*,#495,.T.);
#495 = EDGE_CURVE('',#496,#498,#500,.T.);
#496 = VERTEX_POINT('',#497);
#497 = CARTESIAN_POINT('',(98.756455,-63.552655,1.585));
#498 = VERTEX_POINT('',#499);
#499 = CARTESIAN_POINT('',(98.873589,-63.635622,1.585));
#500 = CIRCLE('',#501,7.499955990671E-02);
#501 = AXIS2_PLACEMENT_3D('',#502,#503,#504);
#502 = CARTESIAN_POINT('',(98.802438500953,-63.61190406435,1.585));
#503 = DIRECTION('',(0.,0.,-1.));
#504 = DIRECTION('',(-0.613116943749,0.78999216027,0.));
#505 = ORIENTED_EDGE('',*,*,#506,.T.);
#506 = EDGE_CURVE('',#498,#507,#509,.T.);
#507 = VERTEX_POINT('',#508);
#508 = CARTESIAN_POINT('',(98.829819,-63.766931,1.585));
#509 = LINE('',#510,#511);
#510 = CARTESIAN_POINT('',(98.873589,-63.635622,1.585));
#511 = VECTOR('',#512,1.);
#512 = DIRECTION('',(-0.316229933459,-0.948682575567,0.));
#513 = ORIENTED_EDGE('',*,*,#514,.T.);
#514 = EDGE_CURVE('',#507,#515,#517,.T.);
#515 = VERTEX_POINT('',#516);
#516 = CARTESIAN_POINT('',(98.829819,-63.975151,1.585));
#517 = LINE('',#518,#519);
#518 = CARTESIAN_POINT('',(98.829819,-63.766931,1.585));
#519 = VECTOR('',#520,1.);
#520 = DIRECTION('',(0.,-1.,0.));
#521 = ORIENTED_EDGE('',*,*,#522,.T.);
#522 = EDGE_CURVE('',#515,#523,#525,.T.);
#523 = VERTEX_POINT('',#524);
#524 = CARTESIAN_POINT('',(98.963,-64.108332,1.585));
#525 = CIRCLE('',#526,0.18686440374);
#526 = AXIS2_PLACEMENT_3D('',#527,#528,#529);
#527 = CARTESIAN_POINT('',(99.010536,-63.927615,1.585));
#528 = DIRECTION('',(0.,0.,1.));
#529 = DIRECTION('',(-0.967102328658,-0.254387668537,0.));
#530 = ORIENTED_EDGE('',*,*,#531,.T.);
#531 = EDGE_CURVE('',#523,#532,#534,.T.);
#532 = VERTEX_POINT('',#533);
#533 = CARTESIAN_POINT('',(99.022828,-64.108332,1.585));
#534 = LINE('',#535,#536);
#535 = CARTESIAN_POINT('',(98.963,-64.108332,1.585));
#536 = VECTOR('',#537,1.);
#537 = DIRECTION('',(1.,0.,0.));
#538 = ORIENTED_EDGE('',*,*,#539,.T.);
#539 = EDGE_CURVE('',#532,#540,#542,.T.);
#540 = VERTEX_POINT('',#541);
#541 = CARTESIAN_POINT('',(99.091344,-64.074074,1.585));
#542 = LINE('',#543,#544);
#543 = CARTESIAN_POINT('',(99.022828,-64.108332,1.585));
#544 = VECTOR('',#545,1.);
#545 = DIRECTION('',(0.894427191,0.4472135955,0.));
#546 = ORIENTED_EDGE('',*,*,#547,.T.);
#547 = EDGE_CURVE('',#540,#548,#550,.T.);
#548 = VERTEX_POINT('',#549);
#549 = CARTESIAN_POINT('',(99.121751,-64.043667,1.585));
#550 = LINE('',#551,#552);
#551 = CARTESIAN_POINT('',(99.091344,-64.074074,1.585));
#552 = VECTOR('',#553,1.);
#553 = DIRECTION('',(0.707106781187,0.707106781187,0.));
#554 = ORIENTED_EDGE('',*,*,#555,.T.);
#555 = EDGE_CURVE('',#548,#556,#558,.T.);
#556 = VERTEX_POINT('',#557);
#557 = CARTESIAN_POINT('',(99.160244,-63.96668,1.585));
#558 = LINE('',#559,#560);
#559 = CARTESIAN_POINT('',(99.121751,-64.043667,1.585));
#560 = VECTOR('',#561,1.);
#561 = DIRECTION('',(0.447208948322,0.894429514574,0.));
#562 = ORIENTED_EDGE('',*,*,#563,.T.);
#563 = EDGE_CURVE('',#556,#564,#566,.T.);
#564 = VERTEX_POINT('',#565);
#565 = CARTESIAN_POINT('',(99.211546,-63.768839,1.585));
#566 = LINE('',#567,#568);
#567 = CARTESIAN_POINT('',(99.160244,-63.96668,1.585));
#568 = VECTOR('',#569,1.);
#569 = DIRECTION('',(0.251007494991,0.967985143201,0.));
#570 = ORIENTED_EDGE('',*,*,#571,.T.);
#571 = EDGE_CURVE('',#564,#572,#574,.T.);
#572 = VERTEX_POINT('',#573);
#573 = CARTESIAN_POINT('',(99.268495,-63.659858,1.585));
#574 = LINE('',#575,#576);
#575 = CARTESIAN_POINT('',(99.211546,-63.768839,1.585));
#576 = VECTOR('',#577,1.);
#577 = DIRECTION('',(0.463137057879,0.886286672369,0.));
#578 = ORIENTED_EDGE('',*,*,#579,.T.);
#579 = EDGE_CURVE('',#572,#580,#582,.T.);
#580 = VERTEX_POINT('',#581);
#581 = CARTESIAN_POINT('',(99.334025,-63.596405,1.585));
#582 = LINE('',#583,#584);
#583 = CARTESIAN_POINT('',(99.268495,-63.659858,1.585));
#584 = VECTOR('',#585,1.);
#585 = DIRECTION('',(0.718400113328,0.695630129574,0.));
#586 = ORIENTED_EDGE('',*,*,#587,.T.);
#587 = EDGE_CURVE('',#580,#588,#590,.T.);
#588 = VERTEX_POINT('',#589);
#589 = CARTESIAN_POINT('',(99.706863,-63.601771,1.585));
#590 = CIRCLE('',#591,0.291002900827);
#591 = AXIS2_PLACEMENT_3D('',#592,#593,#594);
#592 = CARTESIAN_POINT('',(99.517228579307,-63.82250041529,1.585));
#593 = DIRECTION('',(0.,0.,-1.));
#594 = DIRECTION('',(-0.629559288879,0.776952444996,0.));
#595 = ORIENTED_EDGE('',*,*,#596,.T.);
#596 = EDGE_CURVE('',#588,#597,#599,.T.);
#597 = VERTEX_POINT('',#598);
#598 = CARTESIAN_POINT('',(99.770317,-63.667301,1.585));
#599 = LINE('',#600,#601);
#600 = CARTESIAN_POINT('',(99.706863,-63.601771,1.585));
#601 = VECTOR('',#602,1.);
#602 = DIRECTION('',(0.695635787458,-0.718394634729,0.));
#603 = ORIENTED_EDGE('',*,*,#604,.T.);
#604 = EDGE_CURVE('',#597,#605,#607,.T.);
#605 = VERTEX_POINT('',#606);
#606 = CARTESIAN_POINT('',(99.828378,-63.787748,1.585));
#607 = LINE('',#608,#609);
#608 = CARTESIAN_POINT('',(99.770317,-63.667301,1.585));
#609 = VECTOR('',#610,1.);
#610 = DIRECTION('',(0.434228424707,-0.900802794832,0.));
#611 = ORIENTED_EDGE('',*,*,#612,.T.);
#612 = EDGE_CURVE('',#605,#613,#615,.T.);
#613 = VERTEX_POINT('',#614);
#614 = CARTESIAN_POINT('',(99.827619,-64.056937,1.585));
#615 = LINE('',#616,#617);
#616 = CARTESIAN_POINT('',(99.828378,-63.787748,1.585));
#617 = VECTOR('',#618,1.);
#618 = DIRECTION('',(-2.819569087082E-03,-0.999996025007,0.));
#619 = ORIENTED_EDGE('',*,*,#620,.T.);
#620 = EDGE_CURVE('',#613,#621,#623,.T.);
#621 = VERTEX_POINT('',#622);
#622 = CARTESIAN_POINT('',(99.772357,-64.220475,1.585));
#623 = LINE('',#624,#625);
#624 = CARTESIAN_POINT('',(99.827619,-64.056937,1.585));
#625 = VECTOR('',#626,1.);
#626 = DIRECTION('',(-0.320131872871,-0.947372990945,0.));
#627 = ORIENTED_EDGE('',*,*,#628,.T.);
#628 = EDGE_CURVE('',#621,#629,#631,.T.);
#629 = VERTEX_POINT('',#630);
#630 = CARTESIAN_POINT('',(99.636049,-64.159615,1.585));
#631 = CIRCLE('',#632,7.50000151955E-02);
#632 = AXIS2_PLACEMENT_3D('',#633,#634,#635);
#633 = CARTESIAN_POINT('',(99.707200324176,-64.18333190003,1.585));
#634 = DIRECTION('',(-0.,0.,-1.));
#635 = DIRECTION('',(0.868755501642,-0.495241232499,-0.));
#636 = ORIENTED_EDGE('',*,*,#637,.T.);
#637 = EDGE_CURVE('',#629,#638,#640,.T.);
#638 = VERTEX_POINT('',#639);
#639 = CARTESIAN_POINT('',(99.679819,-64.028305,1.585));
#640 = LINE('',#641,#642);
#641 = CARTESIAN_POINT('',(99.636049,-64.159615,1.585));
#642 = VECTOR('',#643,1.);
#643 = DIRECTION('',(0.316227766017,0.948683298051,0.));
#644 = ORIENTED_EDGE('',*,*,#645,.T.);
#645 = EDGE_CURVE('',#638,#646,#648,.T.);
#646 = VERTEX_POINT('',#647);
#647 = CARTESIAN_POINT('',(99.679819,-63.820085,1.585));
#648 = LINE('',#649,#650);
#649 = CARTESIAN_POINT('',(99.679819,-64.028305,1.585));
#650 = VECTOR('',#651,1.);
#651 = DIRECTION('',(0.,1.,0.));
#652 = ORIENTED_EDGE('',*,*,#653,.T.);
#653 = EDGE_CURVE('',#646,#654,#656,.T.);
#654 = VERTEX_POINT('',#655);
#655 = CARTESIAN_POINT('',(99.546637,-63.686904,1.585));
#656 = CIRCLE('',#657,0.18686362259);
#657 = AXIS2_PLACEMENT_3D('',#658,#659,#660);
#658 = CARTESIAN_POINT('',(99.499102713837,-63.86762064308,1.585));
#659 = DIRECTION('',(0.,0.,1.));
#660 = DIRECTION('',(0.967102551356,0.25438682191,-0.));
#661 = ORIENTED_EDGE('',*,*,#662,.T.);
#662 = EDGE_CURVE('',#654,#663,#665,.T.);
#663 = VERTEX_POINT('',#664);
#664 = CARTESIAN_POINT('',(99.486809,-63.686904,1.585));
#665 = LINE('',#666,#667);
#666 = CARTESIAN_POINT('',(99.546637,-63.686904,1.585));
#667 = VECTOR('',#668,1.);
#668 = DIRECTION('',(-1.,0.,0.));
#669 = ORIENTED_EDGE('',*,*,#670,.T.);
#670 = EDGE_CURVE('',#663,#671,#673,.T.);
#671 = VERTEX_POINT('',#672);
#672 = CARTESIAN_POINT('',(99.418293,-63.721162,1.585));
#673 = LINE('',#674,#675);
#674 = CARTESIAN_POINT('',(99.486809,-63.686904,1.585));
#675 = VECTOR('',#676,1.);
#676 = DIRECTION('',(-0.894427191,-0.4472135955,0.));
#677 = ORIENTED_EDGE('',*,*,#678,.T.);
#678 = EDGE_CURVE('',#671,#679,#681,.T.);
#679 = VERTEX_POINT('',#680);
#680 = CARTESIAN_POINT('',(99.387886,-63.751569,1.585));
#681 = LINE('',#682,#683);
#682 = CARTESIAN_POINT('',(99.418293,-63.721162,1.585));
#683 = VECTOR('',#684,1.);
#684 = DIRECTION('',(-0.707106781187,-0.707106781186,0.));
#685 = ORIENTED_EDGE('',*,*,#686,.T.);
#686 = EDGE_CURVE('',#679,#687,#689,.T.);
#687 = VERTEX_POINT('',#688);
#688 = CARTESIAN_POINT('',(99.349392,-63.828556,1.585));
#689 = LINE('',#690,#691);
#690 = CARTESIAN_POINT('',(99.387886,-63.751569,1.585));
#691 = VECTOR('',#692,1.);
#692 = DIRECTION('',(-0.447218242641,-0.894424867414,0.));
#693 = ORIENTED_EDGE('',*,*,#694,.T.);
#694 = EDGE_CURVE('',#687,#695,#697,.T.);
#695 = VERTEX_POINT('',#696);
#696 = CARTESIAN_POINT('',(99.298091,-64.026397,1.585));
#697 = LINE('',#698,#699);
#698 = CARTESIAN_POINT('',(99.349392,-63.828556,1.585));
#699 = VECTOR('',#700,1.);
#700 = DIRECTION('',(-0.251002910506,-0.967986331989,0.));
#701 = ORIENTED_EDGE('',*,*,#702,.T.);
#702 = EDGE_CURVE('',#695,#703,#705,.T.);
#703 = VERTEX_POINT('',#704);
#704 = CARTESIAN_POINT('',(99.241141,-64.135377,1.585));
#705 = LINE('',#706,#707);
#706 = CARTESIAN_POINT('',(99.298091,-64.026397,1.585));
#707 = VECTOR('',#708,1.);
#708 = DIRECTION('',(-0.463146784147,-0.886281589752,0.));
#709 = ORIENTED_EDGE('',*,*,#710,.T.);
#710 = EDGE_CURVE('',#703,#711,#713,.T.);
#711 = VERTEX_POINT('',#712);
#712 = CARTESIAN_POINT('',(99.175611,-64.19883,1.585));
#713 = LINE('',#714,#715);
#714 = CARTESIAN_POINT('',(99.241141,-64.135377,1.585));
#715 = VECTOR('',#716,1.);
#716 = DIRECTION('',(-0.718400113328,-0.695630129574,0.));
#717 = ORIENTED_EDGE('',*,*,#718,.T.);
#718 = EDGE_CURVE('',#711,#719,#721,.T.);
#719 = VERTEX_POINT('',#720);
#720 = CARTESIAN_POINT('',(98.802773,-64.193464,1.585));
#721 = CIRCLE('',#722,0.290998445732);
#722 = AXIS2_PLACEMENT_3D('',#723,#724,#725);
#723 = CARTESIAN_POINT('',(98.992407337193,-63.97274038645,1.585));
#724 = DIRECTION('',(-0.,0.,-1.));
#725 = DIRECTION('',(0.62956921418,-0.776944402487,-0.));
#726 = ORIENTED_EDGE('',*,*,#727,.T.);
#727 = EDGE_CURVE('',#719,#728,#730,.T.);
#728 = VERTEX_POINT('',#729);
#729 = CARTESIAN_POINT('',(98.73932,-64.127934,1.585));
#730 = LINE('',#731,#732);
#731 = CARTESIAN_POINT('',(98.802773,-64.193464,1.585));
#732 = VECTOR('',#733,1.);
#733 = DIRECTION('',(-0.695630129574,0.718400113328,0.));
#734 = ORIENTED_EDGE('',*,*,#735,.T.);
#735 = EDGE_CURVE('',#728,#736,#738,.T.);
#736 = VERTEX_POINT('',#737);
#737 = CARTESIAN_POINT('',(98.68126,-64.007488,1.585));
#738 = LINE('',#739,#740);
#739 = CARTESIAN_POINT('',(98.73932,-64.127934,1.585));
#740 = VECTOR('',#741,1.);
#741 = DIRECTION('',(-0.434225281384,0.900804310051,0.));
#742 = ORIENTED_EDGE('',*,*,#743,.T.);
#743 = EDGE_CURVE('',#736,#744,#746,.T.);
#744 = VERTEX_POINT('',#745);
#745 = CARTESIAN_POINT('',(98.682018,-63.738297,1.585));
#746 = LINE('',#747,#748);
#747 = CARTESIAN_POINT('',(98.68126,-64.007488,1.585));
#748 = VECTOR('',#749,1.);
#749 = DIRECTION('',(2.815833348585E-03,0.999996035533,0.));
#750 = ORIENTED_EDGE('',*,*,#751,.T.);
#751 = EDGE_CURVE('',#744,#752,#754,.T.);
#752 = VERTEX_POINT('',#753);
#753 = CARTESIAN_POINT('',(98.737281,-63.574762,1.585));
#754 = LINE('',#755,#756);
#755 = CARTESIAN_POINT('',(98.682018,-63.738297,1.585));
#756 = VECTOR('',#757,1.);
#757 = DIRECTION('',(0.320142343061,0.947369452843,0.));
#758 = ORIENTED_EDGE('',*,*,#759,.T.);
#759 = EDGE_CURVE('',#752,#496,#760,.T.);
#760 = LINE('',#761,#762);
#761 = CARTESIAN_POINT('',(98.737281,-63.574762,1.585));
#762 = VECTOR('',#763,1.);
#763 = DIRECTION('',(0.65521540373,0.755442105469,0.));
#764 = PLANE('',#765);
#765 = AXIS2_PLACEMENT_3D('',#766,#767,#768);
#766 = CARTESIAN_POINT('',(0.,0.,1.585));
#767 = DIRECTION('',(0.,0.,1.));
#768 = DIRECTION('',(1.,0.,-0.));
#769 = SHELL_BASED_SURFACE_MODEL('',(#770));
#770 = OPEN_SHELL('',(#771));
#771 = ADVANCED_FACE('',(#772),#883,.T.);
#772 = FACE_BOUND('',#773,.F.);
#773 = EDGE_LOOP('',(#774,#785,#793,#802,#810,#818,#827,#835,#844,#852,
    #860,#869,#877));
#774 = ORIENTED_EDGE('',*,*,#775,.T.);
#775 = EDGE_CURVE('',#776,#778,#780,.T.);
#776 = VERTEX_POINT('',#777);
#777 = CARTESIAN_POINT('',(98.723547,-62.489598,1.585));
#778 = VERTEX_POINT('',#779);
#779 = CARTESIAN_POINT('',(98.772191,-62.348468,1.585));
#780 = CIRCLE('',#781,7.500009535943E-02);
#781 = AXIS2_PLACEMENT_3D('',#782,#783,#784);
#782 = CARTESIAN_POINT('',(98.754818647129,-62.42142837047,1.585));
#783 = DIRECTION('',(0.,0.,-1.));
#784 = DIRECTION('',(-0.416954764912,-0.908927238021,-0.));
#785 = ORIENTED_EDGE('',*,*,#786,.T.);
#786 = EDGE_CURVE('',#778,#787,#789,.T.);
#787 = VERTEX_POINT('',#788);
#788 = CARTESIAN_POINT('',(99.786091,-62.591353,1.585));
#789 = LINE('',#790,#791);
#790 = CARTESIAN_POINT('',(98.772191,-62.348468,1.585));
#791 = VECTOR('',#792,1.);
#792 = DIRECTION('',(0.972485380421,-0.23296391323,0.));
#793 = ORIENTED_EDGE('',*,*,#794,.T.);
#794 = EDGE_CURVE('',#787,#795,#797,.T.);
#795 = VERTEX_POINT('',#796);
#796 = CARTESIAN_POINT('',(99.774144,-62.731991,1.585));
#797 = CIRCLE('',#798,7.50005533174E-02);
#798 = AXIS2_PLACEMENT_3D('',#799,#800,#801);
#799 = CARTESIAN_POINT('',(99.754818883792,-62.65952291818,1.585));
#800 = DIRECTION('',(0.,0.,-1.));
#801 = DIRECTION('',(0.4169584733,0.908925536853,0.));
#802 = ORIENTED_EDGE('',*,*,#803,.T.);
#803 = EDGE_CURVE('',#795,#804,#806,.T.);
#804 = VERTEX_POINT('',#805);
#805 = CARTESIAN_POINT('',(99.331613,-62.849999,1.585));
#806 = LINE('',#807,#808);
#807 = CARTESIAN_POINT('',(99.774144,-62.731991,1.585));
#808 = VECTOR('',#809,1.);
#809 = DIRECTION('',(-0.966235084559,-0.257662106968,0.));
#810 = ORIENTED_EDGE('',*,*,#811,.T.);
#811 = EDGE_CURVE('',#804,#812,#814,.T.);
#812 = VERTEX_POINT('',#813);
#813 = CARTESIAN_POINT('',(99.787911,-62.97317,1.585));
#814 = LINE('',#815,#816);
#815 = CARTESIAN_POINT('',(99.331613,-62.849999,1.585));
#816 = VECTOR('',#817,1.);
#817 = DIRECTION('',(0.965444766952,-0.260607754998,0.));
#818 = ORIENTED_EDGE('',*,*,#819,.T.);
#819 = EDGE_CURVE('',#812,#820,#822,.T.);
#820 = VERTEX_POINT('',#821);
#821 = CARTESIAN_POINT('',(99.772191,-63.113435,1.585));
#822 = CIRCLE('',#823,7.499956339978E-02);
#823 = AXIS2_PLACEMENT_3D('',#824,#825,#826);
#824 = CARTESIAN_POINT('',(99.754820235927,-63.04047479807,1.585));
#825 = DIRECTION('',(0.,0.,-1.));
#826 = DIRECTION('',(0.441212756086,0.897402531681,0.));
#827 = ORIENTED_EDGE('',*,*,#828,.T.);
#828 = EDGE_CURVE('',#820,#829,#831,.T.);
#829 = VERTEX_POINT('',#830);
#830 = CARTESIAN_POINT('',(98.757623,-63.353518,1.585));
#831 = LINE('',#832,#833);
#832 = CARTESIAN_POINT('',(99.772191,-63.113435,1.585));
#833 = VECTOR('',#834,1.);
#834 = DIRECTION('',(-0.97312531573,-0.23027618176,0.));
#835 = ORIENTED_EDGE('',*,*,#836,.T.);
#836 = EDGE_CURVE('',#829,#837,#839,.T.);
#837 = VERTEX_POINT('',#838);
#838 = CARTESIAN_POINT('',(98.737447,-63.20561,1.585));
#839 = CIRCLE('',#840,7.499999556139E-02);
#840 = AXIS2_PLACEMENT_3D('',#841,#842,#843);
#841 = CARTESIAN_POINT('',(98.754818566621,-63.27857045509,1.585));
#842 = DIRECTION('',(0.,0.,-1.));
#843 = DIRECTION('',(3.739244726378E-02,-0.999300657904,0.));
#844 = ORIENTED_EDGE('',*,*,#845,.T.);
#845 = EDGE_CURVE('',#837,#846,#848,.T.);
#846 = VERTEX_POINT('',#847);
#847 = CARTESIAN_POINT('',(99.448303,-63.036358,1.585));
#848 = LINE('',#849,#850);
#849 = CARTESIAN_POINT('',(98.737447,-63.20561,1.585));
#850 = VECTOR('',#851,1.);
#851 = DIRECTION('',(0.972806038483,0.231621267353,0.));
#852 = ORIENTED_EDGE('',*,*,#853,.T.);
#853 = EDGE_CURVE('',#846,#854,#856,.T.);
#854 = VERTEX_POINT('',#855);
#855 = CARTESIAN_POINT('',(99.007442,-62.917304,1.585));
#856 = LINE('',#857,#858);
#857 = CARTESIAN_POINT('',(99.448303,-63.036358,1.585));
#858 = VECTOR('',#859,1.);
#859 = DIRECTION('',(-0.965417216718,0.260709795875,0.));
#860 = ORIENTED_EDGE('',*,*,#861,.T.);
#861 = EDGE_CURVE('',#854,#862,#864,.T.);
#862 = VERTEX_POINT('',#863);
#863 = CARTESIAN_POINT('',(99.021208,-62.777531,1.585));
#864 = CIRCLE('',#865,7.50003707837E-02);
#865 = AXIS2_PLACEMENT_3D('',#866,#867,#868);
#866 = CARTESIAN_POINT('',(99.040533666795,-62.84999874607,1.585));
#867 = DIRECTION('',(0.,0.,-1.));
#868 = DIRECTION('',(-0.441220042635,-0.897398949173,-0.));
#869 = ORIENTED_EDGE('',*,*,#870,.T.);
#870 = EDGE_CURVE('',#862,#871,#873,.T.);
#871 = VERTEX_POINT('',#872);
#872 = CARTESIAN_POINT('',(99.448303,-62.663639,1.585));
#873 = LINE('',#874,#875);
#874 = CARTESIAN_POINT('',(99.021208,-62.777531,1.585));
#875 = VECTOR('',#876,1.);
#876 = DIRECTION('',(0.966234939601,0.25766265056,0.));
#877 = ORIENTED_EDGE('',*,*,#878,.T.);
#878 = EDGE_CURVE('',#871,#776,#879,.T.);
#879 = LINE('',#880,#881);
#880 = CARTESIAN_POINT('',(99.448303,-62.663639,1.585));
#881 = VECTOR('',#882,1.);
#882 = DIRECTION('',(-0.972356982196,0.233499248766,0.));
#883 = PLANE('',#884);
#884 = AXIS2_PLACEMENT_3D('',#885,#886,#887);
#885 = CARTESIAN_POINT('',(0.,0.,1.585));
#886 = DIRECTION('',(0.,0.,1.));
#887 = DIRECTION('',(1.,0.,-0.));
#888 = SHELL_BASED_SURFACE_MODEL('',(#889));
#889 = OPEN_SHELL('',(#890));
#890 = ADVANCED_FACE('',(#891,#1049),#1119,.T.);
#891 = FACE_BOUND('',#892,.F.);
#892 = EDGE_LOOP('',(#893,#904,#912,#921,#929,#937,#945,#954,#962,#970,
    #979,#987,#995,#1003,#1011,#1019,#1027,#1035,#1043));
#893 = ORIENTED_EDGE('',*,*,#894,.T.);
#894 = EDGE_CURVE('',#895,#897,#899,.T.);
#895 = VERTEX_POINT('',#896);
#896 = CARTESIAN_POINT('',(99.191168,-61.501167,1.585));
#897 = VERTEX_POINT('',#898);
#898 = CARTESIAN_POINT('',(99.706863,-61.506533,1.585));
#899 = CIRCLE('',#900,0.45076336239);
#900 = AXIS2_PLACEMENT_3D('',#901,#902,#903);
#901 = CARTESIAN_POINT('',(99.445168601964,-61.87355295982,1.585));
#902 = DIRECTION('',(0.,0.,-1.));
#903 = DIRECTION('',(-0.563489899928,0.826122952519,0.));
#904 = ORIENTED_EDGE('',*,*,#905,.T.);
#905 = EDGE_CURVE('',#897,#906,#908,.T.);
#906 = VERTEX_POINT('',#907);
#907 = CARTESIAN_POINT('',(99.770317,-61.572063,1.585));
#908 = LINE('',#909,#910);
#909 = CARTESIAN_POINT('',(99.706863,-61.506533,1.585));
#910 = VECTOR('',#911,1.);
#911 = DIRECTION('',(0.695635787458,-0.718394634729,0.));
#912 = ORIENTED_EDGE('',*,*,#913,.T.);
#913 = EDGE_CURVE('',#906,#914,#916,.T.);
#914 = VERTEX_POINT('',#915);
#915 = CARTESIAN_POINT('',(99.76495,-62.04014,1.585));
#916 = CIRCLE('',#917,0.397465645887);
#917 = AXIS2_PLACEMENT_3D('',#918,#919,#920);
#918 = CARTESIAN_POINT('',(99.446410597135,-61.80241833821,1.585));
#919 = DIRECTION('',(0.,0.,-1.));
#920 = DIRECTION('',(0.814929305758,0.579560373574,0.));
#921 = ORIENTED_EDGE('',*,*,#922,.T.);
#922 = EDGE_CURVE('',#914,#923,#925,.T.);
#923 = VERTEX_POINT('',#924);
#924 = CARTESIAN_POINT('',(99.699417,-62.103593,1.585));
#925 = LINE('',#926,#927);
#926 = CARTESIAN_POINT('',(99.76495,-62.04014,1.585));
#927 = VECTOR('',#928,1.);
#928 = DIRECTION('',(-0.718416027676,-0.695613693927,0.));
#929 = ORIENTED_EDGE('',*,*,#930,.T.);
#930 = EDGE_CURVE('',#923,#931,#933,.T.);
#931 = VERTEX_POINT('',#932);
#932 = CARTESIAN_POINT('',(99.578974,-62.161653,1.585));
#933 = LINE('',#934,#935);
#934 = CARTESIAN_POINT('',(99.699417,-62.103593,1.585));
#935 = VECTOR('',#936,1.);
#936 = DIRECTION('',(-0.900800079444,-0.434234057708,0.));
#937 = ORIENTED_EDGE('',*,*,#938,.T.);
#938 = EDGE_CURVE('',#931,#939,#941,.T.);
#939 = VERTEX_POINT('',#940);
#940 = CARTESIAN_POINT('',(99.1652,-62.160855,1.585));
#941 = LINE('',#942,#943);
#942 = CARTESIAN_POINT('',(99.578974,-62.161653,1.585));
#943 = VECTOR('',#944,1.);
#944 = DIRECTION('',(-0.999998140277,1.928585449894E-03,0.));
#945 = ORIENTED_EDGE('',*,*,#946,.T.);
#946 = EDGE_CURVE('',#939,#947,#949,.T.);
#947 = VERTEX_POINT('',#948);
#948 = CARTESIAN_POINT('',(98.735356,-61.931159,1.585));
#949 = CIRCLE('',#950,0.610108760528);
#950 = AXIS2_PLACEMENT_3D('',#951,#952,#953);
#951 = CARTESIAN_POINT('',(99.213890888628,-61.5526922775,1.585));
#952 = DIRECTION('',(0.,0.,-1.));
#953 = DIRECTION('',(-7.980689965074E-02,-0.996810342426,-0.));
#954 = ORIENTED_EDGE('',*,*,#955,.T.);
#955 = EDGE_CURVE('',#947,#956,#958,.T.);
#956 = VERTEX_POINT('',#957);
#957 = CARTESIAN_POINT('',(98.68126,-61.817012,1.585));
#958 = LINE('',#959,#960);
#959 = CARTESIAN_POINT('',(98.735356,-61.931159,1.585));
#960 = VECTOR('',#961,1.);
#961 = DIRECTION('',(-0.428256830769,0.903657062662,0.));
#962 = ORIENTED_EDGE('',*,*,#963,.T.);
#963 = EDGE_CURVE('',#956,#964,#966,.T.);
#964 = VERTEX_POINT('',#965);
#965 = CARTESIAN_POINT('',(98.68126,-61.597272,1.585));
#966 = LINE('',#967,#968);
#967 = CARTESIAN_POINT('',(98.68126,-61.817012,1.585));
#968 = VECTOR('',#969,1.);
#969 = DIRECTION('',(0.,1.,0.));
#970 = ORIENTED_EDGE('',*,*,#971,.T.);
#971 = EDGE_CURVE('',#964,#972,#974,.T.);
#972 = VERTEX_POINT('',#973);
#973 = CARTESIAN_POINT('',(98.829819,-61.611904,1.585));
#974 = CIRCLE('',#975,7.500006711464E-02);
#975 = AXIS2_PLACEMENT_3D('',#976,#977,#978);
#976 = CARTESIAN_POINT('',(98.754818932885,-61.61190393288,1.585));
#977 = DIRECTION('',(0.,0.,-1.));
#978 = DIRECTION('',(-0.980784894138,0.195092263891,0.));
#979 = ORIENTED_EDGE('',*,*,#980,.T.);
#980 = EDGE_CURVE('',#972,#981,#983,.T.);
#981 = VERTEX_POINT('',#982);
#982 = CARTESIAN_POINT('',(98.829819,-61.784675,1.585));
#983 = LINE('',#984,#985);
#984 = CARTESIAN_POINT('',(98.829819,-61.611904,1.585));
#985 = VECTOR('',#986,1.);
#986 = DIRECTION('',(0.,-1.,0.));
#987 = ORIENTED_EDGE('',*,*,#988,.T.);
#988 = EDGE_CURVE('',#981,#989,#991,.T.);
#989 = VERTEX_POINT('',#990);
#990 = CARTESIAN_POINT('',(98.864077,-61.853191,1.585));
#991 = LINE('',#992,#993);
#992 = CARTESIAN_POINT('',(98.829819,-61.784675,1.585));
#993 = VECTOR('',#994,1.);
#994 = DIRECTION('',(0.4472135955,-0.894427191,0.));
#995 = ORIENTED_EDGE('',*,*,#996,.T.);
#996 = EDGE_CURVE('',#989,#997,#999,.T.);
#997 = VERTEX_POINT('',#998);
#998 = CARTESIAN_POINT('',(98.897837,-61.886951,1.585));
#999 = LINE('',#1000,#1001);
#1000 = CARTESIAN_POINT('',(98.864077,-61.853191,1.585));
#1001 = VECTOR('',#1002,1.);
#1002 = DIRECTION('',(0.707106781187,-0.707106781187,0.));
#1003 = ORIENTED_EDGE('',*,*,#1004,.T.);
#1004 = EDGE_CURVE('',#997,#1005,#1007,.T.);
#1005 = VERTEX_POINT('',#1006);
#1006 = CARTESIAN_POINT('',(99.023708,-61.970865,1.585));
#1007 = LINE('',#1008,#1009);
#1008 = CARTESIAN_POINT('',(98.897837,-61.886951,1.585));
#1009 = VECTOR('',#1010,1.);
#1010 = DIRECTION('',(0.832050294338,-0.554700196225,0.));
#1011 = ORIENTED_EDGE('',*,*,#1012,.T.);
#1012 = EDGE_CURVE('',#1005,#1013,#1015,.T.);
#1013 = VERTEX_POINT('',#1014);
#1014 = CARTESIAN_POINT('',(99.097804,-61.989389,1.585));
#1015 = LINE('',#1016,#1017);
#1016 = CARTESIAN_POINT('',(99.023708,-61.970865,1.585));
#1017 = VECTOR('',#1018,1.);
#1018 = DIRECTION('',(0.970142500145,-0.242535625036,0.));
#1019 = ORIENTED_EDGE('',*,*,#1020,.T.);
#1020 = EDGE_CURVE('',#1013,#1021,#1023,.T.);
#1021 = VERTEX_POINT('',#1022);
#1022 = CARTESIAN_POINT('',(99.062212,-61.91225,1.585));
#1023 = LINE('',#1024,#1025);
#1024 = CARTESIAN_POINT('',(99.097804,-61.989389,1.585));
#1025 = VECTOR('',#1026,1.);
#1026 = DIRECTION('',(-0.418955163734,0.90800692221,0.));
#1027 = ORIENTED_EDGE('',*,*,#1028,.T.);
#1028 = EDGE_CURVE('',#1021,#1029,#1031,.T.);
#1029 = VERTEX_POINT('',#1030);
#1030 = CARTESIAN_POINT('',(99.063434,-61.687333,1.585));
#1031 = LINE('',#1032,#1033);
#1032 = CARTESIAN_POINT('',(99.062212,-61.91225,1.585));
#1033 = VECTOR('',#1034,1.);
#1034 = DIRECTION('',(5.433035139391E-03,0.999985240956,0.));
#1035 = ORIENTED_EDGE('',*,*,#1036,.T.);
#1036 = EDGE_CURVE('',#1029,#1037,#1039,.T.);
#1037 = VERTEX_POINT('',#1038);
#1038 = CARTESIAN_POINT('',(99.125638,-61.56462,1.585));
#1039 = LINE('',#1040,#1041);
#1040 = CARTESIAN_POINT('',(99.063434,-61.687333,1.585));
#1041 = VECTOR('',#1042,1.);
#1042 = DIRECTION('',(0.4521349062,0.891949565052,0.));
#1043 = ORIENTED_EDGE('',*,*,#1044,.T.);
#1044 = EDGE_CURVE('',#1037,#895,#1045,.T.);
#1045 = LINE('',#1046,#1047);
#1046 = CARTESIAN_POINT('',(99.125638,-61.56462,1.585));
#1047 = VECTOR('',#1048,1.);
#1048 = DIRECTION('',(0.718400113328,0.695630129574,0.));
#1049 = FACE_BOUND('',#1050,.F.);
#1050 = EDGE_LOOP('',(#1051,#1062,#1070,#1079,#1087,#1096,#1104,#1113));
#1051 = ORIENTED_EDGE('',*,*,#1052,.T.);
#1052 = EDGE_CURVE('',#1053,#1055,#1057,.T.);
#1053 = VERTEX_POINT('',#1054);
#1054 = CARTESIAN_POINT('',(99.615153,-61.625924,1.585));
#1055 = VERTEX_POINT('',#1056);
#1056 = CARTESIAN_POINT('',(99.275436,-61.625924,1.585));
#1057 = CIRCLE('',#1058,0.305621483548);
#1058 = AXIS2_PLACEMENT_3D('',#1059,#1060,#1061);
#1059 = CARTESIAN_POINT('',(99.4452945,-61.879996,1.585));
#1060 = DIRECTION('',(0.,0.,1.));
#1061 = DIRECTION('',(0.555780627814,0.831328992485,-0.));
#1062 = ORIENTED_EDGE('',*,*,#1063,.T.);
#1063 = EDGE_CURVE('',#1055,#1064,#1066,.T.);
#1064 = VERTEX_POINT('',#1065);
#1065 = CARTESIAN_POINT('',(99.245029,-61.656331,1.585));
#1066 = LINE('',#1067,#1068);
#1067 = CARTESIAN_POINT('',(99.275436,-61.625924,1.585));
#1068 = VECTOR('',#1069,1.);
#1069 = DIRECTION('',(-0.707106781186,-0.707106781187,0.));
#1070 = ORIENTED_EDGE('',*,*,#1071,.T.);
#1071 = EDGE_CURVE('',#1064,#1072,#1074,.T.);
#1072 = VERTEX_POINT('',#1073);
#1073 = CARTESIAN_POINT('',(99.245029,-61.948429,1.585));
#1074 = CIRCLE('',#1075,0.252889603602);
#1075 = AXIS2_PLACEMENT_3D('',#1076,#1077,#1078);
#1076 = CARTESIAN_POINT('',(99.451482,-61.80238,1.585));
#1077 = DIRECTION('',(0.,0.,1.));
#1078 = DIRECTION('',(-0.816375988018,0.577520775547,0.));
#1079 = ORIENTED_EDGE('',*,*,#1080,.T.);
#1080 = EDGE_CURVE('',#1072,#1081,#1083,.T.);
#1081 = VERTEX_POINT('',#1082);
#1082 = CARTESIAN_POINT('',(99.275436,-61.978836,1.585));
#1083 = LINE('',#1084,#1085);
#1084 = CARTESIAN_POINT('',(99.245029,-61.948429,1.585));
#1085 = VECTOR('',#1086,1.);
#1086 = DIRECTION('',(0.707106781186,-0.707106781187,0.));
#1087 = ORIENTED_EDGE('',*,*,#1088,.T.);
#1088 = EDGE_CURVE('',#1081,#1089,#1091,.T.);
#1089 = VERTEX_POINT('',#1090);
#1090 = CARTESIAN_POINT('',(99.615153,-61.978835,1.585));
#1091 = CIRCLE('',#1092,0.305619824406);
#1092 = AXIS2_PLACEMENT_3D('',#1093,#1094,#1095);
#1093 = CARTESIAN_POINT('',(99.445293752113,-61.72476549577,1.585));
#1094 = DIRECTION('',(0.,0.,1.));
#1095 = DIRECTION('',(-0.555781197907,-0.831328611352,0.));
#1096 = ORIENTED_EDGE('',*,*,#1097,.T.);
#1097 = EDGE_CURVE('',#1089,#1098,#1100,.T.);
#1098 = VERTEX_POINT('',#1099);
#1099 = CARTESIAN_POINT('',(99.645561,-61.948428,1.585));
#1100 = LINE('',#1101,#1102);
#1101 = CARTESIAN_POINT('',(99.615153,-61.978835,1.585));
#1102 = VECTOR('',#1103,1.);
#1103 = DIRECTION('',(0.707118408268,0.707095153914,0.));
#1104 = ORIENTED_EDGE('',*,*,#1105,.T.);
#1105 = EDGE_CURVE('',#1098,#1106,#1108,.T.);
#1106 = VERTEX_POINT('',#1107);
#1107 = CARTESIAN_POINT('',(99.645561,-61.656331,1.585));
#1108 = CIRCLE('',#1109,0.252886650841);
#1109 = AXIS2_PLACEMENT_3D('',#1110,#1111,#1112);
#1110 = CARTESIAN_POINT('',(99.439111263209,-61.8023795,1.585));
#1111 = DIRECTION('',(0.,-0.,1.));
#1112 = DIRECTION('',(0.816372616368,-0.577525541638,-0.));
#1113 = ORIENTED_EDGE('',*,*,#1114,.T.);
#1114 = EDGE_CURVE('',#1106,#1053,#1115,.T.);
#1115 = LINE('',#1116,#1117);
#1116 = CARTESIAN_POINT('',(99.645561,-61.656331,1.585));
#1117 = VECTOR('',#1118,1.);
#1118 = DIRECTION('',(-0.707118408268,0.707095153914,0.));
#1119 = PLANE('',#1120);
#1120 = AXIS2_PLACEMENT_3D('',#1121,#1122,#1123);
#1121 = CARTESIAN_POINT('',(0.,0.,1.585));
#1122 = DIRECTION('',(0.,0.,1.));
#1123 = DIRECTION('',(1.,0.,-0.));
#1124 = SHELL_BASED_SURFACE_MODEL('',(#1125));
#1125 = OPEN_SHELL('',(#1126));
#1126 = ADVANCED_FACE('',(#1127),#1163,.T.);
#1127 = FACE_BOUND('',#1128,.F.);
#1128 = EDGE_LOOP('',(#1129,#1140,#1148,#1157));
#1129 = ORIENTED_EDGE('',*,*,#1130,.T.);
#1130 = EDGE_CURVE('',#1131,#1133,#1135,.T.);
#1131 = VERTEX_POINT('',#1132);
#1132 = CARTESIAN_POINT('',(102.8,-59.41,1.585));
#1133 = VERTEX_POINT('',#1134);
#1134 = CARTESIAN_POINT('',(102.8,-59.29,1.585));
#1135 = CIRCLE('',#1136,6.000000000042E-02);
#1136 = AXIS2_PLACEMENT_3D('',#1137,#1138,#1139);
#1137 = CARTESIAN_POINT('',(102.79999977441,-59.35,1.585));
#1138 = DIRECTION('',(0.,0.,-1.));
#1139 = DIRECTION('',(3.759794016837E-06,-0.999999999993,0.));
#1140 = ORIENTED_EDGE('',*,*,#1141,.T.);
#1141 = EDGE_CURVE('',#1133,#1142,#1144,.T.);
#1142 = VERTEX_POINT('',#1143);
#1143 = CARTESIAN_POINT('',(104.3,-59.29,1.585));
#1144 = LINE('',#1145,#1146);
#1145 = CARTESIAN_POINT('',(102.8,-59.29,1.585));
#1146 = VECTOR('',#1147,1.);
#1147 = DIRECTION('',(1.,0.,0.));
#1148 = ORIENTED_EDGE('',*,*,#1149,.T.);
#1149 = EDGE_CURVE('',#1142,#1150,#1152,.T.);
#1150 = VERTEX_POINT('',#1151);
#1151 = CARTESIAN_POINT('',(104.3,-59.41,1.585));
#1152 = CIRCLE('',#1153,6.000000000042E-02);
#1153 = AXIS2_PLACEMENT_3D('',#1154,#1155,#1156);
#1154 = CARTESIAN_POINT('',(104.30000022558,-59.35,1.585));
#1155 = DIRECTION('',(0.,0.,-1.));
#1156 = DIRECTION('',(-3.759794490531E-06,0.999999999993,-0.));
#1157 = ORIENTED_EDGE('',*,*,#1158,.T.);
#1158 = EDGE_CURVE('',#1150,#1131,#1159,.T.);
#1159 = LINE('',#1160,#1161);
#1160 = CARTESIAN_POINT('',(104.3,-59.41,1.585));
#1161 = VECTOR('',#1162,1.);
#1162 = DIRECTION('',(-1.,0.,0.));
#1163 = PLANE('',#1164);
#1164 = AXIS2_PLACEMENT_3D('',#1165,#1166,#1167);
#1165 = CARTESIAN_POINT('',(0.,0.,1.585));
#1166 = DIRECTION('',(0.,0.,1.));
#1167 = DIRECTION('',(1.,0.,-0.));
#1168 = SHELL_BASED_SURFACE_MODEL('',(#1169));
#1169 = OPEN_SHELL('',(#1170));
#1170 = ADVANCED_FACE('',(#1171),#1207,.T.);
#1171 = FACE_BOUND('',#1172,.F.);
#1172 = EDGE_LOOP('',(#1173,#1184,#1192,#1201));
#1173 = ORIENTED_EDGE('',*,*,#1174,.T.);
#1174 = EDGE_CURVE('',#1175,#1177,#1179,.T.);
#1175 = VERTEX_POINT('',#1176);
#1176 = CARTESIAN_POINT('',(85.7,-59.31,1.585));
#1177 = VERTEX_POINT('',#1178);
#1178 = CARTESIAN_POINT('',(85.7,-59.19,1.585));
#1179 = CIRCLE('',#1180,6.000000000043E-02);
#1180 = AXIS2_PLACEMENT_3D('',#1181,#1182,#1183);
#1181 = CARTESIAN_POINT('',(85.699999774412,-59.25,1.585));
#1182 = DIRECTION('',(0.,0.,-1.));
#1183 = DIRECTION('',(3.759794253684E-06,-0.999999999993,0.));
#1184 = ORIENTED_EDGE('',*,*,#1185,.T.);
#1185 = EDGE_CURVE('',#1177,#1186,#1188,.T.);
#1186 = VERTEX_POINT('',#1187);
#1187 = CARTESIAN_POINT('',(87.2,-59.19,1.585));
#1188 = LINE('',#1189,#1190);
#1189 = CARTESIAN_POINT('',(85.7,-59.19,1.585));
#1190 = VECTOR('',#1191,1.);
#1191 = DIRECTION('',(1.,0.,0.));
#1192 = ORIENTED_EDGE('',*,*,#1193,.T.);
#1193 = EDGE_CURVE('',#1186,#1194,#1196,.T.);
#1194 = VERTEX_POINT('',#1195);
#1195 = CARTESIAN_POINT('',(87.2,-59.31,1.585));
#1196 = CIRCLE('',#1197,6.000000000043E-02);
#1197 = AXIS2_PLACEMENT_3D('',#1198,#1199,#1200);
#1198 = CARTESIAN_POINT('',(87.200000225588,-59.25,1.585));
#1199 = DIRECTION('',(0.,0.,-1.));
#1200 = DIRECTION('',(-3.759794016836E-06,0.999999999993,-0.));
#1201 = ORIENTED_EDGE('',*,*,#1202,.T.);
#1202 = EDGE_CURVE('',#1194,#1175,#1203,.T.);
#1203 = LINE('',#1204,#1205);
#1204 = CARTESIAN_POINT('',(87.2,-59.31,1.585));
#1205 = VECTOR('',#1206,1.);
#1206 = DIRECTION('',(-1.,0.,0.));
#1207 = PLANE('',#1208);
#1208 = AXIS2_PLACEMENT_3D('',#1209,#1210,#1211);
#1209 = CARTESIAN_POINT('',(0.,0.,1.585));
#1210 = DIRECTION('',(0.,0.,1.));
#1211 = DIRECTION('',(1.,0.,-0.));
#1212 = SHELL_BASED_SURFACE_MODEL('',(#1213));
#1213 = OPEN_SHELL('',(#1214));
#1214 = ADVANCED_FACE('',(#1215),#1251,.T.);
#1215 = FACE_BOUND('',#1216,.F.);
#1216 = EDGE_LOOP('',(#1217,#1228,#1236,#1245));
#1217 = ORIENTED_EDGE('',*,*,#1218,.T.);
#1218 = EDGE_CURVE('',#1219,#1221,#1223,.T.);
#1219 = VERTEX_POINT('',#1220);
#1220 = CARTESIAN_POINT('',(94.5,-59.31,1.585));
#1221 = VERTEX_POINT('',#1222);
#1222 = CARTESIAN_POINT('',(94.5,-59.19,1.585));
#1223 = CIRCLE('',#1224,6.000000000043E-02);
#1224 = AXIS2_PLACEMENT_3D('',#1225,#1226,#1227);
#1225 = CARTESIAN_POINT('',(94.499999774412,-59.25,1.585));
#1226 = DIRECTION('',(0.,0.,-1.));
#1227 = DIRECTION('',(3.759794016836E-06,-0.999999999993,0.));
#1228 = ORIENTED_EDGE('',*,*,#1229,.T.);
#1229 = EDGE_CURVE('',#1221,#1230,#1232,.T.);
#1230 = VERTEX_POINT('',#1231);
#1231 = CARTESIAN_POINT('',(96.,-59.19,1.585));
#1232 = LINE('',#1233,#1234);
#1233 = CARTESIAN_POINT('',(94.5,-59.19,1.585));
#1234 = VECTOR('',#1235,1.);
#1235 = DIRECTION('',(1.,0.,0.));
#1236 = ORIENTED_EDGE('',*,*,#1237,.T.);
#1237 = EDGE_CURVE('',#1230,#1238,#1240,.T.);
#1238 = VERTEX_POINT('',#1239);
#1239 = CARTESIAN_POINT('',(96.,-59.31,1.585));
#1240 = CIRCLE('',#1241,6.000000000043E-02);
#1241 = AXIS2_PLACEMENT_3D('',#1242,#1243,#1244);
#1242 = CARTESIAN_POINT('',(96.000000225588,-59.25,1.585));
#1243 = DIRECTION('',(0.,0.,-1.));
#1244 = DIRECTION('',(-3.759794016836E-06,0.999999999993,-0.));
#1245 = ORIENTED_EDGE('',*,*,#1246,.T.);
#1246 = EDGE_CURVE('',#1238,#1219,#1247,.T.);
#1247 = LINE('',#1248,#1249);
#1248 = CARTESIAN_POINT('',(96.,-59.31,1.585));
#1249 = VECTOR('',#1250,1.);
#1250 = DIRECTION('',(-1.,0.,0.));
#1251 = PLANE('',#1252);
#1252 = AXIS2_PLACEMENT_3D('',#1253,#1254,#1255);
#1253 = CARTESIAN_POINT('',(0.,0.,1.585));
#1254 = DIRECTION('',(0.,0.,1.));
#1255 = DIRECTION('',(1.,0.,-0.));
#1256 = SHELL_BASED_SURFACE_MODEL('',(#1257));
#1257 = OPEN_SHELL('',(#1258));
#1258 = ADVANCED_FACE('',(#1259,#1358),#1425,.T.);
#1259 = FACE_BOUND('',#1260,.F.);
#1260 = EDGE_LOOP('',(#1261,#1271,#1279,#1287,#1295,#1304,#1312,#1320,
    #1328,#1336,#1344,#1352));
#1261 = ORIENTED_EDGE('',*,*,#1262,.T.);
#1262 = EDGE_CURVE('',#1263,#1265,#1267,.T.);
#1263 = VERTEX_POINT('',#1264);
#1264 = CARTESIAN_POINT('',(99.809105,-57.350445,1.585));
#1265 = VERTEX_POINT('',#1266);
#1266 = CARTESIAN_POINT('',(99.826017,-57.333533,1.585));
#1267 = LINE('',#1268,#1269);
#1268 = CARTESIAN_POINT('',(99.809105,-57.350445,1.585));
#1269 = VECTOR('',#1270,1.);
#1270 = DIRECTION('',(0.707106781186,0.707106781187,0.));
#1271 = ORIENTED_EDGE('',*,*,#1272,.T.);
#1272 = EDGE_CURVE('',#1265,#1273,#1275,.T.);
#1273 = VERTEX_POINT('',#1274);
#1274 = CARTESIAN_POINT('',(99.902416,-57.332132,1.585));
#1275 = LINE('',#1276,#1277);
#1276 = CARTESIAN_POINT('',(99.826017,-57.333533,1.585));
#1277 = VECTOR('',#1278,1.);
#1278 = DIRECTION('',(0.99983190244,1.833485379808E-02,0.));
#1279 = ORIENTED_EDGE('',*,*,#1280,.T.);
#1280 = EDGE_CURVE('',#1273,#1281,#1283,.T.);
#1281 = VERTEX_POINT('',#1282);
#1282 = CARTESIAN_POINT('',(99.955311,-57.352212,1.585));
#1283 = LINE('',#1284,#1285);
#1284 = CARTESIAN_POINT('',(99.902416,-57.332132,1.585));
#1285 = VECTOR('',#1286,1.);
#1286 = DIRECTION('',(0.934901494005,-0.354907306922,0.));
#1287 = ORIENTED_EDGE('',*,*,#1288,.T.);
#1288 = EDGE_CURVE('',#1281,#1289,#1291,.T.);
#1289 = VERTEX_POINT('',#1290);
#1290 = CARTESIAN_POINT('',(99.984975,-57.384143,1.585));
#1291 = LINE('',#1292,#1293);
#1292 = CARTESIAN_POINT('',(99.955311,-57.352212,1.585));
#1293 = VECTOR('',#1294,1.);
#1294 = DIRECTION('',(0.680620932074,-0.73263575317,0.));
#1295 = ORIENTED_EDGE('',*,*,#1296,.T.);
#1296 = EDGE_CURVE('',#1289,#1297,#1299,.T.);
#1297 = VERTEX_POINT('',#1298);
#1298 = CARTESIAN_POINT('',(100.01115,-57.51284,1.585));
#1299 = CIRCLE('',#1300,0.208066184732);
#1300 = AXIS2_PLACEMENT_3D('',#1301,#1302,#1303);
#1301 = CARTESIAN_POINT('',(99.80459112696,-57.48784061605,1.585));
#1302 = DIRECTION('',(0.,0.,-1.));
#1303 = DIRECTION('',(0.866954297605,0.498387646179,0.));
#1304 = ORIENTED_EDGE('',*,*,#1305,.T.);
#1305 = EDGE_CURVE('',#1297,#1306,#1308,.T.);
#1306 = VERTEX_POINT('',#1307);
#1307 = CARTESIAN_POINT('',(99.99688,-57.566856,1.585));
#1308 = LINE('',#1309,#1310);
#1309 = CARTESIAN_POINT('',(100.01115,-57.51284,1.585));
#1310 = VECTOR('',#1311,1.);
#1311 = DIRECTION('',(-0.255418271986,-0.966830650288,0.));
#1312 = ORIENTED_EDGE('',*,*,#1313,.T.);
#1313 = EDGE_CURVE('',#1306,#1314,#1316,.T.);
#1314 = VERTEX_POINT('',#1315);
#1315 = CARTESIAN_POINT('',(99.979121,-57.598787,1.585));
#1316 = LINE('',#1317,#1318);
#1317 = CARTESIAN_POINT('',(99.99688,-57.566856,1.585));
#1318 = VECTOR('',#1319,1.);
#1319 = DIRECTION('',(-0.486051868715,-0.873929963395,0.));
#1320 = ORIENTED_EDGE('',*,*,#1321,.T.);
#1321 = EDGE_CURVE('',#1314,#1322,#1324,.T.);
#1322 = VERTEX_POINT('',#1323);
#1323 = CARTESIAN_POINT('',(99.943096,-57.630146,1.585));
#1324 = LINE('',#1325,#1326);
#1325 = CARTESIAN_POINT('',(99.979121,-57.598787,1.585));
#1326 = VECTOR('',#1327,1.);
#1327 = DIRECTION('',(-0.754264203918,-0.656571024862,0.));
#1328 = ORIENTED_EDGE('',*,*,#1329,.T.);
#1329 = EDGE_CURVE('',#1322,#1330,#1332,.T.);
#1330 = VERTEX_POINT('',#1331);
#1331 = CARTESIAN_POINT('',(99.8975,-57.643654,1.585));
#1332 = LINE('',#1333,#1334);
#1333 = CARTESIAN_POINT('',(99.943096,-57.630146,1.585));
#1334 = VECTOR('',#1335,1.);
#1335 = DIRECTION('',(-0.958809143257,-0.284051098936,0.));
#1336 = ORIENTED_EDGE('',*,*,#1337,.T.);
#1337 = EDGE_CURVE('',#1330,#1338,#1340,.T.);
#1338 = VERTEX_POINT('',#1339);
#1339 = CARTESIAN_POINT('',(99.826017,-57.641275,1.585));
#1340 = LINE('',#1341,#1342);
#1341 = CARTESIAN_POINT('',(99.8975,-57.643654,1.585));
#1342 = VECTOR('',#1343,1.);
#1343 = DIRECTION('',(-0.999446659114,3.326222461326E-02,0.));
#1344 = ORIENTED_EDGE('',*,*,#1345,.T.);
#1345 = EDGE_CURVE('',#1338,#1346,#1348,.T.);
#1346 = VERTEX_POINT('',#1347);
#1347 = CARTESIAN_POINT('',(99.809105,-57.624363,1.585));
#1348 = LINE('',#1349,#1350);
#1349 = CARTESIAN_POINT('',(99.826017,-57.641275,1.585));
#1350 = VECTOR('',#1351,1.);
#1351 = DIRECTION('',(-0.707106781186,0.707106781187,0.));
#1352 = ORIENTED_EDGE('',*,*,#1353,.T.);
#1353 = EDGE_CURVE('',#1346,#1263,#1354,.T.);
#1354 = LINE('',#1355,#1356);
#1355 = CARTESIAN_POINT('',(99.809105,-57.624363,1.585));
#1356 = VECTOR('',#1357,1.);
#1357 = DIRECTION('',(0.,1.,0.));
#1358 = FACE_BOUND('',#1359,.F.);
#1359 = EDGE_LOOP('',(#1360,#1370,#1378,#1386,#1394,#1402,#1410,#1419));
#1360 = ORIENTED_EDGE('',*,*,#1361,.T.);
#1361 = EDGE_CURVE('',#1362,#1364,#1366,.T.);
#1362 = VERTEX_POINT('',#1363);
#1363 = CARTESIAN_POINT('',(99.916332,-57.401621,1.585));
#1364 = VERTEX_POINT('',#1365);
#1365 = CARTESIAN_POINT('',(99.89243,-57.393654,1.585));
#1366 = LINE('',#1367,#1368);
#1367 = CARTESIAN_POINT('',(99.916332,-57.401621,1.585));
#1368 = VECTOR('',#1369,1.);
#1369 = DIRECTION('',(-0.948687267046,0.31621585878,0.));
#1370 = ORIENTED_EDGE('',*,*,#1371,.T.);
#1371 = EDGE_CURVE('',#1364,#1372,#1374,.T.);
#1372 = VERTEX_POINT('',#1373);
#1373 = CARTESIAN_POINT('',(99.869226,-57.393654,1.585));
#1374 = LINE('',#1375,#1376);
#1375 = CARTESIAN_POINT('',(99.89243,-57.393654,1.585));
#1376 = VECTOR('',#1377,1.);
#1377 = DIRECTION('',(-1.,0.,0.));
#1378 = ORIENTED_EDGE('',*,*,#1379,.T.);
#1379 = EDGE_CURVE('',#1372,#1380,#1382,.T.);
#1380 = VERTEX_POINT('',#1381);
#1381 = CARTESIAN_POINT('',(99.869226,-57.581154,1.585));
#1382 = LINE('',#1383,#1384);
#1383 = CARTESIAN_POINT('',(99.869226,-57.393654,1.585));
#1384 = VECTOR('',#1385,1.);
#1385 = DIRECTION('',(0.,-1.,0.));
#1386 = ORIENTED_EDGE('',*,*,#1387,.T.);
#1387 = EDGE_CURVE('',#1380,#1388,#1390,.T.);
#1388 = VERTEX_POINT('',#1389);
#1389 = CARTESIAN_POINT('',(99.892427,-57.581154,1.585));
#1390 = LINE('',#1391,#1392);
#1391 = CARTESIAN_POINT('',(99.869226,-57.581154,1.585));
#1392 = VECTOR('',#1393,1.);
#1393 = DIRECTION('',(1.,0.,0.));
#1394 = ORIENTED_EDGE('',*,*,#1395,.T.);
#1395 = EDGE_CURVE('',#1388,#1396,#1398,.T.);
#1396 = VERTEX_POINT('',#1397);
#1397 = CARTESIAN_POINT('',(99.916334,-57.573185,1.585));
#1398 = LINE('',#1399,#1400);
#1399 = CARTESIAN_POINT('',(99.892427,-57.581154,1.585));
#1400 = VECTOR('',#1401,1.);
#1401 = DIRECTION('',(0.948683298051,0.316227766017,0.));
#1402 = ORIENTED_EDGE('',*,*,#1403,.T.);
#1403 = EDGE_CURVE('',#1396,#1404,#1406,.T.);
#1404 = VERTEX_POINT('',#1405);
#1405 = CARTESIAN_POINT('',(99.931341,-57.558179,1.585));
#1406 = LINE('',#1407,#1408);
#1407 = CARTESIAN_POINT('',(99.916334,-57.573185,1.585));
#1408 = VECTOR('',#1409,1.);
#1409 = DIRECTION('',(0.707130340811,0.707083220777,0.));
#1410 = ORIENTED_EDGE('',*,*,#1411,.T.);
#1411 = EDGE_CURVE('',#1404,#1412,#1414,.T.);
#1412 = VERTEX_POINT('',#1413);
#1413 = CARTESIAN_POINT('',(99.93134,-57.416629,1.585));
#1414 = CIRCLE('',#1415,0.141727623788);
#1415 = AXIS2_PLACEMENT_3D('',#1416,#1417,#1418);
#1416 = CARTESIAN_POINT('',(99.808549544639,-57.48740486747,1.585));
#1417 = DIRECTION('',(0.,-0.,1.));
#1418 = DIRECTION('',(0.866390419028,-0.499367241434,-0.));
#1419 = ORIENTED_EDGE('',*,*,#1420,.T.);
#1420 = EDGE_CURVE('',#1412,#1362,#1421,.T.);
#1421 = LINE('',#1422,#1423);
#1422 = CARTESIAN_POINT('',(99.93134,-57.416629,1.585));
#1423 = VECTOR('',#1424,1.);
#1424 = DIRECTION('',(-0.707106781187,0.707106781186,0.));
#1425 = PLANE('',#1426);
#1426 = AXIS2_PLACEMENT_3D('',#1427,#1428,#1429);
#1427 = CARTESIAN_POINT('',(0.,0.,1.585));
#1428 = DIRECTION('',(0.,0.,1.));
#1429 = DIRECTION('',(1.,0.,-0.));
#1430 = SHELL_BASED_SURFACE_MODEL('',(#1431));
#1431 = OPEN_SHELL('',(#1432));
#1432 = ADVANCED_FACE('',(#1433),#1550,.T.);
#1433 = FACE_BOUND('',#1434,.F.);
#1434 = EDGE_LOOP('',(#1435,#1445,#1453,#1461,#1469,#1477,#1486,#1494,
    #1503,#1511,#1519,#1527,#1536,#1544));
#1435 = ORIENTED_EDGE('',*,*,#1436,.T.);
#1436 = EDGE_CURVE('',#1437,#1439,#1441,.T.);
#1437 = VERTEX_POINT('',#1438);
#1438 = CARTESIAN_POINT('',(100.099405,-57.37821,1.585));
#1439 = VERTEX_POINT('',#1440);
#1440 = CARTESIAN_POINT('',(100.130111,-57.336439,1.585));
#1441 = LINE('',#1442,#1443);
#1442 = CARTESIAN_POINT('',(100.099405,-57.37821,1.585));
#1443 = VECTOR('',#1444,1.);
#1444 = DIRECTION('',(0.592290653888,0.805724382973,0.));
#1445 = ORIENTED_EDGE('',*,*,#1446,.T.);
#1446 = EDGE_CURVE('',#1439,#1447,#1449,.T.);
#1447 = VERTEX_POINT('',#1448);
#1448 = CARTESIAN_POINT('',(100.156242,-57.333533,1.585));
#1449 = LINE('',#1450,#1451);
#1450 = CARTESIAN_POINT('',(100.130111,-57.336439,1.585));
#1451 = VECTOR('',#1452,1.);
#1452 = DIRECTION('',(0.993873061892,0.110527538856,0.));
#1453 = ORIENTED_EDGE('',*,*,#1454,.T.);
#1454 = EDGE_CURVE('',#1447,#1455,#1457,.T.);
#1455 = VERTEX_POINT('',#1456);
#1456 = CARTESIAN_POINT('',(100.176371,-57.350445,1.585));
#1457 = LINE('',#1458,#1459);
#1458 = CARTESIAN_POINT('',(100.156242,-57.333533,1.585));
#1459 = VECTOR('',#1460,1.);
#1460 = DIRECTION('',(0.765636673106,-0.643273258262,0.));
#1461 = ORIENTED_EDGE('',*,*,#1462,.T.);
#1462 = EDGE_CURVE('',#1455,#1463,#1465,.T.);
#1463 = VERTEX_POINT('',#1464);
#1464 = CARTESIAN_POINT('',(100.17875,-57.581154,1.585));
#1465 = LINE('',#1466,#1467);
#1466 = CARTESIAN_POINT('',(100.176371,-57.350445,1.585));
#1467 = VECTOR('',#1468,1.);
#1468 = DIRECTION('',(1.0311143169E-02,-0.99994683875,0.));
#1469 = ORIENTED_EDGE('',*,*,#1470,.T.);
#1470 = EDGE_CURVE('',#1463,#1471,#1473,.T.);
#1471 = VERTEX_POINT('',#1472);
#1472 = CARTESIAN_POINT('',(100.230888,-57.583533,1.585));
#1473 = LINE('',#1474,#1475);
#1474 = CARTESIAN_POINT('',(100.17875,-57.581154,1.585));
#1475 = VECTOR('',#1476,1.);
#1476 = DIRECTION('',(0.998960624084,-4.558148231042E-02,0.));
#1477 = ORIENTED_EDGE('',*,*,#1478,.T.);
#1478 = EDGE_CURVE('',#1471,#1479,#1481,.T.);
#1479 = VERTEX_POINT('',#1480);
#1480 = CARTESIAN_POINT('',(100.230888,-57.641275,1.585));
#1481 = CIRCLE('',#1482,3.124983715158E-02);
#1482 = AXIS2_PLACEMENT_3D('',#1483,#1484,#1485);
#1483 = CARTESIAN_POINT('',(100.218929,-57.612404,1.585));
#1484 = DIRECTION('',(0.,0.,-1.));
#1485 = DIRECTION('',(0.382689994255,0.92387681446,0.));
#1486 = ORIENTED_EDGE('',*,*,#1487,.T.);
#1487 = EDGE_CURVE('',#1479,#1488,#1490,.T.);
#1488 = VERTEX_POINT('',#1489);
#1489 = CARTESIAN_POINT('',(100.064113,-57.641275,1.585));
#1490 = LINE('',#1491,#1492);
#1491 = CARTESIAN_POINT('',(100.230888,-57.641275,1.585));
#1492 = VECTOR('',#1493,1.);
#1493 = DIRECTION('',(-1.,0.,0.));
#1494 = ORIENTED_EDGE('',*,*,#1495,.T.);
#1495 = EDGE_CURVE('',#1488,#1496,#1498,.T.);
#1496 = VERTEX_POINT('',#1497);
#1497 = CARTESIAN_POINT('',(100.064113,-57.583533,1.585));
#1498 = CIRCLE('',#1499,3.124983715156E-02);
#1499 = AXIS2_PLACEMENT_3D('',#1500,#1501,#1502);
#1500 = CARTESIAN_POINT('',(100.076072,-57.612404,1.585));
#1501 = DIRECTION('',(0.,0.,-1.));
#1502 = DIRECTION('',(-0.382689994254,-0.923876814461,-0.));
#1503 = ORIENTED_EDGE('',*,*,#1504,.T.);
#1504 = EDGE_CURVE('',#1496,#1505,#1507,.T.);
#1505 = VERTEX_POINT('',#1506);
#1506 = CARTESIAN_POINT('',(100.11625,-57.581154,1.585));
#1507 = LINE('',#1508,#1509);
#1508 = CARTESIAN_POINT('',(100.064113,-57.583533,1.585));
#1509 = VECTOR('',#1510,1.);
#1510 = DIRECTION('',(0.998960584275,4.558235475757E-02,0.));
#1511 = ORIENTED_EDGE('',*,*,#1512,.T.);
#1512 = EDGE_CURVE('',#1505,#1513,#1515,.T.);
#1513 = VERTEX_POINT('',#1514);
#1514 = CARTESIAN_POINT('',(100.11625,-57.448021,1.585));
#1515 = LINE('',#1516,#1517);
#1516 = CARTESIAN_POINT('',(100.11625,-57.581154,1.585));
#1517 = VECTOR('',#1518,1.);
#1518 = DIRECTION('',(0.,1.,0.));
#1519 = ORIENTED_EDGE('',*,*,#1520,.T.);
#1520 = EDGE_CURVE('',#1513,#1521,#1523,.T.);
#1521 = VERTEX_POINT('',#1522);
#1522 = CARTESIAN_POINT('',(100.078288,-57.465004,1.585));
#1523 = LINE('',#1524,#1525);
#1524 = CARTESIAN_POINT('',(100.11625,-57.448021,1.585));
#1525 = VECTOR('',#1526,1.);
#1526 = DIRECTION('',(-0.912818251895,-0.408366060058,0.));
#1527 = ORIENTED_EDGE('',*,*,#1528,.T.);
#1528 = EDGE_CURVE('',#1521,#1529,#1531,.T.);
#1529 = VERTEX_POINT('',#1530);
#1530 = CARTESIAN_POINT('',(100.052464,-57.413359,1.585));
#1531 = CIRCLE('',#1532,3.124967035474E-02);
#1532 = AXIS2_PLACEMENT_3D('',#1533,#1534,#1535);
#1533 = CARTESIAN_POINT('',(100.07607244142,-57.43383296861,1.585));
#1534 = DIRECTION('',(0.,0.,-1.));
#1535 = DIRECTION('',(7.089862240522E-02,-0.997483526351,0.));
#1536 = ORIENTED_EDGE('',*,*,#1537,.T.);
#1537 = EDGE_CURVE('',#1529,#1538,#1540,.T.);
#1538 = VERTEX_POINT('',#1539);
#1539 = CARTESIAN_POINT('',(100.081367,-57.396246,1.585));
#1540 = LINE('',#1541,#1542);
#1541 = CARTESIAN_POINT('',(100.052464,-57.413359,1.585));
#1542 = VECTOR('',#1543,1.);
#1543 = DIRECTION('',(0.860483460532,0.509478374566,0.));
#1544 = ORIENTED_EDGE('',*,*,#1545,.T.);
#1545 = EDGE_CURVE('',#1538,#1437,#1546,.T.);
#1546 = LINE('',#1547,#1548);
#1547 = CARTESIAN_POINT('',(100.081367,-57.396246,1.585));
#1548 = VECTOR('',#1549,1.);
#1549 = DIRECTION('',(0.707145983226,0.707067576974,0.));
#1550 = PLANE('',#1551);
#1551 = AXIS2_PLACEMENT_3D('',#1552,#1553,#1554);
#1552 = CARTESIAN_POINT('',(0.,0.,1.585));
#1553 = DIRECTION('',(0.,0.,1.));
#1554 = DIRECTION('',(1.,0.,-0.));
#1555 = SHELL_BASED_SURFACE_MODEL('',(#1556));
#1556 = OPEN_SHELL('',(#1557));
#1557 = ADVANCED_FACE('',(#1558),#1644,.T.);
#1558 = FACE_BOUND('',#1559,.F.);
#1559 = EDGE_LOOP('',(#1560,#1571,#1579,#1588,#1596,#1605,#1613,#1622,
    #1630,#1638));
#1560 = ORIENTED_EDGE('',*,*,#1561,.T.);
#1561 = EDGE_CURVE('',#1562,#1564,#1566,.T.);
#1562 = VERTEX_POINT('',#1563);
#1563 = CARTESIAN_POINT('',(99.3225,-55.96,1.585));
#1564 = VERTEX_POINT('',#1565);
#1565 = CARTESIAN_POINT('',(99.3225,-55.84,1.585));
#1566 = CIRCLE('',#1567,6.000000000042E-02);
#1567 = AXIS2_PLACEMENT_3D('',#1568,#1569,#1570);
#1568 = CARTESIAN_POINT('',(99.322499774412,-55.9,1.585));
#1569 = DIRECTION('',(0.,0.,-1.));
#1570 = DIRECTION('',(3.759794490531E-06,-0.999999999993,0.));
#1571 = ORIENTED_EDGE('',*,*,#1572,.T.);
#1572 = EDGE_CURVE('',#1564,#1573,#1575,.T.);
#1573 = VERTEX_POINT('',#1574);
#1574 = CARTESIAN_POINT('',(101.2825,-55.84,1.585));
#1575 = LINE('',#1576,#1577);
#1576 = CARTESIAN_POINT('',(99.3225,-55.84,1.585));
#1577 = VECTOR('',#1578,1.);
#1578 = DIRECTION('',(1.,0.,0.));
#1579 = ORIENTED_EDGE('',*,*,#1580,.T.);
#1580 = EDGE_CURVE('',#1573,#1581,#1583,.T.);
#1581 = VERTEX_POINT('',#1582);
#1582 = CARTESIAN_POINT('',(101.3425,-55.9,1.585));
#1583 = CIRCLE('',#1584,5.999932016259E-02);
#1584 = AXIS2_PLACEMENT_3D('',#1585,#1586,#1587);
#1585 = CARTESIAN_POINT('',(101.28250067984,-55.89999932015,1.585));
#1586 = DIRECTION('',(0.,0.,-1.));
#1587 = DIRECTION('',(-1.133081612143E-05,0.999999999936,0.));
#1588 = ORIENTED_EDGE('',*,*,#1589,.T.);
#1589 = EDGE_CURVE('',#1581,#1590,#1592,.T.);
#1590 = VERTEX_POINT('',#1591);
#1591 = CARTESIAN_POINT('',(101.3425,-57.1,1.585));
#1592 = LINE('',#1593,#1594);
#1593 = CARTESIAN_POINT('',(101.3425,-55.9,1.585));
#1594 = VECTOR('',#1595,1.);
#1595 = DIRECTION('',(0.,-1.,0.));
#1596 = ORIENTED_EDGE('',*,*,#1597,.T.);
#1597 = EDGE_CURVE('',#1590,#1598,#1600,.T.);
#1598 = VERTEX_POINT('',#1599);
#1599 = CARTESIAN_POINT('',(101.2825,-57.16,1.585));
#1600 = CIRCLE('',#1601,5.999932016259E-02);
#1601 = AXIS2_PLACEMENT_3D('',#1602,#1603,#1604);
#1602 = CARTESIAN_POINT('',(101.28250067984,-57.10000067984,1.585));
#1603 = DIRECTION('',(0.,0.,-1.));
#1604 = DIRECTION('',(0.999999999936,1.133081612143E-05,0.));
#1605 = ORIENTED_EDGE('',*,*,#1606,.T.);
#1606 = EDGE_CURVE('',#1598,#1607,#1609,.T.);
#1607 = VERTEX_POINT('',#1608);
#1608 = CARTESIAN_POINT('',(99.3225,-57.16,1.585));
#1609 = LINE('',#1610,#1611);
#1610 = CARTESIAN_POINT('',(101.2825,-57.16,1.585));
#1611 = VECTOR('',#1612,1.);
#1612 = DIRECTION('',(-1.,0.,0.));
#1613 = ORIENTED_EDGE('',*,*,#1614,.T.);
#1614 = EDGE_CURVE('',#1607,#1615,#1617,.T.);
#1615 = VERTEX_POINT('',#1616);
#1616 = CARTESIAN_POINT('',(99.3225,-57.04,1.585));
#1617 = CIRCLE('',#1618,6.000000000042E-02);
#1618 = AXIS2_PLACEMENT_3D('',#1619,#1620,#1621);
#1619 = CARTESIAN_POINT('',(99.322499774412,-57.1,1.585));
#1620 = DIRECTION('',(0.,0.,-1.));
#1621 = DIRECTION('',(3.759794253684E-06,-0.999999999993,0.));
#1622 = ORIENTED_EDGE('',*,*,#1623,.T.);
#1623 = EDGE_CURVE('',#1615,#1624,#1626,.T.);
#1624 = VERTEX_POINT('',#1625);
#1625 = CARTESIAN_POINT('',(101.2225,-57.04,1.585));
#1626 = LINE('',#1627,#1628);
#1627 = CARTESIAN_POINT('',(99.3225,-57.04,1.585));
#1628 = VECTOR('',#1629,1.);
#1629 = DIRECTION('',(1.,0.,0.));
#1630 = ORIENTED_EDGE('',*,*,#1631,.T.);
#1631 = EDGE_CURVE('',#1624,#1632,#1634,.T.);
#1632 = VERTEX_POINT('',#1633);
#1633 = CARTESIAN_POINT('',(101.2225,-55.96,1.585));
#1634 = LINE('',#1635,#1636);
#1635 = CARTESIAN_POINT('',(101.2225,-57.04,1.585));
#1636 = VECTOR('',#1637,1.);
#1637 = DIRECTION('',(0.,1.,0.));
#1638 = ORIENTED_EDGE('',*,*,#1639,.T.);
#1639 = EDGE_CURVE('',#1632,#1562,#1640,.T.);
#1640 = LINE('',#1641,#1642);
#1641 = CARTESIAN_POINT('',(101.2225,-55.96,1.585));
#1642 = VECTOR('',#1643,1.);
#1643 = DIRECTION('',(-1.,0.,0.));
#1644 = PLANE('',#1645);
#1645 = AXIS2_PLACEMENT_3D('',#1646,#1647,#1648);
#1646 = CARTESIAN_POINT('',(0.,0.,1.585));
#1647 = DIRECTION('',(0.,0.,1.));
#1648 = DIRECTION('',(1.,0.,-0.));
#1649 = SHELL_BASED_SURFACE_MODEL('',(#1650));
#1650 = OPEN_SHELL('',(#1651));
#1651 = ADVANCED_FACE('',(#1652,#1722),#1756,.T.);
#1652 = FACE_BOUND('',#1653,.F.);
#1653 = EDGE_LOOP('',(#1654,#1665,#1673,#1682,#1690,#1699,#1707,#1716));
#1654 = ORIENTED_EDGE('',*,*,#1655,.T.);
#1655 = EDGE_CURVE('',#1656,#1658,#1660,.T.);
#1656 = VERTEX_POINT('',#1657);
#1657 = CARTESIAN_POINT('',(82.23,-54.9,1.585));
#1658 = VERTEX_POINT('',#1659);
#1659 = CARTESIAN_POINT('',(82.29,-54.84,1.585));
#1660 = CIRCLE('',#1661,5.999932016258E-02);
#1661 = AXIS2_PLACEMENT_3D('',#1662,#1663,#1664);
#1662 = CARTESIAN_POINT('',(82.289999320159,-54.89999932015,1.585));
#1663 = DIRECTION('',(0.,0.,-1.));
#1664 = DIRECTION('',(-0.999999999936,-1.133081612143E-05,-0.));
#1665 = ORIENTED_EDGE('',*,*,#1666,.T.);
#1666 = EDGE_CURVE('',#1658,#1667,#1669,.T.);
#1667 = VERTEX_POINT('',#1668);
#1668 = CARTESIAN_POINT('',(84.51,-54.84,1.585));
#1669 = LINE('',#1670,#1671);
#1670 = CARTESIAN_POINT('',(82.29,-54.84,1.585));
#1671 = VECTOR('',#1672,1.);
#1672 = DIRECTION('',(1.,0.,0.));
#1673 = ORIENTED_EDGE('',*,*,#1674,.T.);
#1674 = EDGE_CURVE('',#1667,#1675,#1677,.T.);
#1675 = VERTEX_POINT('',#1676);
#1676 = CARTESIAN_POINT('',(84.57,-54.9,1.585));
#1677 = CIRCLE('',#1678,5.999932016258E-02);
#1678 = AXIS2_PLACEMENT_3D('',#1679,#1680,#1681);
#1679 = CARTESIAN_POINT('',(84.510000679841,-54.89999932015,1.585));
#1680 = DIRECTION('',(0.,0.,-1.));
#1681 = DIRECTION('',(-1.133081612143E-05,0.999999999936,0.));
#1682 = ORIENTED_EDGE('',*,*,#1683,.T.);
#1683 = EDGE_CURVE('',#1675,#1684,#1686,.T.);
#1684 = VERTEX_POINT('',#1685);
#1685 = CARTESIAN_POINT('',(84.57,-57.01,1.585));
#1686 = LINE('',#1687,#1688);
#1687 = CARTESIAN_POINT('',(84.57,-54.9,1.585));
#1688 = VECTOR('',#1689,1.);
#1689 = DIRECTION('',(0.,-1.,0.));
#1690 = ORIENTED_EDGE('',*,*,#1691,.T.);
#1691 = EDGE_CURVE('',#1684,#1692,#1694,.T.);
#1692 = VERTEX_POINT('',#1693);
#1693 = CARTESIAN_POINT('',(84.51,-57.07,1.585));
#1694 = CIRCLE('',#1695,5.999932016258E-02);
#1695 = AXIS2_PLACEMENT_3D('',#1696,#1697,#1698);
#1696 = CARTESIAN_POINT('',(84.510000679841,-57.01000067984,1.585));
#1697 = DIRECTION('',(0.,0.,-1.));
#1698 = DIRECTION('',(0.999999999936,1.133081623985E-05,0.));
#1699 = ORIENTED_EDGE('',*,*,#1700,.T.);
#1700 = EDGE_CURVE('',#1692,#1701,#1703,.T.);
#1701 = VERTEX_POINT('',#1702);
#1702 = CARTESIAN_POINT('',(82.29,-57.07,1.585));
#1703 = LINE('',#1704,#1705);
#1704 = CARTESIAN_POINT('',(84.51,-57.07,1.585));
#1705 = VECTOR('',#1706,1.);
#1706 = DIRECTION('',(-1.,0.,0.));
#1707 = ORIENTED_EDGE('',*,*,#1708,.T.);
#1708 = EDGE_CURVE('',#1701,#1709,#1711,.T.);
#1709 = VERTEX_POINT('',#1710);
#1710 = CARTESIAN_POINT('',(82.23,-57.01,1.585));
#1711 = CIRCLE('',#1712,5.999932016259E-02);
#1712 = AXIS2_PLACEMENT_3D('',#1713,#1714,#1715);
#1713 = CARTESIAN_POINT('',(82.289999320159,-57.01000067984,1.585));
#1714 = DIRECTION('',(0.,0.,-1.));
#1715 = DIRECTION('',(1.133081612143E-05,-0.999999999936,0.));
#1716 = ORIENTED_EDGE('',*,*,#1717,.T.);
#1717 = EDGE_CURVE('',#1709,#1656,#1718,.T.);
#1718 = LINE('',#1719,#1720);
#1719 = CARTESIAN_POINT('',(82.23,-57.01,1.585));
#1720 = VECTOR('',#1721,1.);
#1721 = DIRECTION('',(0.,1.,0.));
#1722 = FACE_BOUND('',#1723,.F.);
#1723 = EDGE_LOOP('',(#1724,#1734,#1742,#1750));
#1724 = ORIENTED_EDGE('',*,*,#1725,.T.);
#1725 = EDGE_CURVE('',#1726,#1728,#1730,.T.);
#1726 = VERTEX_POINT('',#1727);
#1727 = CARTESIAN_POINT('',(84.45,-56.95,1.585));
#1728 = VERTEX_POINT('',#1729);
#1729 = CARTESIAN_POINT('',(84.45,-54.96,1.585));
#1730 = LINE('',#1731,#1732);
#1731 = CARTESIAN_POINT('',(84.45,-56.95,1.585));
#1732 = VECTOR('',#1733,1.);
#1733 = DIRECTION('',(0.,1.,0.));
#1734 = ORIENTED_EDGE('',*,*,#1735,.T.);
#1735 = EDGE_CURVE('',#1728,#1736,#1738,.T.);
#1736 = VERTEX_POINT('',#1737);
#1737 = CARTESIAN_POINT('',(82.35,-54.96,1.585));
#1738 = LINE('',#1739,#1740);
#1739 = CARTESIAN_POINT('',(84.45,-54.96,1.585));
#1740 = VECTOR('',#1741,1.);
#1741 = DIRECTION('',(-1.,0.,0.));
#1742 = ORIENTED_EDGE('',*,*,#1743,.T.);
#1743 = EDGE_CURVE('',#1736,#1744,#1746,.T.);
#1744 = VERTEX_POINT('',#1745);
#1745 = CARTESIAN_POINT('',(82.35,-56.95,1.585));
#1746 = LINE('',#1747,#1748);
#1747 = CARTESIAN_POINT('',(82.35,-54.96,1.585));
#1748 = VECTOR('',#1749,1.);
#1749 = DIRECTION('',(0.,-1.,0.));
#1750 = ORIENTED_EDGE('',*,*,#1751,.T.);
#1751 = EDGE_CURVE('',#1744,#1726,#1752,.T.);
#1752 = LINE('',#1753,#1754);
#1753 = CARTESIAN_POINT('',(82.35,-56.95,1.585));
#1754 = VECTOR('',#1755,1.);
#1755 = DIRECTION('',(1.,0.,0.));
#1756 = PLANE('',#1757);
#1757 = AXIS2_PLACEMENT_3D('',#1758,#1759,#1760);
#1758 = CARTESIAN_POINT('',(0.,0.,1.585));
#1759 = DIRECTION('',(0.,0.,1.));
#1760 = DIRECTION('',(1.,0.,-0.));
#1761 = SHELL_BASED_SURFACE_MODEL('',(#1762));
#1762 = OPEN_SHELL('',(#1763));
#1763 = ADVANCED_FACE('',(#1764),#1800,.T.);
#1764 = FACE_BOUND('',#1765,.F.);
#1765 = EDGE_LOOP('',(#1766,#1777,#1785,#1794));
#1766 = ORIENTED_EDGE('',*,*,#1767,.T.);
#1767 = EDGE_CURVE('',#1768,#1770,#1772,.T.);
#1768 = VERTEX_POINT('',#1769);
#1769 = CARTESIAN_POINT('',(104.685,-56.14,1.585));
#1770 = VERTEX_POINT('',#1771);
#1771 = CARTESIAN_POINT('',(104.685,-56.02,1.585));
#1772 = CIRCLE('',#1773,6.000000000043E-02);
#1773 = AXIS2_PLACEMENT_3D('',#1774,#1775,#1776);
#1774 = CARTESIAN_POINT('',(104.68499977441,-56.08,1.585));
#1775 = DIRECTION('',(0.,0.,-1.));
#1776 = DIRECTION('',(3.759794016837E-06,-0.999999999993,0.));
#1777 = ORIENTED_EDGE('',*,*,#1778,.T.);
#1778 = EDGE_CURVE('',#1770,#1779,#1781,.T.);
#1779 = VERTEX_POINT('',#1780);
#1780 = CARTESIAN_POINT('',(106.605,-56.02,1.585));
#1781 = LINE('',#1782,#1783);
#1782 = CARTESIAN_POINT('',(104.685,-56.02,1.585));
#1783 = VECTOR('',#1784,1.);
#1784 = DIRECTION('',(1.,0.,0.));
#1785 = ORIENTED_EDGE('',*,*,#1786,.T.);
#1786 = EDGE_CURVE('',#1779,#1787,#1789,.T.);
#1787 = VERTEX_POINT('',#1788);
#1788 = CARTESIAN_POINT('',(106.605,-56.14,1.585));
#1789 = CIRCLE('',#1790,6.000000000042E-02);
#1790 = AXIS2_PLACEMENT_3D('',#1791,#1792,#1793);
#1791 = CARTESIAN_POINT('',(106.60500022558,-56.08,1.585));
#1792 = DIRECTION('',(0.,0.,-1.));
#1793 = DIRECTION('',(-3.759794016836E-06,0.999999999993,-0.));
#1794 = ORIENTED_EDGE('',*,*,#1795,.T.);
#1795 = EDGE_CURVE('',#1787,#1768,#1796,.T.);
#1796 = LINE('',#1797,#1798);
#1797 = CARTESIAN_POINT('',(106.605,-56.14,1.585));
#1798 = VECTOR('',#1799,1.);
#1799 = DIRECTION('',(-1.,0.,0.));
#1800 = PLANE('',#1801);
#1801 = AXIS2_PLACEMENT_3D('',#1802,#1803,#1804);
#1802 = CARTESIAN_POINT('',(0.,0.,1.585));
#1803 = DIRECTION('',(0.,0.,1.));
#1804 = DIRECTION('',(1.,0.,-0.));
#1805 = SHELL_BASED_SURFACE_MODEL('',(#1806));
#1806 = OPEN_SHELL('',(#1807));
#1807 = ADVANCED_FACE('',(#1808),#1843,.T.);
#1808 = FACE_BOUND('',#1809,.F.);
#1809 = EDGE_LOOP('',(#1810,#1821,#1829,#1837));
#1810 = ORIENTED_EDGE('',*,*,#1811,.T.);
#1811 = EDGE_CURVE('',#1812,#1814,#1816,.T.);
#1812 = VERTEX_POINT('',#1813);
#1813 = CARTESIAN_POINT('',(108.592039,-56.135433,1.585));
#1814 = VERTEX_POINT('',#1815);
#1815 = CARTESIAN_POINT('',(108.592039,-56.024567,1.585));
#1816 = CIRCLE('',#1817,6.000020841631E-02);
#1817 = AXIS2_PLACEMENT_3D('',#1818,#1819,#1820);
#1818 = CARTESIAN_POINT('',(108.615,-56.08,1.585));
#1819 = DIRECTION('',(0.,0.,-1.));
#1820 = DIRECTION('',(-0.382682004047,-0.923880124139,-0.));
#1821 = ORIENTED_EDGE('',*,*,#1822,.T.);
#1822 = EDGE_CURVE('',#1814,#1823,#1825,.T.);
#1823 = VERTEX_POINT('',#1824);
#1824 = CARTESIAN_POINT('',(108.6,-56.022983,1.585));
#1825 = LINE('',#1826,#1827);
#1826 = CARTESIAN_POINT('',(108.592039,-56.024567,1.585));
#1827 = VECTOR('',#1828,1.);
#1828 = DIRECTION('',(0.98077446739,0.195144674832,0.));
#1829 = ORIENTED_EDGE('',*,*,#1830,.T.);
#1830 = EDGE_CURVE('',#1823,#1831,#1833,.T.);
#1831 = VERTEX_POINT('',#1832);
#1832 = CARTESIAN_POINT('',(108.6,-56.137016,1.585));
#1833 = LINE('',#1834,#1835);
#1834 = CARTESIAN_POINT('',(108.6,-56.022983,1.585));
#1835 = VECTOR('',#1836,1.);
#1836 = DIRECTION('',(0.,-1.,0.));
#1837 = ORIENTED_EDGE('',*,*,#1838,.T.);
#1838 = EDGE_CURVE('',#1831,#1812,#1839,.T.);
#1839 = LINE('',#1840,#1841);
#1840 = CARTESIAN_POINT('',(108.6,-56.137016,1.585));
#1841 = VECTOR('',#1842,1.);
#1842 = DIRECTION('',(-0.980798039906,0.1950261647,0.));
#1843 = PLANE('',#1844);
#1844 = AXIS2_PLACEMENT_3D('',#1845,#1846,#1847);
#1845 = CARTESIAN_POINT('',(0.,0.,1.585));
#1846 = DIRECTION('',(0.,0.,1.));
#1847 = DIRECTION('',(1.,0.,-0.));
#1848 = SHELL_BASED_SURFACE_MODEL('',(#1849));
#1849 = OPEN_SHELL('',(#1850));
#1850 = ADVANCED_FACE('',(#1851),#1887,.T.);
#1851 = FACE_BOUND('',#1852,.F.);
#1852 = EDGE_LOOP('',(#1853,#1864,#1872,#1881));
#1853 = ORIENTED_EDGE('',*,*,#1854,.T.);
#1854 = EDGE_CURVE('',#1855,#1857,#1859,.T.);
#1855 = VERTEX_POINT('',#1856);
#1856 = CARTESIAN_POINT('',(95.038748,-55.295,1.585));
#1857 = VERTEX_POINT('',#1858);
#1858 = CARTESIAN_POINT('',(95.038748,-55.175,1.585));
#1859 = CIRCLE('',#1860,6.000000000043E-02);
#1860 = AXIS2_PLACEMENT_3D('',#1861,#1862,#1863);
#1861 = CARTESIAN_POINT('',(95.038747774412,-55.235,1.585));
#1862 = DIRECTION('',(0.,0.,-1.));
#1863 = DIRECTION('',(3.759794016836E-06,-0.999999999993,0.));
#1864 = ORIENTED_EDGE('',*,*,#1865,.T.);
#1865 = EDGE_CURVE('',#1857,#1866,#1868,.T.);
#1866 = VERTEX_POINT('',#1867);
#1867 = CARTESIAN_POINT('',(95.561252,-55.175,1.585));
#1868 = LINE('',#1869,#1870);
#1869 = CARTESIAN_POINT('',(95.038748,-55.175,1.585));
#1870 = VECTOR('',#1871,1.);
#1871 = DIRECTION('',(1.,0.,0.));
#1872 = ORIENTED_EDGE('',*,*,#1873,.T.);
#1873 = EDGE_CURVE('',#1866,#1874,#1876,.T.);
#1874 = VERTEX_POINT('',#1875);
#1875 = CARTESIAN_POINT('',(95.561252,-55.295,1.585));
#1876 = CIRCLE('',#1877,6.000000000043E-02);
#1877 = AXIS2_PLACEMENT_3D('',#1878,#1879,#1880);
#1878 = CARTESIAN_POINT('',(95.561252225588,-55.235,1.585));
#1879 = DIRECTION('',(0.,0.,-1.));
#1880 = DIRECTION('',(-3.759794016836E-06,0.999999999993,-0.));
#1881 = ORIENTED_EDGE('',*,*,#1882,.T.);
#1882 = EDGE_CURVE('',#1874,#1855,#1883,.T.);
#1883 = LINE('',#1884,#1885);
#1884 = CARTESIAN_POINT('',(95.561252,-55.295,1.585));
#1885 = VECTOR('',#1886,1.);
#1886 = DIRECTION('',(-1.,0.,0.));
#1887 = PLANE('',#1888);
#1888 = AXIS2_PLACEMENT_3D('',#1889,#1890,#1891);
#1889 = CARTESIAN_POINT('',(0.,0.,1.585));
#1890 = DIRECTION('',(0.,0.,1.));
#1891 = DIRECTION('',(1.,0.,-0.));
#1892 = SHELL_BASED_SURFACE_MODEL('',(#1893));
#1893 = OPEN_SHELL('',(#1894));
#1894 = ADVANCED_FACE('',(#1895),#1931,.T.);
#1895 = FACE_BOUND('',#1896,.F.);
#1896 = EDGE_LOOP('',(#1897,#1908,#1916,#1925));
#1897 = ORIENTED_EDGE('',*,*,#1898,.T.);
#1898 = EDGE_CURVE('',#1899,#1901,#1903,.T.);
#1899 = VERTEX_POINT('',#1900);
#1900 = CARTESIAN_POINT('',(99.611248,-55.295,1.585));
#1901 = VERTEX_POINT('',#1902);
#1902 = CARTESIAN_POINT('',(99.611248,-55.175,1.585));
#1903 = CIRCLE('',#1904,6.000000000043E-02);
#1904 = AXIS2_PLACEMENT_3D('',#1905,#1906,#1907);
#1905 = CARTESIAN_POINT('',(99.611247774412,-55.235,1.585));
#1906 = DIRECTION('',(0.,0.,-1.));
#1907 = DIRECTION('',(3.759794253684E-06,-0.999999999993,0.));
#1908 = ORIENTED_EDGE('',*,*,#1909,.T.);
#1909 = EDGE_CURVE('',#1901,#1910,#1912,.T.);
#1910 = VERTEX_POINT('',#1911);
#1911 = CARTESIAN_POINT('',(100.133752,-55.175,1.585));
#1912 = LINE('',#1913,#1914);
#1913 = CARTESIAN_POINT('',(99.611248,-55.175,1.585));
#1914 = VECTOR('',#1915,1.);
#1915 = DIRECTION('',(1.,0.,0.));
#1916 = ORIENTED_EDGE('',*,*,#1917,.T.);
#1917 = EDGE_CURVE('',#1910,#1918,#1920,.T.);
#1918 = VERTEX_POINT('',#1919);
#1919 = CARTESIAN_POINT('',(100.133752,-55.295,1.585));
#1920 = CIRCLE('',#1921,6.000000000043E-02);
#1921 = AXIS2_PLACEMENT_3D('',#1922,#1923,#1924);
#1922 = CARTESIAN_POINT('',(100.13375222558,-55.235,1.585));
#1923 = DIRECTION('',(0.,0.,-1.));
#1924 = DIRECTION('',(-3.759794016836E-06,0.999999999993,-0.));
#1925 = ORIENTED_EDGE('',*,*,#1926,.T.);
#1926 = EDGE_CURVE('',#1918,#1899,#1927,.T.);
#1927 = LINE('',#1928,#1929);
#1928 = CARTESIAN_POINT('',(100.133752,-55.295,1.585));
#1929 = VECTOR('',#1930,1.);
#1930 = DIRECTION('',(-1.,0.,0.));
#1931 = PLANE('',#1932);
#1932 = AXIS2_PLACEMENT_3D('',#1933,#1934,#1935);
#1933 = CARTESIAN_POINT('',(0.,0.,1.585));
#1934 = DIRECTION('',(0.,0.,1.));
#1935 = DIRECTION('',(1.,0.,-0.));
#1936 = SHELL_BASED_SURFACE_MODEL('',(#1937));
#1937 = OPEN_SHELL('',(#1938));
#1938 = ADVANCED_FACE('',(#1939),#2033,.T.);
#1939 = FACE_BOUND('',#1940,.F.);
#1940 = EDGE_LOOP('',(#1941,#1952,#1960,#1968,#1976,#1985,#1993,#2002,
    #2010,#2019,#2027));
#1941 = ORIENTED_EDGE('',*,*,#1942,.T.);
#1942 = EDGE_CURVE('',#1943,#1945,#1947,.T.);
#1943 = VERTEX_POINT('',#1944);
#1944 = CARTESIAN_POINT('',(86.994567,-54.777039,1.585));
#1945 = VERTEX_POINT('',#1946);
#1946 = CARTESIAN_POINT('',(87.11,-54.8,1.585));
#1947 = CIRCLE('',#1948,6.000007318647E-02);
#1948 = AXIS2_PLACEMENT_3D('',#1949,#1950,#1951);
#1949 = CARTESIAN_POINT('',(87.049999926814,-54.79999982331,1.585));
#1950 = DIRECTION('',(0.,0.,-1.));
#1951 = DIRECTION('',(-0.923880986637,0.382679921777,0.));
#1952 = ORIENTED_EDGE('',*,*,#1953,.T.);
#1953 = EDGE_CURVE('',#1945,#1954,#1956,.T.);
#1954 = VERTEX_POINT('',#1955);
#1955 = CARTESIAN_POINT('',(87.11,-55.04,1.585));
#1956 = LINE('',#1957,#1958);
#1957 = CARTESIAN_POINT('',(87.11,-54.8,1.585));
#1958 = VECTOR('',#1959,1.);
#1959 = DIRECTION('',(0.,-1.,0.));
#1960 = ORIENTED_EDGE('',*,*,#1961,.T.);
#1961 = EDGE_CURVE('',#1954,#1962,#1964,.T.);
#1962 = VERTEX_POINT('',#1963);
#1963 = CARTESIAN_POINT('',(90.29,-55.04,1.585));
#1964 = LINE('',#1965,#1966);
#1965 = CARTESIAN_POINT('',(87.11,-55.04,1.585));
#1966 = VECTOR('',#1967,1.);
#1967 = DIRECTION('',(1.,0.,0.));
#1968 = ORIENTED_EDGE('',*,*,#1969,.T.);
#1969 = EDGE_CURVE('',#1962,#1970,#1972,.T.);
#1970 = VERTEX_POINT('',#1971);
#1971 = CARTESIAN_POINT('',(90.29,-54.8,1.585));
#1972 = LINE('',#1973,#1974);
#1973 = CARTESIAN_POINT('',(90.29,-55.04,1.585));
#1974 = VECTOR('',#1975,1.);
#1975 = DIRECTION('',(0.,1.,0.));
#1976 = ORIENTED_EDGE('',*,*,#1977,.T.);
#1977 = EDGE_CURVE('',#1970,#1978,#1980,.T.);
#1978 = VERTEX_POINT('',#1979);
#1979 = CARTESIAN_POINT('',(90.41,-54.8,1.585));
#1980 = CIRCLE('',#1981,6.000000000042E-02);
#1981 = AXIS2_PLACEMENT_3D('',#1982,#1983,#1984);
#1982 = CARTESIAN_POINT('',(90.35,-54.79999977441,1.585));
#1983 = DIRECTION('',(0.,0.,-1.));
#1984 = DIRECTION('',(-0.999999999993,-3.759794135261E-06,-0.));
#1985 = ORIENTED_EDGE('',*,*,#1986,.T.);
#1986 = EDGE_CURVE('',#1978,#1987,#1989,.T.);
#1987 = VERTEX_POINT('',#1988);
#1988 = CARTESIAN_POINT('',(90.41,-55.1,1.585));
#1989 = LINE('',#1990,#1991);
#1990 = CARTESIAN_POINT('',(90.41,-54.8,1.585));
#1991 = VECTOR('',#1992,1.);
#1992 = DIRECTION('',(0.,-1.,0.));
#1993 = ORIENTED_EDGE('',*,*,#1994,.T.);
#1994 = EDGE_CURVE('',#1987,#1995,#1997,.T.);
#1995 = VERTEX_POINT('',#1996);
#1996 = CARTESIAN_POINT('',(90.35,-55.16,1.585));
#1997 = CIRCLE('',#1998,5.999932016259E-02);
#1998 = AXIS2_PLACEMENT_3D('',#1999,#2000,#2001);
#1999 = CARTESIAN_POINT('',(90.350000679841,-55.10000067984,1.585));
#2000 = DIRECTION('',(0.,0.,-1.));
#2001 = DIRECTION('',(0.999999999936,1.133081612143E-05,0.));
#2002 = ORIENTED_EDGE('',*,*,#2003,.T.);
#2003 = EDGE_CURVE('',#1995,#2004,#2006,.T.);
#2004 = VERTEX_POINT('',#2005);
#2005 = CARTESIAN_POINT('',(87.05,-55.16,1.585));
#2006 = LINE('',#2007,#2008);
#2007 = CARTESIAN_POINT('',(90.35,-55.16,1.585));
#2008 = VECTOR('',#2009,1.);
#2009 = DIRECTION('',(-1.,0.,0.));
#2010 = ORIENTED_EDGE('',*,*,#2011,.T.);
#2011 = EDGE_CURVE('',#2004,#2012,#2014,.T.);
#2012 = VERTEX_POINT('',#2013);
#2013 = CARTESIAN_POINT('',(86.99,-55.1,1.585));
#2014 = CIRCLE('',#2015,5.99993201626E-02);
#2015 = AXIS2_PLACEMENT_3D('',#2016,#2017,#2018);
#2016 = CARTESIAN_POINT('',(87.049999320159,-55.10000067984,1.585));
#2017 = DIRECTION('',(0.,0.,-1.));
#2018 = DIRECTION('',(1.133081588458E-05,-0.999999999936,0.));
#2019 = ORIENTED_EDGE('',*,*,#2020,.T.);
#2020 = EDGE_CURVE('',#2012,#2021,#2023,.T.);
#2021 = VERTEX_POINT('',#2022);
#2022 = CARTESIAN_POINT('',(86.99,-54.8,1.585));
#2023 = LINE('',#2024,#2025);
#2024 = CARTESIAN_POINT('',(86.99,-55.1,1.585));
#2025 = VECTOR('',#2026,1.);
#2026 = DIRECTION('',(0.,1.,0.));
#2027 = ORIENTED_EDGE('',*,*,#2028,.T.);
#2028 = EDGE_CURVE('',#2021,#1943,#2029,.T.);
#2029 = LINE('',#2030,#2031);
#2030 = CARTESIAN_POINT('',(86.99,-54.8,1.585));
#2031 = VECTOR('',#2032,1.);
#2032 = DIRECTION('',(0.195081000118,0.980787134598,0.));
#2033 = PLANE('',#2034);
#2034 = AXIS2_PLACEMENT_3D('',#2035,#2036,#2037);
#2035 = CARTESIAN_POINT('',(0.,0.,1.585));
#2036 = DIRECTION('',(0.,0.,1.));
#2037 = DIRECTION('',(1.,0.,-0.));
#2038 = SHELL_BASED_SURFACE_MODEL('',(#2039));
#2039 = OPEN_SHELL('',(#2040));
#2040 = ADVANCED_FACE('',(#2041),#2256,.T.);
#2041 = FACE_BOUND('',#2042,.F.);
#2042 = EDGE_LOOP('',(#2043,#2053,#2061,#2069,#2077,#2085,#2094,#2102,
    #2111,#2119,#2128,#2136,#2144,#2152,#2161,#2169,#2177,#2185,#2193,
    #2201,#2209,#2217,#2225,#2233,#2242,#2250));
#2043 = ORIENTED_EDGE('',*,*,#2044,.T.);
#2044 = EDGE_CURVE('',#2045,#2047,#2049,.T.);
#2045 = VERTEX_POINT('',#2046);
#2046 = CARTESIAN_POINT('',(99.491907,-54.262183,1.585));
#2047 = VERTEX_POINT('',#2048);
#2048 = CARTESIAN_POINT('',(99.555746,-54.203725,1.585));
#2049 = LINE('',#2050,#2051);
#2050 = CARTESIAN_POINT('',(99.491907,-54.262183,1.585));
#2051 = VECTOR('',#2052,1.);
#2052 = DIRECTION('',(0.737505544246,0.675341078424,0.));
#2053 = ORIENTED_EDGE('',*,*,#2054,.T.);
#2054 = EDGE_CURVE('',#2047,#2055,#2057,.T.);
#2055 = VERTEX_POINT('',#2056);
#2056 = CARTESIAN_POINT('',(99.646309,-54.176109,1.585));
#2057 = LINE('',#2058,#2059);
#2058 = CARTESIAN_POINT('',(99.555746,-54.203725,1.585));
#2059 = VECTOR('',#2060,1.);
#2060 = DIRECTION('',(0.95651679316,0.29167726069,0.));
#2061 = ORIENTED_EDGE('',*,*,#2062,.T.);
#2062 = EDGE_CURVE('',#2055,#2063,#2065,.T.);
#2063 = VERTEX_POINT('',#2064);
#2064 = CARTESIAN_POINT('',(99.701789,-54.177672,1.585));
#2065 = LINE('',#2066,#2067);
#2066 = CARTESIAN_POINT('',(99.646309,-54.176109,1.585));
#2067 = VECTOR('',#2068,1.);
#2068 = DIRECTION('',(0.999603396419,-2.816114110682E-02,0.));
#2069 = ORIENTED_EDGE('',*,*,#2070,.T.);
#2070 = EDGE_CURVE('',#2063,#2071,#2073,.T.);
#2071 = VERTEX_POINT('',#2072);
#2072 = CARTESIAN_POINT('',(99.791149,-54.208174,1.585));
#2073 = LINE('',#2074,#2075);
#2074 = CARTESIAN_POINT('',(99.701789,-54.177672,1.585));
#2075 = VECTOR('',#2076,1.);
#2076 = DIRECTION('',(0.946386028957,-0.323037899007,0.));
#2077 = ORIENTED_EDGE('',*,*,#2078,.T.);
#2078 = EDGE_CURVE('',#2071,#2079,#2081,.T.);
#2079 = VERTEX_POINT('',#2080);
#2080 = CARTESIAN_POINT('',(99.824521,-54.238373,1.585));
#2081 = LINE('',#2082,#2083);
#2082 = CARTESIAN_POINT('',(99.791149,-54.208174,1.585));
#2083 = VECTOR('',#2084,1.);
#2084 = DIRECTION('',(0.741477348736,-0.670977899272,0.));
#2085 = ORIENTED_EDGE('',*,*,#2086,.T.);
#2086 = EDGE_CURVE('',#2079,#2087,#2089,.T.);
#2087 = VERTEX_POINT('',#2088);
#2088 = CARTESIAN_POINT('',(99.770032,-54.319922,1.585));
#2089 = CIRCLE('',#2090,4.999967339803E-02);
#2090 = AXIS2_PLACEMENT_3D('',#2091,#2092,#2093);
#2091 = CARTESIAN_POINT('',(99.789166152901,-54.27372836913,1.585));
#2092 = DIRECTION('',(0.,0.,-1.));
#2093 = DIRECTION('',(0.707101560786,0.707112001548,0.));
#2094 = ORIENTED_EDGE('',*,*,#2095,.T.);
#2095 = EDGE_CURVE('',#2087,#2096,#2098,.T.);
#2096 = VERTEX_POINT('',#2097);
#2097 = CARTESIAN_POINT('',(99.738348,-54.29362,1.585));
#2098 = LINE('',#2099,#2100);
#2099 = CARTESIAN_POINT('',(99.770032,-54.319922,1.585));
#2100 = VECTOR('',#2101,1.);
#2101 = DIRECTION('',(-0.769430150862,0.638730962882,0.));
#2102 = ORIENTED_EDGE('',*,*,#2103,.T.);
#2103 = EDGE_CURVE('',#2096,#2104,#2106,.T.);
#2104 = VERTEX_POINT('',#2105);
#2105 = CARTESIAN_POINT('',(99.60189,-54.29362,1.585));
#2106 = CIRCLE('',#2107,0.135555567358);
#2107 = AXIS2_PLACEMENT_3D('',#2108,#2109,#2110);
#2108 = CARTESIAN_POINT('',(99.670119,-54.41075289632,1.585));
#2109 = DIRECTION('',(0.,0.,1.));
#2110 = DIRECTION('',(0.5033286447,0.864095061567,-0.));
#2111 = ORIENTED_EDGE('',*,*,#2112,.T.);
#2112 = EDGE_CURVE('',#2104,#2113,#2115,.T.);
#2113 = VERTEX_POINT('',#2114);
#2114 = CARTESIAN_POINT('',(99.568354,-54.327155,1.585));
#2115 = LINE('',#2116,#2117);
#2116 = CARTESIAN_POINT('',(99.60189,-54.29362,1.585));
#2117 = VECTOR('',#2118,1.);
#2118 = DIRECTION('',(-0.707117323768,-0.707096238448,0.));
#2119 = ORIENTED_EDGE('',*,*,#2120,.T.);
#2120 = EDGE_CURVE('',#2113,#2121,#2123,.T.);
#2121 = VERTEX_POINT('',#2122);
#2122 = CARTESIAN_POINT('',(99.529643,-54.505668,1.585));
#2123 = CIRCLE('',#2124,0.29211314087);
#2124 = AXIS2_PLACEMENT_3D('',#2125,#2126,#2127);
#2125 = CARTESIAN_POINT('',(99.820164380004,-54.47521451367,1.585));
#2126 = DIRECTION('',(0.,0.,1.));
#2127 = DIRECTION('',(-0.862030305294,0.5068567379,0.));
#2128 = ORIENTED_EDGE('',*,*,#2129,.T.);
#2129 = EDGE_CURVE('',#2121,#2130,#2132,.T.);
#2130 = VERTEX_POINT('',#2131);
#2131 = CARTESIAN_POINT('',(99.550628,-54.589609,1.585));
#2132 = LINE('',#2133,#2134);
#2133 = CARTESIAN_POINT('',(99.529643,-54.505668,1.585));
#2134 = VECTOR('',#2135,1.);
#2135 = DIRECTION('',(0.242532905638,-0.970143179991,0.));
#2136 = ORIENTED_EDGE('',*,*,#2137,.T.);
#2137 = EDGE_CURVE('',#2130,#2138,#2140,.T.);
#2138 = VERTEX_POINT('',#2139);
#2139 = CARTESIAN_POINT('',(99.568353,-54.625061,1.585));
#2140 = LINE('',#2141,#2142);
#2141 = CARTESIAN_POINT('',(99.550628,-54.589609,1.585));
#2142 = VECTOR('',#2143,1.);
#2143 = DIRECTION('',(0.447193411762,-0.894437282584,0.));
#2144 = ORIENTED_EDGE('',*,*,#2145,.T.);
#2145 = EDGE_CURVE('',#2138,#2146,#2148,.T.);
#2146 = VERTEX_POINT('',#2147);
#2147 = CARTESIAN_POINT('',(99.601891,-54.658598,1.585));
#2148 = LINE('',#2149,#2150);
#2149 = CARTESIAN_POINT('',(99.568353,-54.625061,1.585));
#2150 = VECTOR('',#2151,1.);
#2151 = DIRECTION('',(0.70711732314,-0.707096239076,0.));
#2152 = ORIENTED_EDGE('',*,*,#2153,.T.);
#2153 = EDGE_CURVE('',#2146,#2154,#2156,.T.);
#2154 = VERTEX_POINT('',#2155);
#2155 = CARTESIAN_POINT('',(99.770031,-54.632296,1.585));
#2156 = CIRCLE('',#2157,0.134428451481);
#2157 = AXIS2_PLACEMENT_3D('',#2158,#2159,#2160);
#2158 = CARTESIAN_POINT('',(99.669877216062,-54.54262868081,1.585));
#2159 = DIRECTION('',(0.,0.,1.));
#2160 = DIRECTION('',(-0.50574275991,-0.862684334388,0.));
#2161 = ORIENTED_EDGE('',*,*,#2162,.T.);
#2162 = EDGE_CURVE('',#2154,#2163,#2165,.T.);
#2163 = VERTEX_POINT('',#2164);
#2164 = CARTESIAN_POINT('',(99.8083,-54.632296,1.585));
#2165 = LINE('',#2166,#2167);
#2166 = CARTESIAN_POINT('',(99.770031,-54.632296,1.585));
#2167 = VECTOR('',#2168,1.);
#2168 = DIRECTION('',(1.,0.,0.));
#2169 = ORIENTED_EDGE('',*,*,#2170,.T.);
#2170 = EDGE_CURVE('',#2163,#2171,#2173,.T.);
#2171 = VERTEX_POINT('',#2172);
#2172 = CARTESIAN_POINT('',(99.83536,-54.659355,1.585));
#2173 = LINE('',#2174,#2175);
#2174 = CARTESIAN_POINT('',(99.8083,-54.632296,1.585));
#2175 = VECTOR('',#2176,1.);
#2176 = DIRECTION('',(0.707119846843,-0.707093715289,0.));
#2177 = ORIENTED_EDGE('',*,*,#2178,.T.);
#2178 = EDGE_CURVE('',#2171,#2179,#2181,.T.);
#2179 = VERTEX_POINT('',#2180);
#2180 = CARTESIAN_POINT('',(99.83536,-54.697623,1.585));
#2181 = LINE('',#2182,#2183);
#2182 = CARTESIAN_POINT('',(99.83536,-54.659355,1.585));
#2183 = VECTOR('',#2184,1.);
#2184 = DIRECTION('',(0.,-1.,0.));
#2185 = ORIENTED_EDGE('',*,*,#2186,.T.);
#2186 = EDGE_CURVE('',#2179,#2187,#2189,.T.);
#2187 = VERTEX_POINT('',#2188);
#2188 = CARTESIAN_POINT('',(99.798117,-54.740073,1.585));
#2189 = LINE('',#2190,#2191);
#2190 = CARTESIAN_POINT('',(99.83536,-54.697623,1.585));
#2191 = VECTOR('',#2192,1.);
#2192 = DIRECTION('',(-0.659499441448,-0.751705053016,0.));
#2193 = ORIENTED_EDGE('',*,*,#2194,.T.);
#2194 = EDGE_CURVE('',#2187,#2195,#2197,.T.);
#2195 = VERTEX_POINT('',#2196);
#2196 = CARTESIAN_POINT('',(99.781168,-54.749734,1.585));
#2197 = LINE('',#2198,#2199);
#2198 = CARTESIAN_POINT('',(99.798117,-54.740073,1.585));
#2199 = VECTOR('',#2200,1.);
#2200 = DIRECTION('',(-0.868775726523,-0.495205752193,0.));
#2201 = ORIENTED_EDGE('',*,*,#2202,.T.);
#2202 = EDGE_CURVE('',#2195,#2203,#2205,.T.);
#2203 = VERTEX_POINT('',#2204);
#2204 = CARTESIAN_POINT('',(99.693928,-54.776109,1.585));
#2205 = LINE('',#2206,#2207);
#2206 = CARTESIAN_POINT('',(99.781168,-54.749734,1.585));
#2207 = VECTOR('',#2208,1.);
#2208 = DIRECTION('',(-0.957211073883,-0.289390670262,0.));
#2209 = ORIENTED_EDGE('',*,*,#2210,.T.);
#2210 = EDGE_CURVE('',#2203,#2211,#2213,.T.);
#2211 = VERTEX_POINT('',#2212);
#2212 = CARTESIAN_POINT('',(99.630498,-54.773543,1.585));
#2213 = LINE('',#2214,#2215);
#2214 = CARTESIAN_POINT('',(99.693928,-54.776109,1.585));
#2215 = VECTOR('',#2216,1.);
#2216 = DIRECTION('',(-0.999182738137,4.042098228066E-02,0.));
#2217 = ORIENTED_EDGE('',*,*,#2218,.T.);
#2218 = EDGE_CURVE('',#2211,#2219,#2221,.T.);
#2219 = VERTEX_POINT('',#2220);
#2220 = CARTESIAN_POINT('',(99.549079,-54.744039,1.585));
#2221 = LINE('',#2222,#2223);
#2222 = CARTESIAN_POINT('',(99.630498,-54.773543,1.585));
#2223 = VECTOR('',#2224,1.);
#2224 = DIRECTION('',(-0.940174490317,0.340693304539,0.));
#2225 = ORIENTED_EDGE('',*,*,#2226,.T.);
#2226 = EDGE_CURVE('',#2219,#2227,#2229,.T.);
#2227 = VERTEX_POINT('',#2228);
#2228 = CARTESIAN_POINT('',(99.482541,-54.677041,1.585));
#2229 = LINE('',#2230,#2231);
#2230 = CARTESIAN_POINT('',(99.549079,-54.744039,1.585));
#2231 = VECTOR('',#2232,1.);
#2232 = DIRECTION('',(-0.704666784316,0.709538387321,0.));
#2233 = ORIENTED_EDGE('',*,*,#2234,.T.);
#2234 = EDGE_CURVE('',#2227,#2235,#2237,.T.);
#2235 = VERTEX_POINT('',#2236);
#2236 = CARTESIAN_POINT('',(99.431136,-54.428268,1.585));
#2237 = CIRCLE('',#2238,0.402543454512);
#2238 = AXIS2_PLACEMENT_3D('',#2239,#2240,#2241);
#2239 = CARTESIAN_POINT('',(99.830915719612,-54.47535736777,1.585));
#2240 = DIRECTION('',(0.,0.,-1.));
#2241 = DIRECTION('',(-0.865433820142,-0.501023255901,-0.));
#2242 = ORIENTED_EDGE('',*,*,#2243,.T.);
#2243 = EDGE_CURVE('',#2235,#2244,#2246,.T.);
#2244 = VERTEX_POINT('',#2245);
#2245 = CARTESIAN_POINT('',(99.458731,-54.322796,1.585));
#2246 = LINE('',#2247,#2248);
#2247 = CARTESIAN_POINT('',(99.431136,-54.428268,1.585));
#2248 = VECTOR('',#2249,1.);
#2249 = DIRECTION('',(0.253113727483,0.967436530714,0.));
#2250 = ORIENTED_EDGE('',*,*,#2251,.T.);
#2251 = EDGE_CURVE('',#2244,#2045,#2252,.T.);
#2252 = LINE('',#2253,#2254);
#2253 = CARTESIAN_POINT('',(99.458731,-54.322796,1.585));
#2254 = VECTOR('',#2255,1.);
#2255 = DIRECTION('',(0.480127200099,0.877198878092,0.));
#2256 = PLANE('',#2257);
#2257 = AXIS2_PLACEMENT_3D('',#2258,#2259,#2260);
#2258 = CARTESIAN_POINT('',(0.,0.,1.585));
#2259 = DIRECTION('',(0.,0.,1.));
#2260 = DIRECTION('',(1.,0.,-0.));
#2261 = SHELL_BASED_SURFACE_MODEL('',(#2262));
#2262 = OPEN_SHELL('',(#2263));
#2263 = ADVANCED_FACE('',(#2264),#2465,.T.);
#2264 = FACE_BOUND('',#2265,.F.);
#2265 = EDGE_LOOP('',(#2266,#2276,#2284,#2293,#2301,#2309,#2317,#2325,
    #2333,#2342,#2350,#2359,#2367,#2376,#2384,#2393,#2401,#2410,#2418,
    #2427,#2435,#2443,#2451,#2459));
#2266 = ORIENTED_EDGE('',*,*,#2267,.T.);
#2267 = EDGE_CURVE('',#2268,#2270,#2272,.T.);
#2268 = VERTEX_POINT('',#2269);
#2269 = CARTESIAN_POINT('',(99.958351,-54.205881,1.585));
#2270 = VERTEX_POINT('',#2271);
#2271 = CARTESIAN_POINT('',(99.989009,-54.178241,1.585));
#2272 = LINE('',#2273,#2274);
#2273 = CARTESIAN_POINT('',(99.958351,-54.205881,1.585));
#2274 = VECTOR('',#2275,1.);
#2275 = DIRECTION('',(0.742718070455,0.669604262097,0.));
#2276 = ORIENTED_EDGE('',*,*,#2277,.T.);
#2277 = EDGE_CURVE('',#2270,#2278,#2280,.T.);
#2278 = VERTEX_POINT('',#2279);
#2279 = CARTESIAN_POINT('',(100.241547,-54.176109,1.585));
#2280 = LINE('',#2281,#2282);
#2281 = CARTESIAN_POINT('',(99.989009,-54.178241,1.585));
#2282 = VECTOR('',#2283,1.);
#2283 = DIRECTION('',(0.999964365742,8.441992998145E-03,0.));
#2284 = ORIENTED_EDGE('',*,*,#2285,.T.);
#2285 = EDGE_CURVE('',#2278,#2286,#2288,.T.);
#2286 = VERTEX_POINT('',#2287);
#2287 = CARTESIAN_POINT('',(100.241547,-54.276109,1.585));
#2288 = CIRCLE('',#2289,5.000000000002E-02);
#2289 = AXIS2_PLACEMENT_3D('',#2290,#2291,#2292);
#2290 = CARTESIAN_POINT('',(100.24154695228,-54.226109,1.585));
#2291 = DIRECTION('',(0.,0.,-1.));
#2292 = DIRECTION('',(9.54236440975E-07,1.,0.));
#2293 = ORIENTED_EDGE('',*,*,#2294,.T.);
#2294 = EDGE_CURVE('',#2286,#2295,#2297,.T.);
#2295 = VERTEX_POINT('',#2296);
#2296 = CARTESIAN_POINT('',(100.048702,-54.276109,1.585));
#2297 = LINE('',#2298,#2299);
#2298 = CARTESIAN_POINT('',(100.241547,-54.276109,1.585));
#2299 = VECTOR('',#2300,1.);
#2300 = DIRECTION('',(-1.,0.,0.));
#2301 = ORIENTED_EDGE('',*,*,#2302,.T.);
#2302 = EDGE_CURVE('',#2295,#2303,#2305,.T.);
#2303 = VERTEX_POINT('',#2304);
#2304 = CARTESIAN_POINT('',(100.039798,-54.368827,1.585));
#2305 = LINE('',#2306,#2307);
#2306 = CARTESIAN_POINT('',(100.048702,-54.276109,1.585));
#2307 = VECTOR('',#2308,1.);
#2308 = DIRECTION('',(-9.559334611675E-02,-0.995420470042,0.));
#2309 = ORIENTED_EDGE('',*,*,#2310,.T.);
#2310 = EDGE_CURVE('',#2303,#2311,#2313,.T.);
#2311 = VERTEX_POINT('',#2312);
#2312 = CARTESIAN_POINT('',(100.181391,-54.368827,1.585));
#2313 = LINE('',#2314,#2315);
#2314 = CARTESIAN_POINT('',(100.039798,-54.368827,1.585));
#2315 = VECTOR('',#2316,1.);
#2316 = DIRECTION('',(1.,0.,0.));
#2317 = ORIENTED_EDGE('',*,*,#2318,.T.);
#2318 = EDGE_CURVE('',#2311,#2319,#2321,.T.);
#2319 = VERTEX_POINT('',#2320);
#2320 = CARTESIAN_POINT('',(100.253093,-54.40504,1.585));
#2321 = LINE('',#2322,#2323);
#2322 = CARTESIAN_POINT('',(100.181391,-54.368827,1.585));
#2323 = VECTOR('',#2324,1.);
#2324 = DIRECTION('',(0.892617311647,-0.450815189349,0.));
#2325 = ORIENTED_EDGE('',*,*,#2326,.T.);
#2326 = EDGE_CURVE('',#2319,#2327,#2329,.T.);
#2327 = VERTEX_POINT('',#2328);
#2328 = CARTESIAN_POINT('',(100.286268,-54.441843,1.585));
#2329 = LINE('',#2330,#2331);
#2330 = CARTESIAN_POINT('',(100.253093,-54.40504,1.585));
#2331 = VECTOR('',#2332,1.);
#2332 = DIRECTION('',(0.669547693752,-0.742769066259,0.));
#2333 = ORIENTED_EDGE('',*,*,#2334,.T.);
#2334 = EDGE_CURVE('',#2327,#2335,#2337,.T.);
#2335 = VERTEX_POINT('',#2336);
#2336 = CARTESIAN_POINT('',(100.276903,-54.713844,1.585));
#2337 = CIRCLE('',#2338,0.242619536603);
#2338 = AXIS2_PLACEMENT_3D('',#2339,#2340,#2341);
#2339 = CARTESIAN_POINT('',(100.08084086883,-54.57093185823,1.585));
#2340 = DIRECTION('',(0.,0.,-1.));
#2341 = DIRECTION('',(0.846704820416,0.532062916472,0.));
#2342 = ORIENTED_EDGE('',*,*,#2343,.T.);
#2343 = EDGE_CURVE('',#2335,#2344,#2346,.T.);
#2344 = VERTEX_POINT('',#2345);
#2345 = CARTESIAN_POINT('',(100.240098,-54.747022,1.585));
#2346 = LINE('',#2347,#2348);
#2347 = CARTESIAN_POINT('',(100.276903,-54.713844,1.585));
#2348 = VECTOR('',#2349,1.);
#2349 = DIRECTION('',(-0.742757051059,-0.669561022688,0.));
#2350 = ORIENTED_EDGE('',*,*,#2351,.T.);
#2351 = EDGE_CURVE('',#2344,#2352,#2354,.T.);
#2352 = VERTEX_POINT('',#2353);
#2353 = CARTESIAN_POINT('',(99.968096,-54.737655,1.585));
#2354 = CIRCLE('',#2355,0.242629862636);
#2355 = AXIS2_PLACEMENT_3D('',#2356,#2357,#2358);
#2356 = CARTESIAN_POINT('',(100.11101050749,-54.54158181522,1.585));
#2357 = DIRECTION('',(-0.,0.,-1.));
#2358 = DIRECTION('',(0.532034643633,-0.846722586196,-0.));
#2359 = ORIENTED_EDGE('',*,*,#2360,.T.);
#2360 = EDGE_CURVE('',#2352,#2361,#2363,.T.);
#2361 = VERTEX_POINT('',#2362);
#2362 = CARTESIAN_POINT('',(99.933449,-54.697623,1.585));
#2363 = LINE('',#2364,#2365);
#2364 = CARTESIAN_POINT('',(99.968096,-54.737655,1.585));
#2365 = VECTOR('',#2366,1.);
#2366 = DIRECTION('',(-0.654419113029,0.756132015261,0.));
#2367 = ORIENTED_EDGE('',*,*,#2368,.T.);
#2368 = EDGE_CURVE('',#2361,#2369,#2371,.T.);
#2369 = VERTEX_POINT('',#2370);
#2370 = CARTESIAN_POINT('',(99.998778,-54.632297,1.585));
#2371 = CIRCLE('',#2372,4.999957324847E-02);
#2372 = AXIS2_PLACEMENT_3D('',#2373,#2374,#2375);
#2373 = CARTESIAN_POINT('',(99.979643085781,-54.6784902071,1.585));
#2374 = DIRECTION('',(0.,0.,-1.));
#2375 = DIRECTION('',(-0.923889601049,-0.38265912386,-0.));
#2376 = ORIENTED_EDGE('',*,*,#2377,.T.);
#2377 = EDGE_CURVE('',#2369,#2378,#2380,.T.);
#2378 = VERTEX_POINT('',#2379);
#2379 = CARTESIAN_POINT('',(100.033068,-54.661206,1.585));
#2380 = LINE('',#2381,#2382);
#2381 = CARTESIAN_POINT('',(99.998778,-54.632297,1.585));
#2382 = VECTOR('',#2383,1.);
#2383 = DIRECTION('',(0.764546237101,-0.644568887966,0.));
#2384 = ORIENTED_EDGE('',*,*,#2385,.T.);
#2385 = EDGE_CURVE('',#2378,#2386,#2388,.T.);
#2386 = VERTEX_POINT('',#2387);
#2387 = CARTESIAN_POINT('',(100.188118,-54.661207,1.585));
#2388 = CIRCLE('',#2389,0.141019249784);
#2389 = AXIS2_PLACEMENT_3D('',#2390,#2391,#2392);
#2390 = CARTESIAN_POINT('',(100.11059375974,-54.54340877852,1.585));
#2391 = DIRECTION('',(0.,0.,1.));
#2392 = DIRECTION('',(-0.549753029173,-0.835327245404,0.));
#2393 = ORIENTED_EDGE('',*,*,#2394,.T.);
#2394 = EDGE_CURVE('',#2386,#2395,#2397,.T.);
#2395 = VERTEX_POINT('',#2396);
#2396 = CARTESIAN_POINT('',(100.200454,-54.648871,1.585));
#2397 = LINE('',#2398,#2399);
#2398 = CARTESIAN_POINT('',(100.188118,-54.661207,1.585));
#2399 = VECTOR('',#2400,1.);
#2400 = DIRECTION('',(0.707106781186,0.707106781187,0.));
#2401 = ORIENTED_EDGE('',*,*,#2402,.T.);
#2402 = EDGE_CURVE('',#2395,#2403,#2405,.T.);
#2403 = VERTEX_POINT('',#2404);
#2404 = CARTESIAN_POINT('',(100.200454,-54.493821,1.585));
#2405 = CIRCLE('',#2406,0.141009538745);
#2406 = AXIS2_PLACEMENT_3D('',#2407,#2408,#2409);
#2407 = CARTESIAN_POINT('',(100.08266790408,-54.571346,1.585));
#2408 = DIRECTION('',(0.,-0.,1.));
#2409 = DIRECTION('',(0.835305873407,-0.549785501675,-0.));
#2410 = ORIENTED_EDGE('',*,*,#2411,.T.);
#2411 = EDGE_CURVE('',#2403,#2412,#2414,.T.);
#2412 = VERTEX_POINT('',#2413);
#2413 = CARTESIAN_POINT('',(100.18812,-54.481487,1.585));
#2414 = LINE('',#2415,#2416);
#2415 = CARTESIAN_POINT('',(100.200454,-54.493821,1.585));
#2416 = VECTOR('',#2417,1.);
#2417 = DIRECTION('',(-0.707106781187,0.707106781187,0.));
#2418 = ORIENTED_EDGE('',*,*,#2419,.T.);
#2419 = EDGE_CURVE('',#2412,#2420,#2422,.T.);
#2420 = VERTEX_POINT('',#2421);
#2421 = CARTESIAN_POINT('',(100.033069,-54.481487,1.585));
#2422 = CIRCLE('',#2423,0.141018086664);
#2423 = AXIS2_PLACEMENT_3D('',#2424,#2425,#2426);
#2424 = CARTESIAN_POINT('',(100.1105945,-54.599283,1.585));
#2425 = DIRECTION('',(0.,0.,1.));
#2426 = DIRECTION('',(0.549755721654,0.835325473399,-0.));
#2427 = ORIENTED_EDGE('',*,*,#2428,.T.);
#2428 = EDGE_CURVE('',#2420,#2429,#2431,.T.);
#2429 = VERTEX_POINT('',#2430);
#2430 = CARTESIAN_POINT('',(99.998777,-54.510398,1.585));
#2431 = LINE('',#2432,#2433);
#2432 = CARTESIAN_POINT('',(100.033069,-54.481487,1.585));
#2433 = VECTOR('',#2434,1.);
#2434 = DIRECTION('',(-0.76454278877,-0.644572978133,0.));
#2435 = ORIENTED_EDGE('',*,*,#2436,.T.);
#2436 = EDGE_CURVE('',#2429,#2437,#2439,.T.);
#2437 = VERTEX_POINT('',#2438);
#2438 = CARTESIAN_POINT('',(99.956008,-54.508265,1.585));
#2439 = LINE('',#2440,#2441);
#2440 = CARTESIAN_POINT('',(99.998777,-54.510398,1.585));
#2441 = VECTOR('',#2442,1.);
#2442 = DIRECTION('',(-0.998758678468,4.981066335835E-02,0.));
#2443 = ORIENTED_EDGE('',*,*,#2444,.T.);
#2444 = EDGE_CURVE('',#2437,#2445,#2447,.T.);
#2445 = VERTEX_POINT('',#2446);
#2446 = CARTESIAN_POINT('',(99.931774,-54.478647,1.585));
#2447 = LINE('',#2448,#2449);
#2448 = CARTESIAN_POINT('',(99.956008,-54.508265,1.585));
#2449 = VECTOR('',#2450,1.);
#2450 = DIRECTION('',(-0.633254865704,0.773943328069,0.));
#2451 = ORIENTED_EDGE('',*,*,#2452,.T.);
#2452 = EDGE_CURVE('',#2445,#2453,#2455,.T.);
#2453 = VERTEX_POINT('',#2454);
#2454 = CARTESIAN_POINT('',(99.929891,-54.459229,1.585));
#2455 = LINE('',#2456,#2457);
#2456 = CARTESIAN_POINT('',(99.931774,-54.478647,1.585));
#2457 = VECTOR('',#2458,1.);
#2458 = DIRECTION('',(-9.651913258649E-02,0.995331129346,0.));
#2459 = ORIENTED_EDGE('',*,*,#2460,.T.);
#2460 = EDGE_CURVE('',#2453,#2268,#2461,.T.);
#2461 = LINE('',#2462,#2463);
#2462 = CARTESIAN_POINT('',(99.929891,-54.459229,1.585));
#2463 = VECTOR('',#2464,1.);
#2464 = DIRECTION('',(0.111633442617,0.993749452573,0.));
#2465 = PLANE('',#2466);
#2466 = AXIS2_PLACEMENT_3D('',#2467,#2468,#2469);
#2467 = CARTESIAN_POINT('',(0.,0.,1.585));
#2468 = DIRECTION('',(0.,0.,1.));
#2469 = DIRECTION('',(1.,0.,-0.));
#2470 = SHELL_BASED_SURFACE_MODEL('',(#2471));
#2471 = OPEN_SHELL('',(#2472));
#2472 = ADVANCED_FACE('',(#2473),#2625,.T.);
#2473 = FACE_BOUND('',#2474,.F.);
#2474 = EDGE_LOOP('',(#2475,#2486,#2494,#2502,#2511,#2519,#2527,#2535,
    #2543,#2552,#2560,#2569,#2577,#2585,#2593,#2601,#2610,#2618));
#2475 = ORIENTED_EDGE('',*,*,#2476,.T.);
#2476 = EDGE_CURVE('',#2477,#2479,#2481,.T.);
#2477 = VERTEX_POINT('',#2478);
#2478 = CARTESIAN_POINT('',(95.105284,-54.376022,1.585));
#2479 = VERTEX_POINT('',#2480);
#2480 = CARTESIAN_POINT('',(95.21563,-54.332132,1.585));
#2481 = CIRCLE('',#2482,0.11613777518);
#2482 = AXIS2_PLACEMENT_3D('',#2483,#2484,#2485);
#2483 = CARTESIAN_POINT('',(95.197346018293,-54.44682148878,1.585));
#2484 = DIRECTION('',(0.,0.,-1.));
#2485 = DIRECTION('',(-0.792696589463,0.609616368755,0.));
#2486 = ORIENTED_EDGE('',*,*,#2487,.T.);
#2487 = EDGE_CURVE('',#2479,#2488,#2490,.T.);
#2488 = VERTEX_POINT('',#2489);
#2489 = CARTESIAN_POINT('',(95.268527,-54.352213,1.585));
#2490 = LINE('',#2491,#2492);
#2491 = CARTESIAN_POINT('',(95.21563,-54.332132,1.585));
#2492 = VECTOR('',#2493,1.);
#2493 = DIRECTION('',(0.934900082113,-0.354911026125,0.));
#2494 = ORIENTED_EDGE('',*,*,#2495,.T.);
#2495 = EDGE_CURVE('',#2488,#2496,#2498,.T.);
#2496 = VERTEX_POINT('',#2497);
#2497 = CARTESIAN_POINT('',(95.287205,-54.374257,1.585));
#2498 = LINE('',#2499,#2500);
#2499 = CARTESIAN_POINT('',(95.268527,-54.352213,1.585));
#2500 = VECTOR('',#2501,1.);
#2501 = DIRECTION('',(0.646454092237,-0.762952886245,0.));
#2502 = ORIENTED_EDGE('',*,*,#2503,.T.);
#2503 = EDGE_CURVE('',#2496,#2504,#2506,.T.);
#2504 = VERTEX_POINT('',#2505);
#2505 = CARTESIAN_POINT('',(95.246374,-54.415085,1.585));
#2506 = CIRCLE('',#2507,3.124972509903E-02);
#2507 = AXIS2_PLACEMENT_3D('',#2508,#2509,#2510);
#2508 = CARTESIAN_POINT('',(95.258333414208,-54.38621429286,1.585));
#2509 = DIRECTION('',(0.,0.,-1.));
#2510 = DIRECTION('',(0.923898872726,0.38263673762,0.));
#2511 = ORIENTED_EDGE('',*,*,#2512,.T.);
#2512 = EDGE_CURVE('',#2504,#2513,#2515,.T.);
#2513 = VERTEX_POINT('',#2514);
#2514 = CARTESIAN_POINT('',(95.229546,-54.401621,1.585));
#2515 = LINE('',#2516,#2517);
#2516 = CARTESIAN_POINT('',(95.246374,-54.415085,1.585));
#2517 = VECTOR('',#2518,1.);
#2518 = DIRECTION('',(-0.780832592876,0.624740315574,0.));
#2519 = ORIENTED_EDGE('',*,*,#2520,.T.);
#2520 = EDGE_CURVE('',#2513,#2521,#2523,.T.);
#2521 = VERTEX_POINT('',#2522);
#2522 = CARTESIAN_POINT('',(95.191975,-54.393654,1.585));
#2523 = LINE('',#2524,#2525);
#2524 = CARTESIAN_POINT('',(95.229546,-54.401621,1.585));
#2525 = VECTOR('',#2526,1.);
#2526 = DIRECTION('',(-0.97824789664,0.207439274774,0.));
#2527 = ORIENTED_EDGE('',*,*,#2528,.T.);
#2528 = EDGE_CURVE('',#2521,#2529,#2531,.T.);
#2529 = VERTEX_POINT('',#2530);
#2530 = CARTESIAN_POINT('',(95.168072,-54.401621,1.585));
#2531 = LINE('',#2532,#2533);
#2532 = CARTESIAN_POINT('',(95.191975,-54.393654,1.585));
#2533 = VECTOR('',#2534,1.);
#2534 = DIRECTION('',(-0.948691235594,-0.31620395239,0.));
#2535 = ORIENTED_EDGE('',*,*,#2536,.T.);
#2536 = EDGE_CURVE('',#2529,#2537,#2539,.T.);
#2537 = VERTEX_POINT('',#2538);
#2538 = CARTESIAN_POINT('',(95.153063,-54.41663,1.585));
#2539 = LINE('',#2540,#2541);
#2540 = CARTESIAN_POINT('',(95.168072,-54.401621,1.585));
#2541 = VECTOR('',#2542,1.);
#2542 = DIRECTION('',(-0.707106781186,-0.707106781187,0.));
#2543 = ORIENTED_EDGE('',*,*,#2544,.T.);
#2544 = EDGE_CURVE('',#2537,#2545,#2547,.T.);
#2545 = VERTEX_POINT('',#2546);
#2546 = CARTESIAN_POINT('',(95.153064,-54.558179,1.585));
#2547 = CIRCLE('',#2548,0.141732059128);
#2548 = AXIS2_PLACEMENT_3D('',#2549,#2550,#2551);
#2549 = CARTESIAN_POINT('',(95.275859862867,-54.48740363248,1.585));
#2550 = DIRECTION('',(0.,0.,1.));
#2551 = DIRECTION('',(-0.866401459363,0.499348086221,0.));
#2552 = ORIENTED_EDGE('',*,*,#2553,.T.);
#2553 = EDGE_CURVE('',#2545,#2554,#2556,.T.);
#2554 = VERTEX_POINT('',#2555);
#2555 = CARTESIAN_POINT('',(95.16807,-54.573185,1.585));
#2556 = LINE('',#2557,#2558);
#2557 = CARTESIAN_POINT('',(95.153064,-54.558179,1.585));
#2558 = VECTOR('',#2559,1.);
#2559 = DIRECTION('',(0.707106781187,-0.707106781187,0.));
#2560 = ORIENTED_EDGE('',*,*,#2561,.T.);
#2561 = EDGE_CURVE('',#2554,#2562,#2564,.T.);
#2562 = VERTEX_POINT('',#2563);
#2563 = CARTESIAN_POINT('',(95.246374,-54.559724,1.585));
#2564 = CIRCLE('',#2565,6.215969928773E-02);
#2565 = AXIS2_PLACEMENT_3D('',#2566,#2567,#2568);
#2566 = CARTESIAN_POINT('',(95.199122204582,-54.5193371699,1.585));
#2567 = DIRECTION('',(0.,0.,1.));
#2568 = DIRECTION('',(-0.499555257466,-0.866282023788,0.));
#2569 = ORIENTED_EDGE('',*,*,#2570,.T.);
#2570 = EDGE_CURVE('',#2562,#2571,#2573,.T.);
#2571 = VERTEX_POINT('',#2572);
#2572 = CARTESIAN_POINT('',(95.270291,-54.559723,1.585));
#2573 = LINE('',#2574,#2575);
#2574 = CARTESIAN_POINT('',(95.246374,-54.559724,1.585));
#2575 = VECTOR('',#2576,1.);
#2576 = DIRECTION('',(0.999999999126,4.181126410949E-05,0.));
#2577 = ORIENTED_EDGE('',*,*,#2578,.T.);
#2578 = EDGE_CURVE('',#2571,#2579,#2581,.T.);
#2579 = VERTEX_POINT('',#2580);
#2580 = CARTESIAN_POINT('',(95.287204,-54.576635,1.585));
#2581 = LINE('',#2582,#2583);
#2582 = CARTESIAN_POINT('',(95.270291,-54.559723,1.585));
#2583 = VECTOR('',#2584,1.);
#2584 = DIRECTION('',(0.707127685734,-0.707085876021,0.));
#2585 = ORIENTED_EDGE('',*,*,#2586,.T.);
#2586 = EDGE_CURVE('',#2579,#2587,#2589,.T.);
#2587 = VERTEX_POINT('',#2588);
#2588 = CARTESIAN_POINT('',(95.287205,-54.600552,1.585));
#2589 = LINE('',#2590,#2591);
#2590 = CARTESIAN_POINT('',(95.287204,-54.576635,1.585));
#2591 = VECTOR('',#2592,1.);
#2592 = DIRECTION('',(4.18112638124E-05,-0.999999999126,0.));
#2593 = ORIENTED_EDGE('',*,*,#2594,.T.);
#2594 = EDGE_CURVE('',#2587,#2595,#2597,.T.);
#2595 = VERTEX_POINT('',#2596);
#2596 = CARTESIAN_POINT('',(95.256311,-54.630146,1.585));
#2597 = LINE('',#2598,#2599);
#2598 = CARTESIAN_POINT('',(95.287205,-54.600552,1.585));
#2599 = VECTOR('',#2600,1.);
#2600 = DIRECTION('',(-0.722137067072,-0.691749995563,0.));
#2601 = ORIENTED_EDGE('',*,*,#2602,.T.);
#2602 = EDGE_CURVE('',#2595,#2603,#2605,.T.);
#2603 = VERTEX_POINT('',#2604);
#2604 = CARTESIAN_POINT('',(95.09943,-54.590665,1.585));
#2605 = CIRCLE('',#2606,0.120757773368);
#2606 = AXIS2_PLACEMENT_3D('',#2607,#2608,#2609);
#2607 = CARTESIAN_POINT('',(95.199753491898,-54.52345163226,1.585));
#2608 = DIRECTION('',(-0.,0.,-1.));
#2609 = DIRECTION('',(0.468355009574,-0.883540369766,-0.));
#2610 = ORIENTED_EDGE('',*,*,#2611,.T.);
#2611 = EDGE_CURVE('',#2603,#2612,#2614,.T.);
#2612 = VERTEX_POINT('',#2613);
#2613 = CARTESIAN_POINT('',(95.085159,-54.560458,1.585));
#2614 = LINE('',#2615,#2616);
#2615 = CARTESIAN_POINT('',(95.09943,-54.590665,1.585));
#2616 = VECTOR('',#2617,1.);
#2617 = DIRECTION('',(-0.427167424508,0.90417254517,0.));
#2618 = ORIENTED_EDGE('',*,*,#2619,.T.);
#2619 = EDGE_CURVE('',#2612,#2477,#2620,.T.);
#2620 = CIRCLE('',#2621,0.202050940041);
#2621 = AXIS2_PLACEMENT_3D('',#2622,#2623,#2624);
#2622 = CARTESIAN_POINT('',(95.273659355907,-54.48771050386,1.585));
#2623 = DIRECTION('',(0.,0.,-1.));
#2624 = DIRECTION('',(-0.932934812719,-0.360045323838,-0.));
#2625 = PLANE('',#2626);
#2626 = AXIS2_PLACEMENT_3D('',#2627,#2628,#2629);
#2627 = CARTESIAN_POINT('',(0.,0.,1.585));
#2628 = DIRECTION('',(0.,0.,1.));
#2629 = DIRECTION('',(1.,0.,-0.));
#2630 = SHELL_BASED_SURFACE_MODEL('',(#2631));
#2631 = OPEN_SHELL('',(#2632));
#2632 = ADVANCED_FACE('',(#2633,#2766,#2834),#2886,.T.);
#2633 = FACE_BOUND('',#2634,.F.);
#2634 = EDGE_LOOP('',(#2635,#2645,#2654,#2662,#2670,#2678,#2686,#2694,
    #2702,#2711,#2719,#2728,#2736,#2744,#2752,#2760));
#2635 = ORIENTED_EDGE('',*,*,#2636,.T.);
#2636 = EDGE_CURVE('',#2637,#2639,#2641,.T.);
#2637 = VERTEX_POINT('',#2638);
#2638 = CARTESIAN_POINT('',(95.343379,-54.364117,1.585));
#2639 = VERTEX_POINT('',#2640);
#2640 = CARTESIAN_POINT('',(95.363406,-54.346358,1.585));
#2641 = LINE('',#2642,#2643);
#2642 = CARTESIAN_POINT('',(95.343379,-54.364117,1.585));
#2643 = VECTOR('',#2644,1.);
#2644 = DIRECTION('',(0.748202356668,0.663470597297,0.));
#2645 = ORIENTED_EDGE('',*,*,#2646,.T.);
#2646 = EDGE_CURVE('',#2639,#2647,#2649,.T.);
#2647 = VERTEX_POINT('',#2648);
#2648 = CARTESIAN_POINT('',(95.494716,-54.352212,1.585));
#2649 = CIRCLE('',#2650,0.115180235634);
#2650 = AXIS2_PLACEMENT_3D('',#2651,#2652,#2653);
#2651 = CARTESIAN_POINT('',(95.424848200981,-54.44378152189,1.585));
#2652 = DIRECTION('',(0.,0.,-1.));
#2653 = DIRECTION('',(-0.533443959745,0.845835410592,0.));
#2654 = ORIENTED_EDGE('',*,*,#2655,.T.);
#2655 = EDGE_CURVE('',#2647,#2656,#2658,.T.);
#2656 = VERTEX_POINT('',#2657);
#2657 = CARTESIAN_POINT('',(95.512475,-54.372238,1.585));
#2658 = LINE('',#2659,#2660);
#2659 = CARTESIAN_POINT('',(95.494716,-54.352212,1.585));
#2660 = VECTOR('',#2661,1.);
#2661 = DIRECTION('',(0.663489143341,-0.748185910499,0.));
#2662 = ORIENTED_EDGE('',*,*,#2663,.T.);
#2663 = EDGE_CURVE('',#2656,#2664,#2666,.T.);
#2664 = VERTEX_POINT('',#2665);
#2665 = CARTESIAN_POINT('',(95.527679,-54.410023,1.585));
#2666 = LINE('',#2667,#2668);
#2667 = CARTESIAN_POINT('',(95.512475,-54.372238,1.585));
#2668 = VECTOR('',#2669,1.);
#2669 = DIRECTION('',(0.373294822963,-0.927712765434,0.));
#2670 = ORIENTED_EDGE('',*,*,#2671,.T.);
#2671 = EDGE_CURVE('',#2664,#2672,#2674,.T.);
#2672 = VERTEX_POINT('',#2673);
#2673 = CARTESIAN_POINT('',(95.52438,-54.435904,1.585));
#2674 = LINE('',#2675,#2676);
#2675 = CARTESIAN_POINT('',(95.527679,-54.410023,1.585));
#2676 = VECTOR('',#2677,1.);
#2677 = DIRECTION('',(-0.126444921148,-0.991973629647,0.));
#2678 = ORIENTED_EDGE('',*,*,#2679,.T.);
#2679 = EDGE_CURVE('',#2672,#2680,#2682,.T.);
#2680 = VERTEX_POINT('',#2681);
#2681 = CARTESIAN_POINT('',(95.506621,-54.47126,1.585));
#2682 = LINE('',#2683,#2684);
#2683 = CARTESIAN_POINT('',(95.52438,-54.435904,1.585));
#2684 = VECTOR('',#2685,1.);
#2685 = DIRECTION('',(-0.448850636243,-0.893606796273,0.));
#2686 = ORIENTED_EDGE('',*,*,#2687,.T.);
#2687 = EDGE_CURVE('',#2680,#2688,#2690,.T.);
#2688 = VERTEX_POINT('',#2689);
#2689 = CARTESIAN_POINT('',(95.527679,-54.517166,1.585));
#2690 = LINE('',#2691,#2692);
#2691 = CARTESIAN_POINT('',(95.506621,-54.47126,1.585));
#2692 = VECTOR('',#2693,1.);
#2693 = DIRECTION('',(0.416945124824,-0.908931660184,0.));
#2694 = ORIENTED_EDGE('',*,*,#2695,.T.);
#2695 = EDGE_CURVE('',#2688,#2696,#2698,.T.);
#2696 = VERTEX_POINT('',#2697);
#2697 = CARTESIAN_POINT('',(95.52438,-54.578761,1.585));
#2698 = LINE('',#2699,#2700);
#2699 = CARTESIAN_POINT('',(95.527679,-54.517166,1.585));
#2700 = VECTOR('',#2701,1.);
#2701 = DIRECTION('',(-5.348288594593E-02,-0.99856876624,0.));
#2702 = ORIENTED_EDGE('',*,*,#2703,.T.);
#2703 = EDGE_CURVE('',#2696,#2704,#2706,.T.);
#2704 = VERTEX_POINT('',#2705);
#2705 = CARTESIAN_POINT('',(95.44881,-54.643654,1.585));
#2706 = CIRCLE('',#2707,9.606456335989E-02);
#2707 = AXIS2_PLACEMENT_3D('',#2708,#2709,#2710);
#2708 = CARTESIAN_POINT('',(95.433078860787,-54.54888622281,1.585));
#2709 = DIRECTION('',(0.,0.,-1.));
#2710 = DIRECTION('',(0.950414346562,-0.310986446407,0.));
#2711 = ORIENTED_EDGE('',*,*,#2712,.T.);
#2712 = EDGE_CURVE('',#2704,#2713,#2715,.T.);
#2713 = VERTEX_POINT('',#2714);
#2714 = CARTESIAN_POINT('',(95.387217,-54.640355,1.585));
#2715 = LINE('',#2716,#2717);
#2716 = CARTESIAN_POINT('',(95.44881,-54.643654,1.585));
#2717 = VECTOR('',#2718,1.);
#2718 = DIRECTION('',(-0.998568673491,5.348461763259E-02,0.));
#2719 = ORIENTED_EDGE('',*,*,#2720,.T.);
#2720 = EDGE_CURVE('',#2713,#2721,#2723,.T.);
#2721 = VERTEX_POINT('',#2722);
#2722 = CARTESIAN_POINT('',(95.322322,-54.564785,1.585));
#2723 = CIRCLE('',#2724,9.605663645447E-02);
#2724 = AXIS2_PLACEMENT_3D('',#2725,#2726,#2727);
#2725 = CARTESIAN_POINT('',(95.417082629384,-54.54905920826,1.585));
#2726 = DIRECTION('',(0.,0.,-1.));
#2727 = DIRECTION('',(-0.31091687661,-0.950437107777,-0.));
#2728 = ORIENTED_EDGE('',*,*,#2729,.T.);
#2729 = EDGE_CURVE('',#2721,#2730,#2732,.T.);
#2730 = VERTEX_POINT('',#2731);
#2731 = CARTESIAN_POINT('',(95.325621,-54.503191,1.585));
#2732 = LINE('',#2733,#2734);
#2733 = CARTESIAN_POINT('',(95.322322,-54.564785,1.585));
#2734 = VECTOR('',#2735,1.);
#2735 = DIRECTION('',(5.348375177515E-02,0.998568719867,0.));
#2736 = ORIENTED_EDGE('',*,*,#2737,.T.);
#2737 = EDGE_CURVE('',#2730,#2738,#2740,.T.);
#2738 = VERTEX_POINT('',#2739);
#2739 = CARTESIAN_POINT('',(95.34338,-54.467836,1.585));
#2740 = LINE('',#2741,#2742);
#2741 = CARTESIAN_POINT('',(95.325621,-54.503191,1.585));
#2742 = VECTOR('',#2743,1.);
#2743 = DIRECTION('',(0.448860773961,0.893601704116,0.));
#2744 = ORIENTED_EDGE('',*,*,#2745,.T.);
#2745 = EDGE_CURVE('',#2738,#2746,#2748,.T.);
#2746 = VERTEX_POINT('',#2747);
#2747 = CARTESIAN_POINT('',(95.322322,-54.421928,1.585));
#2748 = LINE('',#2749,#2750);
#2749 = CARTESIAN_POINT('',(95.34338,-54.467836,1.585));
#2750 = VECTOR('',#2751,1.);
#2751 = DIRECTION('',(-0.41693011803,0.908938543951,0.));
#2752 = ORIENTED_EDGE('',*,*,#2753,.T.);
#2753 = EDGE_CURVE('',#2746,#2754,#2756,.T.);
#2754 = VERTEX_POINT('',#2755);
#2755 = CARTESIAN_POINT('',(95.325621,-54.396048,1.585));
#2756 = LINE('',#2757,#2758);
#2757 = CARTESIAN_POINT('',(95.322322,-54.421928,1.585));
#2758 = VECTOR('',#2759,1.);
#2759 = DIRECTION('',(0.126449728843,0.991973016808,0.));
#2760 = ORIENTED_EDGE('',*,*,#2761,.T.);
#2761 = EDGE_CURVE('',#2754,#2637,#2762,.T.);
#2762 = LINE('',#2763,#2764);
#2763 = CARTESIAN_POINT('',(95.325621,-54.396048,1.585));
#2764 = VECTOR('',#2765,1.);
#2765 = DIRECTION('',(0.486030964876,0.873941589113,0.));
#2766 = FACE_BOUND('',#2767,.F.);
#2767 = EDGE_LOOP('',(#2768,#2779,#2787,#2795,#2803,#2812,#2820,#2828));
#2768 = ORIENTED_EDGE('',*,*,#2769,.T.);
#2769 = EDGE_CURVE('',#2770,#2772,#2774,.T.);
#2770 = VERTEX_POINT('',#2771);
#2771 = CARTESIAN_POINT('',(95.454107,-54.507134,1.585));
#2772 = VERTEX_POINT('',#2773);
#2773 = CARTESIAN_POINT('',(95.395892,-54.507135,1.585));
#2774 = CIRCLE('',#2775,5.140650919251E-02);
#2775 = AXIS2_PLACEMENT_3D('',#2776,#2777,#2778);
#2776 = CARTESIAN_POINT('',(95.425000227853,-54.5495064557,1.585));
#2777 = DIRECTION('',(0.,0.,1.));
#2778 = DIRECTION('',(0.566207910327,0.824262459586,-0.));
#2779 = ORIENTED_EDGE('',*,*,#2780,.T.);
#2780 = EDGE_CURVE('',#2772,#2781,#2783,.T.);
#2781 = VERTEX_POINT('',#2782);
#2782 = CARTESIAN_POINT('',(95.384822,-54.524542,1.585));
#2783 = LINE('',#2784,#2785);
#2784 = CARTESIAN_POINT('',(95.395892,-54.507135,1.585));
#2785 = VECTOR('',#2786,1.);
#2786 = DIRECTION('',(-0.536627671891,-0.843819140433,0.));
#2787 = ORIENTED_EDGE('',*,*,#2788,.T.);
#2788 = EDGE_CURVE('',#2781,#2789,#2791,.T.);
#2789 = VERTEX_POINT('',#2790);
#2790 = CARTESIAN_POINT('',(95.384822,-54.557409,1.585));
#2791 = LINE('',#2792,#2793);
#2792 = CARTESIAN_POINT('',(95.384822,-54.524542,1.585));
#2793 = VECTOR('',#2794,1.);
#2794 = DIRECTION('',(0.,-1.,0.));
#2795 = ORIENTED_EDGE('',*,*,#2796,.T.);
#2796 = EDGE_CURVE('',#2789,#2797,#2799,.T.);
#2797 = VERTEX_POINT('',#2798);
#2798 = CARTESIAN_POINT('',(95.395892,-54.574817,1.585));
#2799 = LINE('',#2800,#2801);
#2800 = CARTESIAN_POINT('',(95.384822,-54.557409,1.585));
#2801 = VECTOR('',#2802,1.);
#2802 = DIRECTION('',(0.536605721932,-0.843833099132,0.));
#2803 = ORIENTED_EDGE('',*,*,#2804,.T.);
#2804 = EDGE_CURVE('',#2797,#2805,#2807,.T.);
#2805 = VERTEX_POINT('',#2806);
#2806 = CARTESIAN_POINT('',(95.458841,-54.570084,1.585));
#2807 = CIRCLE('',#2808,5.017494865516E-02);
#2808 = AXIS2_PLACEMENT_3D('',#2809,#2810,#2811);
#2809 = CARTESIAN_POINT('',(95.424442157291,-54.53355668018,1.585));
#2810 = DIRECTION('',(0.,0.,1.));
#2811 = DIRECTION('',(-0.569012187483,-0.822329088927,0.));
#2812 = ORIENTED_EDGE('',*,*,#2813,.T.);
#2813 = EDGE_CURVE('',#2805,#2814,#2816,.T.);
#2814 = VERTEX_POINT('',#2815);
#2815 = CARTESIAN_POINT('',(95.465179,-54.557408,1.585));
#2816 = LINE('',#2817,#2818);
#2817 = CARTESIAN_POINT('',(95.458841,-54.570084,1.585));
#2818 = VECTOR('',#2819,1.);
#2819 = DIRECTION('',(0.4472135955,0.894427191,0.));
#2820 = ORIENTED_EDGE('',*,*,#2821,.T.);
#2821 = EDGE_CURVE('',#2814,#2822,#2824,.T.);
#2822 = VERTEX_POINT('',#2823);
#2823 = CARTESIAN_POINT('',(95.465179,-54.524543,1.585));
#2824 = LINE('',#2825,#2826);
#2825 = CARTESIAN_POINT('',(95.465179,-54.557408,1.585));
#2826 = VECTOR('',#2827,1.);
#2827 = DIRECTION('',(0.,1.,0.));
#2828 = ORIENTED_EDGE('',*,*,#2829,.T.);
#2829 = EDGE_CURVE('',#2822,#2770,#2830,.T.);
#2830 = LINE('',#2831,#2832);
#2831 = CARTESIAN_POINT('',(95.465179,-54.524543,1.585));
#2832 = VECTOR('',#2833,1.);
#2833 = DIRECTION('',(-0.536652799532,0.843803159957,0.));
#2834 = FACE_BOUND('',#2835,.F.);
#2835 = EDGE_LOOP('',(#2836,#2847,#2855,#2863,#2872,#2880));
#2836 = ORIENTED_EDGE('',*,*,#2837,.T.);
#2837 = EDGE_CURVE('',#2838,#2840,#2842,.T.);
#2838 = VERTEX_POINT('',#2839);
#2839 = CARTESIAN_POINT('',(95.454107,-54.399991,1.585));
#2840 = VERTEX_POINT('',#2841);
#2841 = CARTESIAN_POINT('',(95.395892,-54.399992,1.585));
#2842 = CIRCLE('',#2843,5.140650919251E-02);
#2843 = AXIS2_PLACEMENT_3D('',#2844,#2845,#2846);
#2844 = CARTESIAN_POINT('',(95.425000227853,-54.4423634557,1.585));
#2845 = DIRECTION('',(0.,0.,1.));
#2846 = DIRECTION('',(0.566207910327,0.824262459586,-0.));
#2847 = ORIENTED_EDGE('',*,*,#2848,.T.);
#2848 = EDGE_CURVE('',#2840,#2849,#2851,.T.);
#2849 = VERTEX_POINT('',#2850);
#2850 = CARTESIAN_POINT('',(95.385533,-54.415976,1.585));
#2851 = LINE('',#2852,#2853);
#2852 = CARTESIAN_POINT('',(95.395892,-54.399992,1.585));
#2853 = VECTOR('',#2854,1.);
#2854 = DIRECTION('',(-0.543858483644,-0.839176947829,0.));
#2855 = ORIENTED_EDGE('',*,*,#2856,.T.);
#2856 = EDGE_CURVE('',#2849,#2857,#2859,.T.);
#2857 = VERTEX_POINT('',#2858);
#2858 = CARTESIAN_POINT('',(95.395892,-54.431959,1.585));
#2859 = LINE('',#2860,#2861);
#2860 = CARTESIAN_POINT('',(95.385533,-54.415976,1.585));
#2861 = VECTOR('',#2862,1.);
#2862 = DIRECTION('',(0.543882445621,-0.839161417932,0.));
#2863 = ORIENTED_EDGE('',*,*,#2864,.T.);
#2864 = EDGE_CURVE('',#2857,#2865,#2867,.T.);
#2865 = VERTEX_POINT('',#2866);
#2866 = CARTESIAN_POINT('',(95.458841,-54.427226,1.585));
#2867 = CIRCLE('',#2868,5.017155695979E-02);
#2868 = AXIS2_PLACEMENT_3D('',#2869,#2870,#2871);
#2869 = CARTESIAN_POINT('',(95.42444248443,-54.39070303114,1.585));
#2870 = DIRECTION('',(0.,0.,1.));
#2871 = DIRECTION('',(-0.569057174225,-0.822297958445,0.));
#2872 = ORIENTED_EDGE('',*,*,#2873,.T.);
#2873 = EDGE_CURVE('',#2865,#2874,#2876,.T.);
#2874 = VERTEX_POINT('',#2875);
#2875 = CARTESIAN_POINT('',(95.464466,-54.415975,1.585));
#2876 = LINE('',#2877,#2878);
#2877 = CARTESIAN_POINT('',(95.458841,-54.427226,1.585));
#2878 = VECTOR('',#2879,1.);
#2879 = DIRECTION('',(0.447181795623,0.894443090232,0.));
#2880 = ORIENTED_EDGE('',*,*,#2881,.T.);
#2881 = EDGE_CURVE('',#2874,#2838,#2882,.T.);
#2882 = LINE('',#2883,#2884);
#2883 = CARTESIAN_POINT('',(95.464466,-54.415975,1.585));
#2884 = VECTOR('',#2885,1.);
#2885 = DIRECTION('',(-0.543858483644,0.839176947829,0.));
#2886 = PLANE('',#2887);
#2887 = AXIS2_PLACEMENT_3D('',#2888,#2889,#2890);
#2888 = CARTESIAN_POINT('',(0.,0.,1.585));
#2889 = DIRECTION('',(0.,0.,1.));
#2890 = DIRECTION('',(1.,0.,-0.));
#2891 = SHELL_BASED_SURFACE_MODEL('',(#2892));
#2892 = OPEN_SHELL('',(#2893));
#2893 = ADVANCED_FACE('',(#2894),#3039,.T.);
#2894 = FACE_BOUND('',#2895,.F.);
#2895 = EDGE_LOOP('',(#2896,#2907,#2915,#2924,#2932,#2941,#2949,#2958,
    #2966,#2975,#2983,#2991,#2999,#3007,#3016,#3024,#3033));
#2896 = ORIENTED_EDGE('',*,*,#2897,.T.);
#2897 = EDGE_CURVE('',#2898,#2900,#2902,.T.);
#2898 = VERTEX_POINT('',#2899);
#2899 = CARTESIAN_POINT('',(92.559723,-53.929709,1.585));
#2900 = VERTEX_POINT('',#2901);
#2901 = CARTESIAN_POINT('',(92.610691,-53.919568,1.585));
#2902 = CIRCLE('',#2903,3.124973722851E-02);
#2903 = AXIS2_PLACEMENT_3D('',#2904,#2905,#2906);
#2904 = CARTESIAN_POINT('',(92.588594860079,-53.94166566226,1.585));
#2905 = DIRECTION('',(0.,0.,-1.));
#2906 = DIRECTION('',(-0.923907291369,0.382616409677,0.));
#2907 = ORIENTED_EDGE('',*,*,#2908,.T.);
#2908 = EDGE_CURVE('',#2900,#2909,#2911,.T.);
#2909 = VERTEX_POINT('',#2910);
#2910 = CARTESIAN_POINT('',(92.630147,-53.943689,1.585));
#2911 = LINE('',#2912,#2913);
#2912 = CARTESIAN_POINT('',(92.610691,-53.919568,1.585));
#2913 = VECTOR('',#2914,1.);
#2914 = DIRECTION('',(0.627822459409,-0.778356576038,0.));
#2915 = ORIENTED_EDGE('',*,*,#2916,.T.);
#2916 = EDGE_CURVE('',#2909,#2917,#2919,.T.);
#2917 = VERTEX_POINT('',#2918);
#2918 = CARTESIAN_POINT('',(92.590665,-54.100569,1.585));
#2919 = CIRCLE('',#2920,0.120758634895);
#2920 = AXIS2_PLACEMENT_3D('',#2921,#2922,#2923);
#2921 = CARTESIAN_POINT('',(92.523450853855,-54.0002449926,1.585));
#2922 = DIRECTION('',(0.,0.,-1.));
#2923 = DIRECTION('',(0.883548793322,0.468339118396,0.));
#2924 = ORIENTED_EDGE('',*,*,#2925,.T.);
#2925 = EDGE_CURVE('',#2917,#2926,#2928,.T.);
#2926 = VERTEX_POINT('',#2927);
#2927 = CARTESIAN_POINT('',(92.560458,-54.11484,1.585));
#2928 = LINE('',#2929,#2930);
#2929 = CARTESIAN_POINT('',(92.590665,-54.100569,1.585));
#2930 = VECTOR('',#2931,1.);
#2931 = DIRECTION('',(-0.90417254517,-0.427167424508,0.));
#2932 = ORIENTED_EDGE('',*,*,#2933,.T.);
#2933 = EDGE_CURVE('',#2926,#2934,#2936,.T.);
#2934 = VERTEX_POINT('',#2935);
#2935 = CARTESIAN_POINT('',(92.376022,-54.094715,1.585));
#2936 = CIRCLE('',#2937,0.202050940041);
#2937 = AXIS2_PLACEMENT_3D('',#2938,#2939,#2940);
#2938 = CARTESIAN_POINT('',(92.487710503861,-53.92633964409,1.585));
#2939 = DIRECTION('',(-0.,0.,-1.));
#2940 = DIRECTION('',(0.360045323838,-0.932934812719,-0.));
#2941 = ORIENTED_EDGE('',*,*,#2942,.T.);
#2942 = EDGE_CURVE('',#2934,#2943,#2945,.T.);
#2943 = VERTEX_POINT('',#2944);
#2944 = CARTESIAN_POINT('',(92.344663,-54.05869,1.585));
#2945 = LINE('',#2946,#2947);
#2946 = CARTESIAN_POINT('',(92.376022,-54.094715,1.585));
#2947 = VECTOR('',#2948,1.);
#2948 = DIRECTION('',(-0.656571024862,0.754264203918,0.));
#2949 = ORIENTED_EDGE('',*,*,#2950,.T.);
#2950 = EDGE_CURVE('',#2943,#2951,#2953,.T.);
#2951 = VERTEX_POINT('',#2952);
#2952 = CARTESIAN_POINT('',(92.352213,-53.931472,1.585));
#2953 = CIRCLE('',#2954,0.123827041389);
#2954 = AXIS2_PLACEMENT_3D('',#2955,#2956,#2957);
#2955 = CARTESIAN_POINT('',(92.454424869978,-54.00137099723,1.585));
#2956 = DIRECTION('',(0.,0.,-1.));
#2957 = DIRECTION('',(-0.886412763703,-0.462895681924,-0.));
#2958 = ORIENTED_EDGE('',*,*,#2959,.T.);
#2959 = EDGE_CURVE('',#2951,#2960,#2962,.T.);
#2960 = VERTEX_POINT('',#2961);
#2961 = CARTESIAN_POINT('',(92.374257,-53.912794,1.585));
#2962 = LINE('',#2963,#2964);
#2963 = CARTESIAN_POINT('',(92.352213,-53.931472,1.585));
#2964 = VECTOR('',#2965,1.);
#2965 = DIRECTION('',(0.762952886245,0.646454092238,0.));
#2966 = ORIENTED_EDGE('',*,*,#2967,.T.);
#2967 = EDGE_CURVE('',#2960,#2968,#2970,.T.);
#2968 = VERTEX_POINT('',#2969);
#2969 = CARTESIAN_POINT('',(92.415085,-53.953625,1.585));
#2970 = CIRCLE('',#2971,3.124972509905E-02);
#2971 = AXIS2_PLACEMENT_3D('',#2972,#2973,#2974);
#2972 = CARTESIAN_POINT('',(92.386214292863,-53.94166558579,1.585));
#2973 = DIRECTION('',(0.,0.,-1.));
#2974 = DIRECTION('',(-0.382636737619,0.923898872726,0.));
#2975 = ORIENTED_EDGE('',*,*,#2976,.T.);
#2976 = EDGE_CURVE('',#2968,#2977,#2979,.T.);
#2977 = VERTEX_POINT('',#2978);
#2978 = CARTESIAN_POINT('',(92.401621,-53.970452,1.585));
#2979 = LINE('',#2980,#2981);
#2980 = CARTESIAN_POINT('',(92.415085,-53.953625,1.585));
#2981 = VECTOR('',#2982,1.);
#2982 = DIRECTION('',(-0.624762951256,-0.780814481639,0.));
#2983 = ORIENTED_EDGE('',*,*,#2984,.T.);
#2984 = EDGE_CURVE('',#2977,#2985,#2987,.T.);
#2985 = VERTEX_POINT('',#2986);
#2986 = CARTESIAN_POINT('',(92.393654,-54.008023,1.585));
#2987 = LINE('',#2988,#2989);
#2988 = CARTESIAN_POINT('',(92.401621,-53.970452,1.585));
#2989 = VECTOR('',#2990,1.);
#2990 = DIRECTION('',(-0.207439274774,-0.97824789664,0.));
#2991 = ORIENTED_EDGE('',*,*,#2992,.T.);
#2992 = EDGE_CURVE('',#2985,#2993,#2995,.T.);
#2993 = VERTEX_POINT('',#2994);
#2994 = CARTESIAN_POINT('',(92.401621,-54.031926,1.585));
#2995 = LINE('',#2996,#2997);
#2996 = CARTESIAN_POINT('',(92.393654,-54.008023,1.585));
#2997 = VECTOR('',#2998,1.);
#2998 = DIRECTION('',(0.31620395239,-0.948691235594,0.));
#2999 = ORIENTED_EDGE('',*,*,#3000,.T.);
#3000 = EDGE_CURVE('',#2993,#3001,#3003,.T.);
#3001 = VERTEX_POINT('',#3002);
#3002 = CARTESIAN_POINT('',(92.416629,-54.046934,1.585));
#3003 = LINE('',#3004,#3005);
#3004 = CARTESIAN_POINT('',(92.401621,-54.031926,1.585));
#3005 = VECTOR('',#3006,1.);
#3006 = DIRECTION('',(0.707106781186,-0.707106781187,0.));
#3007 = ORIENTED_EDGE('',*,*,#3008,.T.);
#3008 = EDGE_CURVE('',#3001,#3009,#3011,.T.);
#3009 = VERTEX_POINT('',#3010);
#3010 = CARTESIAN_POINT('',(92.558179,-54.046934,1.585));
#3011 = CIRCLE('',#3012,0.141723697628);
#3012 = AXIS2_PLACEMENT_3D('',#3013,#3014,#3015);
#3013 = CARTESIAN_POINT('',(92.487404,-53.9241475763,1.585));
#3014 = DIRECTION('',(0.,0.,1.));
#3015 = DIRECTION('',(-0.499387196247,-0.866378917232,0.));
#3016 = ORIENTED_EDGE('',*,*,#3017,.T.);
#3017 = EDGE_CURVE('',#3009,#3018,#3020,.T.);
#3018 = VERTEX_POINT('',#3019);
#3019 = CARTESIAN_POINT('',(92.573185,-54.031928,1.585));
#3020 = LINE('',#3021,#3022);
#3021 = CARTESIAN_POINT('',(92.558179,-54.046934,1.585));
#3022 = VECTOR('',#3023,1.);
#3023 = DIRECTION('',(0.707106781187,0.707106781187,0.));
#3024 = ORIENTED_EDGE('',*,*,#3025,.T.);
#3025 = EDGE_CURVE('',#3018,#3026,#3028,.T.);
#3026 = VERTEX_POINT('',#3027);
#3027 = CARTESIAN_POINT('',(92.559724,-53.953626,1.585));
#3028 = CIRCLE('',#3029,6.215593825143E-02);
#3029 = AXIS2_PLACEMENT_3D('',#3030,#3031,#3032);
#3030 = CARTESIAN_POINT('',(92.519341216723,-54.00087630661,1.585));
#3031 = DIRECTION('',(0.,-0.,1.));
#3032 = DIRECTION('',(0.866269334698,-0.499577261054,-0.));
#3033 = ORIENTED_EDGE('',*,*,#3034,.T.);
#3034 = EDGE_CURVE('',#3026,#2898,#3035,.T.);
#3035 = LINE('',#3036,#3037);
#3036 = CARTESIAN_POINT('',(92.559724,-53.953626,1.585));
#3037 = VECTOR('',#3038,1.);
#3038 = DIRECTION('',(-4.18112638124E-05,0.999999999126,0.));
#3039 = PLANE('',#3040);
#3040 = AXIS2_PLACEMENT_3D('',#3041,#3042,#3043);
#3041 = CARTESIAN_POINT('',(0.,0.,1.585));
#3042 = DIRECTION('',(0.,0.,1.));
#3043 = DIRECTION('',(1.,0.,-0.));
#3044 = SHELL_BASED_SURFACE_MODEL('',(#3045));
#3045 = OPEN_SHELL('',(#3046));
#3046 = ADVANCED_FACE('',(#3047),#3091,.T.);
#3047 = FACE_BOUND('',#3048,.F.);
#3048 = EDGE_LOOP('',(#3049,#3060,#3068,#3077,#3085));
#3049 = ORIENTED_EDGE('',*,*,#3050,.T.);
#3050 = EDGE_CURVE('',#3051,#3053,#3055,.T.);
#3051 = VERTEX_POINT('',#3052);
#3052 = CARTESIAN_POINT('',(91.709567,-53.515787,1.585));
#3053 = VERTEX_POINT('',#3054);
#3054 = CARTESIAN_POINT('',(91.825,-53.538748,1.585));
#3055 = CIRCLE('',#3056,6.000007318647E-02);
#3056 = AXIS2_PLACEMENT_3D('',#3057,#3058,#3059);
#3057 = CARTESIAN_POINT('',(91.764999926814,-53.53874782331,1.585));
#3058 = DIRECTION('',(0.,0.,-1.));
#3059 = DIRECTION('',(-0.923880986637,0.382679921777,0.));
#3060 = ORIENTED_EDGE('',*,*,#3061,.T.);
#3061 = EDGE_CURVE('',#3053,#3062,#3064,.T.);
#3062 = VERTEX_POINT('',#3063);
#3063 = CARTESIAN_POINT('',(91.825,-54.061252,1.585));
#3064 = LINE('',#3065,#3066);
#3065 = CARTESIAN_POINT('',(91.825,-53.538748,1.585));
#3066 = VECTOR('',#3067,1.);
#3067 = DIRECTION('',(0.,-1.,0.));
#3068 = ORIENTED_EDGE('',*,*,#3069,.T.);
#3069 = EDGE_CURVE('',#3062,#3070,#3072,.T.);
#3070 = VERTEX_POINT('',#3071);
#3071 = CARTESIAN_POINT('',(91.705,-54.061252,1.585));
#3072 = CIRCLE('',#3073,6.000000000043E-02);
#3073 = AXIS2_PLACEMENT_3D('',#3074,#3075,#3076);
#3074 = CARTESIAN_POINT('',(91.765,-54.06125222558,1.585));
#3075 = DIRECTION('',(0.,0.,-1.));
#3076 = DIRECTION('',(0.999999999993,3.759793898411E-06,0.));
#3077 = ORIENTED_EDGE('',*,*,#3078,.T.);
#3078 = EDGE_CURVE('',#3070,#3079,#3081,.T.);
#3079 = VERTEX_POINT('',#3080);
#3080 = CARTESIAN_POINT('',(91.705,-53.538748,1.585));
#3081 = LINE('',#3082,#3083);
#3082 = CARTESIAN_POINT('',(91.705,-54.061252,1.585));
#3083 = VECTOR('',#3084,1.);
#3084 = DIRECTION('',(0.,1.,0.));
#3085 = ORIENTED_EDGE('',*,*,#3086,.T.);
#3086 = EDGE_CURVE('',#3079,#3051,#3087,.T.);
#3087 = LINE('',#3088,#3089);
#3088 = CARTESIAN_POINT('',(91.705,-53.538748,1.585));
#3089 = VECTOR('',#3090,1.);
#3090 = DIRECTION('',(0.195081000118,0.980787134598,0.));
#3091 = PLANE('',#3092);
#3092 = AXIS2_PLACEMENT_3D('',#3093,#3094,#3095);
#3093 = CARTESIAN_POINT('',(0.,0.,1.585));
#3094 = DIRECTION('',(0.,0.,1.));
#3095 = DIRECTION('',(1.,0.,-0.));
#3096 = SHELL_BASED_SURFACE_MODEL('',(#3097));
#3097 = OPEN_SHELL('',(#3098));
#3098 = ADVANCED_FACE('',(#3099),#3143,.T.);
#3099 = FACE_BOUND('',#3100,.F.);
#3100 = EDGE_LOOP('',(#3101,#3112,#3120,#3129,#3137));
#3101 = ORIENTED_EDGE('',*,*,#3102,.T.);
#3102 = EDGE_CURVE('',#3103,#3105,#3107,.T.);
#3103 = VERTEX_POINT('',#3104);
#3104 = CARTESIAN_POINT('',(93.179567,-53.515787,1.585));
#3105 = VERTEX_POINT('',#3106);
#3106 = CARTESIAN_POINT('',(93.295,-53.538748,1.585));
#3107 = CIRCLE('',#3108,6.000007318647E-02);
#3108 = AXIS2_PLACEMENT_3D('',#3109,#3110,#3111);
#3109 = CARTESIAN_POINT('',(93.234999926814,-53.53874782331,1.585));
#3110 = DIRECTION('',(0.,0.,-1.));
#3111 = DIRECTION('',(-0.923880986637,0.382679921777,0.));
#3112 = ORIENTED_EDGE('',*,*,#3113,.T.);
#3113 = EDGE_CURVE('',#3105,#3114,#3116,.T.);
#3114 = VERTEX_POINT('',#3115);
#3115 = CARTESIAN_POINT('',(93.295,-54.061252,1.585));
#3116 = LINE('',#3117,#3118);
#3117 = CARTESIAN_POINT('',(93.295,-53.538748,1.585));
#3118 = VECTOR('',#3119,1.);
#3119 = DIRECTION('',(0.,-1.,0.));
#3120 = ORIENTED_EDGE('',*,*,#3121,.T.);
#3121 = EDGE_CURVE('',#3114,#3122,#3124,.T.);
#3122 = VERTEX_POINT('',#3123);
#3123 = CARTESIAN_POINT('',(93.175,-54.061252,1.585));
#3124 = CIRCLE('',#3125,6.000000000043E-02);
#3125 = AXIS2_PLACEMENT_3D('',#3126,#3127,#3128);
#3126 = CARTESIAN_POINT('',(93.235,-54.06125222558,1.585));
#3127 = DIRECTION('',(0.,0.,-1.));
#3128 = DIRECTION('',(0.999999999993,3.759793898411E-06,0.));
#3129 = ORIENTED_EDGE('',*,*,#3130,.T.);
#3130 = EDGE_CURVE('',#3122,#3131,#3133,.T.);
#3131 = VERTEX_POINT('',#3132);
#3132 = CARTESIAN_POINT('',(93.175,-53.538748,1.585));
#3133 = LINE('',#3134,#3135);
#3134 = CARTESIAN_POINT('',(93.175,-54.061252,1.585));
#3135 = VECTOR('',#3136,1.);
#3136 = DIRECTION('',(0.,1.,0.));
#3137 = ORIENTED_EDGE('',*,*,#3138,.T.);
#3138 = EDGE_CURVE('',#3131,#3103,#3139,.T.);
#3139 = LINE('',#3140,#3141);
#3140 = CARTESIAN_POINT('',(93.175,-53.538748,1.585));
#3141 = VECTOR('',#3142,1.);
#3142 = DIRECTION('',(0.195081000118,0.980787134598,0.));
#3143 = PLANE('',#3144);
#3144 = AXIS2_PLACEMENT_3D('',#3145,#3146,#3147);
#3145 = CARTESIAN_POINT('',(0.,0.,1.585));
#3146 = DIRECTION('',(0.,0.,1.));
#3147 = DIRECTION('',(1.,0.,-0.));
#3148 = SHELL_BASED_SURFACE_MODEL('',(#3149));
#3149 = OPEN_SHELL('',(#3150));
#3150 = ADVANCED_FACE('',(#3151),#3212,.T.);
#3151 = FACE_BOUND('',#3152,.F.);
#3152 = EDGE_LOOP('',(#3153,#3164,#3172,#3181,#3189,#3197,#3206));
#3153 = ORIENTED_EDGE('',*,*,#3154,.T.);
#3154 = EDGE_CURVE('',#3155,#3157,#3159,.T.);
#3155 = VERTEX_POINT('',#3156);
#3156 = CARTESIAN_POINT('',(82.23,-52.79,1.585));
#3157 = VERTEX_POINT('',#3158);
#3158 = CARTESIAN_POINT('',(82.29,-52.73,1.585));
#3159 = CIRCLE('',#3160,5.999932016258E-02);
#3160 = AXIS2_PLACEMENT_3D('',#3161,#3162,#3163);
#3161 = CARTESIAN_POINT('',(82.289999320159,-52.78999932015,1.585));
#3162 = DIRECTION('',(0.,0.,-1.));
#3163 = DIRECTION('',(-0.999999999936,-1.133081623985E-05,-0.));
#3164 = ORIENTED_EDGE('',*,*,#3165,.T.);
#3165 = EDGE_CURVE('',#3157,#3166,#3168,.T.);
#3166 = VERTEX_POINT('',#3167);
#3167 = CARTESIAN_POINT('',(83.4,-52.73,1.585));
#3168 = LINE('',#3169,#3170);
#3169 = CARTESIAN_POINT('',(82.29,-52.73,1.585));
#3170 = VECTOR('',#3171,1.);
#3171 = DIRECTION('',(1.,0.,0.));
#3172 = ORIENTED_EDGE('',*,*,#3173,.T.);
#3173 = EDGE_CURVE('',#3166,#3174,#3176,.T.);
#3174 = VERTEX_POINT('',#3175);
#3175 = CARTESIAN_POINT('',(83.4,-52.85,1.585));
#3176 = CIRCLE('',#3177,6.000000000043E-02);
#3177 = AXIS2_PLACEMENT_3D('',#3178,#3179,#3180);
#3178 = CARTESIAN_POINT('',(83.400000225588,-52.79,1.585));
#3179 = DIRECTION('',(0.,0.,-1.));
#3180 = DIRECTION('',(-3.759794016836E-06,0.999999999993,-0.));
#3181 = ORIENTED_EDGE('',*,*,#3182,.T.);
#3182 = EDGE_CURVE('',#3174,#3183,#3185,.T.);
#3183 = VERTEX_POINT('',#3184);
#3184 = CARTESIAN_POINT('',(82.35,-52.85,1.585));
#3185 = LINE('',#3186,#3187);
#3186 = CARTESIAN_POINT('',(83.4,-52.85,1.585));
#3187 = VECTOR('',#3188,1.);
#3188 = DIRECTION('',(-1.,0.,0.));
#3189 = ORIENTED_EDGE('',*,*,#3190,.T.);
#3190 = EDGE_CURVE('',#3183,#3191,#3193,.T.);
#3191 = VERTEX_POINT('',#3192);
#3192 = CARTESIAN_POINT('',(82.35,-53.9,1.585));
#3193 = LINE('',#3194,#3195);
#3194 = CARTESIAN_POINT('',(82.35,-52.85,1.585));
#3195 = VECTOR('',#3196,1.);
#3196 = DIRECTION('',(0.,-1.,0.));
#3197 = ORIENTED_EDGE('',*,*,#3198,.T.);
#3198 = EDGE_CURVE('',#3191,#3199,#3201,.T.);
#3199 = VERTEX_POINT('',#3200);
#3200 = CARTESIAN_POINT('',(82.23,-53.9,1.585));
#3201 = CIRCLE('',#3202,6.000000000042E-02);
#3202 = AXIS2_PLACEMENT_3D('',#3203,#3204,#3205);
#3203 = CARTESIAN_POINT('',(82.29,-53.90000022558,1.585));
#3204 = DIRECTION('',(0.,0.,-1.));
#3205 = DIRECTION('',(0.999999999993,3.759794253684E-06,0.));
#3206 = ORIENTED_EDGE('',*,*,#3207,.T.);
#3207 = EDGE_CURVE('',#3199,#3155,#3208,.T.);
#3208 = LINE('',#3209,#3210);
#3209 = CARTESIAN_POINT('',(82.23,-53.9,1.585));
#3210 = VECTOR('',#3211,1.);
#3211 = DIRECTION('',(0.,1.,0.));
#3212 = PLANE('',#3213);
#3213 = AXIS2_PLACEMENT_3D('',#3214,#3215,#3216);
#3214 = CARTESIAN_POINT('',(0.,0.,1.585));
#3215 = DIRECTION('',(0.,0.,1.));
#3216 = DIRECTION('',(1.,0.,-0.));
#3217 = SHELL_BASED_SURFACE_MODEL('',(#3218));
#3218 = OPEN_SHELL('',(#3219));
#3219 = ADVANCED_FACE('',(#3220),#3288,.T.);
#3220 = FACE_BOUND('',#3221,.F.);
#3221 = EDGE_LOOP('',(#3222,#3232,#3240,#3248,#3257,#3265,#3273,#3282));
#3222 = ORIENTED_EDGE('',*,*,#3223,.T.);
#3223 = EDGE_CURVE('',#3224,#3226,#3228,.T.);
#3224 = VERTEX_POINT('',#3225);
#3225 = CARTESIAN_POINT('',(92.333533,-53.679707,1.585));
#3226 = VERTEX_POINT('',#3227);
#3227 = CARTESIAN_POINT('',(92.350445,-53.662795,1.585));
#3228 = LINE('',#3229,#3230);
#3229 = CARTESIAN_POINT('',(92.333533,-53.679707,1.585));
#3230 = VECTOR('',#3231,1.);
#3231 = DIRECTION('',(0.707106781186,0.707106781187,0.));
#3232 = ORIENTED_EDGE('',*,*,#3233,.T.);
#3233 = EDGE_CURVE('',#3226,#3234,#3236,.T.);
#3234 = VERTEX_POINT('',#3235);
#3235 = CARTESIAN_POINT('',(92.374015,-53.662795,1.585));
#3236 = LINE('',#3237,#3238);
#3237 = CARTESIAN_POINT('',(92.350445,-53.662795,1.585));
#3238 = VECTOR('',#3239,1.);
#3239 = DIRECTION('',(1.,0.,0.));
#3240 = ORIENTED_EDGE('',*,*,#3241,.T.);
#3241 = EDGE_CURVE('',#3234,#3242,#3244,.T.);
#3242 = VERTEX_POINT('',#3243);
#3243 = CARTESIAN_POINT('',(92.634769,-53.776982,1.585));
#3244 = LINE('',#3245,#3246);
#3245 = CARTESIAN_POINT('',(92.374015,-53.662795,1.585));
#3246 = VECTOR('',#3247,1.);
#3247 = DIRECTION('',(0.916019088559,-0.401134677379,0.));
#3248 = ORIENTED_EDGE('',*,*,#3249,.T.);
#3249 = EDGE_CURVE('',#3242,#3250,#3252,.T.);
#3250 = VERTEX_POINT('',#3251);
#3251 = CARTESIAN_POINT('',(92.612024,-53.830056,1.585));
#3252 = CIRCLE('',#3253,3.125007140109E-02);
#3253 = AXIS2_PLACEMENT_3D('',#3254,#3255,#3256);
#3254 = CARTESIAN_POINT('',(92.612404248305,-53.7988082421,1.585));
#3255 = DIRECTION('',(0.,0.,-1.));
#3256 = DIRECTION('',(0.715670419052,0.698438151373,0.));
#3257 = ORIENTED_EDGE('',*,*,#3258,.T.);
#3258 = EDGE_CURVE('',#3250,#3259,#3261,.T.);
#3259 = VERTEX_POINT('',#3260);
#3260 = CARTESIAN_POINT('',(92.393654,-53.739057,1.585));
#3261 = LINE('',#3262,#3263);
#3262 = CARTESIAN_POINT('',(92.612024,-53.830056,1.585));
#3263 = VECTOR('',#3264,1.);
#3264 = DIRECTION('',(-0.923059663801,0.38465680426,0.));
#3265 = ORIENTED_EDGE('',*,*,#3266,.T.);
#3266 = EDGE_CURVE('',#3259,#3267,#3269,.T.);
#3267 = VERTEX_POINT('',#3268);
#3268 = CARTESIAN_POINT('',(92.391275,-53.870291,1.585));
#3269 = LINE('',#3270,#3271);
#3270 = CARTESIAN_POINT('',(92.393654,-53.739057,1.585));
#3271 = VECTOR('',#3272,1.);
#3272 = DIRECTION('',(-1.812494628592E-02,-0.999835729669,0.));
#3273 = ORIENTED_EDGE('',*,*,#3274,.T.);
#3274 = EDGE_CURVE('',#3267,#3275,#3277,.T.);
#3275 = VERTEX_POINT('',#3276);
#3276 = CARTESIAN_POINT('',(92.333533,-53.870291,1.585));
#3277 = CIRCLE('',#3278,3.124983715157E-02);
#3278 = AXIS2_PLACEMENT_3D('',#3279,#3280,#3281);
#3279 = CARTESIAN_POINT('',(92.362404,-53.858332,1.585));
#3280 = DIRECTION('',(-0.,0.,-1.));
#3281 = DIRECTION('',(0.92387681446,-0.382689994255,-0.));
#3282 = ORIENTED_EDGE('',*,*,#3283,.T.);
#3283 = EDGE_CURVE('',#3275,#3224,#3284,.T.);
#3284 = LINE('',#3285,#3286);
#3285 = CARTESIAN_POINT('',(92.333533,-53.870291,1.585));
#3286 = VECTOR('',#3287,1.);
#3287 = DIRECTION('',(0.,1.,0.));
#3288 = PLANE('',#3289);
#3289 = AXIS2_PLACEMENT_3D('',#3290,#3291,#3292);
#3290 = CARTESIAN_POINT('',(0.,0.,1.585));
#3291 = DIRECTION('',(0.,0.,1.));
#3292 = DIRECTION('',(1.,0.,-0.));
#3293 = SHELL_BASED_SURFACE_MODEL('',(#3294));
#3294 = OPEN_SHELL('',(#3295));
#3295 = ADVANCED_FACE('',(#3296),#3510,.T.);
#3296 = FACE_BOUND('',#3297,.F.);
#3297 = EDGE_LOOP('',(#3298,#3309,#3317,#3325,#3333,#3341,#3350,#3358,
    #3366,#3374,#3382,#3390,#3398,#3406,#3415,#3423,#3431,#3439,#3447,
    #3456,#3464,#3472,#3480,#3488,#3496,#3504));
#3298 = ORIENTED_EDGE('',*,*,#3299,.T.);
#3299 = EDGE_CURVE('',#3300,#3302,#3304,.T.);
#3300 = VERTEX_POINT('',#3301);
#3301 = CARTESIAN_POINT('',(88.35062,-53.671617,1.585));
#3302 = VERTEX_POINT('',#3303);
#3303 = CARTESIAN_POINT('',(88.356474,-53.564117,1.585));
#3304 = CIRCLE('',#3305,8.604791939286E-02);
#3305 = AXIS2_PLACEMENT_3D('',#3306,#3307,#3308);
#3306 = CARTESIAN_POINT('',(88.42057900758,-53.62151728253,1.585));
#3307 = DIRECTION('',(0.,0.,-1.));
#3308 = DIRECTION('',(-0.813023813638,-0.582230434155,-0.));
#3309 = ORIENTED_EDGE('',*,*,#3310,.T.);
#3310 = EDGE_CURVE('',#3302,#3311,#3313,.T.);
#3311 = VERTEX_POINT('',#3312);
#3312 = CARTESIAN_POINT('',(88.376501,-53.546358,1.585));
#3313 = LINE('',#3314,#3315);
#3314 = CARTESIAN_POINT('',(88.356474,-53.564117,1.585));
#3315 = VECTOR('',#3316,1.);
#3316 = DIRECTION('',(0.748202356667,0.663470597297,0.));
#3317 = ORIENTED_EDGE('',*,*,#3318,.T.);
#3318 = EDGE_CURVE('',#3311,#3319,#3321,.T.);
#3319 = VERTEX_POINT('',#3320);
#3320 = CARTESIAN_POINT('',(88.414286,-53.531154,1.585));
#3321 = LINE('',#3322,#3323);
#3322 = CARTESIAN_POINT('',(88.376501,-53.546358,1.585));
#3323 = VECTOR('',#3324,1.);
#3324 = DIRECTION('',(0.927712765434,0.373294822963,0.));
#3325 = ORIENTED_EDGE('',*,*,#3326,.T.);
#3326 = EDGE_CURVE('',#3319,#3327,#3329,.T.);
#3327 = VERTEX_POINT('',#3328);
#3328 = CARTESIAN_POINT('',(88.478725,-53.532132,1.585));
#3329 = LINE('',#3330,#3331);
#3330 = CARTESIAN_POINT('',(88.414286,-53.531154,1.585));
#3331 = VECTOR('',#3332,1.);
#3332 = DIRECTION('',(0.999884847039,-1.517539658283E-02,0.));
#3333 = ORIENTED_EDGE('',*,*,#3334,.T.);
#3334 = EDGE_CURVE('',#3327,#3335,#3337,.T.);
#3335 = VERTEX_POINT('',#3336);
#3336 = CARTESIAN_POINT('',(88.529999,-53.550701,1.585));
#3337 = LINE('',#3338,#3339);
#3338 = CARTESIAN_POINT('',(88.478725,-53.532132,1.585));
#3339 = VECTOR('',#3340,1.);
#3340 = DIRECTION('',(0.940240748299,-0.340510404009,0.));
#3341 = ORIENTED_EDGE('',*,*,#3342,.T.);
#3342 = EDGE_CURVE('',#3335,#3343,#3345,.T.);
#3343 = VERTEX_POINT('',#3344);
#3344 = CARTESIAN_POINT('',(88.51174,-53.60548,1.585));
#3345 = CIRCLE('',#3346,3.12500627661E-02);
#3346 = AXIS2_PLACEMENT_3D('',#3347,#3348,#3349);
#3347 = CARTESIAN_POINT('',(88.509523510042,-53.57430864142,1.585));
#3348 = DIRECTION('',(0.,0.,-1.));
#3349 = DIRECTION('',(0.65521436266,0.755443008415,0.));
#3350 = ORIENTED_EDGE('',*,*,#3351,.T.);
#3351 = EDGE_CURVE('',#3343,#3352,#3354,.T.);
#3352 = VERTEX_POINT('',#3353);
#3353 = CARTESIAN_POINT('',(88.468739,-53.593654,1.585));
#3354 = LINE('',#3355,#3356);
#3355 = CARTESIAN_POINT('',(88.51174,-53.60548,1.585));
#3356 = VECTOR('',#3357,1.);
#3357 = DIRECTION('',(-0.964201236461,0.26517159653,0.));
#3358 = ORIENTED_EDGE('',*,*,#3359,.T.);
#3359 = EDGE_CURVE('',#3352,#3360,#3362,.T.);
#3360 = VERTEX_POINT('',#3361);
#3361 = CARTESIAN_POINT('',(88.421663,-53.593654,1.585));
#3362 = LINE('',#3363,#3364);
#3363 = CARTESIAN_POINT('',(88.468739,-53.593654,1.585));
#3364 = VECTOR('',#3365,1.);
#3365 = DIRECTION('',(-1.,0.,0.));
#3366 = ORIENTED_EDGE('',*,*,#3367,.T.);
#3367 = EDGE_CURVE('',#3360,#3368,#3370,.T.);
#3368 = VERTEX_POINT('',#3369);
#3369 = CARTESIAN_POINT('',(88.404254,-53.604724,1.585));
#3370 = LINE('',#3371,#3372);
#3371 = CARTESIAN_POINT('',(88.421663,-53.593654,1.585));
#3372 = VECTOR('',#3373,1.);
#3373 = DIRECTION('',(-0.843847056117,-0.536583773405,0.));
#3374 = ORIENTED_EDGE('',*,*,#3375,.T.);
#3375 = EDGE_CURVE('',#3368,#3376,#3378,.T.);
#3376 = VERTEX_POINT('',#3377);
#3377 = CARTESIAN_POINT('',(88.397917,-53.626456,1.585));
#3378 = LINE('',#3379,#3380);
#3379 = CARTESIAN_POINT('',(88.404254,-53.604724,1.585));
#3380 = VECTOR('',#3381,1.);
#3381 = DIRECTION('',(-0.279938931486,-0.960017809542,0.));
#3382 = ORIENTED_EDGE('',*,*,#3383,.T.);
#3383 = EDGE_CURVE('',#3376,#3384,#3386,.T.);
#3384 = VERTEX_POINT('',#3385);
#3385 = CARTESIAN_POINT('',(88.408987,-53.643864,1.585));
#3386 = LINE('',#3387,#3388);
#3387 = CARTESIAN_POINT('',(88.397917,-53.626456,1.585));
#3388 = VECTOR('',#3389,1.);
#3389 = DIRECTION('',(0.536605721931,-0.843833099132,0.));
#3390 = ORIENTED_EDGE('',*,*,#3391,.T.);
#3391 = EDGE_CURVE('',#3384,#3392,#3394,.T.);
#3392 = VERTEX_POINT('',#3393);
#3393 = CARTESIAN_POINT('',(88.499689,-53.67731,1.585));
#3394 = LINE('',#3395,#3396);
#3395 = CARTESIAN_POINT('',(88.408987,-53.643864,1.585));
#3396 = VECTOR('',#3397,1.);
#3397 = DIRECTION('',(0.938244177295,-0.345973790587,0.));
#3398 = ORIENTED_EDGE('',*,*,#3399,.T.);
#3399 = EDGE_CURVE('',#3392,#3400,#3402,.T.);
#3400 = VERTEX_POINT('',#3401);
#3401 = CARTESIAN_POINT('',(88.52557,-53.703191,1.585));
#3402 = LINE('',#3403,#3404);
#3403 = CARTESIAN_POINT('',(88.499689,-53.67731,1.585));
#3404 = VECTOR('',#3405,1.);
#3405 = DIRECTION('',(0.707106781187,-0.707106781187,0.));
#3406 = ORIENTED_EDGE('',*,*,#3407,.T.);
#3407 = EDGE_CURVE('',#3400,#3408,#3410,.T.);
#3408 = VERTEX_POINT('',#3409);
#3409 = CARTESIAN_POINT('',(88.519716,-53.810692,1.585));
#3410 = CIRCLE('',#3411,8.604584620724E-02);
#3411 = AXIS2_PLACEMENT_3D('',#3412,#3413,#3414);
#3412 = CARTESIAN_POINT('',(88.455614043805,-53.75329141758,1.585));
#3413 = DIRECTION('',(0.,0.,-1.));
#3414 = DIRECTION('',(0.813007940289,0.582252598987,0.));
#3415 = ORIENTED_EDGE('',*,*,#3416,.T.);
#3416 = EDGE_CURVE('',#3408,#3417,#3419,.T.);
#3417 = VERTEX_POINT('',#3418);
#3418 = CARTESIAN_POINT('',(88.499689,-53.828451,1.585));
#3419 = LINE('',#3420,#3421);
#3420 = CARTESIAN_POINT('',(88.519716,-53.810692,1.585));
#3421 = VECTOR('',#3422,1.);
#3422 = DIRECTION('',(-0.748202356668,-0.663470597297,0.));
#3423 = ORIENTED_EDGE('',*,*,#3424,.T.);
#3424 = EDGE_CURVE('',#3417,#3425,#3427,.T.);
#3425 = VERTEX_POINT('',#3426);
#3426 = CARTESIAN_POINT('',(88.461905,-53.843654,1.585));
#3427 = LINE('',#3428,#3429);
#3428 = CARTESIAN_POINT('',(88.499689,-53.828451,1.585));
#3429 = VECTOR('',#3430,1.);
#3430 = DIRECTION('',(-0.92771784691,-0.373282194224,0.));
#3431 = ORIENTED_EDGE('',*,*,#3432,.T.);
#3432 = EDGE_CURVE('',#3425,#3433,#3435,.T.);
#3433 = VERTEX_POINT('',#3434);
#3434 = CARTESIAN_POINT('',(88.3925,-53.842051,1.585));
#3435 = LINE('',#3436,#3437);
#3436 = CARTESIAN_POINT('',(88.461905,-53.843654,1.585));
#3437 = VECTOR('',#3438,1.);
#3438 = DIRECTION('',(-0.999733386693,2.309016092316E-02,0.));
#3439 = ORIENTED_EDGE('',*,*,#3440,.T.);
#3440 = EDGE_CURVE('',#3433,#3441,#3443,.T.);
#3441 = VERTEX_POINT('',#3442);
#3442 = CARTESIAN_POINT('',(88.346192,-53.824108,1.585));
#3443 = LINE('',#3444,#3445);
#3444 = CARTESIAN_POINT('',(88.3925,-53.842051,1.585));
#3445 = VECTOR('',#3446,1.);
#3446 = DIRECTION('',(-0.93245062326,0.361297433125,0.));
#3447 = ORIENTED_EDGE('',*,*,#3448,.T.);
#3448 = EDGE_CURVE('',#3441,#3449,#3451,.T.);
#3449 = VERTEX_POINT('',#3450);
#3450 = CARTESIAN_POINT('',(88.364451,-53.769329,1.585));
#3451 = CIRCLE('',#3452,3.125001263798E-02);
#3452 = AXIS2_PLACEMENT_3D('',#3453,#3454,#3455);
#3453 = CARTESIAN_POINT('',(88.366667365697,-53.80050031715,1.585));
#3454 = DIRECTION('',(0.,0.,-1.));
#3455 = DIRECTION('',(-0.655211437313,-0.755445545631,-0.));
#3456 = ORIENTED_EDGE('',*,*,#3457,.T.);
#3457 = EDGE_CURVE('',#3449,#3458,#3460,.T.);
#3458 = VERTEX_POINT('',#3459);
#3459 = CARTESIAN_POINT('',(88.407451,-53.781154,1.585));
#3460 = LINE('',#3461,#3462);
#3461 = CARTESIAN_POINT('',(88.364451,-53.769329,1.585));
#3462 = VECTOR('',#3463,1.);
#3463 = DIRECTION('',(0.964205392804,-0.265156483021,0.));
#3464 = ORIENTED_EDGE('',*,*,#3465,.T.);
#3465 = EDGE_CURVE('',#3458,#3466,#3468,.T.);
#3466 = VERTEX_POINT('',#3467);
#3467 = CARTESIAN_POINT('',(88.454528,-53.781154,1.585));
#3468 = LINE('',#3469,#3470);
#3469 = CARTESIAN_POINT('',(88.407451,-53.781154,1.585));
#3470 = VECTOR('',#3471,1.);
#3471 = DIRECTION('',(1.,0.,0.));
#3472 = ORIENTED_EDGE('',*,*,#3473,.T.);
#3473 = EDGE_CURVE('',#3466,#3474,#3476,.T.);
#3474 = VERTEX_POINT('',#3475);
#3475 = CARTESIAN_POINT('',(88.471936,-53.770084,1.585));
#3476 = LINE('',#3477,#3478);
#3477 = CARTESIAN_POINT('',(88.454528,-53.781154,1.585));
#3478 = VECTOR('',#3479,1.);
#3479 = DIRECTION('',(0.843833099132,0.536605721932,0.));
#3480 = ORIENTED_EDGE('',*,*,#3481,.T.);
#3481 = EDGE_CURVE('',#3474,#3482,#3484,.T.);
#3482 = VERTEX_POINT('',#3483);
#3483 = CARTESIAN_POINT('',(88.478274,-53.748353,1.585));
#3484 = LINE('',#3485,#3486);
#3485 = CARTESIAN_POINT('',(88.471936,-53.770084,1.585));
#3486 = VECTOR('',#3487,1.);
#3487 = DIRECTION('',(0.279991518075,0.960002473854,0.));
#3488 = ORIENTED_EDGE('',*,*,#3489,.T.);
#3489 = EDGE_CURVE('',#3482,#3490,#3492,.T.);
#3490 = VERTEX_POINT('',#3491);
#3491 = CARTESIAN_POINT('',(88.467203,-53.730944,1.585));
#3492 = LINE('',#3493,#3494);
#3493 = CARTESIAN_POINT('',(88.478274,-53.748353,1.585));
#3494 = VECTOR('',#3495,1.);
#3495 = DIRECTION('',(-0.536618287815,0.843825108172,0.));
#3496 = ORIENTED_EDGE('',*,*,#3497,.T.);
#3497 = EDGE_CURVE('',#3490,#3498,#3500,.T.);
#3498 = VERTEX_POINT('',#3499);
#3499 = CARTESIAN_POINT('',(88.376501,-53.697498,1.585));
#3500 = LINE('',#3501,#3502);
#3501 = CARTESIAN_POINT('',(88.467203,-53.730944,1.585));
#3502 = VECTOR('',#3503,1.);
#3503 = DIRECTION('',(-0.938244177295,0.345973790587,0.));
#3504 = ORIENTED_EDGE('',*,*,#3505,.T.);
#3505 = EDGE_CURVE('',#3498,#3300,#3506,.T.);
#3506 = LINE('',#3507,#3508);
#3507 = CARTESIAN_POINT('',(88.376501,-53.697498,1.585));
#3508 = VECTOR('',#3509,1.);
#3509 = DIRECTION('',(-0.707106781186,0.707106781187,0.));
#3510 = PLANE('',#3511);
#3511 = AXIS2_PLACEMENT_3D('',#3512,#3513,#3514);
#3512 = CARTESIAN_POINT('',(0.,0.,1.585));
#3513 = DIRECTION('',(0.,0.,1.));
#3514 = DIRECTION('',(1.,0.,-0.));
#3515 = SHELL_BASED_SURFACE_MODEL('',(#3516));
#3516 = OPEN_SHELL('',(#3517));
#3517 = ADVANCED_FACE('',(#3518),#3636,.T.);
#3518 = FACE_BOUND('',#3519,.F.);
#3519 = EDGE_LOOP('',(#3520,#3530,#3539,#3547,#3556,#3564,#3572,#3581,
    #3589,#3598,#3606,#3614,#3622,#3630));
#3520 = ORIENTED_EDGE('',*,*,#3521,.T.);
#3521 = EDGE_CURVE('',#3522,#3524,#3526,.T.);
#3522 = VERTEX_POINT('',#3523);
#3523 = CARTESIAN_POINT('',(88.745903,-53.684689,1.585));
#3524 = VERTEX_POINT('',#3525);
#3525 = CARTESIAN_POINT('',(88.781827,-53.544083,1.585));
#3526 = LINE('',#3527,#3528);
#3527 = CARTESIAN_POINT('',(88.745903,-53.684689,1.585));
#3528 = VECTOR('',#3529,1.);
#3529 = DIRECTION('',(0.247542352339,0.968877073626,0.));
#3530 = ORIENTED_EDGE('',*,*,#3531,.T.);
#3531 = EDGE_CURVE('',#3524,#3532,#3534,.T.);
#3532 = VERTEX_POINT('',#3533);
#3533 = CARTESIAN_POINT('',(88.837999,-53.557457,1.585));
#3534 = CIRCLE('',#3535,3.125004872408E-02);
#3535 = AXIS2_PLACEMENT_3D('',#3536,#3537,#3538);
#3536 = CARTESIAN_POINT('',(88.80714302381,-53.56240414853,1.585));
#3537 = DIRECTION('',(0.,0.,-1.));
#3538 = DIRECTION('',(-0.810111498829,0.58627583906,0.));
#3539 = ORIENTED_EDGE('',*,*,#3540,.T.);
#3540 = EDGE_CURVE('',#3532,#3541,#3543,.T.);
#3541 = VERTEX_POINT('',#3542);
#3542 = CARTESIAN_POINT('',(88.772935,-53.830725,1.585));
#3543 = LINE('',#3544,#3545);
#3544 = CARTESIAN_POINT('',(88.837999,-53.557457,1.585));
#3545 = VECTOR('',#3546,1.);
#3546 = DIRECTION('',(-0.231621169004,-0.9728060619,0.));
#3547 = ORIENTED_EDGE('',*,*,#3548,.T.);
#3548 = EDGE_CURVE('',#3541,#3549,#3551,.T.);
#3549 = VERTEX_POINT('',#3550);
#3550 = CARTESIAN_POINT('',(88.717424,-53.820456,1.585));
#3551 = CIRCLE('',#3552,3.125002223525E-02);
#3552 = AXIS2_PLACEMENT_3D('',#3553,#3554,#3555);
#3553 = CARTESIAN_POINT('',(88.74761886649,-53.81240404822,1.585));
#3554 = DIRECTION('',(-0.,0.,-1.));
#3555 = DIRECTION('',(0.81011569589,-0.586270039549,-0.));
#3556 = ORIENTED_EDGE('',*,*,#3557,.T.);
#3557 = EDGE_CURVE('',#3549,#3558,#3560,.T.);
#3558 = VERTEX_POINT('',#3559);
#3559 = CARTESIAN_POINT('',(88.7,-53.755116,1.585));
#3560 = LINE('',#3561,#3562);
#3561 = CARTESIAN_POINT('',(88.717424,-53.820456,1.585));
#3562 = VECTOR('',#3563,1.);
#3563 = DIRECTION('',(-0.25766265056,0.966234939601,0.));
#3564 = ORIENTED_EDGE('',*,*,#3565,.T.);
#3565 = EDGE_CURVE('',#3558,#3566,#3568,.T.);
#3566 = VERTEX_POINT('',#3567);
#3567 = CARTESIAN_POINT('',(88.677196,-53.831398,1.585));
#3568 = LINE('',#3569,#3570);
#3569 = CARTESIAN_POINT('',(88.7,-53.755116,1.585));
#3570 = VECTOR('',#3571,1.);
#3571 = DIRECTION('',(-0.286418999396,-0.958104460268,0.));
#3572 = ORIENTED_EDGE('',*,*,#3573,.T.);
#3573 = EDGE_CURVE('',#3566,#3574,#3576,.T.);
#3574 = VERTEX_POINT('',#3575);
#3575 = CARTESIAN_POINT('',(88.621981,-53.819643,1.585));
#3576 = CIRCLE('',#3577,3.124969377366E-02);
#3577 = AXIS2_PLACEMENT_3D('',#3578,#3579,#3580);
#3578 = CARTESIAN_POINT('',(88.652380813789,-53.81240458287,1.585));
#3579 = DIRECTION('',(-0.,0.,-1.));
#3580 = DIRECTION('',(0.79409374027,-0.607795304082,-0.));
#3581 = ORIENTED_EDGE('',*,*,#3582,.T.);
#3582 = EDGE_CURVE('',#3574,#3583,#3585,.T.);
#3583 = VERTEX_POINT('',#3584);
#3584 = CARTESIAN_POINT('',(88.562001,-53.557457,1.585));
#3585 = LINE('',#3586,#3587);
#3586 = CARTESIAN_POINT('',(88.621981,-53.819643,1.585));
#3587 = VECTOR('',#3588,1.);
#3588 = DIRECTION('',(-0.223007728353,0.97481667666,0.));
#3589 = ORIENTED_EDGE('',*,*,#3590,.T.);
#3590 = EDGE_CURVE('',#3583,#3591,#3593,.T.);
#3591 = VERTEX_POINT('',#3592);
#3592 = CARTESIAN_POINT('',(88.618173,-53.544083,1.585));
#3593 = CIRCLE('',#3594,3.125004872408E-02);
#3594 = AXIS2_PLACEMENT_3D('',#3595,#3596,#3597);
#3595 = CARTESIAN_POINT('',(88.59285697619,-53.56240414853,1.585));
#3596 = DIRECTION('',(0.,0.,-1.));
#3597 = DIRECTION('',(-0.98738969856,0.158308506334,0.));
#3598 = ORIENTED_EDGE('',*,*,#3599,.T.);
#3599 = EDGE_CURVE('',#3591,#3600,#3602,.T.);
#3600 = VERTEX_POINT('',#3601);
#3601 = CARTESIAN_POINT('',(88.654096,-53.684689,1.585));
#3602 = LINE('',#3603,#3604);
#3603 = CARTESIAN_POINT('',(88.618173,-53.544083,1.585));
#3604 = VECTOR('',#3605,1.);
#3605 = DIRECTION('',(0.247535883843,-0.968878726266,0.));
#3606 = ORIENTED_EDGE('',*,*,#3607,.T.);
#3607 = EDGE_CURVE('',#3600,#3608,#3610,.T.);
#3608 = VERTEX_POINT('',#3609);
#3609 = CARTESIAN_POINT('',(88.675185,-53.614839,1.585));
#3610 = LINE('',#3611,#3612);
#3611 = CARTESIAN_POINT('',(88.654096,-53.684689,1.585));
#3612 = VECTOR('',#3613,1.);
#3613 = DIRECTION('',(0.289032320014,0.957319339608,0.));
#3614 = ORIENTED_EDGE('',*,*,#3615,.T.);
#3615 = EDGE_CURVE('',#3608,#3616,#3618,.T.);
#3616 = VERTEX_POINT('',#3617);
#3617 = CARTESIAN_POINT('',(88.699998,-53.603953,1.585));
#3618 = LINE('',#3619,#3620);
#3619 = CARTESIAN_POINT('',(88.675185,-53.614839,1.585));
#3620 = VECTOR('',#3621,1.);
#3621 = DIRECTION('',(0.915746048717,0.401757606349,0.));
#3622 = ORIENTED_EDGE('',*,*,#3623,.T.);
#3623 = EDGE_CURVE('',#3616,#3624,#3626,.T.);
#3624 = VERTEX_POINT('',#3625);
#3625 = CARTESIAN_POINT('',(88.724815,-53.614839,1.585));
#3626 = LINE('',#3627,#3628);
#3627 = CARTESIAN_POINT('',(88.699998,-53.603953,1.585));
#3628 = VECTOR('',#3629,1.);
#3629 = DIRECTION('',(0.915769871688,-0.401703301092,0.));
#3630 = ORIENTED_EDGE('',*,*,#3631,.T.);
#3631 = EDGE_CURVE('',#3624,#3522,#3632,.T.);
#3632 = LINE('',#3633,#3634);
#3633 = CARTESIAN_POINT('',(88.724815,-53.614839,1.585));
#3634 = VECTOR('',#3635,1.);
#3635 = DIRECTION('',(0.289019759522,-0.957323131762,0.));
#3636 = PLANE('',#3637);
#3637 = AXIS2_PLACEMENT_3D('',#3638,#3639,#3640);
#3638 = CARTESIAN_POINT('',(0.,0.,1.585));
#3639 = DIRECTION('',(0.,0.,1.));
#3640 = DIRECTION('',(1.,0.,-0.));
#3641 = SHELL_BASED_SURFACE_MODEL('',(#3642));
#3642 = OPEN_SHELL('',(#3643));
#3643 = ADVANCED_FACE('',(#3644),#3778,.T.);
#3644 = FACE_BOUND('',#3645,.F.);
#3645 = EDGE_LOOP('',(#3646,#3656,#3665,#3673,#3681,#3689,#3698,#3706,
    #3715,#3723,#3731,#3739,#3748,#3756,#3764,#3772));
#3646 = ORIENTED_EDGE('',*,*,#3647,.T.);
#3647 = EDGE_CURVE('',#3648,#3650,#3652,.T.);
#3648 = VERTEX_POINT('',#3649);
#3649 = CARTESIAN_POINT('',(88.86083,-53.719189,1.585));
#3650 = VERTEX_POINT('',#3651);
#3651 = CARTESIAN_POINT('',(88.926391,-53.530025,1.585));
#3652 = LINE('',#3653,#3654);
#3653 = CARTESIAN_POINT('',(88.86083,-53.719189,1.585));
#3654 = VECTOR('',#3655,1.);
#3655 = DIRECTION('',(0.327472523756,0.944860702,0.));
#3656 = ORIENTED_EDGE('',*,*,#3657,.T.);
#3657 = EDGE_CURVE('',#3650,#3658,#3660,.T.);
#3658 = VERTEX_POINT('',#3659);
#3659 = CARTESIAN_POINT('',(88.98117,-53.548285,1.585));
#3660 = CIRCLE('',#3661,3.124959946521E-02);
#3661 = AXIS2_PLACEMENT_3D('',#3662,#3663,#3664);
#3662 = CARTESIAN_POINT('',(88.949998958578,-53.55049941717,1.585));
#3663 = DIRECTION('',(0.,0.,-1.));
#3664 = DIRECTION('',(-0.755464357371,0.655189747128,0.));
#3665 = ORIENTED_EDGE('',*,*,#3666,.T.);
#3666 = EDGE_CURVE('',#3658,#3667,#3669,.T.);
#3667 = VERTEX_POINT('',#3668);
#3668 = CARTESIAN_POINT('',(88.933833,-53.697821,1.585));
#3669 = LINE('',#3670,#3671);
#3670 = CARTESIAN_POINT('',(88.98117,-53.548285,1.585));
#3671 = VECTOR('',#3672,1.);
#3672 = DIRECTION('',(-0.301798605343,-0.95337170181,0.));
#3673 = ORIENTED_EDGE('',*,*,#3674,.T.);
#3674 = EDGE_CURVE('',#3667,#3675,#3677,.T.);
#3675 = VERTEX_POINT('',#3676);
#3676 = CARTESIAN_POINT('',(88.978273,-53.697821,1.585));
#3677 = LINE('',#3678,#3679);
#3678 = CARTESIAN_POINT('',(88.933833,-53.697821,1.585));
#3679 = VECTOR('',#3680,1.);
#3680 = DIRECTION('',(1.,0.,0.));
#3681 = ORIENTED_EDGE('',*,*,#3682,.T.);
#3682 = EDGE_CURVE('',#3675,#3683,#3685,.T.);
#3683 = VERTEX_POINT('',#3684);
#3684 = CARTESIAN_POINT('',(88.980652,-53.633779,1.585));
#3685 = LINE('',#3686,#3687);
#3686 = CARTESIAN_POINT('',(88.978273,-53.697821,1.585));
#3687 = VECTOR('',#3688,1.);
#3688 = DIRECTION('',(3.712189285715E-02,0.999310744999,0.));
#3689 = ORIENTED_EDGE('',*,*,#3690,.T.);
#3690 = EDGE_CURVE('',#3683,#3691,#3693,.T.);
#3691 = VERTEX_POINT('',#3692);
#3692 = CARTESIAN_POINT('',(89.038394,-53.633779,1.585));
#3693 = CIRCLE('',#3694,3.124983715157E-02);
#3694 = AXIS2_PLACEMENT_3D('',#3695,#3696,#3697);
#3695 = CARTESIAN_POINT('',(89.009523,-53.645738,1.585));
#3696 = DIRECTION('',(0.,0.,-1.));
#3697 = DIRECTION('',(-0.92387681446,0.382689994255,0.));
#3698 = ORIENTED_EDGE('',*,*,#3699,.T.);
#3699 = EDGE_CURVE('',#3691,#3700,#3702,.T.);
#3700 = VERTEX_POINT('',#3701);
#3701 = CARTESIAN_POINT('',(89.040773,-53.697821,1.585));
#3702 = LINE('',#3703,#3704);
#3703 = CARTESIAN_POINT('',(89.038394,-53.633779,1.585));
#3704 = VECTOR('',#3705,1.);
#3705 = DIRECTION('',(3.712189285715E-02,-0.999310744999,0.));
#3706 = ORIENTED_EDGE('',*,*,#3707,.T.);
#3707 = EDGE_CURVE('',#3700,#3708,#3710,.T.);
#3708 = VERTEX_POINT('',#3709);
#3709 = CARTESIAN_POINT('',(89.074108,-53.74103,1.585));
#3710 = CIRCLE('',#3711,3.174791368881E-02);
#3711 = AXIS2_PLACEMENT_3D('',#3712,#3713,#3714);
#3712 = CARTESIAN_POINT('',(89.044591256277,-53.72933847043,1.585));
#3713 = DIRECTION('',(0.,0.,-1.));
#3714 = DIRECTION('',(-0.120267943096,0.992741467787,0.));
#3715 = ORIENTED_EDGE('',*,*,#3716,.T.);
#3716 = EDGE_CURVE('',#3708,#3717,#3719,.T.);
#3717 = VERTEX_POINT('',#3718);
#3718 = CARTESIAN_POINT('',(89.057196,-53.757942,1.585));
#3719 = LINE('',#3720,#3721);
#3720 = CARTESIAN_POINT('',(89.074108,-53.74103,1.585));
#3721 = VECTOR('',#3722,1.);
#3722 = DIRECTION('',(-0.707106781186,-0.707106781187,0.));
#3723 = ORIENTED_EDGE('',*,*,#3724,.T.);
#3724 = EDGE_CURVE('',#3717,#3725,#3727,.T.);
#3725 = VERTEX_POINT('',#3726);
#3726 = CARTESIAN_POINT('',(89.040773,-53.760321,1.585));
#3727 = LINE('',#3728,#3729);
#3728 = CARTESIAN_POINT('',(89.057196,-53.757942,1.585));
#3729 = VECTOR('',#3730,1.);
#3730 = DIRECTION('',(-0.98967039023,-0.143361496581,0.));
#3731 = ORIENTED_EDGE('',*,*,#3732,.T.);
#3732 = EDGE_CURVE('',#3725,#3733,#3735,.T.);
#3733 = VERTEX_POINT('',#3734);
#3734 = CARTESIAN_POINT('',(89.038394,-53.824363,1.585));
#3735 = LINE('',#3736,#3737);
#3736 = CARTESIAN_POINT('',(89.040773,-53.760321,1.585));
#3737 = VECTOR('',#3738,1.);
#3738 = DIRECTION('',(-3.712189285715E-02,-0.999310744999,0.));
#3739 = ORIENTED_EDGE('',*,*,#3740,.T.);
#3740 = EDGE_CURVE('',#3733,#3741,#3743,.T.);
#3741 = VERTEX_POINT('',#3742);
#3742 = CARTESIAN_POINT('',(88.980652,-53.824363,1.585));
#3743 = CIRCLE('',#3744,3.124983715157E-02);
#3744 = AXIS2_PLACEMENT_3D('',#3745,#3746,#3747);
#3745 = CARTESIAN_POINT('',(89.009523,-53.812404,1.585));
#3746 = DIRECTION('',(-0.,0.,-1.));
#3747 = DIRECTION('',(0.92387681446,-0.382689994254,-0.));
#3748 = ORIENTED_EDGE('',*,*,#3749,.T.);
#3749 = EDGE_CURVE('',#3741,#3750,#3752,.T.);
#3750 = VERTEX_POINT('',#3751);
#3751 = CARTESIAN_POINT('',(88.978273,-53.760321,1.585));
#3752 = LINE('',#3753,#3754);
#3753 = CARTESIAN_POINT('',(88.980652,-53.824363,1.585));
#3754 = VECTOR('',#3755,1.);
#3755 = DIRECTION('',(-3.712189285715E-02,0.999310744999,0.));
#3756 = ORIENTED_EDGE('',*,*,#3757,.T.);
#3757 = EDGE_CURVE('',#3750,#3758,#3760,.T.);
#3758 = VERTEX_POINT('',#3759);
#3759 = CARTESIAN_POINT('',(88.878517,-53.757942,1.585));
#3760 = LINE('',#3761,#3762);
#3761 = CARTESIAN_POINT('',(88.978273,-53.760321,1.585));
#3762 = VECTOR('',#3763,1.);
#3763 = DIRECTION('',(-0.999715753167,2.38414108102E-02,0.));
#3764 = ORIENTED_EDGE('',*,*,#3765,.T.);
#3765 = EDGE_CURVE('',#3758,#3766,#3768,.T.);
#3766 = VERTEX_POINT('',#3767);
#3767 = CARTESIAN_POINT('',(88.861605,-53.74103,1.585));
#3768 = LINE('',#3769,#3770);
#3769 = CARTESIAN_POINT('',(88.878517,-53.757942,1.585));
#3770 = VECTOR('',#3771,1.);
#3771 = DIRECTION('',(-0.707106781187,0.707106781186,0.));
#3772 = ORIENTED_EDGE('',*,*,#3773,.T.);
#3773 = EDGE_CURVE('',#3766,#3648,#3774,.T.);
#3774 = LINE('',#3775,#3776);
#3775 = CARTESIAN_POINT('',(88.861605,-53.74103,1.585));
#3776 = VECTOR('',#3777,1.);
#3777 = DIRECTION('',(-3.546140566258E-02,0.999371046563,0.));
#3778 = PLANE('',#3779);
#3779 = AXIS2_PLACEMENT_3D('',#3780,#3781,#3782);
#3780 = CARTESIAN_POINT('',(0.,0.,1.585));
#3781 = DIRECTION('',(0.,0.,1.));
#3782 = DIRECTION('',(1.,0.,-0.));
#3783 = SHELL_BASED_SURFACE_MODEL('',(#3784));
#3784 = OPEN_SHELL('',(#3785));
#3785 = ADVANCED_FACE('',(#3786),#3822,.T.);
#3786 = FACE_BOUND('',#3787,.F.);
#3787 = EDGE_LOOP('',(#3788,#3799,#3807,#3816));
#3788 = ORIENTED_EDGE('',*,*,#3789,.T.);
#3789 = EDGE_CURVE('',#3790,#3792,#3794,.T.);
#3790 = VERTEX_POINT('',#3791);
#3791 = CARTESIAN_POINT('',(95.038748,-53.825,1.585));
#3792 = VERTEX_POINT('',#3793);
#3793 = CARTESIAN_POINT('',(95.038748,-53.705,1.585));
#3794 = CIRCLE('',#3795,6.000000000043E-02);
#3795 = AXIS2_PLACEMENT_3D('',#3796,#3797,#3798);
#3796 = CARTESIAN_POINT('',(95.038747774412,-53.765,1.585));
#3797 = DIRECTION('',(0.,0.,-1.));
#3798 = DIRECTION('',(3.759794016836E-06,-0.999999999993,0.));
#3799 = ORIENTED_EDGE('',*,*,#3800,.T.);
#3800 = EDGE_CURVE('',#3792,#3801,#3803,.T.);
#3801 = VERTEX_POINT('',#3802);
#3802 = CARTESIAN_POINT('',(95.561252,-53.705,1.585));
#3803 = LINE('',#3804,#3805);
#3804 = CARTESIAN_POINT('',(95.038748,-53.705,1.585));
#3805 = VECTOR('',#3806,1.);
#3806 = DIRECTION('',(1.,0.,0.));
#3807 = ORIENTED_EDGE('',*,*,#3808,.T.);
#3808 = EDGE_CURVE('',#3801,#3809,#3811,.T.);
#3809 = VERTEX_POINT('',#3810);
#3810 = CARTESIAN_POINT('',(95.561252,-53.825,1.585));
#3811 = CIRCLE('',#3812,6.000000000043E-02);
#3812 = AXIS2_PLACEMENT_3D('',#3813,#3814,#3815);
#3813 = CARTESIAN_POINT('',(95.561252225588,-53.765,1.585));
#3814 = DIRECTION('',(0.,0.,-1.));
#3815 = DIRECTION('',(-3.759794016836E-06,0.999999999993,-0.));
#3816 = ORIENTED_EDGE('',*,*,#3817,.T.);
#3817 = EDGE_CURVE('',#3809,#3790,#3818,.T.);
#3818 = LINE('',#3819,#3820);
#3819 = CARTESIAN_POINT('',(95.561252,-53.825,1.585));
#3820 = VECTOR('',#3821,1.);
#3821 = DIRECTION('',(-1.,0.,0.));
#3822 = PLANE('',#3823);
#3823 = AXIS2_PLACEMENT_3D('',#3824,#3825,#3826);
#3824 = CARTESIAN_POINT('',(0.,0.,1.585));
#3825 = DIRECTION('',(0.,0.,1.));
#3826 = DIRECTION('',(1.,0.,-0.));
#3827 = SHELL_BASED_SURFACE_MODEL('',(#3828));
#3828 = OPEN_SHELL('',(#3829));
#3829 = ADVANCED_FACE('',(#3830),#3866,.T.);
#3830 = FACE_BOUND('',#3831,.F.);
#3831 = EDGE_LOOP('',(#3832,#3843,#3851,#3860));
#3832 = ORIENTED_EDGE('',*,*,#3833,.T.);
#3833 = EDGE_CURVE('',#3834,#3836,#3838,.T.);
#3834 = VERTEX_POINT('',#3835);
#3835 = CARTESIAN_POINT('',(99.611248,-53.825,1.585));
#3836 = VERTEX_POINT('',#3837);
#3837 = CARTESIAN_POINT('',(99.611248,-53.705,1.585));
#3838 = CIRCLE('',#3839,6.000000000043E-02);
#3839 = AXIS2_PLACEMENT_3D('',#3840,#3841,#3842);
#3840 = CARTESIAN_POINT('',(99.611247774412,-53.765,1.585));
#3841 = DIRECTION('',(0.,0.,-1.));
#3842 = DIRECTION('',(3.759794253684E-06,-0.999999999993,0.));
#3843 = ORIENTED_EDGE('',*,*,#3844,.T.);
#3844 = EDGE_CURVE('',#3836,#3845,#3847,.T.);
#3845 = VERTEX_POINT('',#3846);
#3846 = CARTESIAN_POINT('',(100.133752,-53.705,1.585));
#3847 = LINE('',#3848,#3849);
#3848 = CARTESIAN_POINT('',(99.611248,-53.705,1.585));
#3849 = VECTOR('',#3850,1.);
#3850 = DIRECTION('',(1.,0.,0.));
#3851 = ORIENTED_EDGE('',*,*,#3852,.T.);
#3852 = EDGE_CURVE('',#3845,#3853,#3855,.T.);
#3853 = VERTEX_POINT('',#3854);
#3854 = CARTESIAN_POINT('',(100.133752,-53.825,1.585));
#3855 = CIRCLE('',#3856,6.000000000043E-02);
#3856 = AXIS2_PLACEMENT_3D('',#3857,#3858,#3859);
#3857 = CARTESIAN_POINT('',(100.13375222558,-53.765,1.585));
#3858 = DIRECTION('',(0.,0.,-1.));
#3859 = DIRECTION('',(-3.759794016836E-06,0.999999999993,-0.));
#3860 = ORIENTED_EDGE('',*,*,#3861,.T.);
#3861 = EDGE_CURVE('',#3853,#3834,#3862,.T.);
#3862 = LINE('',#3863,#3864);
#3863 = CARTESIAN_POINT('',(100.133752,-53.825,1.585));
#3864 = VECTOR('',#3865,1.);
#3865 = DIRECTION('',(-1.,0.,0.));
#3866 = PLANE('',#3867);
#3867 = AXIS2_PLACEMENT_3D('',#3868,#3869,#3870);
#3868 = CARTESIAN_POINT('',(0.,0.,1.585));
#3869 = DIRECTION('',(0.,0.,1.));
#3870 = DIRECTION('',(1.,0.,-0.));
#3871 = SHELL_BASED_SURFACE_MODEL('',(#3872));
#3872 = OPEN_SHELL('',(#3873));
#3873 = ADVANCED_FACE('',(#3874),#4080,.T.);
#3874 = FACE_BOUND('',#3875,.F.);
#3875 = EDGE_LOOP('',(#3876,#3886,#3894,#3902,#3911,#3919,#3927,#3935,
    #3944,#3952,#3961,#3969,#3977,#3985,#3994,#4002,#4010,#4018,#4026,
    #4034,#4042,#4050,#4058,#4066,#4074));
#3876 = ORIENTED_EDGE('',*,*,#3877,.T.);
#3877 = EDGE_CURVE('',#3878,#3880,#3882,.T.);
#3878 = VERTEX_POINT('',#3879);
#3879 = CARTESIAN_POINT('',(101.246154,-53.290479,1.585));
#3880 = VERTEX_POINT('',#3881);
#3881 = CARTESIAN_POINT('',(101.260438,-53.147631,1.585));
#3882 = LINE('',#3883,#3884);
#3883 = CARTESIAN_POINT('',(101.246154,-53.290479,1.585));
#3884 = VECTOR('',#3885,1.);
#3885 = DIRECTION('',(9.949820162534E-02,0.995037741934,0.));
#3886 = ORIENTED_EDGE('',*,*,#3887,.T.);
#3887 = EDGE_CURVE('',#3880,#3888,#3890,.T.);
#3888 = VERTEX_POINT('',#3889);
#3889 = CARTESIAN_POINT('',(101.2805,-53.132641,1.585));
#3890 = LINE('',#3891,#3892);
#3891 = CARTESIAN_POINT('',(101.260438,-53.147631,1.585));
#3892 = VECTOR('',#3893,1.);
#3893 = DIRECTION('',(0.801081606645,0.598555143236,0.));
#3894 = ORIENTED_EDGE('',*,*,#3895,.T.);
#3895 = EDGE_CURVE('',#3888,#3896,#3898,.T.);
#3896 = VERTEX_POINT('',#3897);
#3897 = CARTESIAN_POINT('',(101.418983,-53.133533,1.585));
#3898 = LINE('',#3899,#3900);
#3899 = CARTESIAN_POINT('',(101.2805,-53.132641,1.585));
#3900 = VECTOR('',#3901,1.);
#3901 = DIRECTION('',(0.999979255963,-6.441090215547E-03,0.));
#3902 = ORIENTED_EDGE('',*,*,#3903,.T.);
#3903 = EDGE_CURVE('',#3896,#3904,#3906,.T.);
#3904 = VERTEX_POINT('',#3905);
#3905 = CARTESIAN_POINT('',(101.418983,-53.191275,1.585));
#3906 = CIRCLE('',#3907,3.124983715158E-02);
#3907 = AXIS2_PLACEMENT_3D('',#3908,#3909,#3910);
#3908 = CARTESIAN_POINT('',(101.407024,-53.162404,1.585));
#3909 = DIRECTION('',(0.,0.,-1.));
#3910 = DIRECTION('',(0.382689994255,0.92387681446,0.));
#3911 = ORIENTED_EDGE('',*,*,#3912,.T.);
#3912 = EDGE_CURVE('',#3904,#3913,#3915,.T.);
#3913 = VERTEX_POINT('',#3914);
#3914 = CARTESIAN_POINT('',(101.316257,-53.193654,1.585));
#3915 = LINE('',#3916,#3917);
#3916 = CARTESIAN_POINT('',(101.418983,-53.191275,1.585));
#3917 = VECTOR('',#3918,1.);
#3918 = DIRECTION('',(-0.999731945265,-2.315248620397E-02,0.));
#3919 = ORIENTED_EDGE('',*,*,#3920,.T.);
#3920 = EDGE_CURVE('',#3913,#3921,#3923,.T.);
#3921 = VERTEX_POINT('',#3922);
#3922 = CARTESIAN_POINT('',(101.312984,-53.226392,1.585));
#3923 = LINE('',#3924,#3925);
#3924 = CARTESIAN_POINT('',(101.316257,-53.193654,1.585));
#3925 = VECTOR('',#3926,1.);
#3926 = DIRECTION('',(-9.947964451626E-02,-0.995039597366,0.));
#3927 = ORIENTED_EDGE('',*,*,#3928,.T.);
#3928 = EDGE_CURVE('',#3921,#3929,#3931,.T.);
#3929 = VERTEX_POINT('',#3930);
#3930 = CARTESIAN_POINT('',(101.385286,-53.229691,1.585));
#3931 = LINE('',#3932,#3933);
#3932 = CARTESIAN_POINT('',(101.312984,-53.226392,1.585));
#3933 = VECTOR('',#3934,1.);
#3934 = DIRECTION('',(0.998960662648,-4.558063713427E-02,0.));
#3935 = ORIENTED_EDGE('',*,*,#3936,.T.);
#3936 = EDGE_CURVE('',#3929,#3937,#3939,.T.);
#3937 = VERTEX_POINT('',#3938);
#3938 = CARTESIAN_POINT('',(101.450179,-53.305261,1.585));
#3939 = CIRCLE('',#3940,9.606873974569E-02);
#3940 = AXIS2_PLACEMENT_3D('',#3941,#3942,#3943);
#3941 = CARTESIAN_POINT('',(101.35540751748,-53.32099532103,1.585));
#3942 = DIRECTION('',(0.,0.,-1.));
#3943 = DIRECTION('',(0.311011496494,0.950406149522,0.));
#3944 = ORIENTED_EDGE('',*,*,#3945,.T.);
#3945 = EDGE_CURVE('',#3937,#3946,#3948,.T.);
#3946 = VERTEX_POINT('',#3947);
#3947 = CARTESIAN_POINT('',(101.44688,-53.378761,1.585));
#3948 = LINE('',#3949,#3950);
#3949 = CARTESIAN_POINT('',(101.450179,-53.305261,1.585));
#3950 = VECTOR('',#3951,1.);
#3951 = DIRECTION('',(-4.483920981416E-02,-0.998994216832,0.));
#3952 = ORIENTED_EDGE('',*,*,#3953,.T.);
#3953 = EDGE_CURVE('',#3946,#3954,#3956,.T.);
#3954 = VERTEX_POINT('',#3955);
#3955 = CARTESIAN_POINT('',(101.37131,-53.443654,1.585));
#3956 = CIRCLE('',#3957,9.606456335987E-02);
#3957 = AXIS2_PLACEMENT_3D('',#3958,#3959,#3960);
#3958 = CARTESIAN_POINT('',(101.35557886078,-53.34888622281,1.585));
#3959 = DIRECTION('',(0.,0.,-1.));
#3960 = DIRECTION('',(0.950414346562,-0.310986446407,0.));
#3961 = ORIENTED_EDGE('',*,*,#3962,.T.);
#3962 = EDGE_CURVE('',#3954,#3963,#3965,.T.);
#3963 = VERTEX_POINT('',#3964);
#3964 = CARTESIAN_POINT('',(101.297812,-53.440355,1.585));
#3965 = LINE('',#3966,#3967);
#3966 = CARTESIAN_POINT('',(101.37131,-53.443654,1.585));
#3967 = VECTOR('',#3968,1.);
#3968 = DIRECTION('',(-0.998994162176,4.484042750854E-02,0.));
#3969 = ORIENTED_EDGE('',*,*,#3970,.T.);
#3970 = EDGE_CURVE('',#3963,#3971,#3973,.T.);
#3971 = VERTEX_POINT('',#3972);
#3972 = CARTESIAN_POINT('',(101.265878,-53.422597,1.585));
#3973 = LINE('',#3974,#3975);
#3974 = CARTESIAN_POINT('',(101.297812,-53.440355,1.585));
#3975 = VECTOR('',#3976,1.);
#3976 = DIRECTION('',(-0.873960983331,0.485996090123,0.));
#3977 = ORIENTED_EDGE('',*,*,#3978,.T.);
#3978 = EDGE_CURVE('',#3971,#3979,#3981,.T.);
#3979 = VERTEX_POINT('',#3980);
#3980 = CARTESIAN_POINT('',(101.2472,-53.400552,1.585));
#3981 = LINE('',#3982,#3983);
#3982 = CARTESIAN_POINT('',(101.265878,-53.422597,1.585));
#3983 = VECTOR('',#3984,1.);
#3984 = DIRECTION('',(-0.646437022164,0.762967349482,0.));
#3985 = ORIENTED_EDGE('',*,*,#3986,.T.);
#3986 = EDGE_CURVE('',#3979,#3987,#3989,.T.);
#3987 = VERTEX_POINT('',#3988);
#3988 = CARTESIAN_POINT('',(101.288032,-53.359724,1.585));
#3989 = CIRCLE('',#3990,3.124999572085E-02);
#3990 = AXIS2_PLACEMENT_3D('',#3991,#3992,#3993);
#3991 = CARTESIAN_POINT('',(101.27607187871,-53.38859470714,1.585));
#3992 = DIRECTION('',(0.,0.,-1.));
#3993 = DIRECTION('',(-0.923900245221,-0.382633423632,-0.));
#3994 = ORIENTED_EDGE('',*,*,#3995,.T.);
#3995 = EDGE_CURVE('',#3987,#3996,#3998,.T.);
#3996 = VERTEX_POINT('',#3997);
#3997 = CARTESIAN_POINT('',(101.319162,-53.381154,1.585));
#3998 = LINE('',#3999,#4000);
#3999 = CARTESIAN_POINT('',(101.288032,-53.359724,1.585));
#4000 = VECTOR('',#4001,1.);
#4001 = DIRECTION('',(0.823694352454,-0.56703404989,0.));
#4002 = ORIENTED_EDGE('',*,*,#4003,.T.);
#4003 = EDGE_CURVE('',#3996,#4004,#4006,.T.);
#4004 = VERTEX_POINT('',#4005);
#4005 = CARTESIAN_POINT('',(101.363933,-53.381154,1.585));
#4006 = LINE('',#4007,#4008);
#4007 = CARTESIAN_POINT('',(101.319162,-53.381154,1.585));
#4008 = VECTOR('',#4009,1.);
#4009 = DIRECTION('',(1.,0.,0.));
#4010 = ORIENTED_EDGE('',*,*,#4011,.T.);
#4011 = EDGE_CURVE('',#4004,#4012,#4014,.T.);
#4012 = VERTEX_POINT('',#4013);
#4013 = CARTESIAN_POINT('',(101.381341,-53.370084,1.585));
#4014 = LINE('',#4015,#4016);
#4015 = CARTESIAN_POINT('',(101.363933,-53.381154,1.585));
#4016 = VECTOR('',#4017,1.);
#4017 = DIRECTION('',(0.843833099132,0.536605721932,0.));
#4018 = ORIENTED_EDGE('',*,*,#4019,.T.);
#4019 = EDGE_CURVE('',#4012,#4020,#4022,.T.);
#4020 = VERTEX_POINT('',#4021);
#4021 = CARTESIAN_POINT('',(101.387679,-53.357408,1.585));
#4022 = LINE('',#4023,#4024);
#4023 = CARTESIAN_POINT('',(101.381341,-53.370084,1.585));
#4024 = VECTOR('',#4025,1.);
#4025 = DIRECTION('',(0.4472135955,0.894427191,0.));
#4026 = ORIENTED_EDGE('',*,*,#4027,.T.);
#4027 = EDGE_CURVE('',#4020,#4028,#4030,.T.);
#4028 = VERTEX_POINT('',#4029);
#4029 = CARTESIAN_POINT('',(101.387679,-53.312638,1.585));
#4030 = LINE('',#4031,#4032);
#4031 = CARTESIAN_POINT('',(101.387679,-53.357408,1.585));
#4032 = VECTOR('',#4033,1.);
#4033 = DIRECTION('',(0.,1.,0.));
#4034 = ORIENTED_EDGE('',*,*,#4035,.T.);
#4035 = EDGE_CURVE('',#4028,#4036,#4038,.T.);
#4036 = VERTEX_POINT('',#4037);
#4037 = CARTESIAN_POINT('',(101.376607,-53.295229,1.585));
#4038 = LINE('',#4039,#4040);
#4039 = CARTESIAN_POINT('',(101.387679,-53.312638,1.585));
#4040 = VECTOR('',#4041,1.);
#4041 = DIRECTION('',(-0.536652799532,0.843803159958,0.));
#4042 = ORIENTED_EDGE('',*,*,#4043,.T.);
#4043 = EDGE_CURVE('',#4036,#4044,#4046,.T.);
#4044 = VERTEX_POINT('',#4045);
#4045 = CARTESIAN_POINT('',(101.363932,-53.288892,1.585));
#4046 = LINE('',#4047,#4048);
#4047 = CARTESIAN_POINT('',(101.376607,-53.295229,1.585));
#4048 = VECTOR('',#4049,1.);
#4049 = DIRECTION('',(-0.894441304027,0.447185368333,0.));
#4050 = ORIENTED_EDGE('',*,*,#4051,.T.);
#4051 = EDGE_CURVE('',#4044,#4052,#4054,.T.);
#4052 = VERTEX_POINT('',#4053);
#4053 = CARTESIAN_POINT('',(101.319163,-53.288892,1.585));
#4054 = LINE('',#4055,#4056);
#4055 = CARTESIAN_POINT('',(101.363932,-53.288892,1.585));
#4056 = VECTOR('',#4057,1.);
#4057 = DIRECTION('',(-1.,0.,0.));
#4058 = ORIENTED_EDGE('',*,*,#4059,.T.);
#4059 = EDGE_CURVE('',#4052,#4060,#4062,.T.);
#4060 = VERTEX_POINT('',#4061);
#4061 = CARTESIAN_POINT('',(101.285099,-53.31137,1.585));
#4062 = LINE('',#4063,#4064);
#4063 = CARTESIAN_POINT('',(101.319163,-53.288892,1.585));
#4064 = VECTOR('',#4065,1.);
#4065 = DIRECTION('',(-0.834657166119,-0.55076983854,0.));
#4066 = ORIENTED_EDGE('',*,*,#4067,.T.);
#4067 = EDGE_CURVE('',#4060,#4068,#4070,.T.);
#4068 = VERTEX_POINT('',#4069);
#4069 = CARTESIAN_POINT('',(101.2613,-53.30899,1.585));
#4070 = LINE('',#4071,#4072);
#4071 = CARTESIAN_POINT('',(101.285099,-53.31137,1.585));
#4072 = VECTOR('',#4073,1.);
#4073 = DIRECTION('',(-0.995036776241,9.950785862635E-02,0.));
#4074 = ORIENTED_EDGE('',*,*,#4075,.T.);
#4075 = EDGE_CURVE('',#4068,#3878,#4076,.T.);
#4076 = LINE('',#4077,#4078);
#4077 = CARTESIAN_POINT('',(101.2613,-53.30899,1.585));
#4078 = VECTOR('',#4079,1.);
#4079 = DIRECTION('',(-0.633253727585,0.773944259298,0.));
#4080 = PLANE('',#4081);
#4081 = AXIS2_PLACEMENT_3D('',#4082,#4083,#4084);
#4082 = CARTESIAN_POINT('',(0.,0.,1.585));
#4083 = DIRECTION('',(0.,0.,1.));
#4084 = DIRECTION('',(1.,0.,-0.));
#4085 = SHELL_BASED_SURFACE_MODEL('',(#4086));
#4086 = OPEN_SHELL('',(#4087));
#4087 = ADVANCED_FACE('',(#4088,#4197),#4248,.T.);
#4088 = FACE_BOUND('',#4089,.F.);
#4089 = EDGE_LOOP('',(#4090,#4100,#4108,#4117,#4125,#4133,#4141,#4149,
    #4158,#4166,#4174,#4182,#4191));
#4090 = ORIENTED_EDGE('',*,*,#4091,.T.);
#4091 = EDGE_CURVE('',#4092,#4094,#4096,.T.);
#4092 = VERTEX_POINT('',#4093);
#4093 = CARTESIAN_POINT('',(101.009105,-53.150445,1.585));
#4094 = VERTEX_POINT('',#4095);
#4095 = CARTESIAN_POINT('',(101.026017,-53.133533,1.585));
#4096 = LINE('',#4097,#4098);
#4097 = CARTESIAN_POINT('',(101.009105,-53.150445,1.585));
#4098 = VECTOR('',#4099,1.);
#4099 = DIRECTION('',(0.707106781186,0.707106781187,0.));
#4100 = ORIENTED_EDGE('',*,*,#4101,.T.);
#4101 = EDGE_CURVE('',#4094,#4102,#4104,.T.);
#4102 = VERTEX_POINT('',#4103);
#4103 = CARTESIAN_POINT('',(101.134749,-53.131459,1.585));
#4104 = LINE('',#4105,#4106);
#4105 = CARTESIAN_POINT('',(101.026017,-53.133533,1.585));
#4106 = VECTOR('',#4107,1.);
#4107 = DIRECTION('',(0.999818132847,1.907095250272E-02,0.));
#4108 = ORIENTED_EDGE('',*,*,#4109,.T.);
#4109 = EDGE_CURVE('',#4102,#4110,#4112,.T.);
#4110 = VERTEX_POINT('',#4111);
#4111 = CARTESIAN_POINT('',(101.212083,-53.210023,1.585));
#4112 = CIRCLE('',#4113,9.551901418157E-02);
#4113 = AXIS2_PLACEMENT_3D('',#4114,#4115,#4116);
#4114 = CARTESIAN_POINT('',(101.1178206189,-53.22546597837,1.585));
#4115 = DIRECTION('',(0.,0.,-1.));
#4116 = DIRECTION('',(0.177225249197,0.984170316077,0.));
#4117 = ORIENTED_EDGE('',*,*,#4118,.T.);
#4118 = EDGE_CURVE('',#4110,#4119,#4121,.T.);
#4119 = VERTEX_POINT('',#4120);
#4120 = CARTESIAN_POINT('',(101.208784,-53.259713,1.585));
#4121 = LINE('',#4122,#4123);
#4122 = CARTESIAN_POINT('',(101.212083,-53.210023,1.585));
#4123 = VECTOR('',#4124,1.);
#4124 = DIRECTION('',(-6.624578793681E-02,-0.997803335122,0.));
#4125 = ORIENTED_EDGE('',*,*,#4126,.T.);
#4126 = EDGE_CURVE('',#4119,#4127,#4129,.T.);
#4127 = VERTEX_POINT('',#4128);
#4128 = CARTESIAN_POINT('',(101.191026,-53.291644,1.585));
#4129 = LINE('',#4130,#4131);
#4130 = CARTESIAN_POINT('',(101.208784,-53.259713,1.585));
#4131 = VECTOR('',#4132,1.);
#4132 = DIRECTION('',(-0.486030964876,-0.873941589113,0.));
#4133 = ORIENTED_EDGE('',*,*,#4134,.T.);
#4134 = EDGE_CURVE('',#4127,#4135,#4137,.T.);
#4135 = VERTEX_POINT('',#4136);
#4136 = CARTESIAN_POINT('',(101.153131,-53.318336,1.585));
#4137 = LINE('',#4138,#4139);
#4138 = CARTESIAN_POINT('',(101.191026,-53.291644,1.585));
#4139 = VECTOR('',#4140,1.);
#4140 = DIRECTION('',(-0.817550992355,-0.575856210264,0.));
#4141 = ORIENTED_EDGE('',*,*,#4142,.T.);
#4142 = EDGE_CURVE('',#4135,#4143,#4145,.T.);
#4143 = VERTEX_POINT('',#4144);
#4144 = CARTESIAN_POINT('',(101.211343,-53.405644,1.585));
#4145 = LINE('',#4146,#4147);
#4146 = CARTESIAN_POINT('',(101.153131,-53.318336,1.585));
#4147 = VECTOR('',#4148,1.);
#4148 = DIRECTION('',(0.554744178783,-0.832020970954,0.));
#4149 = ORIENTED_EDGE('',*,*,#4150,.T.);
#4150 = EDGE_CURVE('',#4143,#4151,#4153,.T.);
#4151 = VERTEX_POINT('',#4152);
#4152 = CARTESIAN_POINT('',(101.164039,-53.438757,1.585));
#4153 = CIRCLE('',#4154,3.124992319402E-02);
#4154 = AXIS2_PLACEMENT_3D('',#4155,#4156,#4157);
#4155 = CARTESIAN_POINT('',(101.18083281081,-53.41240314604,1.585));
#4156 = DIRECTION('',(0.,0.,-1.));
#4157 = DIRECTION('',(0.976328453643,0.216293205179,0.));
#4158 = ORIENTED_EDGE('',*,*,#4159,.T.);
#4159 = EDGE_CURVE('',#4151,#4160,#4162,.T.);
#4160 = VERTEX_POINT('',#4161);
#4161 = CARTESIAN_POINT('',(101.081229,-53.324607,1.585));
#4162 = LINE('',#4163,#4164);
#4163 = CARTESIAN_POINT('',(101.164039,-53.438757,1.585));
#4164 = VECTOR('',#4165,1.);
#4165 = DIRECTION('',(-0.587205752545,0.809437708646,0.));
#4166 = ORIENTED_EDGE('',*,*,#4167,.T.);
#4167 = EDGE_CURVE('',#4160,#4168,#4170,.T.);
#4168 = VERTEX_POINT('',#4169);
#4169 = CARTESIAN_POINT('',(101.069226,-53.324607,1.585));
#4170 = LINE('',#4171,#4172);
#4171 = CARTESIAN_POINT('',(101.081229,-53.324607,1.585));
#4172 = VECTOR('',#4173,1.);
#4173 = DIRECTION('',(-1.,0.,0.));
#4174 = ORIENTED_EDGE('',*,*,#4175,.T.);
#4175 = EDGE_CURVE('',#4168,#4176,#4178,.T.);
#4176 = VERTEX_POINT('',#4177);
#4177 = CARTESIAN_POINT('',(101.066847,-53.424363,1.585));
#4178 = LINE('',#4179,#4180);
#4179 = CARTESIAN_POINT('',(101.069226,-53.324607,1.585));
#4180 = VECTOR('',#4181,1.);
#4181 = DIRECTION('',(-2.384141081027E-02,-0.999715753167,0.));
#4182 = ORIENTED_EDGE('',*,*,#4183,.T.);
#4183 = EDGE_CURVE('',#4176,#4184,#4186,.T.);
#4184 = VERTEX_POINT('',#4185);
#4185 = CARTESIAN_POINT('',(101.009105,-53.424363,1.585));
#4186 = CIRCLE('',#4187,3.124983715157E-02);
#4187 = AXIS2_PLACEMENT_3D('',#4188,#4189,#4190);
#4188 = CARTESIAN_POINT('',(101.037976,-53.412404,1.585));
#4189 = DIRECTION('',(-0.,0.,-1.));
#4190 = DIRECTION('',(0.92387681446,-0.382689994255,-0.));
#4191 = ORIENTED_EDGE('',*,*,#4192,.T.);
#4192 = EDGE_CURVE('',#4184,#4092,#4193,.T.);
#4193 = LINE('',#4194,#4195);
#4194 = CARTESIAN_POINT('',(101.009105,-53.424363,1.585));
#4195 = VECTOR('',#4196,1.);
#4196 = DIRECTION('',(0.,1.,0.));
#4197 = FACE_BOUND('',#4198,.F.);
#4198 = EDGE_LOOP('',(#4199,#4210,#4218,#4226,#4234,#4242));
#4199 = ORIENTED_EDGE('',*,*,#4200,.T.);
#4200 = EDGE_CURVE('',#4201,#4203,#4205,.T.);
#4201 = VERTEX_POINT('',#4202);
#4202 = CARTESIAN_POINT('',(101.143245,-53.251036,1.585));
#4203 = VERTEX_POINT('',#4204);
#4204 = CARTESIAN_POINT('',(101.138513,-53.199992,1.585));
#4205 = CIRCLE('',#4206,3.78238713178E-02);
#4206 = AXIS2_PLACEMENT_3D('',#4207,#4208,#4209);
#4207 = CARTESIAN_POINT('',(101.11318274712,-53.22808156266,1.585));
#4208 = DIRECTION('',(0.,-0.,1.));
#4209 = DIRECTION('',(0.794795768644,-0.606876994247,-0.));
#4210 = ORIENTED_EDGE('',*,*,#4211,.T.);
#4211 = EDGE_CURVE('',#4203,#4212,#4214,.T.);
#4212 = VERTEX_POINT('',#4213);
#4213 = CARTESIAN_POINT('',(101.125837,-53.193654,1.585));
#4214 = LINE('',#4215,#4216);
#4215 = CARTESIAN_POINT('',(101.138513,-53.199992,1.585));
#4216 = VECTOR('',#4217,1.);
#4217 = DIRECTION('',(-0.894427191,0.4472135955,0.));
#4218 = ORIENTED_EDGE('',*,*,#4219,.T.);
#4219 = EDGE_CURVE('',#4212,#4220,#4222,.T.);
#4220 = VERTEX_POINT('',#4221);
#4221 = CARTESIAN_POINT('',(101.069226,-53.193654,1.585));
#4222 = LINE('',#4223,#4224);
#4223 = CARTESIAN_POINT('',(101.125837,-53.193654,1.585));
#4224 = VECTOR('',#4225,1.);
#4225 = DIRECTION('',(-1.,0.,0.));
#4226 = ORIENTED_EDGE('',*,*,#4227,.T.);
#4227 = EDGE_CURVE('',#4220,#4228,#4230,.T.);
#4228 = VERTEX_POINT('',#4229);
#4229 = CARTESIAN_POINT('',(101.069226,-53.262107,1.585));
#4230 = LINE('',#4231,#4232);
#4231 = CARTESIAN_POINT('',(101.069226,-53.193654,1.585));
#4232 = VECTOR('',#4233,1.);
#4233 = DIRECTION('',(0.,-1.,0.));
#4234 = ORIENTED_EDGE('',*,*,#4235,.T.);
#4235 = EDGE_CURVE('',#4228,#4236,#4238,.T.);
#4236 = VERTEX_POINT('',#4237);
#4237 = CARTESIAN_POINT('',(101.125837,-53.262107,1.585));
#4238 = LINE('',#4239,#4240);
#4239 = CARTESIAN_POINT('',(101.069226,-53.262107,1.585));
#4240 = VECTOR('',#4241,1.);
#4241 = DIRECTION('',(1.,0.,0.));
#4242 = ORIENTED_EDGE('',*,*,#4243,.T.);
#4243 = EDGE_CURVE('',#4236,#4201,#4244,.T.);
#4244 = LINE('',#4245,#4246);
#4245 = CARTESIAN_POINT('',(101.125837,-53.262107,1.585));
#4246 = VECTOR('',#4247,1.);
#4247 = DIRECTION('',(0.843811149754,0.536640236612,0.));
#4248 = PLANE('',#4249);
#4249 = AXIS2_PLACEMENT_3D('',#4250,#4251,#4252);
#4250 = CARTESIAN_POINT('',(0.,0.,1.585));
#4251 = DIRECTION('',(0.,0.,1.));
#4252 = DIRECTION('',(1.,0.,-0.));
#4253 = SHELL_BASED_SURFACE_MODEL('',(#4254));
#4254 = OPEN_SHELL('',(#4255));
#4255 = ADVANCED_FACE('',(#4256,#4382),#4450,.T.);
#4256 = FACE_BOUND('',#4257,.F.);
#4257 = EDGE_LOOP('',(#4258,#4269,#4277,#4285,#4293,#4301,#4309,#4317,
    #4325,#4334,#4342,#4351,#4359,#4368,#4376));
#4258 = ORIENTED_EDGE('',*,*,#4259,.T.);
#4259 = EDGE_CURVE('',#4260,#4262,#4264,.T.);
#4260 = VERTEX_POINT('',#4261);
#4261 = CARTESIAN_POINT('',(99.361975,-53.104593,1.585));
#4262 = VERTEX_POINT('',#4263);
#4263 = CARTESIAN_POINT('',(99.507078,-53.033533,1.585));
#4264 = CIRCLE('',#4265,0.118588149717);
#4265 = AXIS2_PLACEMENT_3D('',#4266,#4267,#4268);
#4266 = CARTESIAN_POINT('',(99.472709404099,-53.14703167342,1.585));
#4267 = DIRECTION('',(0.,0.,-1.));
#4268 = DIRECTION('',(-0.933772930633,0.357866055972,0.));
#4269 = ORIENTED_EDGE('',*,*,#4270,.T.);
#4270 = EDGE_CURVE('',#4262,#4271,#4273,.T.);
#4271 = VERTEX_POINT('',#4272);
#4272 = CARTESIAN_POINT('',(99.52399,-53.050445,1.585));
#4273 = LINE('',#4274,#4275);
#4274 = CARTESIAN_POINT('',(99.507078,-53.033533,1.585));
#4275 = VECTOR('',#4276,1.);
#4276 = DIRECTION('',(0.707106781186,-0.707106781187,0.));
#4277 = ORIENTED_EDGE('',*,*,#4278,.T.);
#4278 = EDGE_CURVE('',#4271,#4279,#4281,.T.);
#4279 = VERTEX_POINT('',#4280);
#4280 = CARTESIAN_POINT('',(99.52399,-53.074363,1.585));
#4281 = LINE('',#4282,#4283);
#4282 = CARTESIAN_POINT('',(99.52399,-53.050445,1.585));
#4283 = VECTOR('',#4284,1.);
#4284 = DIRECTION('',(0.,-1.,0.));
#4285 = ORIENTED_EDGE('',*,*,#4286,.T.);
#4286 = EDGE_CURVE('',#4279,#4287,#4289,.T.);
#4287 = VERTEX_POINT('',#4288);
#4288 = CARTESIAN_POINT('',(99.507078,-53.091275,1.585));
#4289 = LINE('',#4290,#4291);
#4290 = CARTESIAN_POINT('',(99.52399,-53.074363,1.585));
#4291 = VECTOR('',#4292,1.);
#4292 = DIRECTION('',(-0.707106781186,-0.707106781187,0.));
#4293 = ORIENTED_EDGE('',*,*,#4294,.T.);
#4294 = EDGE_CURVE('',#4287,#4295,#4297,.T.);
#4295 = VERTEX_POINT('',#4296);
#4296 = CARTESIAN_POINT('',(99.454878,-53.093654,1.585));
#4297 = LINE('',#4298,#4299);
#4298 = CARTESIAN_POINT('',(99.507078,-53.091275,1.585));
#4299 = VECTOR('',#4300,1.);
#4300 = DIRECTION('',(-0.998963087797,-4.552745566792E-02,0.));
#4301 = ORIENTED_EDGE('',*,*,#4302,.T.);
#4302 = EDGE_CURVE('',#4295,#4303,#4305,.T.);
#4303 = VERTEX_POINT('',#4304);
#4304 = CARTESIAN_POINT('',(99.43607,-53.106123,1.585));
#4305 = LINE('',#4306,#4307);
#4306 = CARTESIAN_POINT('',(99.454878,-53.093654,1.585));
#4307 = VECTOR('',#4308,1.);
#4308 = DIRECTION('',(-0.8334724399,-0.552561030047,0.));
#4309 = ORIENTED_EDGE('',*,*,#4310,.T.);
#4310 = EDGE_CURVE('',#4303,#4311,#4313,.T.);
#4311 = VERTEX_POINT('',#4312);
#4312 = CARTESIAN_POINT('',(99.423691,-53.126392,1.585));
#4313 = LINE('',#4314,#4315);
#4314 = CARTESIAN_POINT('',(99.43607,-53.106123,1.585));
#4315 = VECTOR('',#4316,1.);
#4316 = DIRECTION('',(-0.521216662533,-0.853424390733,0.));
#4317 = ORIENTED_EDGE('',*,*,#4318,.T.);
#4318 = EDGE_CURVE('',#4311,#4319,#4321,.T.);
#4319 = VERTEX_POINT('',#4320);
#4320 = CARTESIAN_POINT('',(99.485286,-53.129691,1.585));
#4321 = LINE('',#4322,#4323);
#4322 = CARTESIAN_POINT('',(99.423691,-53.126392,1.585));
#4323 = VECTOR('',#4324,1.);
#4324 = DIRECTION('',(0.99856876624,-5.348288594571E-02,0.));
#4325 = ORIENTED_EDGE('',*,*,#4326,.T.);
#4326 = EDGE_CURVE('',#4319,#4327,#4329,.T.);
#4327 = VERTEX_POINT('',#4328);
#4328 = CARTESIAN_POINT('',(99.550179,-53.205261,1.585));
#4329 = CIRCLE('',#4330,9.606873974567E-02);
#4330 = AXIS2_PLACEMENT_3D('',#4331,#4332,#4333);
#4331 = CARTESIAN_POINT('',(99.455407517485,-53.22099532103,1.585));
#4332 = DIRECTION('',(0.,0.,-1.));
#4333 = DIRECTION('',(0.311011496494,0.950406149522,0.));
#4334 = ORIENTED_EDGE('',*,*,#4335,.T.);
#4335 = EDGE_CURVE('',#4327,#4336,#4338,.T.);
#4336 = VERTEX_POINT('',#4337);
#4337 = CARTESIAN_POINT('',(99.54688,-53.278761,1.585));
#4338 = LINE('',#4339,#4340);
#4339 = CARTESIAN_POINT('',(99.550179,-53.205261,1.585));
#4340 = VECTOR('',#4341,1.);
#4341 = DIRECTION('',(-4.483920981396E-02,-0.998994216832,0.));
#4342 = ORIENTED_EDGE('',*,*,#4343,.T.);
#4343 = EDGE_CURVE('',#4336,#4344,#4346,.T.);
#4344 = VERTEX_POINT('',#4345);
#4345 = CARTESIAN_POINT('',(99.47131,-53.343654,1.585));
#4346 = CIRCLE('',#4347,9.606456335989E-02);
#4347 = AXIS2_PLACEMENT_3D('',#4348,#4349,#4350);
#4348 = CARTESIAN_POINT('',(99.455578860787,-53.24888622281,1.585));
#4349 = DIRECTION('',(0.,0.,-1.));
#4350 = DIRECTION('',(0.950414346562,-0.310986446407,0.));
#4351 = ORIENTED_EDGE('',*,*,#4352,.T.);
#4352 = EDGE_CURVE('',#4344,#4353,#4355,.T.);
#4353 = VERTEX_POINT('',#4354);
#4354 = CARTESIAN_POINT('',(99.409717,-53.340355,1.585));
#4355 = LINE('',#4356,#4357);
#4356 = CARTESIAN_POINT('',(99.47131,-53.343654,1.585));
#4357 = VECTOR('',#4358,1.);
#4358 = DIRECTION('',(-0.998568673491,5.348461763258E-02,0.));
#4359 = ORIENTED_EDGE('',*,*,#4360,.T.);
#4360 = EDGE_CURVE('',#4353,#4361,#4363,.T.);
#4361 = VERTEX_POINT('',#4362);
#4362 = CARTESIAN_POINT('',(99.344822,-53.264785,1.585));
#4363 = CIRCLE('',#4364,9.605663645455E-02);
#4364 = AXIS2_PLACEMENT_3D('',#4365,#4366,#4367);
#4365 = CARTESIAN_POINT('',(99.439582629384,-53.24905920826,1.585));
#4366 = DIRECTION('',(0.,0.,-1.));
#4367 = DIRECTION('',(-0.31091687661,-0.950437107777,-0.));
#4368 = ORIENTED_EDGE('',*,*,#4369,.T.);
#4369 = EDGE_CURVE('',#4361,#4370,#4372,.T.);
#4370 = VERTEX_POINT('',#4371);
#4371 = CARTESIAN_POINT('',(99.345755,-53.161968,1.585));
#4372 = LINE('',#4373,#4374);
#4373 = CARTESIAN_POINT('',(99.344822,-53.264785,1.585));
#4374 = VECTOR('',#4375,1.);
#4375 = DIRECTION('',(9.074001271865E-03,0.999958830403,0.));
#4376 = ORIENTED_EDGE('',*,*,#4377,.T.);
#4377 = EDGE_CURVE('',#4370,#4260,#4378,.T.);
#4378 = LINE('',#4379,#4380);
#4379 = CARTESIAN_POINT('',(99.345755,-53.161968,1.585));
#4380 = VECTOR('',#4381,1.);
#4381 = DIRECTION('',(0.272039725872,0.962286021694,0.));
#4382 = FACE_BOUND('',#4383,.F.);
#4383 = EDGE_LOOP('',(#4384,#4395,#4403,#4411,#4419,#4428,#4436,#4444));
#4384 = ORIENTED_EDGE('',*,*,#4385,.T.);
#4385 = EDGE_CURVE('',#4386,#4388,#4390,.T.);
#4386 = VERTEX_POINT('',#4387);
#4387 = CARTESIAN_POINT('',(99.476607,-53.195229,1.585));
#4388 = VERTEX_POINT('',#4389);
#4389 = CARTESIAN_POINT('',(99.418392,-53.19523,1.585));
#4390 = CIRCLE('',#4391,5.140650919253E-02);
#4391 = AXIS2_PLACEMENT_3D('',#4392,#4393,#4394);
#4392 = CARTESIAN_POINT('',(99.447500227853,-53.2376014557,1.585));
#4393 = DIRECTION('',(0.,0.,1.));
#4394 = DIRECTION('',(0.566207910327,0.824262459586,-0.));
#4395 = ORIENTED_EDGE('',*,*,#4396,.T.);
#4396 = EDGE_CURVE('',#4388,#4397,#4399,.T.);
#4397 = VERTEX_POINT('',#4398);
#4398 = CARTESIAN_POINT('',(99.407322,-53.212637,1.585));
#4399 = LINE('',#4400,#4401);
#4400 = CARTESIAN_POINT('',(99.418392,-53.19523,1.585));
#4401 = VECTOR('',#4402,1.);
#4402 = DIRECTION('',(-0.536627671891,-0.843819140433,0.));
#4403 = ORIENTED_EDGE('',*,*,#4404,.T.);
#4404 = EDGE_CURVE('',#4397,#4405,#4407,.T.);
#4405 = VERTEX_POINT('',#4406);
#4406 = CARTESIAN_POINT('',(99.407322,-53.257409,1.585));
#4407 = LINE('',#4408,#4409);
#4408 = CARTESIAN_POINT('',(99.407322,-53.212637,1.585));
#4409 = VECTOR('',#4410,1.);
#4410 = DIRECTION('',(0.,-1.,0.));
#4411 = ORIENTED_EDGE('',*,*,#4412,.T.);
#4412 = EDGE_CURVE('',#4405,#4413,#4415,.T.);
#4413 = VERTEX_POINT('',#4414);
#4414 = CARTESIAN_POINT('',(99.418392,-53.274817,1.585));
#4415 = LINE('',#4416,#4417);
#4416 = CARTESIAN_POINT('',(99.407322,-53.257409,1.585));
#4417 = VECTOR('',#4418,1.);
#4418 = DIRECTION('',(0.536605721932,-0.843833099132,0.));
#4419 = ORIENTED_EDGE('',*,*,#4420,.T.);
#4420 = EDGE_CURVE('',#4413,#4421,#4423,.T.);
#4421 = VERTEX_POINT('',#4422);
#4422 = CARTESIAN_POINT('',(99.481341,-53.270084,1.585));
#4423 = CIRCLE('',#4424,5.017494865513E-02);
#4424 = AXIS2_PLACEMENT_3D('',#4425,#4426,#4427);
#4425 = CARTESIAN_POINT('',(99.446942157291,-53.23355668018,1.585));
#4426 = DIRECTION('',(0.,0.,1.));
#4427 = DIRECTION('',(-0.569012187483,-0.822329088927,0.));
#4428 = ORIENTED_EDGE('',*,*,#4429,.T.);
#4429 = EDGE_CURVE('',#4421,#4430,#4432,.T.);
#4430 = VERTEX_POINT('',#4431);
#4431 = CARTESIAN_POINT('',(99.487679,-53.257408,1.585));
#4432 = LINE('',#4433,#4434);
#4433 = CARTESIAN_POINT('',(99.481341,-53.270084,1.585));
#4434 = VECTOR('',#4435,1.);
#4435 = DIRECTION('',(0.4472135955,0.894427191,0.));
#4436 = ORIENTED_EDGE('',*,*,#4437,.T.);
#4437 = EDGE_CURVE('',#4430,#4438,#4440,.T.);
#4438 = VERTEX_POINT('',#4439);
#4439 = CARTESIAN_POINT('',(99.487679,-53.212638,1.585));
#4440 = LINE('',#4441,#4442);
#4441 = CARTESIAN_POINT('',(99.487679,-53.257408,1.585));
#4442 = VECTOR('',#4443,1.);
#4443 = DIRECTION('',(0.,1.,0.));
#4444 = ORIENTED_EDGE('',*,*,#4445,.T.);
#4445 = EDGE_CURVE('',#4438,#4386,#4446,.T.);
#4446 = LINE('',#4447,#4448);
#4447 = CARTESIAN_POINT('',(99.487679,-53.212638,1.585));
#4448 = VECTOR('',#4449,1.);
#4449 = DIRECTION('',(-0.536652799532,0.843803159958,0.));
#4450 = PLANE('',#4451);
#4451 = AXIS2_PLACEMENT_3D('',#4452,#4453,#4454);
#4452 = CARTESIAN_POINT('',(0.,0.,1.585));
#4453 = DIRECTION('',(0.,0.,1.));
#4454 = DIRECTION('',(1.,0.,-0.));
#4455 = SHELL_BASED_SURFACE_MODEL('',(#4456));
#4456 = OPEN_SHELL('',(#4457));
#4457 = ADVANCED_FACE('',(#4458,#4567),#4618,.T.);
#4458 = FACE_BOUND('',#4459,.F.);
#4459 = EDGE_LOOP('',(#4460,#4470,#4478,#4487,#4495,#4503,#4511,#4519,
    #4528,#4536,#4544,#4552,#4561));
#4460 = ORIENTED_EDGE('',*,*,#4461,.T.);
#4461 = EDGE_CURVE('',#4462,#4464,#4466,.T.);
#4462 = VERTEX_POINT('',#4463);
#4463 = CARTESIAN_POINT('',(99.109105,-53.050445,1.585));
#4464 = VERTEX_POINT('',#4465);
#4465 = CARTESIAN_POINT('',(99.126017,-53.033533,1.585));
#4466 = LINE('',#4467,#4468);
#4467 = CARTESIAN_POINT('',(99.109105,-53.050445,1.585));
#4468 = VECTOR('',#4469,1.);
#4469 = DIRECTION('',(0.707106781187,0.707106781187,0.));
#4470 = ORIENTED_EDGE('',*,*,#4471,.T.);
#4471 = EDGE_CURVE('',#4464,#4472,#4474,.T.);
#4472 = VERTEX_POINT('',#4473);
#4473 = CARTESIAN_POINT('',(99.234749,-53.031459,1.585));
#4474 = LINE('',#4475,#4476);
#4475 = CARTESIAN_POINT('',(99.126017,-53.033533,1.585));
#4476 = VECTOR('',#4477,1.);
#4477 = DIRECTION('',(0.999818132847,1.907095250272E-02,0.));
#4478 = ORIENTED_EDGE('',*,*,#4479,.T.);
#4479 = EDGE_CURVE('',#4472,#4480,#4482,.T.);
#4480 = VERTEX_POINT('',#4481);
#4481 = CARTESIAN_POINT('',(99.312083,-53.110023,1.585));
#4482 = CIRCLE('',#4483,9.551901418154E-02);
#4483 = AXIS2_PLACEMENT_3D('',#4484,#4485,#4486);
#4484 = CARTESIAN_POINT('',(99.217820618909,-53.12546597837,1.585));
#4485 = DIRECTION('',(0.,0.,-1.));
#4486 = DIRECTION('',(0.177225249197,0.984170316077,0.));
#4487 = ORIENTED_EDGE('',*,*,#4488,.T.);
#4488 = EDGE_CURVE('',#4480,#4489,#4491,.T.);
#4489 = VERTEX_POINT('',#4490);
#4490 = CARTESIAN_POINT('',(99.308784,-53.159713,1.585));
#4491 = LINE('',#4492,#4493);
#4492 = CARTESIAN_POINT('',(99.312083,-53.110023,1.585));
#4493 = VECTOR('',#4494,1.);
#4494 = DIRECTION('',(-6.624578793652E-02,-0.997803335122,0.));
#4495 = ORIENTED_EDGE('',*,*,#4496,.T.);
#4496 = EDGE_CURVE('',#4489,#4497,#4499,.T.);
#4497 = VERTEX_POINT('',#4498);
#4498 = CARTESIAN_POINT('',(99.291026,-53.191644,1.585));
#4499 = LINE('',#4500,#4501);
#4500 = CARTESIAN_POINT('',(99.308784,-53.159713,1.585));
#4501 = VECTOR('',#4502,1.);
#4502 = DIRECTION('',(-0.486030964876,-0.873941589113,0.));
#4503 = ORIENTED_EDGE('',*,*,#4504,.T.);
#4504 = EDGE_CURVE('',#4497,#4505,#4507,.T.);
#4505 = VERTEX_POINT('',#4506);
#4506 = CARTESIAN_POINT('',(99.253131,-53.218336,1.585));
#4507 = LINE('',#4508,#4509);
#4508 = CARTESIAN_POINT('',(99.291026,-53.191644,1.585));
#4509 = VECTOR('',#4510,1.);
#4510 = DIRECTION('',(-0.817550992355,-0.575856210264,0.));
#4511 = ORIENTED_EDGE('',*,*,#4512,.T.);
#4512 = EDGE_CURVE('',#4505,#4513,#4515,.T.);
#4513 = VERTEX_POINT('',#4514);
#4514 = CARTESIAN_POINT('',(99.311343,-53.305644,1.585));
#4515 = LINE('',#4516,#4517);
#4516 = CARTESIAN_POINT('',(99.253131,-53.218336,1.585));
#4517 = VECTOR('',#4518,1.);
#4518 = DIRECTION('',(0.554744178783,-0.832020970954,0.));
#4519 = ORIENTED_EDGE('',*,*,#4520,.T.);
#4520 = EDGE_CURVE('',#4513,#4521,#4523,.T.);
#4521 = VERTEX_POINT('',#4522);
#4522 = CARTESIAN_POINT('',(99.264039,-53.338757,1.585));
#4523 = CIRCLE('',#4524,3.124992319401E-02);
#4524 = AXIS2_PLACEMENT_3D('',#4525,#4526,#4527);
#4525 = CARTESIAN_POINT('',(99.280832810812,-53.31240314604,1.585));
#4526 = DIRECTION('',(0.,0.,-1.));
#4527 = DIRECTION('',(0.976328453643,0.216293205179,0.));
#4528 = ORIENTED_EDGE('',*,*,#4529,.T.);
#4529 = EDGE_CURVE('',#4521,#4530,#4532,.T.);
#4530 = VERTEX_POINT('',#4531);
#4531 = CARTESIAN_POINT('',(99.181229,-53.224607,1.585));
#4532 = LINE('',#4533,#4534);
#4533 = CARTESIAN_POINT('',(99.264039,-53.338757,1.585));
#4534 = VECTOR('',#4535,1.);
#4535 = DIRECTION('',(-0.587205752545,0.809437708646,0.));
#4536 = ORIENTED_EDGE('',*,*,#4537,.T.);
#4537 = EDGE_CURVE('',#4530,#4538,#4540,.T.);
#4538 = VERTEX_POINT('',#4539);
#4539 = CARTESIAN_POINT('',(99.169226,-53.224607,1.585));
#4540 = LINE('',#4541,#4542);
#4541 = CARTESIAN_POINT('',(99.181229,-53.224607,1.585));
#4542 = VECTOR('',#4543,1.);
#4543 = DIRECTION('',(-1.,0.,0.));
#4544 = ORIENTED_EDGE('',*,*,#4545,.T.);
#4545 = EDGE_CURVE('',#4538,#4546,#4548,.T.);
#4546 = VERTEX_POINT('',#4547);
#4547 = CARTESIAN_POINT('',(99.166847,-53.324363,1.585));
#4548 = LINE('',#4549,#4550);
#4549 = CARTESIAN_POINT('',(99.169226,-53.224607,1.585));
#4550 = VECTOR('',#4551,1.);
#4551 = DIRECTION('',(-2.384141081013E-02,-0.999715753167,0.));
#4552 = ORIENTED_EDGE('',*,*,#4553,.T.);
#4553 = EDGE_CURVE('',#4546,#4554,#4556,.T.);
#4554 = VERTEX_POINT('',#4555);
#4555 = CARTESIAN_POINT('',(99.109105,-53.324363,1.585));
#4556 = CIRCLE('',#4557,3.124983715157E-02);
#4557 = AXIS2_PLACEMENT_3D('',#4558,#4559,#4560);
#4558 = CARTESIAN_POINT('',(99.137976,-53.312404,1.585));
#4559 = DIRECTION('',(-0.,0.,-1.));
#4560 = DIRECTION('',(0.92387681446,-0.382689994254,-0.));
#4561 = ORIENTED_EDGE('',*,*,#4562,.T.);
#4562 = EDGE_CURVE('',#4554,#4462,#4563,.T.);
#4563 = LINE('',#4564,#4565);
#4564 = CARTESIAN_POINT('',(99.109105,-53.324363,1.585));
#4565 = VECTOR('',#4566,1.);
#4566 = DIRECTION('',(0.,1.,0.));
#4567 = FACE_BOUND('',#4568,.F.);
#4568 = EDGE_LOOP('',(#4569,#4580,#4588,#4596,#4604,#4612));
#4569 = ORIENTED_EDGE('',*,*,#4570,.T.);
#4570 = EDGE_CURVE('',#4571,#4573,#4575,.T.);
#4571 = VERTEX_POINT('',#4572);
#4572 = CARTESIAN_POINT('',(99.243245,-53.151036,1.585));
#4573 = VERTEX_POINT('',#4574);
#4574 = CARTESIAN_POINT('',(99.238513,-53.099992,1.585));
#4575 = CIRCLE('',#4576,3.782387131784E-02);
#4576 = AXIS2_PLACEMENT_3D('',#4577,#4578,#4579);
#4577 = CARTESIAN_POINT('',(99.213182747123,-53.12808156266,1.585));
#4578 = DIRECTION('',(0.,-0.,1.));
#4579 = DIRECTION('',(0.794795768644,-0.606876994246,-0.));
#4580 = ORIENTED_EDGE('',*,*,#4581,.T.);
#4581 = EDGE_CURVE('',#4573,#4582,#4584,.T.);
#4582 = VERTEX_POINT('',#4583);
#4583 = CARTESIAN_POINT('',(99.225837,-53.093654,1.585));
#4584 = LINE('',#4585,#4586);
#4585 = CARTESIAN_POINT('',(99.238513,-53.099992,1.585));
#4586 = VECTOR('',#4587,1.);
#4587 = DIRECTION('',(-0.894427191,0.4472135955,0.));
#4588 = ORIENTED_EDGE('',*,*,#4589,.T.);
#4589 = EDGE_CURVE('',#4582,#4590,#4592,.T.);
#4590 = VERTEX_POINT('',#4591);
#4591 = CARTESIAN_POINT('',(99.169226,-53.093654,1.585));
#4592 = LINE('',#4593,#4594);
#4593 = CARTESIAN_POINT('',(99.225837,-53.093654,1.585));
#4594 = VECTOR('',#4595,1.);
#4595 = DIRECTION('',(-1.,0.,0.));
#4596 = ORIENTED_EDGE('',*,*,#4597,.T.);
#4597 = EDGE_CURVE('',#4590,#4598,#4600,.T.);
#4598 = VERTEX_POINT('',#4599);
#4599 = CARTESIAN_POINT('',(99.169226,-53.162107,1.585));
#4600 = LINE('',#4601,#4602);
#4601 = CARTESIAN_POINT('',(99.169226,-53.093654,1.585));
#4602 = VECTOR('',#4603,1.);
#4603 = DIRECTION('',(0.,-1.,0.));
#4604 = ORIENTED_EDGE('',*,*,#4605,.T.);
#4605 = EDGE_CURVE('',#4598,#4606,#4608,.T.);
#4606 = VERTEX_POINT('',#4607);
#4607 = CARTESIAN_POINT('',(99.225837,-53.162107,1.585));
#4608 = LINE('',#4609,#4610);
#4609 = CARTESIAN_POINT('',(99.169226,-53.162107,1.585));
#4610 = VECTOR('',#4611,1.);
#4611 = DIRECTION('',(1.,0.,0.));
#4612 = ORIENTED_EDGE('',*,*,#4613,.T.);
#4613 = EDGE_CURVE('',#4606,#4571,#4614,.T.);
#4614 = LINE('',#4615,#4616);
#4615 = CARTESIAN_POINT('',(99.225837,-53.162107,1.585));
#4616 = VECTOR('',#4617,1.);
#4617 = DIRECTION('',(0.843811149754,0.536640236611,0.));
#4618 = PLANE('',#4619);
#4619 = AXIS2_PLACEMENT_3D('',#4620,#4621,#4622);
#4620 = CARTESIAN_POINT('',(0.,0.,1.585));
#4621 = DIRECTION('',(0.,0.,1.));
#4622 = DIRECTION('',(1.,0.,-0.));
#4623 = SHELL_BASED_SURFACE_MODEL('',(#4624));
#4624 = OPEN_SHELL('',(#4625));
#4625 = ADVANCED_FACE('',(#4626),#4670,.T.);
#4626 = FACE_BOUND('',#4627,.F.);
#4627 = EDGE_LOOP('',(#4628,#4639,#4647,#4656,#4664));
#4628 = ORIENTED_EDGE('',*,*,#4629,.T.);
#4629 = EDGE_CURVE('',#4630,#4632,#4634,.T.);
#4630 = VERTEX_POINT('',#4631);
#4631 = CARTESIAN_POINT('',(85.264567,-52.823398,1.585));
#4632 = VERTEX_POINT('',#4633);
#4633 = CARTESIAN_POINT('',(85.38,-52.846359,1.585));
#4634 = CIRCLE('',#4635,6.000007318647E-02);
#4635 = AXIS2_PLACEMENT_3D('',#4636,#4637,#4638);
#4636 = CARTESIAN_POINT('',(85.319999926814,-52.84635882331,1.585));
#4637 = DIRECTION('',(0.,0.,-1.));
#4638 = DIRECTION('',(-0.923880986637,0.382679921777,0.));
#4639 = ORIENTED_EDGE('',*,*,#4640,.T.);
#4640 = EDGE_CURVE('',#4632,#4641,#4643,.T.);
#4641 = VERTEX_POINT('',#4642);
#4642 = CARTESIAN_POINT('',(85.38,-53.153641,1.585));
#4643 = LINE('',#4644,#4645);
#4644 = CARTESIAN_POINT('',(85.38,-52.846359,1.585));
#4645 = VECTOR('',#4646,1.);
#4646 = DIRECTION('',(0.,-1.,0.));
#4647 = ORIENTED_EDGE('',*,*,#4648,.T.);
#4648 = EDGE_CURVE('',#4641,#4649,#4651,.T.);
#4649 = VERTEX_POINT('',#4650);
#4650 = CARTESIAN_POINT('',(85.26,-53.153641,1.585));
#4651 = CIRCLE('',#4652,6.000000000042E-02);
#4652 = AXIS2_PLACEMENT_3D('',#4653,#4654,#4655);
#4653 = CARTESIAN_POINT('',(85.32,-53.15364122558,1.585));
#4654 = DIRECTION('',(0.,0.,-1.));
#4655 = DIRECTION('',(0.999999999993,3.759794253684E-06,0.));
#4656 = ORIENTED_EDGE('',*,*,#4657,.T.);
#4657 = EDGE_CURVE('',#4649,#4658,#4660,.T.);
#4658 = VERTEX_POINT('',#4659);
#4659 = CARTESIAN_POINT('',(85.26,-52.846359,1.585));
#4660 = LINE('',#4661,#4662);
#4661 = CARTESIAN_POINT('',(85.26,-53.153641,1.585));
#4662 = VECTOR('',#4663,1.);
#4663 = DIRECTION('',(0.,1.,0.));
#4664 = ORIENTED_EDGE('',*,*,#4665,.T.);
#4665 = EDGE_CURVE('',#4658,#4630,#4666,.T.);
#4666 = LINE('',#4667,#4668);
#4667 = CARTESIAN_POINT('',(85.26,-52.846359,1.585));
#4668 = VECTOR('',#4669,1.);
#4669 = DIRECTION('',(0.195081000118,0.980787134598,0.));
#4670 = PLANE('',#4671);
#4671 = AXIS2_PLACEMENT_3D('',#4672,#4673,#4674);
#4672 = CARTESIAN_POINT('',(0.,0.,1.585));
#4673 = DIRECTION('',(0.,0.,1.));
#4674 = DIRECTION('',(1.,0.,-0.));
#4675 = SHELL_BASED_SURFACE_MODEL('',(#4676));
#4676 = OPEN_SHELL('',(#4677));
#4677 = ADVANCED_FACE('',(#4678),#4722,.T.);
#4678 = FACE_BOUND('',#4679,.F.);
#4679 = EDGE_LOOP('',(#4680,#4691,#4699,#4708,#4716));
#4680 = ORIENTED_EDGE('',*,*,#4681,.T.);
#4681 = EDGE_CURVE('',#4682,#4684,#4686,.T.);
#4682 = VERTEX_POINT('',#4683);
#4683 = CARTESIAN_POINT('',(86.024567,-52.823398,1.585));
#4684 = VERTEX_POINT('',#4685);
#4685 = CARTESIAN_POINT('',(86.14,-52.846359,1.585));
#4686 = CIRCLE('',#4687,6.000007318647E-02);
#4687 = AXIS2_PLACEMENT_3D('',#4688,#4689,#4690);
#4688 = CARTESIAN_POINT('',(86.079999926814,-52.84635882331,1.585));
#4689 = DIRECTION('',(0.,0.,-1.));
#4690 = DIRECTION('',(-0.923880986637,0.382679921777,0.));
#4691 = ORIENTED_EDGE('',*,*,#4692,.T.);
#4692 = EDGE_CURVE('',#4684,#4693,#4695,.T.);
#4693 = VERTEX_POINT('',#4694);
#4694 = CARTESIAN_POINT('',(86.14,-53.153641,1.585));
#4695 = LINE('',#4696,#4697);
#4696 = CARTESIAN_POINT('',(86.14,-52.846359,1.585));
#4697 = VECTOR('',#4698,1.);
#4698 = DIRECTION('',(0.,-1.,0.));
#4699 = ORIENTED_EDGE('',*,*,#4700,.T.);
#4700 = EDGE_CURVE('',#4693,#4701,#4703,.T.);
#4701 = VERTEX_POINT('',#4702);
#4702 = CARTESIAN_POINT('',(86.02,-53.153641,1.585));
#4703 = CIRCLE('',#4704,6.000000000043E-02);
#4704 = AXIS2_PLACEMENT_3D('',#4705,#4706,#4707);
#4705 = CARTESIAN_POINT('',(86.08,-53.15364122558,1.585));
#4706 = DIRECTION('',(0.,0.,-1.));
#4707 = DIRECTION('',(0.999999999993,3.759794135259E-06,0.));
#4708 = ORIENTED_EDGE('',*,*,#4709,.T.);
#4709 = EDGE_CURVE('',#4701,#4710,#4712,.T.);
#4710 = VERTEX_POINT('',#4711);
#4711 = CARTESIAN_POINT('',(86.02,-52.846359,1.585));
#4712 = LINE('',#4713,#4714);
#4713 = CARTESIAN_POINT('',(86.02,-53.153641,1.585));
#4714 = VECTOR('',#4715,1.);
#4715 = DIRECTION('',(0.,1.,0.));
#4716 = ORIENTED_EDGE('',*,*,#4717,.T.);
#4717 = EDGE_CURVE('',#4710,#4682,#4718,.T.);
#4718 = LINE('',#4719,#4720);
#4719 = CARTESIAN_POINT('',(86.02,-52.846359,1.585));
#4720 = VECTOR('',#4721,1.);
#4721 = DIRECTION('',(0.195081000118,0.980787134598,0.));
#4722 = PLANE('',#4723);
#4723 = AXIS2_PLACEMENT_3D('',#4724,#4725,#4726);
#4724 = CARTESIAN_POINT('',(0.,0.,1.585));
#4725 = DIRECTION('',(0.,0.,1.));
#4726 = DIRECTION('',(1.,0.,-0.));
#4727 = SHELL_BASED_SURFACE_MODEL('',(#4728));
#4728 = OPEN_SHELL('',(#4729));
#4729 = ADVANCED_FACE('',(#4730),#4766,.T.);
#4730 = FACE_BOUND('',#4731,.F.);
#4731 = EDGE_LOOP('',(#4732,#4743,#4751,#4760));
#4732 = ORIENTED_EDGE('',*,*,#4733,.T.);
#4733 = EDGE_CURVE('',#4734,#4736,#4738,.T.);
#4734 = VERTEX_POINT('',#4735);
#4735 = CARTESIAN_POINT('',(98.358859,-53.14,1.585));
#4736 = VERTEX_POINT('',#4737);
#4737 = CARTESIAN_POINT('',(98.358859,-53.02,1.585));
#4738 = CIRCLE('',#4739,6.000000000042E-02);
#4739 = AXIS2_PLACEMENT_3D('',#4740,#4741,#4742);
#4740 = CARTESIAN_POINT('',(98.358858774412,-53.08,1.585));
#4741 = DIRECTION('',(0.,0.,-1.));
#4742 = DIRECTION('',(3.759794016837E-06,-0.999999999993,0.));
#4743 = ORIENTED_EDGE('',*,*,#4744,.T.);
#4744 = EDGE_CURVE('',#4736,#4745,#4747,.T.);
#4745 = VERTEX_POINT('',#4746);
#4746 = CARTESIAN_POINT('',(98.666141,-53.02,1.585));
#4747 = LINE('',#4748,#4749);
#4748 = CARTESIAN_POINT('',(98.358859,-53.02,1.585));
#4749 = VECTOR('',#4750,1.);
#4750 = DIRECTION('',(1.,0.,0.));
#4751 = ORIENTED_EDGE('',*,*,#4752,.T.);
#4752 = EDGE_CURVE('',#4745,#4753,#4755,.T.);
#4753 = VERTEX_POINT('',#4754);
#4754 = CARTESIAN_POINT('',(98.666141,-53.14,1.585));
#4755 = CIRCLE('',#4756,6.000000000042E-02);
#4756 = AXIS2_PLACEMENT_3D('',#4757,#4758,#4759);
#4757 = CARTESIAN_POINT('',(98.666141225588,-53.08,1.585));
#4758 = DIRECTION('',(0.,0.,-1.));
#4759 = DIRECTION('',(-3.759794490531E-06,0.999999999993,-0.));
#4760 = ORIENTED_EDGE('',*,*,#4761,.T.);
#4761 = EDGE_CURVE('',#4753,#4734,#4762,.T.);
#4762 = LINE('',#4763,#4764);
#4763 = CARTESIAN_POINT('',(98.666141,-53.14,1.585));
#4764 = VECTOR('',#4765,1.);
#4765 = DIRECTION('',(-1.,0.,0.));
#4766 = PLANE('',#4767);
#4767 = AXIS2_PLACEMENT_3D('',#4768,#4769,#4770);
#4768 = CARTESIAN_POINT('',(0.,0.,1.585));
#4769 = DIRECTION('',(0.,0.,1.));
#4770 = DIRECTION('',(1.,0.,-0.));
#4771 = SHELL_BASED_SURFACE_MODEL('',(#4772));
#4772 = OPEN_SHELL('',(#4773));
#4773 = ADVANCED_FACE('',(#4774),#4810,.T.);
#4774 = FACE_BOUND('',#4775,.F.);
#4775 = EDGE_LOOP('',(#4776,#4787,#4795,#4804));
#4776 = ORIENTED_EDGE('',*,*,#4777,.T.);
#4777 = EDGE_CURVE('',#4778,#4780,#4782,.T.);
#4778 = VERTEX_POINT('',#4779);
#4779 = CARTESIAN_POINT('',(100.468859,-53.14,1.585));
#4780 = VERTEX_POINT('',#4781);
#4781 = CARTESIAN_POINT('',(100.468859,-53.02,1.585));
#4782 = CIRCLE('',#4783,6.000000000042E-02);
#4783 = AXIS2_PLACEMENT_3D('',#4784,#4785,#4786);
#4784 = CARTESIAN_POINT('',(100.46885877441,-53.08,1.585));
#4785 = DIRECTION('',(0.,0.,-1.));
#4786 = DIRECTION('',(3.759794016837E-06,-0.999999999993,0.));
#4787 = ORIENTED_EDGE('',*,*,#4788,.T.);
#4788 = EDGE_CURVE('',#4780,#4789,#4791,.T.);
#4789 = VERTEX_POINT('',#4790);
#4790 = CARTESIAN_POINT('',(100.776141,-53.02,1.585));
#4791 = LINE('',#4792,#4793);
#4792 = CARTESIAN_POINT('',(100.468859,-53.02,1.585));
#4793 = VECTOR('',#4794,1.);
#4794 = DIRECTION('',(1.,0.,0.));
#4795 = ORIENTED_EDGE('',*,*,#4796,.T.);
#4796 = EDGE_CURVE('',#4789,#4797,#4799,.T.);
#4797 = VERTEX_POINT('',#4798);
#4798 = CARTESIAN_POINT('',(100.776141,-53.14,1.585));
#4799 = CIRCLE('',#4800,6.000000000042E-02);
#4800 = AXIS2_PLACEMENT_3D('',#4801,#4802,#4803);
#4801 = CARTESIAN_POINT('',(100.77614122558,-53.08,1.585));
#4802 = DIRECTION('',(0.,0.,-1.));
#4803 = DIRECTION('',(-3.759794253684E-06,0.999999999993,-0.));
#4804 = ORIENTED_EDGE('',*,*,#4805,.T.);
#4805 = EDGE_CURVE('',#4797,#4778,#4806,.T.);
#4806 = LINE('',#4807,#4808);
#4807 = CARTESIAN_POINT('',(100.776141,-53.14,1.585));
#4808 = VECTOR('',#4809,1.);
#4809 = DIRECTION('',(-1.,0.,0.));
#4810 = PLANE('',#4811);
#4811 = AXIS2_PLACEMENT_3D('',#4812,#4813,#4814);
#4812 = CARTESIAN_POINT('',(0.,0.,1.585));
#4813 = DIRECTION('',(0.,0.,1.));
#4814 = DIRECTION('',(1.,0.,-0.));
#4815 = SHELL_BASED_SURFACE_MODEL('',(#4816));
#4816 = OPEN_SHELL('',(#4817));
#4817 = ADVANCED_FACE('',(#4818),#4878,.T.);
#4818 = FACE_BOUND('',#4819,.F.);
#4819 = EDGE_LOOP('',(#4820,#4831,#4839,#4847,#4855,#4863,#4872));
#4820 = ORIENTED_EDGE('',*,*,#4821,.T.);
#4821 = EDGE_CURVE('',#4822,#4824,#4826,.T.);
#4822 = VERTEX_POINT('',#4823);
#4823 = CARTESIAN_POINT('',(93.45,-52.5725,1.585));
#4824 = VERTEX_POINT('',#4825);
#4825 = CARTESIAN_POINT('',(93.54529,-52.523976,1.585));
#4826 = CIRCLE('',#4827,5.999960095074E-02);
#4827 = AXIS2_PLACEMENT_3D('',#4828,#4829,#4830);
#4828 = CARTESIAN_POINT('',(93.509999600949,-52.57249960094,1.585));
#4829 = DIRECTION('',(0.,0.,-1.));
#4830 = DIRECTION('',(-0.999999999978,-6.650887310134E-06,-0.));
#4831 = ORIENTED_EDGE('',*,*,#4832,.T.);
#4832 = EDGE_CURVE('',#4824,#4833,#4835,.T.);
#4833 = VERTEX_POINT('',#4834);
#4834 = CARTESIAN_POINT('',(93.87529,-52.763976,1.585));
#4835 = LINE('',#4836,#4837);
#4836 = CARTESIAN_POINT('',(93.54529,-52.523976,1.585));
#4837 = VECTOR('',#4838,1.);
#4838 = DIRECTION('',(0.808736084303,-0.588171697675,0.));
#4839 = ORIENTED_EDGE('',*,*,#4840,.T.);
#4840 = EDGE_CURVE('',#4833,#4841,#4843,.T.);
#4841 = VERTEX_POINT('',#4842);
#4842 = CARTESIAN_POINT('',(93.899266,-52.803142,1.585));
#4843 = LINE('',#4844,#4845);
#4844 = CARTESIAN_POINT('',(93.87529,-52.763976,1.585));
#4845 = VECTOR('',#4846,1.);
#4846 = DIRECTION('',(0.522103432673,-0.852882175679,0.));
#4847 = ORIENTED_EDGE('',*,*,#4848,.T.);
#4848 = EDGE_CURVE('',#4841,#4849,#4851,.T.);
#4849 = VERTEX_POINT('',#4850);
#4850 = CARTESIAN_POINT('',(93.888524,-52.84779,1.585));
#4851 = LINE('',#4852,#4853);
#4852 = CARTESIAN_POINT('',(93.899266,-52.803142,1.585));
#4853 = VECTOR('',#4854,1.);
#4854 = DIRECTION('',(-0.233918140202,-0.972256295266,0.));
#4855 = ORIENTED_EDGE('',*,*,#4856,.T.);
#4856 = EDGE_CURVE('',#4849,#4857,#4859,.T.);
#4857 = VERTEX_POINT('',#4858);
#4858 = CARTESIAN_POINT('',(93.54529,-53.101024,1.585));
#4859 = LINE('',#4860,#4861);
#4860 = CARTESIAN_POINT('',(93.888524,-52.84779,1.585));
#4861 = VECTOR('',#4862,1.);
#4862 = DIRECTION('',(-0.804692108267,-0.593692353743,0.));
#4863 = ORIENTED_EDGE('',*,*,#4864,.T.);
#4864 = EDGE_CURVE('',#4857,#4865,#4867,.T.);
#4865 = VERTEX_POINT('',#4866);
#4866 = CARTESIAN_POINT('',(93.45,-53.0525,1.585));
#4867 = CIRCLE('',#4868,5.999941814202E-02);
#4868 = AXIS2_PLACEMENT_3D('',#4869,#4870,#4871);
#4869 = CARTESIAN_POINT('',(93.509999418137,-53.05250075805,1.585));
#4870 = DIRECTION('',(-0.,0.,-1.));
#4871 = DIRECTION('',(0.588182068353,-0.80872854189,-0.));
#4872 = ORIENTED_EDGE('',*,*,#4873,.T.);
#4873 = EDGE_CURVE('',#4865,#4822,#4874,.T.);
#4874 = LINE('',#4875,#4876);
#4875 = CARTESIAN_POINT('',(93.45,-53.0525,1.585));
#4876 = VECTOR('',#4877,1.);
#4877 = DIRECTION('',(0.,1.,0.));
#4878 = PLANE('',#4879);
#4879 = AXIS2_PLACEMENT_3D('',#4880,#4881,#4882);
#4880 = CARTESIAN_POINT('',(0.,0.,1.585));
#4881 = DIRECTION('',(0.,0.,1.));
#4882 = DIRECTION('',(1.,0.,-0.));
#4883 = SHELL_BASED_SURFACE_MODEL('',(#4884));
#4884 = OPEN_SHELL('',(#4885));
#4885 = ADVANCED_FACE('',(#4886),#4972,.T.);
#4886 = FACE_BOUND('',#4887,.F.);
#4887 = EDGE_LOOP('',(#4888,#4899,#4907,#4916,#4924,#4933,#4941,#4949,
    #4957,#4966));
#4888 = ORIENTED_EDGE('',*,*,#4889,.T.);
#4889 = EDGE_CURVE('',#4890,#4892,#4894,.T.);
#4890 = VERTEX_POINT('',#4891);
#4891 = CARTESIAN_POINT('',(86.99,-52.3,1.585));
#4892 = VERTEX_POINT('',#4893);
#4893 = CARTESIAN_POINT('',(87.05,-52.24,1.585));
#4894 = CIRCLE('',#4895,5.999932016262E-02);
#4895 = AXIS2_PLACEMENT_3D('',#4896,#4897,#4898);
#4896 = CARTESIAN_POINT('',(87.049999320159,-52.29999932015,1.585));
#4897 = DIRECTION('',(0.,0.,-1.));
#4898 = DIRECTION('',(-0.999999999936,-1.133081541087E-05,-0.));
#4899 = ORIENTED_EDGE('',*,*,#4900,.T.);
#4900 = EDGE_CURVE('',#4892,#4901,#4903,.T.);
#4901 = VERTEX_POINT('',#4902);
#4902 = CARTESIAN_POINT('',(90.35,-52.24,1.585));
#4903 = LINE('',#4904,#4905);
#4904 = CARTESIAN_POINT('',(87.05,-52.24,1.585));
#4905 = VECTOR('',#4906,1.);
#4906 = DIRECTION('',(1.,0.,0.));
#4907 = ORIENTED_EDGE('',*,*,#4908,.T.);
#4908 = EDGE_CURVE('',#4901,#4909,#4911,.T.);
#4909 = VERTEX_POINT('',#4910);
#4910 = CARTESIAN_POINT('',(90.41,-52.3,1.585));
#4911 = CIRCLE('',#4912,5.999932016259E-02);
#4912 = AXIS2_PLACEMENT_3D('',#4913,#4914,#4915);
#4913 = CARTESIAN_POINT('',(90.350000679841,-52.29999932015,1.585));
#4914 = DIRECTION('',(0.,0.,-1.));
#4915 = DIRECTION('',(-1.133081612142E-05,0.999999999936,0.));
#4916 = ORIENTED_EDGE('',*,*,#4917,.T.);
#4917 = EDGE_CURVE('',#4909,#4918,#4920,.T.);
#4918 = VERTEX_POINT('',#4919);
#4919 = CARTESIAN_POINT('',(90.41,-52.6,1.585));
#4920 = LINE('',#4921,#4922);
#4921 = CARTESIAN_POINT('',(90.41,-52.3,1.585));
#4922 = VECTOR('',#4923,1.);
#4923 = DIRECTION('',(0.,-1.,0.));
#4924 = ORIENTED_EDGE('',*,*,#4925,.T.);
#4925 = EDGE_CURVE('',#4918,#4926,#4928,.T.);
#4926 = VERTEX_POINT('',#4927);
#4927 = CARTESIAN_POINT('',(90.29,-52.6,1.585));
#4928 = CIRCLE('',#4929,6.000000000042E-02);
#4929 = AXIS2_PLACEMENT_3D('',#4930,#4931,#4932);
#4930 = CARTESIAN_POINT('',(90.35,-52.60000022558,1.585));
#4931 = DIRECTION('',(0.,0.,-1.));
#4932 = DIRECTION('',(0.999999999993,3.759794253684E-06,0.));
#4933 = ORIENTED_EDGE('',*,*,#4934,.T.);
#4934 = EDGE_CURVE('',#4926,#4935,#4937,.T.);
#4935 = VERTEX_POINT('',#4936);
#4936 = CARTESIAN_POINT('',(90.29,-52.36,1.585));
#4937 = LINE('',#4938,#4939);
#4938 = CARTESIAN_POINT('',(90.29,-52.6,1.585));
#4939 = VECTOR('',#4940,1.);
#4940 = DIRECTION('',(0.,1.,0.));
#4941 = ORIENTED_EDGE('',*,*,#4942,.T.);
#4942 = EDGE_CURVE('',#4935,#4943,#4945,.T.);
#4943 = VERTEX_POINT('',#4944);
#4944 = CARTESIAN_POINT('',(87.11,-52.36,1.585));
#4945 = LINE('',#4946,#4947);
#4946 = CARTESIAN_POINT('',(90.29,-52.36,1.585));
#4947 = VECTOR('',#4948,1.);
#4948 = DIRECTION('',(-1.,0.,0.));
#4949 = ORIENTED_EDGE('',*,*,#4950,.T.);
#4950 = EDGE_CURVE('',#4943,#4951,#4953,.T.);
#4951 = VERTEX_POINT('',#4952);
#4952 = CARTESIAN_POINT('',(87.11,-52.6,1.585));
#4953 = LINE('',#4954,#4955);
#4954 = CARTESIAN_POINT('',(87.11,-52.36,1.585));
#4955 = VECTOR('',#4956,1.);
#4956 = DIRECTION('',(0.,-1.,0.));
#4957 = ORIENTED_EDGE('',*,*,#4958,.T.);
#4958 = EDGE_CURVE('',#4951,#4959,#4961,.T.);
#4959 = VERTEX_POINT('',#4960);
#4960 = CARTESIAN_POINT('',(86.99,-52.6,1.585));
#4961 = CIRCLE('',#4962,6.000000000042E-02);
#4962 = AXIS2_PLACEMENT_3D('',#4963,#4964,#4965);
#4963 = CARTESIAN_POINT('',(87.05,-52.60000022558,1.585));
#4964 = DIRECTION('',(0.,0.,-1.));
#4965 = DIRECTION('',(0.999999999993,3.759794253684E-06,0.));
#4966 = ORIENTED_EDGE('',*,*,#4967,.T.);
#4967 = EDGE_CURVE('',#4959,#4890,#4968,.T.);
#4968 = LINE('',#4969,#4970);
#4969 = CARTESIAN_POINT('',(86.99,-52.6,1.585));
#4970 = VECTOR('',#4971,1.);
#4971 = DIRECTION('',(0.,1.,0.));
#4972 = PLANE('',#4973);
#4973 = AXIS2_PLACEMENT_3D('',#4974,#4975,#4976);
#4974 = CARTESIAN_POINT('',(0.,0.,1.585));
#4975 = DIRECTION('',(0.,0.,1.));
#4976 = DIRECTION('',(1.,0.,-0.));
#4977 = SHELL_BASED_SURFACE_MODEL('',(#4978));
#4978 = OPEN_SHELL('',(#4979));
#4979 = ADVANCED_FACE('',(#4980),#5016,.T.);
#4980 = FACE_BOUND('',#4981,.F.);
#4981 = EDGE_LOOP('',(#4982,#4993,#5001,#5010));
#4982 = ORIENTED_EDGE('',*,*,#4983,.T.);
#4983 = EDGE_CURVE('',#4984,#4986,#4988,.T.);
#4984 = VERTEX_POINT('',#4985);
#4985 = CARTESIAN_POINT('',(98.358859,-52.38,1.585));
#4986 = VERTEX_POINT('',#4987);
#4987 = CARTESIAN_POINT('',(98.358859,-52.26,1.585));
#4988 = CIRCLE('',#4989,6.000000000043E-02);
#4989 = AXIS2_PLACEMENT_3D('',#4990,#4991,#4992);
#4990 = CARTESIAN_POINT('',(98.358858774412,-52.32,1.585));
#4991 = DIRECTION('',(0.,0.,-1.));
#4992 = DIRECTION('',(3.759794016836E-06,-0.999999999993,0.));
#4993 = ORIENTED_EDGE('',*,*,#4994,.T.);
#4994 = EDGE_CURVE('',#4986,#4995,#4997,.T.);
#4995 = VERTEX_POINT('',#4996);
#4996 = CARTESIAN_POINT('',(98.666141,-52.26,1.585));
#4997 = LINE('',#4998,#4999);
#4998 = CARTESIAN_POINT('',(98.358859,-52.26,1.585));
#4999 = VECTOR('',#5000,1.);
#5000 = DIRECTION('',(1.,0.,0.));
#5001 = ORIENTED_EDGE('',*,*,#5002,.T.);
#5002 = EDGE_CURVE('',#4995,#5003,#5005,.T.);
#5003 = VERTEX_POINT('',#5004);
#5004 = CARTESIAN_POINT('',(98.666141,-52.38,1.585));
#5005 = CIRCLE('',#5006,6.000000000043E-02);
#5006 = AXIS2_PLACEMENT_3D('',#5007,#5008,#5009);
#5007 = CARTESIAN_POINT('',(98.666141225588,-52.32,1.585));
#5008 = DIRECTION('',(0.,0.,-1.));
#5009 = DIRECTION('',(-3.759794253683E-06,0.999999999993,-0.));
#5010 = ORIENTED_EDGE('',*,*,#5011,.T.);
#5011 = EDGE_CURVE('',#5003,#4984,#5012,.T.);
#5012 = LINE('',#5013,#5014);
#5013 = CARTESIAN_POINT('',(98.666141,-52.38,1.585));
#5014 = VECTOR('',#5015,1.);
#5015 = DIRECTION('',(-1.,0.,0.));
#5016 = PLANE('',#5017);
#5017 = AXIS2_PLACEMENT_3D('',#5018,#5019,#5020);
#5018 = CARTESIAN_POINT('',(0.,0.,1.585));
#5019 = DIRECTION('',(0.,0.,1.));
#5020 = DIRECTION('',(1.,0.,-0.));
#5021 = SHELL_BASED_SURFACE_MODEL('',(#5022));
#5022 = OPEN_SHELL('',(#5023));
#5023 = ADVANCED_FACE('',(#5024),#5060,.T.);
#5024 = FACE_BOUND('',#5025,.F.);
#5025 = EDGE_LOOP('',(#5026,#5037,#5045,#5054));
#5026 = ORIENTED_EDGE('',*,*,#5027,.T.);
#5027 = EDGE_CURVE('',#5028,#5030,#5032,.T.);
#5028 = VERTEX_POINT('',#5029);
#5029 = CARTESIAN_POINT('',(100.468859,-52.38,1.585));
#5030 = VERTEX_POINT('',#5031);
#5031 = CARTESIAN_POINT('',(100.468859,-52.26,1.585));
#5032 = CIRCLE('',#5033,6.000000000043E-02);
#5033 = AXIS2_PLACEMENT_3D('',#5034,#5035,#5036);
#5034 = CARTESIAN_POINT('',(100.46885877441,-52.32,1.585));
#5035 = DIRECTION('',(0.,0.,-1.));
#5036 = DIRECTION('',(3.759794016836E-06,-0.999999999993,0.));
#5037 = ORIENTED_EDGE('',*,*,#5038,.T.);
#5038 = EDGE_CURVE('',#5030,#5039,#5041,.T.);
#5039 = VERTEX_POINT('',#5040);
#5040 = CARTESIAN_POINT('',(100.776141,-52.26,1.585));
#5041 = LINE('',#5042,#5043);
#5042 = CARTESIAN_POINT('',(100.468859,-52.26,1.585));
#5043 = VECTOR('',#5044,1.);
#5044 = DIRECTION('',(1.,0.,0.));
#5045 = ORIENTED_EDGE('',*,*,#5046,.T.);
#5046 = EDGE_CURVE('',#5039,#5047,#5049,.T.);
#5047 = VERTEX_POINT('',#5048);
#5048 = CARTESIAN_POINT('',(100.776141,-52.38,1.585));
#5049 = CIRCLE('',#5050,6.000000000043E-02);
#5050 = AXIS2_PLACEMENT_3D('',#5051,#5052,#5053);
#5051 = CARTESIAN_POINT('',(100.77614122558,-52.32,1.585));
#5052 = DIRECTION('',(0.,0.,-1.));
#5053 = DIRECTION('',(-3.759794016836E-06,0.999999999993,-0.));
#5054 = ORIENTED_EDGE('',*,*,#5055,.T.);
#5055 = EDGE_CURVE('',#5047,#5028,#5056,.T.);
#5056 = LINE('',#5057,#5058);
#5057 = CARTESIAN_POINT('',(100.776141,-52.38,1.585));
#5058 = VECTOR('',#5059,1.);
#5059 = DIRECTION('',(-1.,0.,0.));
#5060 = PLANE('',#5061);
#5061 = AXIS2_PLACEMENT_3D('',#5062,#5063,#5064);
#5062 = CARTESIAN_POINT('',(0.,0.,1.585));
#5063 = DIRECTION('',(0.,0.,1.));
#5064 = DIRECTION('',(1.,0.,-0.));
#5065 = SHELL_BASED_SURFACE_MODEL('',(#5066));
#5066 = OPEN_SHELL('',(#5067));
#5067 = ADVANCED_FACE('',(#5068),#5177,.T.);
#5068 = FACE_BOUND('',#5069,.F.);
#5069 = EDGE_LOOP('',(#5070,#5081,#5089,#5097,#5105,#5113,#5121,#5129,
    #5138,#5146,#5155,#5163,#5171));
#5070 = ORIENTED_EDGE('',*,*,#5071,.T.);
#5071 = EDGE_CURVE('',#5072,#5074,#5076,.T.);
#5072 = VERTEX_POINT('',#5073);
#5073 = CARTESIAN_POINT('',(93.767039,-50.397067,1.585));
#5074 = VERTEX_POINT('',#5075);
#5075 = CARTESIAN_POINT('',(93.862961,-50.397067,1.585));
#5076 = CIRCLE('',#5077,0.187367801311);
#5077 = AXIS2_PLACEMENT_3D('',#5078,#5079,#5080);
#5078 = CARTESIAN_POINT('',(93.815,-50.57819246879,1.585));
#5079 = DIRECTION('',(0.,0.,-1.));
#5080 = DIRECTION('',(-0.25597247587,0.96668407021,0.));
#5081 = ORIENTED_EDGE('',*,*,#5082,.T.);
#5082 = EDGE_CURVE('',#5074,#5083,#5085,.T.);
#5083 = VERTEX_POINT('',#5084);
#5084 = CARTESIAN_POINT('',(93.895433,-50.429539,1.585));
#5085 = LINE('',#5086,#5087);
#5086 = CARTESIAN_POINT('',(93.862961,-50.397067,1.585));
#5087 = VECTOR('',#5088,1.);
#5088 = DIRECTION('',(0.707106781187,-0.707106781187,0.));
#5089 = ORIENTED_EDGE('',*,*,#5090,.T.);
#5090 = EDGE_CURVE('',#5083,#5091,#5093,.T.);
#5091 = VERTEX_POINT('',#5092);
#5092 = CARTESIAN_POINT('',(93.895433,-50.475461,1.585));
#5093 = LINE('',#5094,#5095);
#5094 = CARTESIAN_POINT('',(93.895433,-50.429539,1.585));
#5095 = VECTOR('',#5096,1.);
#5096 = DIRECTION('',(0.,-1.,0.));
#5097 = ORIENTED_EDGE('',*,*,#5098,.T.);
#5098 = EDGE_CURVE('',#5091,#5099,#5101,.T.);
#5099 = VERTEX_POINT('',#5100);
#5100 = CARTESIAN_POINT('',(93.862961,-50.507933,1.585));
#5101 = LINE('',#5102,#5103);
#5102 = CARTESIAN_POINT('',(93.895433,-50.475461,1.585));
#5103 = VECTOR('',#5104,1.);
#5104 = DIRECTION('',(-0.707106781187,-0.707106781187,0.));
#5105 = ORIENTED_EDGE('',*,*,#5106,.T.);
#5106 = EDGE_CURVE('',#5099,#5107,#5109,.T.);
#5107 = VERTEX_POINT('',#5108);
#5108 = CARTESIAN_POINT('',(93.85,-50.51051,1.585));
#5109 = LINE('',#5110,#5111);
#5110 = CARTESIAN_POINT('',(93.862961,-50.507933,1.585));
#5111 = VECTOR('',#5112,1.);
#5112 = DIRECTION('',(-0.980801250756,-0.195010016449,0.));
#5113 = ORIENTED_EDGE('',*,*,#5114,.T.);
#5114 = EDGE_CURVE('',#5107,#5115,#5117,.T.);
#5115 = VERTEX_POINT('',#5116);
#5116 = CARTESIAN_POINT('',(93.85,-52.214489,1.585));
#5117 = LINE('',#5118,#5119);
#5118 = CARTESIAN_POINT('',(93.85,-50.51051,1.585));
#5119 = VECTOR('',#5120,1.);
#5120 = DIRECTION('',(0.,-1.,0.));
#5121 = ORIENTED_EDGE('',*,*,#5122,.T.);
#5122 = EDGE_CURVE('',#5115,#5123,#5125,.T.);
#5123 = VERTEX_POINT('',#5124);
#5124 = CARTESIAN_POINT('',(93.862961,-52.217067,1.585));
#5125 = LINE('',#5126,#5127);
#5126 = CARTESIAN_POINT('',(93.85,-52.214489,1.585));
#5127 = VECTOR('',#5128,1.);
#5128 = DIRECTION('',(0.980786774539,-0.195082810336,0.));
#5129 = ORIENTED_EDGE('',*,*,#5130,.T.);
#5130 = EDGE_CURVE('',#5123,#5131,#5133,.T.);
#5131 = VERTEX_POINT('',#5132);
#5132 = CARTESIAN_POINT('',(93.84,-52.3325,1.585));
#5133 = CIRCLE('',#5134,6.000007318647E-02);
#5134 = AXIS2_PLACEMENT_3D('',#5135,#5136,#5137);
#5135 = CARTESIAN_POINT('',(93.840000176686,-52.27249992681,1.585));
#5136 = DIRECTION('',(0.,0.,-1.));
#5137 = DIRECTION('',(0.382679921777,0.923880986637,0.));
#5138 = ORIENTED_EDGE('',*,*,#5139,.T.);
#5139 = EDGE_CURVE('',#5131,#5140,#5142,.T.);
#5140 = VERTEX_POINT('',#5141);
#5141 = CARTESIAN_POINT('',(93.79,-52.3325,1.585));
#5142 = LINE('',#5143,#5144);
#5143 = CARTESIAN_POINT('',(93.84,-52.3325,1.585));
#5144 = VECTOR('',#5145,1.);
#5145 = DIRECTION('',(-1.,0.,0.));
#5146 = ORIENTED_EDGE('',*,*,#5147,.T.);
#5147 = EDGE_CURVE('',#5140,#5148,#5150,.T.);
#5148 = VERTEX_POINT('',#5149);
#5149 = CARTESIAN_POINT('',(93.73,-52.2725,1.585));
#5150 = CIRCLE('',#5151,5.999932016259E-02);
#5151 = AXIS2_PLACEMENT_3D('',#5152,#5153,#5154);
#5152 = CARTESIAN_POINT('',(93.789999320159,-52.27250067984,1.585));
#5153 = DIRECTION('',(0.,0.,-1.));
#5154 = DIRECTION('',(1.133081612143E-05,-0.999999999936,0.));
#5155 = ORIENTED_EDGE('',*,*,#5156,.T.);
#5156 = EDGE_CURVE('',#5148,#5157,#5159,.T.);
#5157 = VERTEX_POINT('',#5158);
#5158 = CARTESIAN_POINT('',(93.73,-50.4525,1.585));
#5159 = LINE('',#5160,#5161);
#5160 = CARTESIAN_POINT('',(93.73,-52.2725,1.585));
#5161 = VECTOR('',#5162,1.);
#5162 = DIRECTION('',(0.,1.,0.));
#5163 = ORIENTED_EDGE('',*,*,#5164,.T.);
#5164 = EDGE_CURVE('',#5157,#5165,#5167,.T.);
#5165 = VERTEX_POINT('',#5166);
#5166 = CARTESIAN_POINT('',(93.734567,-50.429539,1.585));
#5167 = LINE('',#5168,#5169);
#5168 = CARTESIAN_POINT('',(93.73,-50.4525,1.585));
#5169 = VECTOR('',#5170,1.);
#5170 = DIRECTION('',(0.195081000118,0.980787134598,0.));
#5171 = ORIENTED_EDGE('',*,*,#5172,.T.);
#5172 = EDGE_CURVE('',#5165,#5072,#5173,.T.);
#5173 = LINE('',#5174,#5175);
#5174 = CARTESIAN_POINT('',(93.734567,-50.429539,1.585));
#5175 = VECTOR('',#5176,1.);
#5176 = DIRECTION('',(0.707106781187,0.707106781187,0.));
#5177 = PLANE('',#5178);
#5178 = AXIS2_PLACEMENT_3D('',#5179,#5180,#5181);
#5179 = CARTESIAN_POINT('',(0.,0.,1.585));
#5180 = DIRECTION('',(0.,0.,1.));
#5181 = DIRECTION('',(1.,0.,-0.));
#5182 = SHELL_BASED_SURFACE_MODEL('',(#5183));
#5183 = OPEN_SHELL('',(#5184));
#5184 = ADVANCED_FACE('',(#5185),#5279,.T.);
#5185 = FACE_BOUND('',#5186,.F.);
#5186 = EDGE_LOOP('',(#5187,#5198,#5206,#5214,#5222,#5231,#5239,#5248,
    #5256,#5264,#5272));
#5187 = ORIENTED_EDGE('',*,*,#5188,.T.);
#5188 = EDGE_CURVE('',#5189,#5191,#5193,.T.);
#5189 = VERTEX_POINT('',#5190);
#5190 = CARTESIAN_POINT('',(96.837039,-50.397067,1.585));
#5191 = VERTEX_POINT('',#5192);
#5192 = CARTESIAN_POINT('',(96.932961,-50.397067,1.585));
#5193 = CIRCLE('',#5194,0.187367801311);
#5194 = AXIS2_PLACEMENT_3D('',#5195,#5196,#5197);
#5195 = CARTESIAN_POINT('',(96.885,-50.57819246879,1.585));
#5196 = DIRECTION('',(0.,0.,-1.));
#5197 = DIRECTION('',(-0.25597247587,0.96668407021,0.));
#5198 = ORIENTED_EDGE('',*,*,#5199,.T.);
#5199 = EDGE_CURVE('',#5191,#5200,#5202,.T.);
#5200 = VERTEX_POINT('',#5201);
#5201 = CARTESIAN_POINT('',(96.965433,-50.429539,1.585));
#5202 = LINE('',#5203,#5204);
#5203 = CARTESIAN_POINT('',(96.932961,-50.397067,1.585));
#5204 = VECTOR('',#5205,1.);
#5205 = DIRECTION('',(0.707106781187,-0.707106781187,0.));
#5206 = ORIENTED_EDGE('',*,*,#5207,.T.);
#5207 = EDGE_CURVE('',#5200,#5208,#5210,.T.);
#5208 = VERTEX_POINT('',#5209);
#5209 = CARTESIAN_POINT('',(96.97,-50.4525,1.585));
#5210 = LINE('',#5211,#5212);
#5211 = CARTESIAN_POINT('',(96.965433,-50.429539,1.585));
#5212 = VECTOR('',#5213,1.);
#5213 = DIRECTION('',(0.195081000118,-0.980787134598,0.));
#5214 = ORIENTED_EDGE('',*,*,#5215,.T.);
#5215 = EDGE_CURVE('',#5208,#5216,#5218,.T.);
#5216 = VERTEX_POINT('',#5217);
#5217 = CARTESIAN_POINT('',(96.97,-52.2725,1.585));
#5218 = LINE('',#5219,#5220);
#5219 = CARTESIAN_POINT('',(96.97,-50.4525,1.585));
#5220 = VECTOR('',#5221,1.);
#5221 = DIRECTION('',(0.,-1.,0.));
#5222 = ORIENTED_EDGE('',*,*,#5223,.T.);
#5223 = EDGE_CURVE('',#5216,#5224,#5226,.T.);
#5224 = VERTEX_POINT('',#5225);
#5225 = CARTESIAN_POINT('',(96.91,-52.3325,1.585));
#5226 = CIRCLE('',#5227,5.999932016259E-02);
#5227 = AXIS2_PLACEMENT_3D('',#5228,#5229,#5230);
#5228 = CARTESIAN_POINT('',(96.910000679841,-52.27250067984,1.585));
#5229 = DIRECTION('',(0.,0.,-1.));
#5230 = DIRECTION('',(0.999999999936,1.133081623985E-05,0.));
#5231 = ORIENTED_EDGE('',*,*,#5232,.T.);
#5232 = EDGE_CURVE('',#5224,#5233,#5235,.T.);
#5233 = VERTEX_POINT('',#5234);
#5234 = CARTESIAN_POINT('',(96.86,-52.3325,1.585));
#5235 = LINE('',#5236,#5237);
#5236 = CARTESIAN_POINT('',(96.91,-52.3325,1.585));
#5237 = VECTOR('',#5238,1.);
#5238 = DIRECTION('',(-1.,0.,0.));
#5239 = ORIENTED_EDGE('',*,*,#5240,.T.);
#5240 = EDGE_CURVE('',#5233,#5241,#5243,.T.);
#5241 = VERTEX_POINT('',#5242);
#5242 = CARTESIAN_POINT('',(96.837039,-52.217067,1.585));
#5243 = CIRCLE('',#5244,6.000007318647E-02);
#5244 = AXIS2_PLACEMENT_3D('',#5245,#5246,#5247);
#5245 = CARTESIAN_POINT('',(96.859999823314,-52.27249992681,1.585));
#5246 = DIRECTION('',(0.,0.,-1.));
#5247 = DIRECTION('',(2.944769248434E-06,-0.999999999996,0.));
#5248 = ORIENTED_EDGE('',*,*,#5249,.T.);
#5249 = EDGE_CURVE('',#5241,#5250,#5252,.T.);
#5250 = VERTEX_POINT('',#5251);
#5251 = CARTESIAN_POINT('',(96.85,-52.214489,1.585));
#5252 = LINE('',#5253,#5254);
#5253 = CARTESIAN_POINT('',(96.837039,-52.217067,1.585));
#5254 = VECTOR('',#5255,1.);
#5255 = DIRECTION('',(0.980786774539,0.195082810336,0.));
#5256 = ORIENTED_EDGE('',*,*,#5257,.T.);
#5257 = EDGE_CURVE('',#5250,#5258,#5260,.T.);
#5258 = VERTEX_POINT('',#5259);
#5259 = CARTESIAN_POINT('',(96.85,-50.51051,1.585));
#5260 = LINE('',#5261,#5262);
#5261 = CARTESIAN_POINT('',(96.85,-52.214489,1.585));
#5262 = VECTOR('',#5263,1.);
#5263 = DIRECTION('',(0.,1.,0.));
#5264 = ORIENTED_EDGE('',*,*,#5265,.T.);
#5265 = EDGE_CURVE('',#5258,#5266,#5268,.T.);
#5266 = VERTEX_POINT('',#5267);
#5267 = CARTESIAN_POINT('',(96.837039,-50.507933,1.585));
#5268 = LINE('',#5269,#5270);
#5269 = CARTESIAN_POINT('',(96.85,-50.51051,1.585));
#5270 = VECTOR('',#5271,1.);
#5271 = DIRECTION('',(-0.980801250756,0.195010016449,0.));
#5272 = ORIENTED_EDGE('',*,*,#5273,.T.);
#5273 = EDGE_CURVE('',#5266,#5189,#5274,.T.);
#5274 = CIRCLE('',#5275,6.000020841631E-02);
#5275 = AXIS2_PLACEMENT_3D('',#5276,#5277,#5278);
#5276 = CARTESIAN_POINT('',(96.86,-50.4525,1.585));
#5277 = DIRECTION('',(0.,0.,-1.));
#5278 = DIRECTION('',(-0.382682004047,-0.923880124139,-0.));
#5279 = PLANE('',#5280);
#5280 = AXIS2_PLACEMENT_3D('',#5281,#5282,#5283);
#5281 = CARTESIAN_POINT('',(0.,0.,1.585));
#5282 = DIRECTION('',(0.,0.,1.));
#5283 = DIRECTION('',(1.,0.,-0.));
#5284 = SHELL_BASED_SURFACE_MODEL('',(#5285));
#5285 = OPEN_SHELL('',(#5286));
#5286 = ADVANCED_FACE('',(#5287),#5323,.T.);
#5287 = FACE_BOUND('',#5288,.F.);
#5288 = EDGE_LOOP('',(#5289,#5300,#5308,#5317));
#5289 = ORIENTED_EDGE('',*,*,#5290,.T.);
#5290 = EDGE_CURVE('',#5291,#5293,#5295,.T.);
#5291 = VERTEX_POINT('',#5292);
#5292 = CARTESIAN_POINT('',(86.072164,-51.92,1.585));
#5293 = VERTEX_POINT('',#5294);
#5294 = CARTESIAN_POINT('',(86.072164,-51.8,1.585));
#5295 = CIRCLE('',#5296,6.000000000043E-02);
#5296 = AXIS2_PLACEMENT_3D('',#5297,#5298,#5299);
#5297 = CARTESIAN_POINT('',(86.072163774412,-51.86,1.585));
#5298 = DIRECTION('',(0.,0.,-1.));
#5299 = DIRECTION('',(3.759794253684E-06,-0.999999999993,0.));
#5300 = ORIENTED_EDGE('',*,*,#5301,.T.);
#5301 = EDGE_CURVE('',#5293,#5302,#5304,.T.);
#5302 = VERTEX_POINT('',#5303);
#5303 = CARTESIAN_POINT('',(86.287836,-51.8,1.585));
#5304 = LINE('',#5305,#5306);
#5305 = CARTESIAN_POINT('',(86.072164,-51.8,1.585));
#5306 = VECTOR('',#5307,1.);
#5307 = DIRECTION('',(1.,0.,0.));
#5308 = ORIENTED_EDGE('',*,*,#5309,.T.);
#5309 = EDGE_CURVE('',#5302,#5310,#5312,.T.);
#5310 = VERTEX_POINT('',#5311);
#5311 = CARTESIAN_POINT('',(86.287836,-51.92,1.585));
#5312 = CIRCLE('',#5313,6.000000000043E-02);
#5313 = AXIS2_PLACEMENT_3D('',#5314,#5315,#5316);
#5314 = CARTESIAN_POINT('',(86.287836225588,-51.86,1.585));
#5315 = DIRECTION('',(0.,0.,-1.));
#5316 = DIRECTION('',(-3.759794016836E-06,0.999999999993,-0.));
#5317 = ORIENTED_EDGE('',*,*,#5318,.T.);
#5318 = EDGE_CURVE('',#5310,#5291,#5319,.T.);
#5319 = LINE('',#5320,#5321);
#5320 = CARTESIAN_POINT('',(86.287836,-51.92,1.585));
#5321 = VECTOR('',#5322,1.);
#5322 = DIRECTION('',(-1.,0.,0.));
#5323 = PLANE('',#5324);
#5324 = AXIS2_PLACEMENT_3D('',#5325,#5326,#5327);
#5325 = CARTESIAN_POINT('',(0.,0.,1.585));
#5326 = DIRECTION('',(0.,0.,1.));
#5327 = DIRECTION('',(1.,0.,-0.));
#5328 = SHELL_BASED_SURFACE_MODEL('',(#5329));
#5329 = OPEN_SHELL('',(#5330));
#5330 = ADVANCED_FACE('',(#5331,#5401),#5435,.T.);
#5331 = FACE_BOUND('',#5332,.F.);
#5332 = EDGE_LOOP('',(#5333,#5344,#5352,#5361,#5369,#5378,#5386,#5395));
#5333 = ORIENTED_EDGE('',*,*,#5334,.T.);
#5334 = EDGE_CURVE('',#5335,#5337,#5339,.T.);
#5335 = VERTEX_POINT('',#5336);
#5336 = CARTESIAN_POINT('',(82.13,-49.7,1.585));
#5337 = VERTEX_POINT('',#5338);
#5338 = CARTESIAN_POINT('',(82.19,-49.64,1.585));
#5339 = CIRCLE('',#5340,5.999932016262E-02);
#5340 = AXIS2_PLACEMENT_3D('',#5341,#5342,#5343);
#5341 = CARTESIAN_POINT('',(82.189999320159,-49.69999932015,1.585));
#5342 = DIRECTION('',(0.,0.,-1.));
#5343 = DIRECTION('',(-0.999999999936,-1.133081564772E-05,-0.));
#5344 = ORIENTED_EDGE('',*,*,#5345,.T.);
#5345 = EDGE_CURVE('',#5337,#5346,#5348,.T.);
#5346 = VERTEX_POINT('',#5347);
#5347 = CARTESIAN_POINT('',(84.41,-49.64,1.585));
#5348 = LINE('',#5349,#5350);
#5349 = CARTESIAN_POINT('',(82.19,-49.64,1.585));
#5350 = VECTOR('',#5351,1.);
#5351 = DIRECTION('',(1.,0.,0.));
#5352 = ORIENTED_EDGE('',*,*,#5353,.T.);
#5353 = EDGE_CURVE('',#5346,#5354,#5356,.T.);
#5354 = VERTEX_POINT('',#5355);
#5355 = CARTESIAN_POINT('',(84.47,-49.7,1.585));
#5356 = CIRCLE('',#5357,5.999932016259E-02);
#5357 = AXIS2_PLACEMENT_3D('',#5358,#5359,#5360);
#5358 = CARTESIAN_POINT('',(84.410000679841,-49.69999932015,1.585));
#5359 = DIRECTION('',(0.,0.,-1.));
#5360 = DIRECTION('',(-1.133081612142E-05,0.999999999936,0.));
#5361 = ORIENTED_EDGE('',*,*,#5362,.T.);
#5362 = EDGE_CURVE('',#5354,#5363,#5365,.T.);
#5363 = VERTEX_POINT('',#5364);
#5364 = CARTESIAN_POINT('',(84.47,-51.81,1.585));
#5365 = LINE('',#5366,#5367);
#5366 = CARTESIAN_POINT('',(84.47,-49.7,1.585));
#5367 = VECTOR('',#5368,1.);
#5368 = DIRECTION('',(0.,-1.,0.));
#5369 = ORIENTED_EDGE('',*,*,#5370,.T.);
#5370 = EDGE_CURVE('',#5363,#5371,#5373,.T.);
#5371 = VERTEX_POINT('',#5372);
#5372 = CARTESIAN_POINT('',(84.41,-51.87,1.585));
#5373 = CIRCLE('',#5374,5.999932016259E-02);
#5374 = AXIS2_PLACEMENT_3D('',#5375,#5376,#5377);
#5375 = CARTESIAN_POINT('',(84.410000679841,-51.81000067984,1.585));
#5376 = DIRECTION('',(0.,0.,-1.));
#5377 = DIRECTION('',(0.999999999936,1.133081612143E-05,0.));
#5378 = ORIENTED_EDGE('',*,*,#5379,.T.);
#5379 = EDGE_CURVE('',#5371,#5380,#5382,.T.);
#5380 = VERTEX_POINT('',#5381);
#5381 = CARTESIAN_POINT('',(82.19,-51.87,1.585));
#5382 = LINE('',#5383,#5384);
#5383 = CARTESIAN_POINT('',(84.41,-51.87,1.585));
#5384 = VECTOR('',#5385,1.);
#5385 = DIRECTION('',(-1.,0.,0.));
#5386 = ORIENTED_EDGE('',*,*,#5387,.T.);
#5387 = EDGE_CURVE('',#5380,#5388,#5390,.T.);
#5388 = VERTEX_POINT('',#5389);
#5389 = CARTESIAN_POINT('',(82.13,-51.81,1.585));
#5390 = CIRCLE('',#5391,5.999932016259E-02);
#5391 = AXIS2_PLACEMENT_3D('',#5392,#5393,#5394);
#5392 = CARTESIAN_POINT('',(82.189999320159,-51.81000067984,1.585));
#5393 = DIRECTION('',(0.,0.,-1.));
#5394 = DIRECTION('',(1.133081612142E-05,-0.999999999936,0.));
#5395 = ORIENTED_EDGE('',*,*,#5396,.T.);
#5396 = EDGE_CURVE('',#5388,#5335,#5397,.T.);
#5397 = LINE('',#5398,#5399);
#5398 = CARTESIAN_POINT('',(82.13,-51.81,1.585));
#5399 = VECTOR('',#5400,1.);
#5400 = DIRECTION('',(0.,1.,0.));
#5401 = FACE_BOUND('',#5402,.F.);
#5402 = EDGE_LOOP('',(#5403,#5413,#5421,#5429));
#5403 = ORIENTED_EDGE('',*,*,#5404,.T.);
#5404 = EDGE_CURVE('',#5405,#5407,#5409,.T.);
#5405 = VERTEX_POINT('',#5406);
#5406 = CARTESIAN_POINT('',(84.35,-51.75,1.585));
#5407 = VERTEX_POINT('',#5408);
#5408 = CARTESIAN_POINT('',(84.35,-49.76,1.585));
#5409 = LINE('',#5410,#5411);
#5410 = CARTESIAN_POINT('',(84.35,-51.75,1.585));
#5411 = VECTOR('',#5412,1.);
#5412 = DIRECTION('',(0.,1.,0.));
#5413 = ORIENTED_EDGE('',*,*,#5414,.T.);
#5414 = EDGE_CURVE('',#5407,#5415,#5417,.T.);
#5415 = VERTEX_POINT('',#5416);
#5416 = CARTESIAN_POINT('',(82.25,-49.76,1.585));
#5417 = LINE('',#5418,#5419);
#5418 = CARTESIAN_POINT('',(84.35,-49.76,1.585));
#5419 = VECTOR('',#5420,1.);
#5420 = DIRECTION('',(-1.,0.,0.));
#5421 = ORIENTED_EDGE('',*,*,#5422,.T.);
#5422 = EDGE_CURVE('',#5415,#5423,#5425,.T.);
#5423 = VERTEX_POINT('',#5424);
#5424 = CARTESIAN_POINT('',(82.25,-51.75,1.585));
#5425 = LINE('',#5426,#5427);
#5426 = CARTESIAN_POINT('',(82.25,-49.76,1.585));
#5427 = VECTOR('',#5428,1.);
#5428 = DIRECTION('',(0.,-1.,0.));
#5429 = ORIENTED_EDGE('',*,*,#5430,.T.);
#5430 = EDGE_CURVE('',#5423,#5405,#5431,.T.);
#5431 = LINE('',#5432,#5433);
#5432 = CARTESIAN_POINT('',(82.25,-51.75,1.585));
#5433 = VECTOR('',#5434,1.);
#5434 = DIRECTION('',(1.,0.,0.));
#5435 = PLANE('',#5436);
#5436 = AXIS2_PLACEMENT_3D('',#5437,#5438,#5439);
#5437 = CARTESIAN_POINT('',(0.,0.,1.585));
#5438 = DIRECTION('',(0.,0.,1.));
#5439 = DIRECTION('',(1.,0.,-0.));
#5440 = SHELL_BASED_SURFACE_MODEL('',(#5441));
#5441 = OPEN_SHELL('',(#5442));
#5442 = ADVANCED_FACE('',(#5443),#5503,.T.);
#5443 = FACE_BOUND('',#5444,.F.);
#5444 = EDGE_LOOP('',(#5445,#5456,#5464,#5472,#5480,#5488,#5497));
#5445 = ORIENTED_EDGE('',*,*,#5446,.T.);
#5446 = EDGE_CURVE('',#5447,#5449,#5451,.T.);
#5447 = VERTEX_POINT('',#5448);
#5448 = CARTESIAN_POINT('',(97.9725,-51.2725,1.585));
#5449 = VERTEX_POINT('',#5450);
#5450 = CARTESIAN_POINT('',(98.06779,-51.223976,1.585));
#5451 = CIRCLE('',#5452,5.999960095074E-02);
#5452 = AXIS2_PLACEMENT_3D('',#5453,#5454,#5455);
#5453 = CARTESIAN_POINT('',(98.032499600949,-51.27249960094,1.585));
#5454 = DIRECTION('',(0.,0.,-1.));
#5455 = DIRECTION('',(-0.999999999978,-6.650887428558E-06,-0.));
#5456 = ORIENTED_EDGE('',*,*,#5457,.T.);
#5457 = EDGE_CURVE('',#5449,#5458,#5460,.T.);
#5458 = VERTEX_POINT('',#5459);
#5459 = CARTESIAN_POINT('',(98.39779,-51.463976,1.585));
#5460 = LINE('',#5461,#5462);
#5461 = CARTESIAN_POINT('',(98.06779,-51.223976,1.585));
#5462 = VECTOR('',#5463,1.);
#5463 = DIRECTION('',(0.808736084303,-0.588171697675,0.));
#5464 = ORIENTED_EDGE('',*,*,#5465,.T.);
#5465 = EDGE_CURVE('',#5458,#5466,#5468,.T.);
#5466 = VERTEX_POINT('',#5467);
#5467 = CARTESIAN_POINT('',(98.421766,-51.503142,1.585));
#5468 = LINE('',#5469,#5470);
#5469 = CARTESIAN_POINT('',(98.39779,-51.463976,1.585));
#5470 = VECTOR('',#5471,1.);
#5471 = DIRECTION('',(0.522103432673,-0.852882175679,0.));
#5472 = ORIENTED_EDGE('',*,*,#5473,.T.);
#5473 = EDGE_CURVE('',#5466,#5474,#5476,.T.);
#5474 = VERTEX_POINT('',#5475);
#5475 = CARTESIAN_POINT('',(98.411024,-51.54779,1.585));
#5476 = LINE('',#5477,#5478);
#5477 = CARTESIAN_POINT('',(98.421766,-51.503142,1.585));
#5478 = VECTOR('',#5479,1.);
#5479 = DIRECTION('',(-0.233918140202,-0.972256295266,0.));
#5480 = ORIENTED_EDGE('',*,*,#5481,.T.);
#5481 = EDGE_CURVE('',#5474,#5482,#5484,.T.);
#5482 = VERTEX_POINT('',#5483);
#5483 = CARTESIAN_POINT('',(98.06779,-51.801024,1.585));
#5484 = LINE('',#5485,#5486);
#5485 = CARTESIAN_POINT('',(98.411024,-51.54779,1.585));
#5486 = VECTOR('',#5487,1.);
#5487 = DIRECTION('',(-0.804692108267,-0.593692353743,0.));
#5488 = ORIENTED_EDGE('',*,*,#5489,.T.);
#5489 = EDGE_CURVE('',#5482,#5490,#5492,.T.);
#5490 = VERTEX_POINT('',#5491);
#5491 = CARTESIAN_POINT('',(97.9725,-51.7525,1.585));
#5492 = CIRCLE('',#5493,5.999941814204E-02);
#5493 = AXIS2_PLACEMENT_3D('',#5494,#5495,#5496);
#5494 = CARTESIAN_POINT('',(98.032499418137,-51.75250075805,1.585));
#5495 = DIRECTION('',(-0.,0.,-1.));
#5496 = DIRECTION('',(0.588182068353,-0.80872854189,-0.));
#5497 = ORIENTED_EDGE('',*,*,#5498,.T.);
#5498 = EDGE_CURVE('',#5490,#5447,#5499,.T.);
#5499 = LINE('',#5500,#5501);
#5500 = CARTESIAN_POINT('',(97.9725,-51.7525,1.585));
#5501 = VECTOR('',#5502,1.);
#5502 = DIRECTION('',(0.,1.,0.));
#5503 = PLANE('',#5504);
#5504 = AXIS2_PLACEMENT_3D('',#5505,#5506,#5507);
#5505 = CARTESIAN_POINT('',(0.,0.,1.585));
#5506 = DIRECTION('',(0.,0.,1.));
#5507 = DIRECTION('',(1.,0.,-0.));
#5508 = SHELL_BASED_SURFACE_MODEL('',(#5509));
#5509 = OPEN_SHELL('',(#5510));
#5510 = ADVANCED_FACE('',(#5511),#5614,.T.);
#5511 = FACE_BOUND('',#5512,.F.);
#5512 = EDGE_LOOP('',(#5513,#5524,#5532,#5541,#5549,#5558,#5566,#5575,
    #5583,#5591,#5600,#5608));
#5513 = ORIENTED_EDGE('',*,*,#5514,.T.);
#5514 = EDGE_CURVE('',#5515,#5517,#5519,.T.);
#5515 = VERTEX_POINT('',#5516);
#5516 = CARTESIAN_POINT('',(95.250445,-51.37649,1.585));
#5517 = VERTEX_POINT('',#5518);
#5518 = CARTESIAN_POINT('',(95.250445,-51.318748,1.585));
#5519 = CIRCLE('',#5520,3.124983715156E-02);
#5520 = AXIS2_PLACEMENT_3D('',#5521,#5522,#5523);
#5521 = CARTESIAN_POINT('',(95.262404,-51.347619,1.585));
#5522 = DIRECTION('',(0.,0.,-1.));
#5523 = DIRECTION('',(-0.382689994254,-0.923876814461,-0.));
#5524 = ORIENTED_EDGE('',*,*,#5525,.T.);
#5525 = EDGE_CURVE('',#5517,#5526,#5528,.T.);
#5526 = VERTEX_POINT('',#5527);
#5527 = CARTESIAN_POINT('',(95.466319,-51.316674,1.585));
#5528 = LINE('',#5529,#5530);
#5529 = CARTESIAN_POINT('',(95.250445,-51.318748,1.585));
#5530 = VECTOR('',#5531,1.);
#5531 = DIRECTION('',(0.999953851587,9.607012832451E-03,0.));
#5532 = ORIENTED_EDGE('',*,*,#5533,.T.);
#5533 = EDGE_CURVE('',#5526,#5534,#5536,.T.);
#5534 = VERTEX_POINT('',#5535);
#5535 = CARTESIAN_POINT('',(95.543654,-51.395238,1.585));
#5536 = CIRCLE('',#5537,9.551494709918E-02);
#5537 = AXIS2_PLACEMENT_3D('',#5538,#5539,#5540);
#5538 = CARTESIAN_POINT('',(95.449395198309,-51.41067767043,1.585));
#5539 = DIRECTION('',(0.,0.,-1.));
#5540 = DIRECTION('',(0.177184851215,0.98417758992,0.));
#5541 = ORIENTED_EDGE('',*,*,#5542,.T.);
#5542 = EDGE_CURVE('',#5534,#5543,#5545,.T.);
#5543 = VERTEX_POINT('',#5544);
#5544 = CARTESIAN_POINT('',(95.540355,-51.456832,1.585));
#5545 = LINE('',#5546,#5547);
#5546 = CARTESIAN_POINT('',(95.543654,-51.395238,1.585));
#5547 = VECTOR('',#5548,1.);
#5548 = DIRECTION('',(-5.348375177515E-02,-0.998568719867,0.));
#5549 = ORIENTED_EDGE('',*,*,#5550,.T.);
#5550 = EDGE_CURVE('',#5543,#5551,#5553,.T.);
#5551 = VERTEX_POINT('',#5552);
#5552 = CARTESIAN_POINT('',(95.464785,-51.521726,1.585));
#5553 = CIRCLE('',#5554,9.60622908775E-02);
#5554 = AXIS2_PLACEMENT_3D('',#5555,#5556,#5557);
#5555 = CARTESIAN_POINT('',(95.449055246141,-51.42696029643,1.585));
#5556 = DIRECTION('',(0.,0.,-1.));
#5557 = DIRECTION('',(0.950422408473,-0.310961807095,0.));
#5558 = ORIENTED_EDGE('',*,*,#5559,.T.);
#5559 = EDGE_CURVE('',#5551,#5560,#5562,.T.);
#5560 = VERTEX_POINT('',#5561);
#5561 = CARTESIAN_POINT('',(95.250445,-51.519347,1.585));
#5562 = LINE('',#5563,#5564);
#5563 = CARTESIAN_POINT('',(95.464785,-51.521726,1.585));
#5564 = VECTOR('',#5565,1.);
#5565 = DIRECTION('',(-0.999938409701,1.109850460332E-02,0.));
#5566 = ORIENTED_EDGE('',*,*,#5567,.T.);
#5567 = EDGE_CURVE('',#5560,#5568,#5570,.T.);
#5568 = VERTEX_POINT('',#5569);
#5569 = CARTESIAN_POINT('',(95.250445,-51.461605,1.585));
#5570 = CIRCLE('',#5571,3.124983715157E-02);
#5571 = AXIS2_PLACEMENT_3D('',#5572,#5573,#5574);
#5572 = CARTESIAN_POINT('',(95.262404,-51.490476,1.585));
#5573 = DIRECTION('',(0.,0.,-1.));
#5574 = DIRECTION('',(-0.382689994255,-0.92387681446,-0.));
#5575 = ORIENTED_EDGE('',*,*,#5576,.T.);
#5576 = EDGE_CURVE('',#5568,#5577,#5579,.T.);
#5577 = VERTEX_POINT('',#5578);
#5578 = CARTESIAN_POINT('',(95.457408,-51.459226,1.585));
#5579 = LINE('',#5580,#5581);
#5580 = CARTESIAN_POINT('',(95.250445,-51.461605,1.585));
#5581 = VECTOR('',#5582,1.);
#5582 = DIRECTION('',(0.999933941238,1.149404891793E-02,0.));
#5583 = ORIENTED_EDGE('',*,*,#5584,.T.);
#5584 = EDGE_CURVE('',#5577,#5585,#5587,.T.);
#5585 = VERTEX_POINT('',#5586);
#5586 = CARTESIAN_POINT('',(95.474816,-51.448155,1.585));
#5587 = LINE('',#5588,#5589);
#5588 = CARTESIAN_POINT('',(95.457408,-51.459226,1.585));
#5589 = VECTOR('',#5590,1.);
#5590 = DIRECTION('',(0.843811149754,0.536640236611,0.));
#5591 = ORIENTED_EDGE('',*,*,#5592,.T.);
#5592 = EDGE_CURVE('',#5585,#5593,#5595,.T.);
#5593 = VERTEX_POINT('',#5594);
#5594 = CARTESIAN_POINT('',(95.470083,-51.385205,1.585));
#5595 = CIRCLE('',#5596,5.017091118681E-02);
#5596 = AXIS2_PLACEMENT_3D('',#5597,#5598,#5599);
#5597 = CARTESIAN_POINT('',(95.433561258509,-51.41960387683,1.585));
#5598 = DIRECTION('',(0.,-0.,1.));
#5599 = DIRECTION('',(0.822284078873,-0.569077229936,-0.));
#5600 = ORIENTED_EDGE('',*,*,#5601,.T.);
#5601 = EDGE_CURVE('',#5593,#5602,#5604,.T.);
#5602 = VERTEX_POINT('',#5603);
#5603 = CARTESIAN_POINT('',(95.45741,-51.378869,1.585));
#5604 = LINE('',#5605,#5606);
#5605 = CARTESIAN_POINT('',(95.470083,-51.385205,1.585));
#5606 = VECTOR('',#5607,1.);
#5607 = DIRECTION('',(-0.894441306254,0.447185363878,0.));
#5608 = ORIENTED_EDGE('',*,*,#5609,.T.);
#5609 = EDGE_CURVE('',#5602,#5515,#5610,.T.);
#5610 = LINE('',#5611,#5612);
#5611 = CARTESIAN_POINT('',(95.45741,-51.378869,1.585));
#5612 = VECTOR('',#5613,1.);
#5613 = DIRECTION('',(-0.999933942514,1.149393786025E-02,0.));
#5614 = PLANE('',#5615);
#5615 = AXIS2_PLACEMENT_3D('',#5616,#5617,#5618);
#5616 = CARTESIAN_POINT('',(0.,0.,1.585));
#5617 = DIRECTION('',(0.,0.,1.));
#5618 = DIRECTION('',(1.,0.,-0.));
#5619 = SHELL_BASED_SURFACE_MODEL('',(#5620));
#5620 = OPEN_SHELL('',(#5621));
#5621 = ADVANCED_FACE('',(#5622),#5827,.T.);
#5622 = FACE_BOUND('',#5623,.F.);
#5623 = EDGE_LOOP('',(#5624,#5634,#5643,#5651,#5659,#5667,#5675,#5683,
    #5692,#5700,#5708,#5716,#5724,#5732,#5740,#5748,#5756,#5764,#5772,
    #5780,#5788,#5797,#5805,#5813,#5821));
#5624 = ORIENTED_EDGE('',*,*,#5625,.T.);
#5625 = EDGE_CURVE('',#5626,#5628,#5630,.T.);
#5626 = VERTEX_POINT('',#5627);
#5627 = CARTESIAN_POINT('',(95.335357,-51.119928,1.585));
#5628 = VERTEX_POINT('',#5629);
#5629 = CARTESIAN_POINT('',(95.359355,-51.087426,1.585));
#5630 = LINE('',#5631,#5632);
#5631 = CARTESIAN_POINT('',(95.335357,-51.119928,1.585));
#5632 = VECTOR('',#5633,1.);
#5633 = DIRECTION('',(0.59398733648,0.80447438996,0.));
#5634 = ORIENTED_EDGE('',*,*,#5635,.T.);
#5635 = EDGE_CURVE('',#5628,#5636,#5638,.T.);
#5636 = VERTEX_POINT('',#5637);
#5637 = CARTESIAN_POINT('',(95.510692,-51.087426,1.585));
#5638 = CIRCLE('',#5639,0.12859397496);
#5639 = AXIS2_PLACEMENT_3D('',#5640,#5641,#5642);
#5640 = CARTESIAN_POINT('',(95.4350235,-51.19140046082,1.585));
#5641 = DIRECTION('',(0.,0.,-1.));
#5642 = DIRECTION('',(-0.588429590293,0.808548463154,0.));
#5643 = ORIENTED_EDGE('',*,*,#5644,.T.);
#5644 = EDGE_CURVE('',#5636,#5645,#5647,.T.);
#5645 = VERTEX_POINT('',#5646);
#5646 = CARTESIAN_POINT('',(95.528451,-51.107453,1.585));
#5647 = LINE('',#5648,#5649);
#5648 = CARTESIAN_POINT('',(95.510692,-51.087426,1.585));
#5649 = VECTOR('',#5650,1.);
#5650 = DIRECTION('',(0.663470597297,-0.748202356668,0.));
#5651 = ORIENTED_EDGE('',*,*,#5652,.T.);
#5652 = EDGE_CURVE('',#5645,#5653,#5655,.T.);
#5653 = VERTEX_POINT('',#5654);
#5654 = CARTESIAN_POINT('',(95.543654,-51.145237,1.585));
#5655 = LINE('',#5656,#5657);
#5656 = CARTESIAN_POINT('',(95.528451,-51.107453,1.585));
#5657 = VECTOR('',#5658,1.);
#5658 = DIRECTION('',(0.373282194224,-0.92771784691,0.));
#5659 = ORIENTED_EDGE('',*,*,#5660,.T.);
#5660 = EDGE_CURVE('',#5653,#5661,#5663,.T.);
#5661 = VERTEX_POINT('',#5662);
#5662 = CARTESIAN_POINT('',(95.540355,-51.230641,1.585));
#5663 = LINE('',#5664,#5665);
#5664 = CARTESIAN_POINT('',(95.543654,-51.145237,1.585));
#5665 = VECTOR('',#5666,1.);
#5666 = DIRECTION('',(-3.859938028435E-02,-0.999254766234,0.));
#5667 = ORIENTED_EDGE('',*,*,#5668,.T.);
#5668 = EDGE_CURVE('',#5661,#5669,#5671,.T.);
#5669 = VERTEX_POINT('',#5670);
#5670 = CARTESIAN_POINT('',(95.522597,-51.262572,1.585));
#5671 = LINE('',#5672,#5673);
#5672 = CARTESIAN_POINT('',(95.540355,-51.230641,1.585));
#5673 = VECTOR('',#5674,1.);
#5674 = DIRECTION('',(-0.486030964876,-0.873941589113,0.));
#5675 = ORIENTED_EDGE('',*,*,#5676,.T.);
#5676 = EDGE_CURVE('',#5669,#5677,#5679,.T.);
#5677 = VERTEX_POINT('',#5678);
#5678 = CARTESIAN_POINT('',(95.500554,-51.281251,1.585));
#5679 = LINE('',#5680,#5681);
#5680 = CARTESIAN_POINT('',(95.522597,-51.262572,1.585));
#5681 = VECTOR('',#5682,1.);
#5682 = DIRECTION('',(-0.762921351039,-0.646491308626,0.));
#5683 = ORIENTED_EDGE('',*,*,#5684,.T.);
#5684 = EDGE_CURVE('',#5677,#5685,#5687,.T.);
#5685 = VERTEX_POINT('',#5686);
#5686 = CARTESIAN_POINT('',(95.459724,-51.240421,1.585));
#5687 = CIRCLE('',#5688,3.124983715158E-02);
#5688 = AXIS2_PLACEMENT_3D('',#5689,#5690,#5691);
#5689 = CARTESIAN_POINT('',(95.488595,-51.25238,1.585));
#5690 = DIRECTION('',(0.,0.,-1.));
#5691 = DIRECTION('',(0.382689994254,-0.92387681446,0.));
#5692 = ORIENTED_EDGE('',*,*,#5693,.T.);
#5693 = EDGE_CURVE('',#5685,#5694,#5696,.T.);
#5694 = VERTEX_POINT('',#5695);
#5695 = CARTESIAN_POINT('',(95.481154,-51.209289,1.585));
#5696 = LINE('',#5697,#5698);
#5697 = CARTESIAN_POINT('',(95.459724,-51.240421,1.585));
#5698 = VECTOR('',#5699,1.);
#5699 = DIRECTION('',(0.567009333916,0.82371136647,0.));
#5700 = ORIENTED_EDGE('',*,*,#5701,.T.);
#5701 = EDGE_CURVE('',#5694,#5702,#5704,.T.);
#5702 = VERTEX_POINT('',#5703);
#5703 = CARTESIAN_POINT('',(95.481154,-51.152613,1.585));
#5704 = LINE('',#5705,#5706);
#5705 = CARTESIAN_POINT('',(95.481154,-51.209289,1.585));
#5706 = VECTOR('',#5707,1.);
#5707 = DIRECTION('',(0.,1.,0.));
#5708 = ORIENTED_EDGE('',*,*,#5709,.T.);
#5709 = EDGE_CURVE('',#5702,#5710,#5712,.T.);
#5710 = VERTEX_POINT('',#5711);
#5711 = CARTESIAN_POINT('',(95.470084,-51.135206,1.585));
#5712 = LINE('',#5713,#5714);
#5713 = CARTESIAN_POINT('',(95.481154,-51.152613,1.585));
#5714 = VECTOR('',#5715,1.);
#5715 = DIRECTION('',(-0.53662767189,0.843819140433,0.));
#5716 = ORIENTED_EDGE('',*,*,#5717,.T.);
#5717 = EDGE_CURVE('',#5710,#5718,#5720,.T.);
#5718 = VERTEX_POINT('',#5719);
#5719 = CARTESIAN_POINT('',(95.457408,-51.128868,1.585));
#5720 = LINE('',#5721,#5722);
#5721 = CARTESIAN_POINT('',(95.470084,-51.135206,1.585));
#5722 = VECTOR('',#5723,1.);
#5723 = DIRECTION('',(-0.894427191,0.4472135955,0.));
#5724 = ORIENTED_EDGE('',*,*,#5725,.T.);
#5725 = EDGE_CURVE('',#5718,#5726,#5728,.T.);
#5726 = VERTEX_POINT('',#5727);
#5727 = CARTESIAN_POINT('',(95.412639,-51.128868,1.585));
#5728 = LINE('',#5729,#5730);
#5729 = CARTESIAN_POINT('',(95.457408,-51.128868,1.585));
#5730 = VECTOR('',#5731,1.);
#5731 = DIRECTION('',(-1.,0.,0.));
#5732 = ORIENTED_EDGE('',*,*,#5733,.T.);
#5733 = EDGE_CURVE('',#5726,#5734,#5736,.T.);
#5734 = VERTEX_POINT('',#5735);
#5735 = CARTESIAN_POINT('',(95.395229,-51.139939,1.585));
#5736 = LINE('',#5737,#5738);
#5737 = CARTESIAN_POINT('',(95.412639,-51.128868,1.585));
#5738 = VECTOR('',#5739,1.);
#5739 = DIRECTION('',(-0.843839064878,-0.536596340452,0.));
#5740 = ORIENTED_EDGE('',*,*,#5741,.T.);
#5741 = EDGE_CURVE('',#5734,#5742,#5744,.T.);
#5742 = VERTEX_POINT('',#5743);
#5743 = CARTESIAN_POINT('',(95.388892,-51.152614,1.585));
#5744 = LINE('',#5745,#5746);
#5745 = CARTESIAN_POINT('',(95.395229,-51.139939,1.585));
#5746 = VECTOR('',#5747,1.);
#5747 = DIRECTION('',(-0.447185368333,-0.894441304027,0.));
#5748 = ORIENTED_EDGE('',*,*,#5749,.T.);
#5749 = EDGE_CURVE('',#5742,#5750,#5752,.T.);
#5750 = VERTEX_POINT('',#5751);
#5751 = CARTESIAN_POINT('',(95.386513,-51.192911,1.585));
#5752 = LINE('',#5753,#5754);
#5753 = CARTESIAN_POINT('',(95.388892,-51.152614,1.585));
#5754 = VECTOR('',#5755,1.);
#5755 = DIRECTION('',(-5.893404000258E-02,-0.998261878932,0.));
#5756 = ORIENTED_EDGE('',*,*,#5757,.T.);
#5757 = EDGE_CURVE('',#5750,#5758,#5760,.T.);
#5758 = VERTEX_POINT('',#5759);
#5759 = CARTESIAN_POINT('',(95.369601,-51.209823,1.585));
#5760 = LINE('',#5761,#5762);
#5761 = CARTESIAN_POINT('',(95.386513,-51.192911,1.585));
#5762 = VECTOR('',#5763,1.);
#5763 = DIRECTION('',(-0.707106781186,-0.707106781187,0.));
#5764 = ORIENTED_EDGE('',*,*,#5765,.T.);
#5765 = EDGE_CURVE('',#5758,#5766,#5768,.T.);
#5766 = VERTEX_POINT('',#5767);
#5767 = CARTESIAN_POINT('',(95.344765,-51.208905,1.585));
#5768 = LINE('',#5769,#5770);
#5769 = CARTESIAN_POINT('',(95.369601,-51.209823,1.585));
#5770 = VECTOR('',#5771,1.);
#5771 = DIRECTION('',(-0.999317586932,3.693725015307E-02,0.));
#5772 = ORIENTED_EDGE('',*,*,#5773,.T.);
#5773 = EDGE_CURVE('',#5766,#5774,#5776,.T.);
#5774 = VERTEX_POINT('',#5775);
#5775 = CARTESIAN_POINT('',(95.293654,-51.166485,1.585));
#5776 = LINE('',#5777,#5778);
#5777 = CARTESIAN_POINT('',(95.344765,-51.208905,1.585));
#5778 = VECTOR('',#5779,1.);
#5779 = DIRECTION('',(-0.769496992286,0.638650435577,0.));
#5780 = ORIENTED_EDGE('',*,*,#5781,.T.);
#5781 = EDGE_CURVE('',#5774,#5782,#5784,.T.);
#5782 = VERTEX_POINT('',#5783);
#5783 = CARTESIAN_POINT('',(95.291275,-51.264339,1.585));
#5784 = LINE('',#5785,#5786);
#5785 = CARTESIAN_POINT('',(95.293654,-51.166485,1.585));
#5786 = VECTOR('',#5787,1.);
#5787 = DIRECTION('',(-2.430454805534E-02,-0.999704600842,0.));
#5788 = ORIENTED_EDGE('',*,*,#5789,.T.);
#5789 = EDGE_CURVE('',#5782,#5790,#5792,.T.);
#5790 = VERTEX_POINT('',#5791);
#5791 = CARTESIAN_POINT('',(95.233533,-51.264339,1.585));
#5792 = CIRCLE('',#5793,3.124983715158E-02);
#5793 = AXIS2_PLACEMENT_3D('',#5794,#5795,#5796);
#5794 = CARTESIAN_POINT('',(95.262404,-51.25238,1.585));
#5795 = DIRECTION('',(-0.,0.,-1.));
#5796 = DIRECTION('',(0.92387681446,-0.382689994255,-0.));
#5797 = ORIENTED_EDGE('',*,*,#5798,.T.);
#5798 = EDGE_CURVE('',#5790,#5799,#5801,.T.);
#5799 = VERTEX_POINT('',#5800);
#5800 = CARTESIAN_POINT('',(95.233533,-51.085659,1.585));
#5801 = LINE('',#5802,#5803);
#5802 = CARTESIAN_POINT('',(95.233533,-51.264339,1.585));
#5803 = VECTOR('',#5804,1.);
#5804 = DIRECTION('',(0.,1.,0.));
#5805 = ORIENTED_EDGE('',*,*,#5806,.T.);
#5806 = EDGE_CURVE('',#5799,#5807,#5809,.T.);
#5807 = VERTEX_POINT('',#5808);
#5808 = CARTESIAN_POINT('',(95.250445,-51.068747,1.585));
#5809 = LINE('',#5810,#5811);
#5810 = CARTESIAN_POINT('',(95.233533,-51.085659,1.585));
#5811 = VECTOR('',#5812,1.);
#5812 = DIRECTION('',(0.707106781187,0.707106781186,0.));
#5813 = ORIENTED_EDGE('',*,*,#5814,.T.);
#5814 = EDGE_CURVE('',#5807,#5815,#5817,.T.);
#5815 = VERTEX_POINT('',#5816);
#5816 = CARTESIAN_POINT('',(95.27528,-51.069664,1.585));
#5817 = LINE('',#5818,#5819);
#5818 = CARTESIAN_POINT('',(95.250445,-51.068747,1.585));
#5819 = VECTOR('',#5820,1.);
#5820 = DIRECTION('',(0.999319016562,-3.689855197055E-02,0.));
#5821 = ORIENTED_EDGE('',*,*,#5822,.T.);
#5822 = EDGE_CURVE('',#5815,#5626,#5823,.T.);
#5823 = LINE('',#5824,#5825);
#5824 = CARTESIAN_POINT('',(95.27528,-51.069664,1.585));
#5825 = VECTOR('',#5826,1.);
#5826 = DIRECTION('',(0.766965142241,-0.641688764579,0.));
#5827 = PLANE('',#5828);
#5828 = AXIS2_PLACEMENT_3D('',#5829,#5830,#5831);
#5829 = CARTESIAN_POINT('',(0.,0.,1.585));
#5830 = DIRECTION('',(0.,0.,1.));
#5831 = DIRECTION('',(1.,0.,-0.));
#5832 = SHELL_BASED_SURFACE_MODEL('',(#5833));
#5833 = OPEN_SHELL('',(#5834));
#5834 = ADVANCED_FACE('',(#5835),#5871,.T.);
#5835 = FACE_BOUND('',#5836,.F.);
#5836 = EDGE_LOOP('',(#5837,#5848,#5856,#5865));
#5837 = ORIENTED_EDGE('',*,*,#5838,.T.);
#5838 = EDGE_CURVE('',#5839,#5841,#5843,.T.);
#5839 = VERTEX_POINT('',#5840);
#5840 = CARTESIAN_POINT('',(86.072164,-51.2,1.585));
#5841 = VERTEX_POINT('',#5842);
#5842 = CARTESIAN_POINT('',(86.072164,-51.08,1.585));
#5843 = CIRCLE('',#5844,6.000000000043E-02);
#5844 = AXIS2_PLACEMENT_3D('',#5845,#5846,#5847);
#5845 = CARTESIAN_POINT('',(86.072163774412,-51.14,1.585));
#5846 = DIRECTION('',(0.,0.,-1.));
#5847 = DIRECTION('',(3.759794253684E-06,-0.999999999993,0.));
#5848 = ORIENTED_EDGE('',*,*,#5849,.T.);
#5849 = EDGE_CURVE('',#5841,#5850,#5852,.T.);
#5850 = VERTEX_POINT('',#5851);
#5851 = CARTESIAN_POINT('',(86.287836,-51.08,1.585));
#5852 = LINE('',#5853,#5854);
#5853 = CARTESIAN_POINT('',(86.072164,-51.08,1.585));
#5854 = VECTOR('',#5855,1.);
#5855 = DIRECTION('',(1.,0.,0.));
#5856 = ORIENTED_EDGE('',*,*,#5857,.T.);
#5857 = EDGE_CURVE('',#5850,#5858,#5860,.T.);
#5858 = VERTEX_POINT('',#5859);
#5859 = CARTESIAN_POINT('',(86.287836,-51.2,1.585));
#5860 = CIRCLE('',#5861,6.000000000043E-02);
#5861 = AXIS2_PLACEMENT_3D('',#5862,#5863,#5864);
#5862 = CARTESIAN_POINT('',(86.287836225588,-51.14,1.585));
#5863 = DIRECTION('',(0.,0.,-1.));
#5864 = DIRECTION('',(-3.759794016836E-06,0.999999999993,-0.));
#5865 = ORIENTED_EDGE('',*,*,#5866,.T.);
#5866 = EDGE_CURVE('',#5858,#5839,#5867,.T.);
#5867 = LINE('',#5868,#5869);
#5868 = CARTESIAN_POINT('',(86.287836,-51.2,1.585));
#5869 = VECTOR('',#5870,1.);
#5870 = DIRECTION('',(-1.,0.,0.));
#5871 = PLANE('',#5872);
#5872 = AXIS2_PLACEMENT_3D('',#5873,#5874,#5875);
#5873 = CARTESIAN_POINT('',(0.,0.,1.585));
#5874 = DIRECTION('',(0.,0.,1.));
#5875 = DIRECTION('',(1.,0.,-0.));
#5876 = SHELL_BASED_SURFACE_MODEL('',(#5877));
#5877 = OPEN_SHELL('',(#5878));
#5878 = ADVANCED_FACE('',(#5879),#5988,.T.);
#5879 = FACE_BOUND('',#5880,.F.);
#5880 = EDGE_LOOP('',(#5881,#5892,#5900,#5908,#5916,#5924,#5932,#5940,
    #5949,#5957,#5966,#5974,#5982));
#5881 = ORIENTED_EDGE('',*,*,#5882,.T.);
#5882 = EDGE_CURVE('',#5883,#5885,#5887,.T.);
#5883 = VERTEX_POINT('',#5884);
#5884 = CARTESIAN_POINT('',(98.289539,-49.097067,1.585));
#5885 = VERTEX_POINT('',#5886);
#5886 = CARTESIAN_POINT('',(98.385461,-49.097067,1.585));
#5887 = CIRCLE('',#5888,0.187367801311);
#5888 = AXIS2_PLACEMENT_3D('',#5889,#5890,#5891);
#5889 = CARTESIAN_POINT('',(98.3375,-49.27819246879,1.585));
#5890 = DIRECTION('',(0.,0.,-1.));
#5891 = DIRECTION('',(-0.25597247587,0.96668407021,0.));
#5892 = ORIENTED_EDGE('',*,*,#5893,.T.);
#5893 = EDGE_CURVE('',#5885,#5894,#5896,.T.);
#5894 = VERTEX_POINT('',#5895);
#5895 = CARTESIAN_POINT('',(98.417933,-49.129539,1.585));
#5896 = LINE('',#5897,#5898);
#5897 = CARTESIAN_POINT('',(98.385461,-49.097067,1.585));
#5898 = VECTOR('',#5899,1.);
#5899 = DIRECTION('',(0.707106781187,-0.707106781187,0.));
#5900 = ORIENTED_EDGE('',*,*,#5901,.T.);
#5901 = EDGE_CURVE('',#5894,#5902,#5904,.T.);
#5902 = VERTEX_POINT('',#5903);
#5903 = CARTESIAN_POINT('',(98.417933,-49.175461,1.585));
#5904 = LINE('',#5905,#5906);
#5905 = CARTESIAN_POINT('',(98.417933,-49.129539,1.585));
#5906 = VECTOR('',#5907,1.);
#5907 = DIRECTION('',(0.,-1.,0.));
#5908 = ORIENTED_EDGE('',*,*,#5909,.T.);
#5909 = EDGE_CURVE('',#5902,#5910,#5912,.T.);
#5910 = VERTEX_POINT('',#5911);
#5911 = CARTESIAN_POINT('',(98.385461,-49.207933,1.585));
#5912 = LINE('',#5913,#5914);
#5913 = CARTESIAN_POINT('',(98.417933,-49.175461,1.585));
#5914 = VECTOR('',#5915,1.);
#5915 = DIRECTION('',(-0.707106781187,-0.707106781187,0.));
#5916 = ORIENTED_EDGE('',*,*,#5917,.T.);
#5917 = EDGE_CURVE('',#5910,#5918,#5920,.T.);
#5918 = VERTEX_POINT('',#5919);
#5919 = CARTESIAN_POINT('',(98.3725,-49.21051,1.585));
#5920 = LINE('',#5921,#5922);
#5921 = CARTESIAN_POINT('',(98.385461,-49.207933,1.585));
#5922 = VECTOR('',#5923,1.);
#5923 = DIRECTION('',(-0.980801250756,-0.195010016449,0.));
#5924 = ORIENTED_EDGE('',*,*,#5925,.T.);
#5925 = EDGE_CURVE('',#5918,#5926,#5928,.T.);
#5926 = VERTEX_POINT('',#5927);
#5927 = CARTESIAN_POINT('',(98.3725,-50.914489,1.585));
#5928 = LINE('',#5929,#5930);
#5929 = CARTESIAN_POINT('',(98.3725,-49.21051,1.585));
#5930 = VECTOR('',#5931,1.);
#5931 = DIRECTION('',(0.,-1.,0.));
#5932 = ORIENTED_EDGE('',*,*,#5933,.T.);
#5933 = EDGE_CURVE('',#5926,#5934,#5936,.T.);
#5934 = VERTEX_POINT('',#5935);
#5935 = CARTESIAN_POINT('',(98.385461,-50.917067,1.585));
#5936 = LINE('',#5937,#5938);
#5937 = CARTESIAN_POINT('',(98.3725,-50.914489,1.585));
#5938 = VECTOR('',#5939,1.);
#5939 = DIRECTION('',(0.980786774539,-0.195082810336,0.));
#5940 = ORIENTED_EDGE('',*,*,#5941,.T.);
#5941 = EDGE_CURVE('',#5934,#5942,#5944,.T.);
#5942 = VERTEX_POINT('',#5943);
#5943 = CARTESIAN_POINT('',(98.3625,-51.0325,1.585));
#5944 = CIRCLE('',#5945,6.000007318647E-02);
#5945 = AXIS2_PLACEMENT_3D('',#5946,#5947,#5948);
#5946 = CARTESIAN_POINT('',(98.362500176686,-50.97249992681,1.585));
#5947 = DIRECTION('',(0.,0.,-1.));
#5948 = DIRECTION('',(0.382679921777,0.923880986637,0.));
#5949 = ORIENTED_EDGE('',*,*,#5950,.T.);
#5950 = EDGE_CURVE('',#5942,#5951,#5953,.T.);
#5951 = VERTEX_POINT('',#5952);
#5952 = CARTESIAN_POINT('',(98.3125,-51.0325,1.585));
#5953 = LINE('',#5954,#5955);
#5954 = CARTESIAN_POINT('',(98.3625,-51.0325,1.585));
#5955 = VECTOR('',#5956,1.);
#5956 = DIRECTION('',(-1.,0.,0.));
#5957 = ORIENTED_EDGE('',*,*,#5958,.T.);
#5958 = EDGE_CURVE('',#5951,#5959,#5961,.T.);
#5959 = VERTEX_POINT('',#5960);
#5960 = CARTESIAN_POINT('',(98.2525,-50.9725,1.585));
#5961 = CIRCLE('',#5962,5.999932016261E-02);
#5962 = AXIS2_PLACEMENT_3D('',#5963,#5964,#5965);
#5963 = CARTESIAN_POINT('',(98.312499320159,-50.97250067984,1.585));
#5964 = DIRECTION('',(0.,0.,-1.));
#5965 = DIRECTION('',(1.133081588457E-05,-0.999999999936,0.));
#5966 = ORIENTED_EDGE('',*,*,#5967,.T.);
#5967 = EDGE_CURVE('',#5959,#5968,#5970,.T.);
#5968 = VERTEX_POINT('',#5969);
#5969 = CARTESIAN_POINT('',(98.2525,-49.1525,1.585));
#5970 = LINE('',#5971,#5972);
#5971 = CARTESIAN_POINT('',(98.2525,-50.9725,1.585));
#5972 = VECTOR('',#5973,1.);
#5973 = DIRECTION('',(0.,1.,0.));
#5974 = ORIENTED_EDGE('',*,*,#5975,.T.);
#5975 = EDGE_CURVE('',#5968,#5976,#5978,.T.);
#5976 = VERTEX_POINT('',#5977);
#5977 = CARTESIAN_POINT('',(98.257067,-49.129539,1.585));
#5978 = LINE('',#5979,#5980);
#5979 = CARTESIAN_POINT('',(98.2525,-49.1525,1.585));
#5980 = VECTOR('',#5981,1.);
#5981 = DIRECTION('',(0.195081000118,0.980787134598,0.));
#5982 = ORIENTED_EDGE('',*,*,#5983,.T.);
#5983 = EDGE_CURVE('',#5976,#5883,#5984,.T.);
#5984 = LINE('',#5985,#5986);
#5985 = CARTESIAN_POINT('',(98.257067,-49.129539,1.585));
#5986 = VECTOR('',#5987,1.);
#5987 = DIRECTION('',(0.707106781187,0.707106781187,0.));
#5988 = PLANE('',#5989);
#5989 = AXIS2_PLACEMENT_3D('',#5990,#5991,#5992);
#5990 = CARTESIAN_POINT('',(0.,0.,1.585));
#5991 = DIRECTION('',(0.,0.,1.));
#5992 = DIRECTION('',(1.,0.,-0.));
#5993 = SHELL_BASED_SURFACE_MODEL('',(#5994));
#5994 = OPEN_SHELL('',(#5995));
#5995 = ADVANCED_FACE('',(#5996),#6090,.T.);
#5996 = FACE_BOUND('',#5997,.F.);
#5997 = EDGE_LOOP('',(#5998,#6009,#6017,#6025,#6033,#6042,#6050,#6059,
    #6067,#6075,#6083));
#5998 = ORIENTED_EDGE('',*,*,#5999,.T.);
#5999 = EDGE_CURVE('',#6000,#6002,#6004,.T.);
#6000 = VERTEX_POINT('',#6001);
#6001 = CARTESIAN_POINT('',(101.359539,-49.097067,1.585));
#6002 = VERTEX_POINT('',#6003);
#6003 = CARTESIAN_POINT('',(101.455461,-49.097067,1.585));
#6004 = CIRCLE('',#6005,0.187367801311);
#6005 = AXIS2_PLACEMENT_3D('',#6006,#6007,#6008);
#6006 = CARTESIAN_POINT('',(101.4075,-49.27819246879,1.585));
#6007 = DIRECTION('',(0.,0.,-1.));
#6008 = DIRECTION('',(-0.25597247587,0.96668407021,0.));
#6009 = ORIENTED_EDGE('',*,*,#6010,.T.);
#6010 = EDGE_CURVE('',#6002,#6011,#6013,.T.);
#6011 = VERTEX_POINT('',#6012);
#6012 = CARTESIAN_POINT('',(101.487933,-49.129539,1.585));
#6013 = LINE('',#6014,#6015);
#6014 = CARTESIAN_POINT('',(101.455461,-49.097067,1.585));
#6015 = VECTOR('',#6016,1.);
#6016 = DIRECTION('',(0.707106781187,-0.707106781187,0.));
#6017 = ORIENTED_EDGE('',*,*,#6018,.T.);
#6018 = EDGE_CURVE('',#6011,#6019,#6021,.T.);
#6019 = VERTEX_POINT('',#6020);
#6020 = CARTESIAN_POINT('',(101.4925,-49.1525,1.585));
#6021 = LINE('',#6022,#6023);
#6022 = CARTESIAN_POINT('',(101.487933,-49.129539,1.585));
#6023 = VECTOR('',#6024,1.);
#6024 = DIRECTION('',(0.195081000118,-0.980787134598,0.));
#6025 = ORIENTED_EDGE('',*,*,#6026,.T.);
#6026 = EDGE_CURVE('',#6019,#6027,#6029,.T.);
#6027 = VERTEX_POINT('',#6028);
#6028 = CARTESIAN_POINT('',(101.4925,-50.9725,1.585));
#6029 = LINE('',#6030,#6031);
#6030 = CARTESIAN_POINT('',(101.4925,-49.1525,1.585));
#6031 = VECTOR('',#6032,1.);
#6032 = DIRECTION('',(0.,-1.,0.));
#6033 = ORIENTED_EDGE('',*,*,#6034,.T.);
#6034 = EDGE_CURVE('',#6027,#6035,#6037,.T.);
#6035 = VERTEX_POINT('',#6036);
#6036 = CARTESIAN_POINT('',(101.4325,-51.0325,1.585));
#6037 = CIRCLE('',#6038,5.999932016262E-02);
#6038 = AXIS2_PLACEMENT_3D('',#6039,#6040,#6041);
#6039 = CARTESIAN_POINT('',(101.43250067984,-50.97250067984,1.585));
#6040 = DIRECTION('',(0.,0.,-1.));
#6041 = DIRECTION('',(0.999999999936,1.133081564772E-05,0.));
#6042 = ORIENTED_EDGE('',*,*,#6043,.T.);
#6043 = EDGE_CURVE('',#6035,#6044,#6046,.T.);
#6044 = VERTEX_POINT('',#6045);
#6045 = CARTESIAN_POINT('',(101.3825,-51.0325,1.585));
#6046 = LINE('',#6047,#6048);
#6047 = CARTESIAN_POINT('',(101.4325,-51.0325,1.585));
#6048 = VECTOR('',#6049,1.);
#6049 = DIRECTION('',(-1.,0.,0.));
#6050 = ORIENTED_EDGE('',*,*,#6051,.T.);
#6051 = EDGE_CURVE('',#6044,#6052,#6054,.T.);
#6052 = VERTEX_POINT('',#6053);
#6053 = CARTESIAN_POINT('',(101.359539,-50.917067,1.585));
#6054 = CIRCLE('',#6055,6.000007318647E-02);
#6055 = AXIS2_PLACEMENT_3D('',#6056,#6057,#6058);
#6056 = CARTESIAN_POINT('',(101.38249982331,-50.97249992681,1.585));
#6057 = DIRECTION('',(0.,0.,-1.));
#6058 = DIRECTION('',(2.944769248435E-06,-0.999999999996,0.));
#6059 = ORIENTED_EDGE('',*,*,#6060,.T.);
#6060 = EDGE_CURVE('',#6052,#6061,#6063,.T.);
#6061 = VERTEX_POINT('',#6062);
#6062 = CARTESIAN_POINT('',(101.3725,-50.914489,1.585));
#6063 = LINE('',#6064,#6065);
#6064 = CARTESIAN_POINT('',(101.359539,-50.917067,1.585));
#6065 = VECTOR('',#6066,1.);
#6066 = DIRECTION('',(0.980786774539,0.195082810336,0.));
#6067 = ORIENTED_EDGE('',*,*,#6068,.T.);
#6068 = EDGE_CURVE('',#6061,#6069,#6071,.T.);
#6069 = VERTEX_POINT('',#6070);
#6070 = CARTESIAN_POINT('',(101.3725,-49.21051,1.585));
#6071 = LINE('',#6072,#6073);
#6072 = CARTESIAN_POINT('',(101.3725,-50.914489,1.585));
#6073 = VECTOR('',#6074,1.);
#6074 = DIRECTION('',(0.,1.,0.));
#6075 = ORIENTED_EDGE('',*,*,#6076,.T.);
#6076 = EDGE_CURVE('',#6069,#6077,#6079,.T.);
#6077 = VERTEX_POINT('',#6078);
#6078 = CARTESIAN_POINT('',(101.359539,-49.207933,1.585));
#6079 = LINE('',#6080,#6081);
#6080 = CARTESIAN_POINT('',(101.3725,-49.21051,1.585));
#6081 = VECTOR('',#6082,1.);
#6082 = DIRECTION('',(-0.980801250756,0.195010016449,0.));
#6083 = ORIENTED_EDGE('',*,*,#6084,.T.);
#6084 = EDGE_CURVE('',#6077,#6000,#6085,.T.);
#6085 = CIRCLE('',#6086,6.00002084163E-02);
#6086 = AXIS2_PLACEMENT_3D('',#6087,#6088,#6089);
#6087 = CARTESIAN_POINT('',(101.3825,-49.1525,1.585));
#6088 = DIRECTION('',(0.,0.,-1.));
#6089 = DIRECTION('',(-0.382682004047,-0.923880124139,-0.));
#6090 = PLANE('',#6091);
#6091 = AXIS2_PLACEMENT_3D('',#6092,#6093,#6094);
#6092 = CARTESIAN_POINT('',(0.,0.,1.585));
#6093 = DIRECTION('',(0.,0.,1.));
#6094 = DIRECTION('',(1.,0.,-0.));
#6095 = SHELL_BASED_SURFACE_MODEL('',(#6096));
#6096 = OPEN_SHELL('',(#6097));
#6097 = ADVANCED_FACE('',(#6098),#6250,.T.);
#6098 = FACE_BOUND('',#6099,.F.);
#6099 = EDGE_LOOP('',(#6100,#6111,#6119,#6127,#6136,#6144,#6152,#6160,
    #6168,#6177,#6185,#6194,#6202,#6210,#6218,#6226,#6235,#6243));
#6100 = ORIENTED_EDGE('',*,*,#6101,.T.);
#6101 = EDGE_CURVE('',#6102,#6104,#6106,.T.);
#6102 = VERTEX_POINT('',#6103);
#6103 = CARTESIAN_POINT('',(85.866236,-50.676022,1.585));
#6104 = VERTEX_POINT('',#6105);
#6105 = CARTESIAN_POINT('',(85.976582,-50.632132,1.585));
#6106 = CIRCLE('',#6107,0.11613777518);
#6107 = AXIS2_PLACEMENT_3D('',#6108,#6109,#6110);
#6108 = CARTESIAN_POINT('',(85.958298018293,-50.74682148878,1.585));
#6109 = DIRECTION('',(0.,0.,-1.));
#6110 = DIRECTION('',(-0.792696589463,0.609616368755,0.));
#6111 = ORIENTED_EDGE('',*,*,#6112,.T.);
#6112 = EDGE_CURVE('',#6104,#6113,#6115,.T.);
#6113 = VERTEX_POINT('',#6114);
#6114 = CARTESIAN_POINT('',(86.029479,-50.652213,1.585));
#6115 = LINE('',#6116,#6117);
#6116 = CARTESIAN_POINT('',(85.976582,-50.632132,1.585));
#6117 = VECTOR('',#6118,1.);
#6118 = DIRECTION('',(0.934900082113,-0.354911026125,0.));
#6119 = ORIENTED_EDGE('',*,*,#6120,.T.);
#6120 = EDGE_CURVE('',#6113,#6121,#6123,.T.);
#6121 = VERTEX_POINT('',#6122);
#6122 = CARTESIAN_POINT('',(86.048157,-50.674257,1.585));
#6123 = LINE('',#6124,#6125);
#6124 = CARTESIAN_POINT('',(86.029479,-50.652213,1.585));
#6125 = VECTOR('',#6126,1.);
#6126 = DIRECTION('',(0.646454092238,-0.762952886245,0.));
#6127 = ORIENTED_EDGE('',*,*,#6128,.T.);
#6128 = EDGE_CURVE('',#6121,#6129,#6131,.T.);
#6129 = VERTEX_POINT('',#6130);
#6130 = CARTESIAN_POINT('',(86.007326,-50.715085,1.585));
#6131 = CIRCLE('',#6132,3.124972509904E-02);
#6132 = AXIS2_PLACEMENT_3D('',#6133,#6134,#6135);
#6133 = CARTESIAN_POINT('',(86.019285414208,-50.68621429286,1.585));
#6134 = DIRECTION('',(0.,0.,-1.));
#6135 = DIRECTION('',(0.923898872726,0.38263673762,0.));
#6136 = ORIENTED_EDGE('',*,*,#6137,.T.);
#6137 = EDGE_CURVE('',#6129,#6138,#6140,.T.);
#6138 = VERTEX_POINT('',#6139);
#6139 = CARTESIAN_POINT('',(85.990498,-50.701621,1.585));
#6140 = LINE('',#6141,#6142);
#6141 = CARTESIAN_POINT('',(86.007326,-50.715085,1.585));
#6142 = VECTOR('',#6143,1.);
#6143 = DIRECTION('',(-0.780832592876,0.624740315574,0.));
#6144 = ORIENTED_EDGE('',*,*,#6145,.T.);
#6145 = EDGE_CURVE('',#6138,#6146,#6148,.T.);
#6146 = VERTEX_POINT('',#6147);
#6147 = CARTESIAN_POINT('',(85.952927,-50.693654,1.585));
#6148 = LINE('',#6149,#6150);
#6149 = CARTESIAN_POINT('',(85.990498,-50.701621,1.585));
#6150 = VECTOR('',#6151,1.);
#6151 = DIRECTION('',(-0.97824789664,0.207439274774,0.));
#6152 = ORIENTED_EDGE('',*,*,#6153,.T.);
#6153 = EDGE_CURVE('',#6146,#6154,#6156,.T.);
#6154 = VERTEX_POINT('',#6155);
#6155 = CARTESIAN_POINT('',(85.929024,-50.701621,1.585));
#6156 = LINE('',#6157,#6158);
#6157 = CARTESIAN_POINT('',(85.952927,-50.693654,1.585));
#6158 = VECTOR('',#6159,1.);
#6159 = DIRECTION('',(-0.948691235594,-0.31620395239,0.));
#6160 = ORIENTED_EDGE('',*,*,#6161,.T.);
#6161 = EDGE_CURVE('',#6154,#6162,#6164,.T.);
#6162 = VERTEX_POINT('',#6163);
#6163 = CARTESIAN_POINT('',(85.914015,-50.71663,1.585));
#6164 = LINE('',#6165,#6166);
#6165 = CARTESIAN_POINT('',(85.929024,-50.701621,1.585));
#6166 = VECTOR('',#6167,1.);
#6167 = DIRECTION('',(-0.707106781186,-0.707106781187,0.));
#6168 = ORIENTED_EDGE('',*,*,#6169,.T.);
#6169 = EDGE_CURVE('',#6162,#6170,#6172,.T.);
#6170 = VERTEX_POINT('',#6171);
#6171 = CARTESIAN_POINT('',(85.914016,-50.858179,1.585));
#6172 = CIRCLE('',#6173,0.141732059128);
#6173 = AXIS2_PLACEMENT_3D('',#6174,#6175,#6176);
#6174 = CARTESIAN_POINT('',(86.036811862867,-50.78740363248,1.585));
#6175 = DIRECTION('',(0.,0.,1.));
#6176 = DIRECTION('',(-0.866401459363,0.499348086221,0.));
#6177 = ORIENTED_EDGE('',*,*,#6178,.T.);
#6178 = EDGE_CURVE('',#6170,#6179,#6181,.T.);
#6179 = VERTEX_POINT('',#6180);
#6180 = CARTESIAN_POINT('',(85.929022,-50.873185,1.585));
#6181 = LINE('',#6182,#6183);
#6182 = CARTESIAN_POINT('',(85.914016,-50.858179,1.585));
#6183 = VECTOR('',#6184,1.);
#6184 = DIRECTION('',(0.707106781187,-0.707106781187,0.));
#6185 = ORIENTED_EDGE('',*,*,#6186,.T.);
#6186 = EDGE_CURVE('',#6179,#6187,#6189,.T.);
#6187 = VERTEX_POINT('',#6188);
#6188 = CARTESIAN_POINT('',(86.007326,-50.859724,1.585));
#6189 = CIRCLE('',#6190,6.215969928771E-02);
#6190 = AXIS2_PLACEMENT_3D('',#6191,#6192,#6193);
#6191 = CARTESIAN_POINT('',(85.960074204582,-50.8193371699,1.585));
#6192 = DIRECTION('',(0.,0.,1.));
#6193 = DIRECTION('',(-0.499555257466,-0.866282023788,0.));
#6194 = ORIENTED_EDGE('',*,*,#6195,.T.);
#6195 = EDGE_CURVE('',#6187,#6196,#6198,.T.);
#6196 = VERTEX_POINT('',#6197);
#6197 = CARTESIAN_POINT('',(86.031243,-50.859723,1.585));
#6198 = LINE('',#6199,#6200);
#6199 = CARTESIAN_POINT('',(86.007326,-50.859724,1.585));
#6200 = VECTOR('',#6201,1.);
#6201 = DIRECTION('',(0.999999999126,4.18112638124E-05,0.));
#6202 = ORIENTED_EDGE('',*,*,#6203,.T.);
#6203 = EDGE_CURVE('',#6196,#6204,#6206,.T.);
#6204 = VERTEX_POINT('',#6205);
#6205 = CARTESIAN_POINT('',(86.048156,-50.876635,1.585));
#6206 = LINE('',#6207,#6208);
#6207 = CARTESIAN_POINT('',(86.031243,-50.859723,1.585));
#6208 = VECTOR('',#6209,1.);
#6209 = DIRECTION('',(0.707127685734,-0.707085876021,0.));
#6210 = ORIENTED_EDGE('',*,*,#6211,.T.);
#6211 = EDGE_CURVE('',#6204,#6212,#6214,.T.);
#6212 = VERTEX_POINT('',#6213);
#6213 = CARTESIAN_POINT('',(86.048157,-50.900552,1.585));
#6214 = LINE('',#6215,#6216);
#6215 = CARTESIAN_POINT('',(86.048156,-50.876635,1.585));
#6216 = VECTOR('',#6217,1.);
#6217 = DIRECTION('',(4.18112638124E-05,-0.999999999126,0.));
#6218 = ORIENTED_EDGE('',*,*,#6219,.T.);
#6219 = EDGE_CURVE('',#6212,#6220,#6222,.T.);
#6220 = VERTEX_POINT('',#6221);
#6221 = CARTESIAN_POINT('',(86.017263,-50.930146,1.585));
#6222 = LINE('',#6223,#6224);
#6223 = CARTESIAN_POINT('',(86.048157,-50.900552,1.585));
#6224 = VECTOR('',#6225,1.);
#6225 = DIRECTION('',(-0.722137067072,-0.691749995563,0.));
#6226 = ORIENTED_EDGE('',*,*,#6227,.T.);
#6227 = EDGE_CURVE('',#6220,#6228,#6230,.T.);
#6228 = VERTEX_POINT('',#6229);
#6229 = CARTESIAN_POINT('',(85.860382,-50.890665,1.585));
#6230 = CIRCLE('',#6231,0.120757773368);
#6231 = AXIS2_PLACEMENT_3D('',#6232,#6233,#6234);
#6232 = CARTESIAN_POINT('',(85.960705491898,-50.82345163226,1.585));
#6233 = DIRECTION('',(-0.,0.,-1.));
#6234 = DIRECTION('',(0.468355009574,-0.883540369766,-0.));
#6235 = ORIENTED_EDGE('',*,*,#6236,.T.);
#6236 = EDGE_CURVE('',#6228,#6237,#6239,.T.);
#6237 = VERTEX_POINT('',#6238);
#6238 = CARTESIAN_POINT('',(85.846111,-50.860458,1.585));
#6239 = LINE('',#6240,#6241);
#6240 = CARTESIAN_POINT('',(85.860382,-50.890665,1.585));
#6241 = VECTOR('',#6242,1.);
#6242 = DIRECTION('',(-0.427167424508,0.90417254517,0.));
#6243 = ORIENTED_EDGE('',*,*,#6244,.T.);
#6244 = EDGE_CURVE('',#6237,#6102,#6245,.T.);
#6245 = CIRCLE('',#6246,0.202050940041);
#6246 = AXIS2_PLACEMENT_3D('',#6247,#6248,#6249);
#6247 = CARTESIAN_POINT('',(86.034611355907,-50.78771050386,1.585));
#6248 = DIRECTION('',(0.,0.,-1.));
#6249 = DIRECTION('',(-0.932934812719,-0.360045323837,-0.));
#6250 = PLANE('',#6251);
#6251 = AXIS2_PLACEMENT_3D('',#6252,#6253,#6254);
#6252 = CARTESIAN_POINT('',(0.,0.,1.585));
#6253 = DIRECTION('',(0.,0.,1.));
#6254 = DIRECTION('',(1.,0.,-0.));
#6255 = SHELL_BASED_SURFACE_MODEL('',(#6256));
#6256 = OPEN_SHELL('',(#6257));
#6257 = ADVANCED_FACE('',(#6258,#6360),#6458,.T.);
#6258 = FACE_BOUND('',#6259,.F.);
#6259 = EDGE_LOOP('',(#6260,#6270,#6279,#6287,#6295,#6304,#6312,#6320,
    #6329,#6337,#6345,#6354));
#6260 = ORIENTED_EDGE('',*,*,#6261,.T.);
#6261 = EDGE_CURVE('',#6262,#6264,#6266,.T.);
#6262 = VERTEX_POINT('',#6263);
#6263 = CARTESIAN_POINT('',(86.354331,-50.664117,1.585));
#6264 = VERTEX_POINT('',#6265);
#6265 = CARTESIAN_POINT('',(86.374357,-50.646358,1.585));
#6266 = LINE('',#6267,#6268);
#6267 = CARTESIAN_POINT('',(86.354331,-50.664117,1.585));
#6268 = VECTOR('',#6269,1.);
#6269 = DIRECTION('',(0.748185910499,0.663489143341,0.));
#6270 = ORIENTED_EDGE('',*,*,#6271,.T.);
#6271 = EDGE_CURVE('',#6264,#6272,#6274,.T.);
#6272 = VERTEX_POINT('',#6273);
#6273 = CARTESIAN_POINT('',(86.481858,-50.652212,1.585));
#6274 = CIRCLE('',#6275,8.676630593082E-02);
#6275 = AXIS2_PLACEMENT_3D('',#6276,#6277,#6278);
#6276 = CARTESIAN_POINT('',(86.424407336172,-50.7172336354,1.585));
#6277 = DIRECTION('',(0.,0.,-1.));
#6278 = DIRECTION('',(-0.576840694498,0.816856666234,0.));
#6279 = ORIENTED_EDGE('',*,*,#6280,.T.);
#6280 = EDGE_CURVE('',#6272,#6281,#6283,.T.);
#6281 = VERTEX_POINT('',#6282);
#6282 = CARTESIAN_POINT('',(86.499617,-50.672238,1.585));
#6283 = LINE('',#6284,#6285);
#6284 = CARTESIAN_POINT('',(86.481858,-50.652212,1.585));
#6285 = VECTOR('',#6286,1.);
#6286 = DIRECTION('',(0.663489143341,-0.748185910499,0.));
#6287 = ORIENTED_EDGE('',*,*,#6288,.T.);
#6288 = EDGE_CURVE('',#6281,#6289,#6291,.T.);
#6289 = VERTEX_POINT('',#6290);
#6290 = CARTESIAN_POINT('',(86.513888,-50.702444,1.585));
#6291 = LINE('',#6292,#6293);
#6292 = CARTESIAN_POINT('',(86.499617,-50.672238,1.585));
#6293 = VECTOR('',#6294,1.);
#6294 = DIRECTION('',(0.427178985726,-0.904167083096,0.));
#6295 = ORIENTED_EDGE('',*,*,#6296,.T.);
#6296 = EDGE_CURVE('',#6289,#6297,#6299,.T.);
#6297 = VERTEX_POINT('',#6298);
#6298 = CARTESIAN_POINT('',(86.511522,-50.878761,1.585));
#6299 = CIRCLE('',#6300,0.254754072833);
#6300 = AXIS2_PLACEMENT_3D('',#6301,#6302,#6303);
#6301 = CARTESIAN_POINT('',(86.273715393247,-50.78739549551,1.585));
#6302 = DIRECTION('',(0.,0.,-1.));
#6303 = DIRECTION('',(0.94276257915,0.333464719803,0.));
#6304 = ORIENTED_EDGE('',*,*,#6305,.T.);
#6305 = EDGE_CURVE('',#6297,#6306,#6308,.T.);
#6306 = VERTEX_POINT('',#6307);
#6307 = CARTESIAN_POINT('',(86.493763,-50.910692,1.585));
#6308 = LINE('',#6309,#6310);
#6309 = CARTESIAN_POINT('',(86.511522,-50.878761,1.585));
#6310 = VECTOR('',#6311,1.);
#6311 = DIRECTION('',(-0.486051868715,-0.873929963395,0.));
#6312 = ORIENTED_EDGE('',*,*,#6313,.T.);
#6313 = EDGE_CURVE('',#6306,#6314,#6316,.T.);
#6314 = VERTEX_POINT('',#6315);
#6315 = CARTESIAN_POINT('',(86.473736,-50.928451,1.585));
#6316 = LINE('',#6317,#6318);
#6317 = CARTESIAN_POINT('',(86.493763,-50.910692,1.585));
#6318 = VECTOR('',#6319,1.);
#6319 = DIRECTION('',(-0.748202356667,-0.663470597297,0.));
#6320 = ORIENTED_EDGE('',*,*,#6321,.T.);
#6321 = EDGE_CURVE('',#6314,#6322,#6324,.T.);
#6322 = VERTEX_POINT('',#6323);
#6323 = CARTESIAN_POINT('',(86.366236,-50.922597,1.585));
#6324 = CIRCLE('',#6325,8.604791939288E-02);
#6325 = AXIS2_PLACEMENT_3D('',#6326,#6327,#6328);
#6326 = CARTESIAN_POINT('',(86.423636282534,-50.85849199242,1.585));
#6327 = DIRECTION('',(-0.,0.,-1.));
#6328 = DIRECTION('',(0.582230434155,-0.813023813639,-0.));
#6329 = ORIENTED_EDGE('',*,*,#6330,.T.);
#6330 = EDGE_CURVE('',#6322,#6331,#6333,.T.);
#6331 = VERTEX_POINT('',#6332);
#6332 = CARTESIAN_POINT('',(86.348477,-50.90257,1.585));
#6333 = LINE('',#6334,#6335);
#6334 = CARTESIAN_POINT('',(86.366236,-50.922597,1.585));
#6335 = VECTOR('',#6336,1.);
#6336 = DIRECTION('',(-0.663470597296,0.748202356668,0.));
#6337 = ORIENTED_EDGE('',*,*,#6338,.T.);
#6338 = EDGE_CURVE('',#6331,#6339,#6341,.T.);
#6339 = VERTEX_POINT('',#6340);
#6340 = CARTESIAN_POINT('',(86.334206,-50.872363,1.585));
#6341 = LINE('',#6342,#6343);
#6342 = CARTESIAN_POINT('',(86.348477,-50.90257,1.585));
#6343 = VECTOR('',#6344,1.);
#6344 = DIRECTION('',(-0.427167424508,0.90417254517,0.));
#6345 = ORIENTED_EDGE('',*,*,#6346,.T.);
#6346 = EDGE_CURVE('',#6339,#6347,#6349,.T.);
#6347 = VERTEX_POINT('',#6348);
#6348 = CARTESIAN_POINT('',(86.336572,-50.696047,1.585));
#6349 = CIRCLE('',#6350,0.254767351652);
#6350 = AXIS2_PLACEMENT_3D('',#6351,#6352,#6353);
#6351 = CARTESIAN_POINT('',(86.574392943035,-50.78741221505,1.585));
#6352 = DIRECTION('',(0.,0.,-1.));
#6353 = DIRECTION('',(-0.942769713143,-0.333444550083,-0.));
#6354 = ORIENTED_EDGE('',*,*,#6355,.T.);
#6355 = EDGE_CURVE('',#6347,#6262,#6356,.T.);
#6356 = LINE('',#6357,#6358);
#6357 = CARTESIAN_POINT('',(86.336572,-50.696047,1.585));
#6358 = VECTOR('',#6359,1.);
#6359 = DIRECTION('',(0.486063494763,0.873923497257,0.));
#6360 = FACE_BOUND('',#6361,.F.);
#6361 = EDGE_LOOP('',(#6362,#6372,#6380,#6388,#6396,#6404,#6412,#6420,
    #6428,#6436,#6444,#6452));
#6362 = ORIENTED_EDGE('',*,*,#6363,.T.);
#6363 = EDGE_CURVE('',#6364,#6366,#6368,.T.);
#6364 = VERTEX_POINT('',#6365);
#6365 = CARTESIAN_POINT('',(86.464226,-50.76149,1.585));
#6366 = VERTEX_POINT('',#6367);
#6367 = CARTESIAN_POINT('',(86.445982,-50.704724,1.585));
#6368 = LINE('',#6369,#6370);
#6369 = CARTESIAN_POINT('',(86.464226,-50.76149,1.585));
#6370 = VECTOR('',#6371,1.);
#6371 = DIRECTION('',(-0.305975521297,0.95203937963,0.));
#6372 = ORIENTED_EDGE('',*,*,#6373,.T.);
#6373 = EDGE_CURVE('',#6366,#6374,#6376,.T.);
#6374 = VERTEX_POINT('',#6375);
#6375 = CARTESIAN_POINT('',(86.428574,-50.693654,1.585));
#6376 = LINE('',#6377,#6378);
#6377 = CARTESIAN_POINT('',(86.445982,-50.704724,1.585));
#6378 = VECTOR('',#6379,1.);
#6379 = DIRECTION('',(-0.843833099132,0.536605721932,0.));
#6380 = ORIENTED_EDGE('',*,*,#6381,.T.);
#6381 = EDGE_CURVE('',#6374,#6382,#6384,.T.);
#6382 = VERTEX_POINT('',#6383);
#6383 = CARTESIAN_POINT('',(86.406843,-50.699992,1.585));
#6384 = LINE('',#6385,#6386);
#6385 = CARTESIAN_POINT('',(86.428574,-50.693654,1.585));
#6386 = VECTOR('',#6387,1.);
#6387 = DIRECTION('',(-0.960002473854,-0.279991518075,0.));
#6388 = ORIENTED_EDGE('',*,*,#6389,.T.);
#6389 = EDGE_CURVE('',#6382,#6390,#6392,.T.);
#6390 = VERTEX_POINT('',#6391);
#6391 = CARTESIAN_POINT('',(86.394007,-50.720931,1.585));
#6392 = LINE('',#6393,#6394);
#6393 = CARTESIAN_POINT('',(86.406843,-50.699992,1.585));
#6394 = VECTOR('',#6395,1.);
#6395 = DIRECTION('',(-0.522633663695,-0.852557360869,0.));
#6396 = ORIENTED_EDGE('',*,*,#6397,.T.);
#6397 = EDGE_CURVE('',#6390,#6398,#6400,.T.);
#6398 = VERTEX_POINT('',#6399);
#6399 = CARTESIAN_POINT('',(86.383869,-50.761488,1.585));
#6400 = LINE('',#6401,#6402);
#6401 = CARTESIAN_POINT('',(86.394007,-50.720931,1.585));
#6402 = VECTOR('',#6403,1.);
#6403 = DIRECTION('',(-0.242507483001,-0.970149535221,0.));
#6404 = ORIENTED_EDGE('',*,*,#6405,.T.);
#6405 = EDGE_CURVE('',#6398,#6406,#6408,.T.);
#6406 = VERTEX_POINT('',#6407);
#6407 = CARTESIAN_POINT('',(86.383869,-50.813319,1.585));
#6408 = LINE('',#6409,#6410);
#6409 = CARTESIAN_POINT('',(86.383869,-50.761488,1.585));
#6410 = VECTOR('',#6411,1.);
#6411 = DIRECTION('',(0.,-1.,0.));
#6412 = ORIENTED_EDGE('',*,*,#6413,.T.);
#6413 = EDGE_CURVE('',#6406,#6414,#6416,.T.);
#6414 = VERTEX_POINT('',#6415);
#6415 = CARTESIAN_POINT('',(86.402111,-50.870084,1.585));
#6416 = LINE('',#6417,#6418);
#6417 = CARTESIAN_POINT('',(86.383869,-50.813319,1.585));
#6418 = VECTOR('',#6419,1.);
#6419 = DIRECTION('',(0.305950003709,-0.95204758034,0.));
#6420 = ORIENTED_EDGE('',*,*,#6421,.T.);
#6421 = EDGE_CURVE('',#6414,#6422,#6424,.T.);
#6422 = VERTEX_POINT('',#6423);
#6423 = CARTESIAN_POINT('',(86.419519,-50.881154,1.585));
#6424 = LINE('',#6425,#6426);
#6425 = CARTESIAN_POINT('',(86.402111,-50.870084,1.585));
#6426 = VECTOR('',#6427,1.);
#6427 = DIRECTION('',(0.843833099131,-0.536605721932,0.));
#6428 = ORIENTED_EDGE('',*,*,#6429,.T.);
#6429 = EDGE_CURVE('',#6422,#6430,#6432,.T.);
#6430 = VERTEX_POINT('',#6431);
#6431 = CARTESIAN_POINT('',(86.44125,-50.874816,1.585));
#6432 = LINE('',#6433,#6434);
#6433 = CARTESIAN_POINT('',(86.419519,-50.881154,1.585));
#6434 = VECTOR('',#6435,1.);
#6435 = DIRECTION('',(0.960002473854,0.279991518075,0.));
#6436 = ORIENTED_EDGE('',*,*,#6437,.T.);
#6437 = EDGE_CURVE('',#6430,#6438,#6440,.T.);
#6438 = VERTEX_POINT('',#6439);
#6439 = CARTESIAN_POINT('',(86.454086,-50.853878,1.585));
#6440 = LINE('',#6441,#6442);
#6441 = CARTESIAN_POINT('',(86.44125,-50.874816,1.585));
#6442 = VECTOR('',#6443,1.);
#6443 = DIRECTION('',(0.522651806353,0.852546238814,0.));
#6444 = ORIENTED_EDGE('',*,*,#6445,.T.);
#6445 = EDGE_CURVE('',#6438,#6446,#6448,.T.);
#6446 = VERTEX_POINT('',#6447);
#6447 = CARTESIAN_POINT('',(86.464226,-50.813318,1.585));
#6448 = LINE('',#6449,#6450);
#6449 = CARTESIAN_POINT('',(86.454086,-50.853878,1.585));
#6450 = VECTOR('',#6451,1.);
#6451 = DIRECTION('',(0.242535625036,0.970142500145,0.));
#6452 = ORIENTED_EDGE('',*,*,#6453,.T.);
#6453 = EDGE_CURVE('',#6446,#6364,#6454,.T.);
#6454 = LINE('',#6455,#6456);
#6455 = CARTESIAN_POINT('',(86.464226,-50.813318,1.585));
#6456 = VECTOR('',#6457,1.);
#6457 = DIRECTION('',(0.,1.,0.));
#6458 = PLANE('',#6459);
#6459 = AXIS2_PLACEMENT_3D('',#6460,#6461,#6462);
#6460 = CARTESIAN_POINT('',(0.,0.,1.585));
#6461 = DIRECTION('',(0.,0.,1.));
#6462 = DIRECTION('',(1.,0.,-0.));
#6463 = SHELL_BASED_SURFACE_MODEL('',(#6464));
#6464 = OPEN_SHELL('',(#6465));
#6465 = ADVANCED_FACE('',(#6466),#6583,.T.);
#6466 = FACE_BOUND('',#6467,.F.);
#6467 = EDGE_LOOP('',(#6468,#6478,#6486,#6494,#6502,#6510,#6519,#6527,
    #6536,#6544,#6552,#6560,#6569,#6577));
#6468 = ORIENTED_EDGE('',*,*,#6469,.T.);
#6469 = EDGE_CURVE('',#6470,#6472,#6474,.T.);
#6470 = VERTEX_POINT('',#6471);
#6471 = CARTESIAN_POINT('',(86.137857,-50.67821,1.585));
#6472 = VERTEX_POINT('',#6473);
#6473 = CARTESIAN_POINT('',(86.168563,-50.636439,1.585));
#6474 = LINE('',#6475,#6476);
#6475 = CARTESIAN_POINT('',(86.137857,-50.67821,1.585));
#6476 = VECTOR('',#6477,1.);
#6477 = DIRECTION('',(0.592290653888,0.805724382973,0.));
#6478 = ORIENTED_EDGE('',*,*,#6479,.T.);
#6479 = EDGE_CURVE('',#6472,#6480,#6482,.T.);
#6480 = VERTEX_POINT('',#6481);
#6481 = CARTESIAN_POINT('',(86.194694,-50.633533,1.585));
#6482 = LINE('',#6483,#6484);
#6483 = CARTESIAN_POINT('',(86.168563,-50.636439,1.585));
#6484 = VECTOR('',#6485,1.);
#6485 = DIRECTION('',(0.993873061892,0.110527538857,0.));
#6486 = ORIENTED_EDGE('',*,*,#6487,.T.);
#6487 = EDGE_CURVE('',#6480,#6488,#6490,.T.);
#6488 = VERTEX_POINT('',#6489);
#6489 = CARTESIAN_POINT('',(86.214823,-50.650445,1.585));
#6490 = LINE('',#6491,#6492);
#6491 = CARTESIAN_POINT('',(86.194694,-50.633533,1.585));
#6492 = VECTOR('',#6493,1.);
#6493 = DIRECTION('',(0.765636673106,-0.643273258262,0.));
#6494 = ORIENTED_EDGE('',*,*,#6495,.T.);
#6495 = EDGE_CURVE('',#6488,#6496,#6498,.T.);
#6496 = VERTEX_POINT('',#6497);
#6497 = CARTESIAN_POINT('',(86.217202,-50.881154,1.585));
#6498 = LINE('',#6499,#6500);
#6499 = CARTESIAN_POINT('',(86.214823,-50.650445,1.585));
#6500 = VECTOR('',#6501,1.);
#6501 = DIRECTION('',(1.031114316906E-02,-0.99994683875,0.));
#6502 = ORIENTED_EDGE('',*,*,#6503,.T.);
#6503 = EDGE_CURVE('',#6496,#6504,#6506,.T.);
#6504 = VERTEX_POINT('',#6505);
#6505 = CARTESIAN_POINT('',(86.26934,-50.883533,1.585));
#6506 = LINE('',#6507,#6508);
#6507 = CARTESIAN_POINT('',(86.217202,-50.881154,1.585));
#6508 = VECTOR('',#6509,1.);
#6509 = DIRECTION('',(0.998960624084,-4.558148231029E-02,0.));
#6510 = ORIENTED_EDGE('',*,*,#6511,.T.);
#6511 = EDGE_CURVE('',#6504,#6512,#6514,.T.);
#6512 = VERTEX_POINT('',#6513);
#6513 = CARTESIAN_POINT('',(86.26934,-50.941275,1.585));
#6514 = CIRCLE('',#6515,3.124983715158E-02);
#6515 = AXIS2_PLACEMENT_3D('',#6516,#6517,#6518);
#6516 = CARTESIAN_POINT('',(86.257381,-50.912404,1.585));
#6517 = DIRECTION('',(0.,0.,-1.));
#6518 = DIRECTION('',(0.382689994255,0.92387681446,0.));
#6519 = ORIENTED_EDGE('',*,*,#6520,.T.);
#6520 = EDGE_CURVE('',#6512,#6521,#6523,.T.);
#6521 = VERTEX_POINT('',#6522);
#6522 = CARTESIAN_POINT('',(86.102565,-50.941275,1.585));
#6523 = LINE('',#6524,#6525);
#6524 = CARTESIAN_POINT('',(86.26934,-50.941275,1.585));
#6525 = VECTOR('',#6526,1.);
#6526 = DIRECTION('',(-1.,0.,0.));
#6527 = ORIENTED_EDGE('',*,*,#6528,.T.);
#6528 = EDGE_CURVE('',#6521,#6529,#6531,.T.);
#6529 = VERTEX_POINT('',#6530);
#6530 = CARTESIAN_POINT('',(86.102565,-50.883533,1.585));
#6531 = CIRCLE('',#6532,3.124983715157E-02);
#6532 = AXIS2_PLACEMENT_3D('',#6533,#6534,#6535);
#6533 = CARTESIAN_POINT('',(86.114524,-50.912404,1.585));
#6534 = DIRECTION('',(0.,0.,-1.));
#6535 = DIRECTION('',(-0.382689994255,-0.92387681446,-0.));
#6536 = ORIENTED_EDGE('',*,*,#6537,.T.);
#6537 = EDGE_CURVE('',#6529,#6538,#6540,.T.);
#6538 = VERTEX_POINT('',#6539);
#6539 = CARTESIAN_POINT('',(86.154702,-50.881154,1.585));
#6540 = LINE('',#6541,#6542);
#6541 = CARTESIAN_POINT('',(86.102565,-50.883533,1.585));
#6542 = VECTOR('',#6543,1.);
#6543 = DIRECTION('',(0.998960584275,4.558235475742E-02,0.));
#6544 = ORIENTED_EDGE('',*,*,#6545,.T.);
#6545 = EDGE_CURVE('',#6538,#6546,#6548,.T.);
#6546 = VERTEX_POINT('',#6547);
#6547 = CARTESIAN_POINT('',(86.154702,-50.748021,1.585));
#6548 = LINE('',#6549,#6550);
#6549 = CARTESIAN_POINT('',(86.154702,-50.881154,1.585));
#6550 = VECTOR('',#6551,1.);
#6551 = DIRECTION('',(0.,1.,0.));
#6552 = ORIENTED_EDGE('',*,*,#6553,.T.);
#6553 = EDGE_CURVE('',#6546,#6554,#6556,.T.);
#6554 = VERTEX_POINT('',#6555);
#6555 = CARTESIAN_POINT('',(86.11674,-50.765004,1.585));
#6556 = LINE('',#6557,#6558);
#6557 = CARTESIAN_POINT('',(86.154702,-50.748021,1.585));
#6558 = VECTOR('',#6559,1.);
#6559 = DIRECTION('',(-0.912818251895,-0.408366060058,0.));
#6560 = ORIENTED_EDGE('',*,*,#6561,.T.);
#6561 = EDGE_CURVE('',#6554,#6562,#6564,.T.);
#6562 = VERTEX_POINT('',#6563);
#6563 = CARTESIAN_POINT('',(86.090916,-50.713359,1.585));
#6564 = CIRCLE('',#6565,3.124967035473E-02);
#6565 = AXIS2_PLACEMENT_3D('',#6566,#6567,#6568);
#6566 = CARTESIAN_POINT('',(86.114524441421,-50.73383296861,1.585));
#6567 = DIRECTION('',(0.,0.,-1.));
#6568 = DIRECTION('',(7.089862240571E-02,-0.997483526351,0.));
#6569 = ORIENTED_EDGE('',*,*,#6570,.T.);
#6570 = EDGE_CURVE('',#6562,#6571,#6573,.T.);
#6571 = VERTEX_POINT('',#6572);
#6572 = CARTESIAN_POINT('',(86.119819,-50.696246,1.585));
#6573 = LINE('',#6574,#6575);
#6574 = CARTESIAN_POINT('',(86.090916,-50.713359,1.585));
#6575 = VECTOR('',#6576,1.);
#6576 = DIRECTION('',(0.860483460532,0.509478374566,0.));
#6577 = ORIENTED_EDGE('',*,*,#6578,.T.);
#6578 = EDGE_CURVE('',#6571,#6470,#6579,.T.);
#6579 = LINE('',#6580,#6581);
#6580 = CARTESIAN_POINT('',(86.119819,-50.696246,1.585));
#6581 = VECTOR('',#6582,1.);
#6582 = DIRECTION('',(0.707145983225,0.707067576974,0.));
#6583 = PLANE('',#6584);
#6584 = AXIS2_PLACEMENT_3D('',#6585,#6586,#6587);
#6585 = CARTESIAN_POINT('',(0.,0.,1.585));
#6586 = DIRECTION('',(0.,0.,1.));
#6587 = DIRECTION('',(1.,0.,-0.));
#6588 = SHELL_BASED_SURFACE_MODEL('',(#6589));
#6589 = OPEN_SHELL('',(#6590));
#6590 = ADVANCED_FACE('',(#6591),#6627,.T.);
#6591 = FACE_BOUND('',#6592,.F.);
#6592 = EDGE_LOOP('',(#6593,#6604,#6612,#6621));
#6593 = ORIENTED_EDGE('',*,*,#6594,.T.);
#6594 = EDGE_CURVE('',#6595,#6597,#6599,.T.);
#6595 = VERTEX_POINT('',#6596);
#6596 = CARTESIAN_POINT('',(94.96,-50.5125,1.585));
#6597 = VERTEX_POINT('',#6598);
#6598 = CARTESIAN_POINT('',(94.96,-50.3925,1.585));
#6599 = CIRCLE('',#6600,6.000000000043E-02);
#6600 = AXIS2_PLACEMENT_3D('',#6601,#6602,#6603);
#6601 = CARTESIAN_POINT('',(94.959999774412,-50.4525,1.585));
#6602 = DIRECTION('',(0.,0.,-1.));
#6603 = DIRECTION('',(3.759794016836E-06,-0.999999999993,0.));
#6604 = ORIENTED_EDGE('',*,*,#6605,.T.);
#6605 = EDGE_CURVE('',#6597,#6606,#6608,.T.);
#6606 = VERTEX_POINT('',#6607);
#6607 = CARTESIAN_POINT('',(95.74,-50.3925,1.585));
#6608 = LINE('',#6609,#6610);
#6609 = CARTESIAN_POINT('',(94.96,-50.3925,1.585));
#6610 = VECTOR('',#6611,1.);
#6611 = DIRECTION('',(1.,0.,0.));
#6612 = ORIENTED_EDGE('',*,*,#6613,.T.);
#6613 = EDGE_CURVE('',#6606,#6614,#6616,.T.);
#6614 = VERTEX_POINT('',#6615);
#6615 = CARTESIAN_POINT('',(95.74,-50.5125,1.585));
#6616 = CIRCLE('',#6617,6.000000000043E-02);
#6617 = AXIS2_PLACEMENT_3D('',#6618,#6619,#6620);
#6618 = CARTESIAN_POINT('',(95.740000225588,-50.4525,1.585));
#6619 = DIRECTION('',(0.,0.,-1.));
#6620 = DIRECTION('',(-3.759794253684E-06,0.999999999993,-0.));
#6621 = ORIENTED_EDGE('',*,*,#6622,.T.);
#6622 = EDGE_CURVE('',#6614,#6595,#6623,.T.);
#6623 = LINE('',#6624,#6625);
#6624 = CARTESIAN_POINT('',(95.74,-50.5125,1.585));
#6625 = VECTOR('',#6626,1.);
#6626 = DIRECTION('',(-1.,0.,0.));
#6627 = PLANE('',#6628);
#6628 = AXIS2_PLACEMENT_3D('',#6629,#6630,#6631);
#6629 = CARTESIAN_POINT('',(0.,0.,1.585));
#6630 = DIRECTION('',(0.,0.,1.));
#6631 = DIRECTION('',(1.,0.,-0.));
#6632 = SHELL_BASED_SURFACE_MODEL('',(#6633));
#6633 = OPEN_SHELL('',(#6634));
#6634 = ADVANCED_FACE('',(#6635),#6776,.T.);
#6635 = FACE_BOUND('',#6636,.F.);
#6636 = EDGE_LOOP('',(#6637,#6648,#6656,#6665,#6673,#6681,#6689,#6697,
    #6705,#6713,#6722,#6730,#6738,#6746,#6754,#6762,#6770));
#6637 = ORIENTED_EDGE('',*,*,#6638,.T.);
#6638 = EDGE_CURVE('',#6639,#6641,#6643,.T.);
#6639 = VERTEX_POINT('',#6640);
#6640 = CARTESIAN_POINT('',(99.597309,-50.220238,1.585));
#6641 = VERTEX_POINT('',#6642);
#6642 = CARTESIAN_POINT('',(99.597309,-50.095238,1.585));
#6643 = CIRCLE('',#6644,6.250000000099E-02);
#6644 = AXIS2_PLACEMENT_3D('',#6645,#6646,#6647);
#6645 = CARTESIAN_POINT('',(99.597309352534,-50.157738,1.585));
#6646 = DIRECTION('',(0.,0.,-1.));
#6647 = DIRECTION('',(-5.640539029538E-06,-0.999999999984,-0.));
#6648 = ORIENTED_EDGE('',*,*,#6649,.T.);
#6649 = EDGE_CURVE('',#6641,#6650,#6652,.T.);
#6650 = VERTEX_POINT('',#6651);
#6651 = CARTESIAN_POINT('',(100.00514,-50.095848,1.585));
#6652 = LINE('',#6653,#6654);
#6653 = CARTESIAN_POINT('',(99.597309,-50.095238,1.585));
#6654 = VECTOR('',#6655,1.);
#6655 = DIRECTION('',(0.999998881416,-1.495715915805E-03,0.));
#6656 = ORIENTED_EDGE('',*,*,#6657,.T.);
#6657 = EDGE_CURVE('',#6650,#6658,#6660,.T.);
#6658 = VERTEX_POINT('',#6659);
#6659 = CARTESIAN_POINT('',(100.129402,-50.177407,1.585));
#6660 = CIRCLE('',#6661,0.184762116994);
#6661 = AXIS2_PLACEMENT_3D('',#6662,#6663,#6664);
#6662 = CARTESIAN_POINT('',(99.974452780552,-50.27804386833,1.585));
#6663 = DIRECTION('',(0.,0.,-1.));
#6664 = DIRECTION('',(0.166090429941,0.986110525794,0.));
#6665 = ORIENTED_EDGE('',*,*,#6666,.T.);
#6666 = EDGE_CURVE('',#6658,#6667,#6669,.T.);
#6667 = VERTEX_POINT('',#6668);
#6668 = CARTESIAN_POINT('',(100.157005,-50.238885,1.585));
#6669 = LINE('',#6670,#6671);
#6670 = CARTESIAN_POINT('',(100.129402,-50.177407,1.585));
#6671 = VECTOR('',#6672,1.);
#6672 = DIRECTION('',(0.409598215745,-0.912266025707,0.));
#6673 = ORIENTED_EDGE('',*,*,#6674,.T.);
#6674 = EDGE_CURVE('',#6667,#6675,#6677,.T.);
#6675 = VERTEX_POINT('',#6676);
#6676 = CARTESIAN_POINT('',(100.157005,-50.362304,1.585));
#6677 = LINE('',#6678,#6679);
#6678 = CARTESIAN_POINT('',(100.157005,-50.238885,1.585));
#6679 = VECTOR('',#6680,1.);
#6680 = DIRECTION('',(0.,-1.,0.));
#6681 = ORIENTED_EDGE('',*,*,#6682,.T.);
#6682 = EDGE_CURVE('',#6675,#6683,#6685,.T.);
#6683 = VERTEX_POINT('',#6684);
#6684 = CARTESIAN_POINT('',(100.123257,-50.4317,1.585));
#6685 = LINE('',#6686,#6687);
#6686 = CARTESIAN_POINT('',(100.157005,-50.362304,1.585));
#6687 = VECTOR('',#6688,1.);
#6688 = DIRECTION('',(-0.437337702005,-0.899297355942,0.));
#6689 = ORIENTED_EDGE('',*,*,#6690,.T.);
#6690 = EDGE_CURVE('',#6683,#6691,#6693,.T.);
#6691 = VERTEX_POINT('',#6692);
#6692 = CARTESIAN_POINT('',(100.077641,-50.475543,1.585));
#6693 = LINE('',#6694,#6695);
#6694 = CARTESIAN_POINT('',(100.123257,-50.4317,1.585));
#6695 = VECTOR('',#6696,1.);
#6696 = DIRECTION('',(-0.720979440179,-0.692956453783,0.));
#6697 = ORIENTED_EDGE('',*,*,#6698,.T.);
#6698 = EDGE_CURVE('',#6691,#6699,#6701,.T.);
#6699 = VERTEX_POINT('',#6700);
#6700 = CARTESIAN_POINT('',(100.016158,-50.503149,1.585));
#6701 = LINE('',#6702,#6703);
#6702 = CARTESIAN_POINT('',(100.077641,-50.475543,1.585));
#6703 = VECTOR('',#6704,1.);
#6704 = DIRECTION('',(-0.912261839458,-0.409607539321,0.));
#6705 = ORIENTED_EDGE('',*,*,#6706,.T.);
#6706 = EDGE_CURVE('',#6699,#6707,#6709,.T.);
#6707 = VERTEX_POINT('',#6708);
#6708 = CARTESIAN_POINT('',(99.597309,-50.505952,1.585));
#6709 = LINE('',#6710,#6711);
#6710 = CARTESIAN_POINT('',(100.016158,-50.503149,1.585));
#6711 = VECTOR('',#6712,1.);
#6712 = DIRECTION('',(-0.999977608322,-6.691999350901E-03,0.));
#6713 = ORIENTED_EDGE('',*,*,#6714,.T.);
#6714 = EDGE_CURVE('',#6707,#6715,#6717,.T.);
#6715 = VERTEX_POINT('',#6716);
#6716 = CARTESIAN_POINT('',(99.597309,-50.380952,1.585));
#6717 = CIRCLE('',#6718,6.250000000099E-02);
#6718 = AXIS2_PLACEMENT_3D('',#6719,#6720,#6721);
#6719 = CARTESIAN_POINT('',(99.597309352534,-50.443452,1.585));
#6720 = DIRECTION('',(0.,0.,-1.));
#6721 = DIRECTION('',(-5.640539029537E-06,-0.999999999984,-0.));
#6722 = ORIENTED_EDGE('',*,*,#6723,.T.);
#6723 = EDGE_CURVE('',#6715,#6724,#6726,.T.);
#6724 = VERTEX_POINT('',#6725);
#6725 = CARTESIAN_POINT('',(99.987317,-50.380952,1.585));
#6726 = LINE('',#6727,#6728);
#6727 = CARTESIAN_POINT('',(99.597309,-50.380952,1.585));
#6728 = VECTOR('',#6729,1.);
#6729 = DIRECTION('',(1.,0.,0.));
#6730 = ORIENTED_EDGE('',*,*,#6731,.T.);
#6731 = EDGE_CURVE('',#6724,#6732,#6734,.T.);
#6732 = VERTEX_POINT('',#6733);
#6733 = CARTESIAN_POINT('',(100.022134,-50.35881,1.585));
#6734 = LINE('',#6735,#6736);
#6735 = CARTESIAN_POINT('',(99.987317,-50.380952,1.585));
#6736 = VECTOR('',#6737,1.);
#6737 = DIRECTION('',(0.843818129177,0.536629262034,0.));
#6738 = ORIENTED_EDGE('',*,*,#6739,.T.);
#6739 = EDGE_CURVE('',#6732,#6740,#6742,.T.);
#6740 = VERTEX_POINT('',#6741);
#6741 = CARTESIAN_POINT('',(100.034809,-50.33346,1.585));
#6742 = LINE('',#6743,#6744);
#6743 = CARTESIAN_POINT('',(100.022134,-50.35881,1.585));
#6744 = VECTOR('',#6745,1.);
#6745 = DIRECTION('',(0.4472135955,0.894427191,0.));
#6746 = ORIENTED_EDGE('',*,*,#6747,.T.);
#6747 = EDGE_CURVE('',#6740,#6748,#6750,.T.);
#6748 = VERTEX_POINT('',#6749);
#6749 = CARTESIAN_POINT('',(100.034809,-50.267729,1.585));
#6750 = LINE('',#6751,#6752);
#6751 = CARTESIAN_POINT('',(100.034809,-50.33346,1.585));
#6752 = VECTOR('',#6753,1.);
#6753 = DIRECTION('',(0.,1.,0.));
#6754 = ORIENTED_EDGE('',*,*,#6755,.T.);
#6755 = EDGE_CURVE('',#6748,#6756,#6758,.T.);
#6756 = VERTEX_POINT('',#6757);
#6757 = CARTESIAN_POINT('',(100.012669,-50.232914,1.585));
#6758 = LINE('',#6759,#6760);
#6759 = CARTESIAN_POINT('',(100.034809,-50.267729,1.585));
#6760 = VECTOR('',#6761,1.);
#6761 = DIRECTION('',(-0.536616696732,0.843826119997,0.));
#6762 = ORIENTED_EDGE('',*,*,#6763,.T.);
#6763 = EDGE_CURVE('',#6756,#6764,#6766,.T.);
#6764 = VERTEX_POINT('',#6765);
#6765 = CARTESIAN_POINT('',(99.987317,-50.220238,1.585));
#6766 = LINE('',#6767,#6768);
#6767 = CARTESIAN_POINT('',(100.012669,-50.232914,1.585));
#6768 = VECTOR('',#6769,1.);
#6769 = DIRECTION('',(-0.894427191,0.4472135955,0.));
#6770 = ORIENTED_EDGE('',*,*,#6771,.T.);
#6771 = EDGE_CURVE('',#6764,#6639,#6772,.T.);
#6772 = LINE('',#6773,#6774);
#6773 = CARTESIAN_POINT('',(99.987317,-50.220238,1.585));
#6774 = VECTOR('',#6775,1.);
#6775 = DIRECTION('',(-1.,0.,0.));
#6776 = PLANE('',#6777);
#6777 = AXIS2_PLACEMENT_3D('',#6778,#6779,#6780);
#6778 = CARTESIAN_POINT('',(0.,0.,1.585));
#6779 = DIRECTION('',(0.,0.,1.));
#6780 = DIRECTION('',(1.,0.,-0.));
#6781 = SHELL_BASED_SURFACE_MODEL('',(#6782));
#6782 = OPEN_SHELL('',(#6783));
#6783 = ADVANCED_FACE('',(#6784),#6820,.T.);
#6784 = FACE_BOUND('',#6785,.F.);
#6785 = EDGE_LOOP('',(#6786,#6797,#6805,#6814));
#6786 = ORIENTED_EDGE('',*,*,#6787,.T.);
#6787 = EDGE_CURVE('',#6788,#6790,#6792,.T.);
#6788 = VERTEX_POINT('',#6789);
#6789 = CARTESIAN_POINT('',(90.736359,-50.14,1.585));
#6790 = VERTEX_POINT('',#6791);
#6791 = CARTESIAN_POINT('',(90.736359,-50.02,1.585));
#6792 = CIRCLE('',#6793,6.000000000042E-02);
#6793 = AXIS2_PLACEMENT_3D('',#6794,#6795,#6796);
#6794 = CARTESIAN_POINT('',(90.736358774412,-50.08,1.585));
#6795 = DIRECTION('',(0.,0.,-1.));
#6796 = DIRECTION('',(3.759794016837E-06,-0.999999999993,0.));
#6797 = ORIENTED_EDGE('',*,*,#6798,.T.);
#6798 = EDGE_CURVE('',#6790,#6799,#6801,.T.);
#6799 = VERTEX_POINT('',#6800);
#6800 = CARTESIAN_POINT('',(91.043641,-50.02,1.585));
#6801 = LINE('',#6802,#6803);
#6802 = CARTESIAN_POINT('',(90.736359,-50.02,1.585));
#6803 = VECTOR('',#6804,1.);
#6804 = DIRECTION('',(1.,0.,0.));
#6805 = ORIENTED_EDGE('',*,*,#6806,.T.);
#6806 = EDGE_CURVE('',#6799,#6807,#6809,.T.);
#6807 = VERTEX_POINT('',#6808);
#6808 = CARTESIAN_POINT('',(91.043641,-50.14,1.585));
#6809 = CIRCLE('',#6810,6.000000000042E-02);
#6810 = AXIS2_PLACEMENT_3D('',#6811,#6812,#6813);
#6811 = CARTESIAN_POINT('',(91.043641225588,-50.08,1.585));
#6812 = DIRECTION('',(0.,0.,-1.));
#6813 = DIRECTION('',(-3.759794490531E-06,0.999999999993,-0.));
#6814 = ORIENTED_EDGE('',*,*,#6815,.T.);
#6815 = EDGE_CURVE('',#6807,#6788,#6816,.T.);
#6816 = LINE('',#6817,#6818);
#6817 = CARTESIAN_POINT('',(91.043641,-50.14,1.585));
#6818 = VECTOR('',#6819,1.);
#6819 = DIRECTION('',(-1.,0.,0.));
#6820 = PLANE('',#6821);
#6821 = AXIS2_PLACEMENT_3D('',#6822,#6823,#6824);
#6822 = CARTESIAN_POINT('',(0.,0.,1.585));
#6823 = DIRECTION('',(0.,0.,1.));
#6824 = DIRECTION('',(1.,0.,-0.));
#6825 = SHELL_BASED_SURFACE_MODEL('',(#6826));
#6826 = OPEN_SHELL('',(#6827));
#6827 = ADVANCED_FACE('',(#6828),#6864,.T.);
#6828 = FACE_BOUND('',#6829,.F.);
#6829 = EDGE_LOOP('',(#6830,#6841,#6849,#6858));
#6830 = ORIENTED_EDGE('',*,*,#6831,.T.);
#6831 = EDGE_CURVE('',#6832,#6834,#6836,.T.);
#6832 = VERTEX_POINT('',#6833);
#6833 = CARTESIAN_POINT('',(92.712164,-50.12,1.585));
#6834 = VERTEX_POINT('',#6835);
#6835 = CARTESIAN_POINT('',(92.712164,-50.,1.585));
#6836 = CIRCLE('',#6837,6.000000000042E-02);
#6837 = AXIS2_PLACEMENT_3D('',#6838,#6839,#6840);
#6838 = CARTESIAN_POINT('',(92.712163774412,-50.06,1.585));
#6839 = DIRECTION('',(0.,0.,-1.));
#6840 = DIRECTION('',(3.759794253684E-06,-0.999999999993,0.));
#6841 = ORIENTED_EDGE('',*,*,#6842,.T.);
#6842 = EDGE_CURVE('',#6834,#6843,#6845,.T.);
#6843 = VERTEX_POINT('',#6844);
#6844 = CARTESIAN_POINT('',(92.927836,-50.,1.585));
#6845 = LINE('',#6846,#6847);
#6846 = CARTESIAN_POINT('',(92.712164,-50.,1.585));
#6847 = VECTOR('',#6848,1.);
#6848 = DIRECTION('',(1.,0.,0.));
#6849 = ORIENTED_EDGE('',*,*,#6850,.T.);
#6850 = EDGE_CURVE('',#6843,#6851,#6853,.T.);
#6851 = VERTEX_POINT('',#6852);
#6852 = CARTESIAN_POINT('',(92.927836,-50.12,1.585));
#6853 = CIRCLE('',#6854,6.000000000042E-02);
#6854 = AXIS2_PLACEMENT_3D('',#6855,#6856,#6857);
#6855 = CARTESIAN_POINT('',(92.927836225588,-50.06,1.585));
#6856 = DIRECTION('',(0.,0.,-1.));
#6857 = DIRECTION('',(-3.759794253684E-06,0.999999999993,-0.));
#6858 = ORIENTED_EDGE('',*,*,#6859,.T.);
#6859 = EDGE_CURVE('',#6851,#6832,#6860,.T.);
#6860 = LINE('',#6861,#6862);
#6861 = CARTESIAN_POINT('',(92.927836,-50.12,1.585));
#6862 = VECTOR('',#6863,1.);
#6863 = DIRECTION('',(-1.,0.,0.));
#6864 = PLANE('',#6865);
#6865 = AXIS2_PLACEMENT_3D('',#6866,#6867,#6868);
#6866 = CARTESIAN_POINT('',(0.,0.,1.585));
#6867 = DIRECTION('',(0.,0.,1.));
#6868 = DIRECTION('',(1.,0.,-0.));
#6869 = SHELL_BASED_SURFACE_MODEL('',(#6870));
#6870 = OPEN_SHELL('',(#6871));
#6871 = ADVANCED_FACE('',(#6872),#7046,.T.);
#6872 = FACE_BOUND('',#6873,.F.);
#6873 = EDGE_LOOP('',(#6874,#6884,#6892,#6900,#6908,#6916,#6925,#6933,
    #6942,#6950,#6958,#6966,#6974,#6983,#6991,#7000,#7008,#7016,#7024,
    #7032,#7040));
#6874 = ORIENTED_EDGE('',*,*,#6875,.T.);
#6875 = EDGE_CURVE('',#6876,#6878,#6880,.T.);
#6876 = VERTEX_POINT('',#6877);
#6877 = CARTESIAN_POINT('',(99.616977,-49.625646,1.585));
#6878 = VERTEX_POINT('',#6879);
#6879 = CARTESIAN_POINT('',(99.678454,-49.59804,1.585));
#6880 = LINE('',#6881,#6882);
#6881 = CARTESIAN_POINT('',(99.616977,-49.625646,1.585));
#6882 = VECTOR('',#6883,1.);
#6883 = DIRECTION('',(0.912246901044,0.409640807948,0.));
#6884 = ORIENTED_EDGE('',*,*,#6885,.T.);
#6885 = EDGE_CURVE('',#6878,#6886,#6888,.T.);
#6886 = VERTEX_POINT('',#6887);
#6887 = CARTESIAN_POINT('',(99.749991,-49.597191,1.585));
#6888 = LINE('',#6889,#6890);
#6889 = CARTESIAN_POINT('',(99.678454,-49.59804,1.585));
#6890 = VECTOR('',#6891,1.);
#6891 = DIRECTION('',(0.999929582912,1.186714869071E-02,0.));
#6892 = ORIENTED_EDGE('',*,*,#6893,.T.);
#6893 = EDGE_CURVE('',#6886,#6894,#6896,.T.);
#6894 = VERTEX_POINT('',#6895);
#6895 = CARTESIAN_POINT('',(99.843834,-49.629365,1.585));
#6896 = LINE('',#6897,#6898);
#6897 = CARTESIAN_POINT('',(99.749991,-49.597191,1.585));
#6898 = VECTOR('',#6899,1.);
#6899 = DIRECTION('',(0.945948243217,-0.324317623874,0.));
#6900 = ORIENTED_EDGE('',*,*,#6901,.T.);
#6901 = EDGE_CURVE('',#6894,#6902,#6904,.T.);
#6902 = VERTEX_POINT('',#6903);
#6903 = CARTESIAN_POINT('',(100.034809,-49.816373,1.585));
#6904 = LINE('',#6905,#6906);
#6905 = CARTESIAN_POINT('',(99.843834,-49.629365,1.585));
#6906 = VECTOR('',#6907,1.);
#6907 = DIRECTION('',(0.714488645883,-0.699647035943,0.));
#6908 = ORIENTED_EDGE('',*,*,#6909,.T.);
#6909 = EDGE_CURVE('',#6902,#6910,#6912,.T.);
#6910 = VERTEX_POINT('',#6911);
#6911 = CARTESIAN_POINT('',(100.034809,-49.657737,1.585));
#6912 = LINE('',#6913,#6914);
#6913 = CARTESIAN_POINT('',(100.034809,-49.816373,1.585));
#6914 = VECTOR('',#6915,1.);
#6915 = DIRECTION('',(0.,1.,0.));
#6916 = ORIENTED_EDGE('',*,*,#6917,.T.);
#6917 = EDGE_CURVE('',#6910,#6918,#6920,.T.);
#6918 = VERTEX_POINT('',#6919);
#6919 = CARTESIAN_POINT('',(100.159809,-49.657737,1.585));
#6920 = CIRCLE('',#6921,6.250000000099E-02);
#6921 = AXIS2_PLACEMENT_3D('',#6922,#6923,#6924);
#6922 = CARTESIAN_POINT('',(100.097309,-49.65773735253,1.585));
#6923 = DIRECTION('',(0.,0.,-1.));
#6924 = DIRECTION('',(-0.999999999984,5.640539029538E-06,0.));
#6925 = ORIENTED_EDGE('',*,*,#6926,.T.);
#6926 = EDGE_CURVE('',#6918,#6927,#6929,.T.);
#6927 = VERTEX_POINT('',#6928);
#6928 = CARTESIAN_POINT('',(100.159809,-49.967261,1.585));
#6929 = LINE('',#6930,#6931);
#6930 = CARTESIAN_POINT('',(100.159809,-49.657737,1.585));
#6931 = VECTOR('',#6932,1.);
#6932 = DIRECTION('',(0.,-1.,0.));
#6933 = ORIENTED_EDGE('',*,*,#6934,.T.);
#6934 = EDGE_CURVE('',#6927,#6935,#6937,.T.);
#6935 = VERTEX_POINT('',#6936);
#6936 = CARTESIAN_POINT('',(100.053115,-50.011455,1.585));
#6937 = CIRCLE('',#6938,6.249966730101E-02);
#6938 = AXIS2_PLACEMENT_3D('',#6939,#6940,#6941);
#6939 = CARTESIAN_POINT('',(100.0973093327,-49.96726145556,1.585));
#6940 = DIRECTION('',(0.,0.,-1.));
#6941 = DIRECTION('',(0.999999999973,7.289050961031E-06,0.));
#6942 = ORIENTED_EDGE('',*,*,#6943,.T.);
#6943 = EDGE_CURVE('',#6935,#6944,#6946,.T.);
#6944 = VERTEX_POINT('',#6945);
#6945 = CARTESIAN_POINT('',(99.777834,-49.736174,1.585));
#6946 = LINE('',#6947,#6948);
#6947 = CARTESIAN_POINT('',(100.053115,-50.011455,1.585));
#6948 = VECTOR('',#6949,1.);
#6949 = DIRECTION('',(-0.707106781187,0.707106781187,0.));
#6950 = ORIENTED_EDGE('',*,*,#6951,.T.);
#6951 = EDGE_CURVE('',#6944,#6952,#6954,.T.);
#6952 = VERTEX_POINT('',#6953);
#6953 = CARTESIAN_POINT('',(99.730023,-49.720237,1.585));
#6954 = LINE('',#6955,#6956);
#6955 = CARTESIAN_POINT('',(99.777834,-49.736174,1.585));
#6956 = VECTOR('',#6957,1.);
#6957 = DIRECTION('',(-0.94868329805,0.316227766017,0.));
#6958 = ORIENTED_EDGE('',*,*,#6959,.T.);
#6959 = EDGE_CURVE('',#6952,#6960,#6962,.T.);
#6960 = VERTEX_POINT('',#6961);
#6961 = CARTESIAN_POINT('',(99.7073,-49.720237,1.585));
#6962 = LINE('',#6963,#6964);
#6963 = CARTESIAN_POINT('',(99.730023,-49.720237,1.585));
#6964 = VECTOR('',#6965,1.);
#6965 = DIRECTION('',(-1.,0.,0.));
#6966 = ORIENTED_EDGE('',*,*,#6967,.T.);
#6967 = EDGE_CURVE('',#6960,#6968,#6970,.T.);
#6968 = VERTEX_POINT('',#6969);
#6969 = CARTESIAN_POINT('',(99.672485,-49.742377,1.585));
#6970 = LINE('',#6971,#6972);
#6971 = CARTESIAN_POINT('',(99.7073,-49.720237,1.585));
#6972 = VECTOR('',#6973,1.);
#6973 = DIRECTION('',(-0.843826119997,-0.536616696732,0.));
#6974 = ORIENTED_EDGE('',*,*,#6975,.T.);
#6975 = EDGE_CURVE('',#6968,#6976,#6978,.T.);
#6976 = VERTEX_POINT('',#6977);
#6977 = CARTESIAN_POINT('',(99.672485,-49.88262,1.585));
#6978 = CIRCLE('',#6979,0.129228525463);
#6979 = AXIS2_PLACEMENT_3D('',#6980,#6981,#6982);
#6980 = CARTESIAN_POINT('',(99.781034468129,-49.8124985,1.585));
#6981 = DIRECTION('',(0.,0.,1.));
#6982 = DIRECTION('',(-0.839980706582,0.542616266408,0.));
#6983 = ORIENTED_EDGE('',*,*,#6984,.T.);
#6984 = EDGE_CURVE('',#6976,#6985,#6987,.T.);
#6985 = VERTEX_POINT('',#6986);
#6986 = CARTESIAN_POINT('',(99.70267,-49.919534,1.585));
#6987 = LINE('',#6988,#6989);
#6988 = CARTESIAN_POINT('',(99.672485,-49.88262,1.585));
#6989 = VECTOR('',#6990,1.);
#6990 = DIRECTION('',(0.633019642498,-0.774135732422,0.));
#6991 = ORIENTED_EDGE('',*,*,#6992,.T.);
#6992 = EDGE_CURVE('',#6985,#6993,#6995,.T.);
#6993 = VERTEX_POINT('',#6994);
#6994 = CARTESIAN_POINT('',(99.621011,-50.001193,1.585));
#6995 = CIRCLE('',#6996,6.249929161999E-02);
#6996 = AXIS2_PLACEMENT_3D('',#6997,#6998,#6999);
#6997 = CARTESIAN_POINT('',(99.644928,-49.943451,1.585));
#6998 = DIRECTION('',(0.,0.,-1.));
#6999 = DIRECTION('',(0.923882471358,0.382676337284,0.));
#7000 = ORIENTED_EDGE('',*,*,#7001,.T.);
#7001 = EDGE_CURVE('',#6993,#7002,#7004,.T.);
#7002 = VERTEX_POINT('',#7003);
#7003 = CARTESIAN_POINT('',(99.576925,-49.963836,1.585));
#7004 = LINE('',#7005,#7006);
#7005 = CARTESIAN_POINT('',(99.621011,-50.001193,1.585));
#7006 = VECTOR('',#7007,1.);
#7007 = DIRECTION('',(-0.762929886421,0.646481235926,0.));
#7008 = ORIENTED_EDGE('',*,*,#7009,.T.);
#7009 = EDGE_CURVE('',#7002,#7010,#7012,.T.);
#7010 = VERTEX_POINT('',#7011);
#7011 = CARTESIAN_POINT('',(99.539567,-49.895941,1.585));
#7012 = LINE('',#7013,#7014);
#7013 = CARTESIAN_POINT('',(99.576925,-49.963836,1.585));
#7014 = VECTOR('',#7015,1.);
#7015 = DIRECTION('',(-0.482074781297,0.876130073241,0.));
#7016 = ORIENTED_EDGE('',*,*,#7017,.T.);
#7017 = EDGE_CURVE('',#7010,#7018,#7020,.T.);
#7018 = VERTEX_POINT('',#7019);
#7019 = CARTESIAN_POINT('',(99.534809,-49.872023,1.585));
#7020 = LINE('',#7021,#7022);
#7021 = CARTESIAN_POINT('',(99.539567,-49.895941,1.585));
#7022 = VECTOR('',#7023,1.);
#7023 = DIRECTION('',(-0.195106652235,0.980782031979,0.));
#7024 = ORIENTED_EDGE('',*,*,#7025,.T.);
#7025 = EDGE_CURVE('',#7018,#7026,#7028,.T.);
#7026 = VERTEX_POINT('',#7027);
#7027 = CARTESIAN_POINT('',(99.537611,-49.738887,1.585));
#7028 = LINE('',#7029,#7030);
#7029 = CARTESIAN_POINT('',(99.534809,-49.872023,1.585));
#7030 = VECTOR('',#7031,1.);
#7031 = DIRECTION('',(2.104148875314E-02,0.999778603367,0.));
#7032 = ORIENTED_EDGE('',*,*,#7033,.T.);
#7033 = EDGE_CURVE('',#7026,#7034,#7036,.T.);
#7034 = VERTEX_POINT('',#7035);
#7035 = CARTESIAN_POINT('',(99.571358,-49.669493,1.585));
#7036 = LINE('',#7037,#7038);
#7037 = CARTESIAN_POINT('',(99.537611,-49.738887,1.585));
#7038 = VECTOR('',#7039,1.);
#7039 = DIRECTION('',(0.437337415054,0.899297495489,0.));
#7040 = ORIENTED_EDGE('',*,*,#7041,.T.);
#7041 = EDGE_CURVE('',#7034,#6876,#7042,.T.);
#7042 = LINE('',#7043,#7044);
#7043 = CARTESIAN_POINT('',(99.571358,-49.669493,1.585));
#7044 = VECTOR('',#7045,1.);
#7045 = DIRECTION('',(0.720970623549,0.692965626838,0.));
#7046 = PLANE('',#7047);
#7047 = AXIS2_PLACEMENT_3D('',#7048,#7049,#7050);
#7048 = CARTESIAN_POINT('',(0.,0.,1.585));
#7049 = DIRECTION('',(0.,0.,1.));
#7050 = DIRECTION('',(1.,0.,-0.));
#7051 = SHELL_BASED_SURFACE_MODEL('',(#7052));
#7052 = OPEN_SHELL('',(#7053));
#7053 = ADVANCED_FACE('',(#7054),#7206,.T.);
#7054 = FACE_BOUND('',#7055,.F.);
#7055 = EDGE_LOOP('',(#7056,#7067,#7075,#7083,#7092,#7100,#7108,#7116,
    #7124,#7133,#7141,#7150,#7158,#7166,#7174,#7182,#7191,#7199));
#7056 = ORIENTED_EDGE('',*,*,#7057,.T.);
#7057 = EDGE_CURVE('',#7058,#7060,#7062,.T.);
#7058 = VERTEX_POINT('',#7059);
#7059 = CARTESIAN_POINT('',(92.625284,-49.596022,1.585));
#7060 = VERTEX_POINT('',#7061);
#7061 = CARTESIAN_POINT('',(92.73563,-49.552132,1.585));
#7062 = CIRCLE('',#7063,0.11613777518);
#7063 = AXIS2_PLACEMENT_3D('',#7064,#7065,#7066);
#7064 = CARTESIAN_POINT('',(92.717346018293,-49.66682148878,1.585));
#7065 = DIRECTION('',(0.,0.,-1.));
#7066 = DIRECTION('',(-0.792696589463,0.609616368755,0.));
#7067 = ORIENTED_EDGE('',*,*,#7068,.T.);
#7068 = EDGE_CURVE('',#7060,#7069,#7071,.T.);
#7069 = VERTEX_POINT('',#7070);
#7070 = CARTESIAN_POINT('',(92.788527,-49.572213,1.585));
#7071 = LINE('',#7072,#7073);
#7072 = CARTESIAN_POINT('',(92.73563,-49.552132,1.585));
#7073 = VECTOR('',#7074,1.);
#7074 = DIRECTION('',(0.934900082113,-0.354911026125,0.));
#7075 = ORIENTED_EDGE('',*,*,#7076,.T.);
#7076 = EDGE_CURVE('',#7069,#7077,#7079,.T.);
#7077 = VERTEX_POINT('',#7078);
#7078 = CARTESIAN_POINT('',(92.807205,-49.594257,1.585));
#7079 = LINE('',#7080,#7081);
#7080 = CARTESIAN_POINT('',(92.788527,-49.572213,1.585));
#7081 = VECTOR('',#7082,1.);
#7082 = DIRECTION('',(0.646454092237,-0.762952886245,0.));
#7083 = ORIENTED_EDGE('',*,*,#7084,.T.);
#7084 = EDGE_CURVE('',#7077,#7085,#7087,.T.);
#7085 = VERTEX_POINT('',#7086);
#7086 = CARTESIAN_POINT('',(92.766374,-49.635085,1.585));
#7087 = CIRCLE('',#7088,3.124972509903E-02);
#7088 = AXIS2_PLACEMENT_3D('',#7089,#7090,#7091);
#7089 = CARTESIAN_POINT('',(92.778333414208,-49.60621429286,1.585));
#7090 = DIRECTION('',(0.,0.,-1.));
#7091 = DIRECTION('',(0.923898872725,0.38263673762,0.));
#7092 = ORIENTED_EDGE('',*,*,#7093,.T.);
#7093 = EDGE_CURVE('',#7085,#7094,#7096,.T.);
#7094 = VERTEX_POINT('',#7095);
#7095 = CARTESIAN_POINT('',(92.749546,-49.621621,1.585));
#7096 = LINE('',#7097,#7098);
#7097 = CARTESIAN_POINT('',(92.766374,-49.635085,1.585));
#7098 = VECTOR('',#7099,1.);
#7099 = DIRECTION('',(-0.780832592876,0.624740315574,0.));
#7100 = ORIENTED_EDGE('',*,*,#7101,.T.);
#7101 = EDGE_CURVE('',#7094,#7102,#7104,.T.);
#7102 = VERTEX_POINT('',#7103);
#7103 = CARTESIAN_POINT('',(92.711975,-49.613654,1.585));
#7104 = LINE('',#7105,#7106);
#7105 = CARTESIAN_POINT('',(92.749546,-49.621621,1.585));
#7106 = VECTOR('',#7107,1.);
#7107 = DIRECTION('',(-0.97824789664,0.207439274774,0.));
#7108 = ORIENTED_EDGE('',*,*,#7109,.T.);
#7109 = EDGE_CURVE('',#7102,#7110,#7112,.T.);
#7110 = VERTEX_POINT('',#7111);
#7111 = CARTESIAN_POINT('',(92.688072,-49.621621,1.585));
#7112 = LINE('',#7113,#7114);
#7113 = CARTESIAN_POINT('',(92.711975,-49.613654,1.585));
#7114 = VECTOR('',#7115,1.);
#7115 = DIRECTION('',(-0.948691235594,-0.31620395239,0.));
#7116 = ORIENTED_EDGE('',*,*,#7117,.T.);
#7117 = EDGE_CURVE('',#7110,#7118,#7120,.T.);
#7118 = VERTEX_POINT('',#7119);
#7119 = CARTESIAN_POINT('',(92.673063,-49.63663,1.585));
#7120 = LINE('',#7121,#7122);
#7121 = CARTESIAN_POINT('',(92.688072,-49.621621,1.585));
#7122 = VECTOR('',#7123,1.);
#7123 = DIRECTION('',(-0.707106781187,-0.707106781186,0.));
#7124 = ORIENTED_EDGE('',*,*,#7125,.T.);
#7125 = EDGE_CURVE('',#7118,#7126,#7128,.T.);
#7126 = VERTEX_POINT('',#7127);
#7127 = CARTESIAN_POINT('',(92.673064,-49.778179,1.585));
#7128 = CIRCLE('',#7129,0.141732059128);
#7129 = AXIS2_PLACEMENT_3D('',#7130,#7131,#7132);
#7130 = CARTESIAN_POINT('',(92.795859862867,-49.70740363248,1.585));
#7131 = DIRECTION('',(0.,0.,1.));
#7132 = DIRECTION('',(-0.866401459363,0.499348086221,0.));
#7133 = ORIENTED_EDGE('',*,*,#7134,.T.);
#7134 = EDGE_CURVE('',#7126,#7135,#7137,.T.);
#7135 = VERTEX_POINT('',#7136);
#7136 = CARTESIAN_POINT('',(92.68807,-49.793185,1.585));
#7137 = LINE('',#7138,#7139);
#7138 = CARTESIAN_POINT('',(92.673064,-49.778179,1.585));
#7139 = VECTOR('',#7140,1.);
#7140 = DIRECTION('',(0.707106781187,-0.707106781187,0.));
#7141 = ORIENTED_EDGE('',*,*,#7142,.T.);
#7142 = EDGE_CURVE('',#7135,#7143,#7145,.T.);
#7143 = VERTEX_POINT('',#7144);
#7144 = CARTESIAN_POINT('',(92.766374,-49.779724,1.585));
#7145 = CIRCLE('',#7146,6.215969928774E-02);
#7146 = AXIS2_PLACEMENT_3D('',#7147,#7148,#7149);
#7147 = CARTESIAN_POINT('',(92.719122204582,-49.7393371699,1.585));
#7148 = DIRECTION('',(0.,0.,1.));
#7149 = DIRECTION('',(-0.499555257466,-0.866282023788,0.));
#7150 = ORIENTED_EDGE('',*,*,#7151,.T.);
#7151 = EDGE_CURVE('',#7143,#7152,#7154,.T.);
#7152 = VERTEX_POINT('',#7153);
#7153 = CARTESIAN_POINT('',(92.790291,-49.779723,1.585));
#7154 = LINE('',#7155,#7156);
#7155 = CARTESIAN_POINT('',(92.766374,-49.779724,1.585));
#7156 = VECTOR('',#7157,1.);
#7157 = DIRECTION('',(0.999999999126,4.181126410949E-05,0.));
#7158 = ORIENTED_EDGE('',*,*,#7159,.T.);
#7159 = EDGE_CURVE('',#7152,#7160,#7162,.T.);
#7160 = VERTEX_POINT('',#7161);
#7161 = CARTESIAN_POINT('',(92.807204,-49.796635,1.585));
#7162 = LINE('',#7163,#7164);
#7163 = CARTESIAN_POINT('',(92.790291,-49.779723,1.585));
#7164 = VECTOR('',#7165,1.);
#7165 = DIRECTION('',(0.707127685734,-0.707085876021,0.));
#7166 = ORIENTED_EDGE('',*,*,#7167,.T.);
#7167 = EDGE_CURVE('',#7160,#7168,#7170,.T.);
#7168 = VERTEX_POINT('',#7169);
#7169 = CARTESIAN_POINT('',(92.807205,-49.820552,1.585));
#7170 = LINE('',#7171,#7172);
#7171 = CARTESIAN_POINT('',(92.807204,-49.796635,1.585));
#7172 = VECTOR('',#7173,1.);
#7173 = DIRECTION('',(4.18112638124E-05,-0.999999999126,0.));
#7174 = ORIENTED_EDGE('',*,*,#7175,.T.);
#7175 = EDGE_CURVE('',#7168,#7176,#7178,.T.);
#7176 = VERTEX_POINT('',#7177);
#7177 = CARTESIAN_POINT('',(92.776311,-49.850146,1.585));
#7178 = LINE('',#7179,#7180);
#7179 = CARTESIAN_POINT('',(92.807205,-49.820552,1.585));
#7180 = VECTOR('',#7181,1.);
#7181 = DIRECTION('',(-0.722137067071,-0.691749995563,0.));
#7182 = ORIENTED_EDGE('',*,*,#7183,.T.);
#7183 = EDGE_CURVE('',#7176,#7184,#7186,.T.);
#7184 = VERTEX_POINT('',#7185);
#7185 = CARTESIAN_POINT('',(92.61943,-49.810665,1.585));
#7186 = CIRCLE('',#7187,0.120757773368);
#7187 = AXIS2_PLACEMENT_3D('',#7188,#7189,#7190);
#7188 = CARTESIAN_POINT('',(92.719753491898,-49.74345163226,1.585));
#7189 = DIRECTION('',(-0.,0.,-1.));
#7190 = DIRECTION('',(0.468355009574,-0.883540369766,-0.));
#7191 = ORIENTED_EDGE('',*,*,#7192,.T.);
#7192 = EDGE_CURVE('',#7184,#7193,#7195,.T.);
#7193 = VERTEX_POINT('',#7194);
#7194 = CARTESIAN_POINT('',(92.605159,-49.780458,1.585));
#7195 = LINE('',#7196,#7197);
#7196 = CARTESIAN_POINT('',(92.61943,-49.810665,1.585));
#7197 = VECTOR('',#7198,1.);
#7198 = DIRECTION('',(-0.427167424508,0.90417254517,0.));
#7199 = ORIENTED_EDGE('',*,*,#7200,.T.);
#7200 = EDGE_CURVE('',#7193,#7058,#7201,.T.);
#7201 = CIRCLE('',#7202,0.202050940041);
#7202 = AXIS2_PLACEMENT_3D('',#7203,#7204,#7205);
#7203 = CARTESIAN_POINT('',(92.793659355907,-49.70771050386,1.585));
#7204 = DIRECTION('',(0.,0.,-1.));
#7205 = DIRECTION('',(-0.932934812719,-0.360045323838,-0.));
#7206 = PLANE('',#7207);
#7207 = AXIS2_PLACEMENT_3D('',#7208,#7209,#7210);
#7208 = CARTESIAN_POINT('',(0.,0.,1.585));
#7209 = DIRECTION('',(0.,0.,1.));
#7210 = DIRECTION('',(1.,0.,-0.));
#7211 = SHELL_BASED_SURFACE_MODEL('',(#7212));
#7212 = OPEN_SHELL('',(#7213));
#7213 = ADVANCED_FACE('',(#7214,#7355),#7423,.T.);
#7214 = FACE_BOUND('',#7215,.F.);
#7215 = EDGE_LOOP('',(#7216,#7226,#7235,#7243,#7251,#7259,#7267,#7276,
    #7284,#7292,#7300,#7308,#7316,#7324,#7332,#7341,#7349));
#7216 = ORIENTED_EDGE('',*,*,#7217,.T.);
#7217 = EDGE_CURVE('',#7218,#7220,#7222,.T.);
#7218 = VERTEX_POINT('',#7219);
#7219 = CARTESIAN_POINT('',(92.863379,-49.584117,1.585));
#7220 = VERTEX_POINT('',#7221);
#7221 = CARTESIAN_POINT('',(92.883406,-49.566358,1.585));
#7222 = LINE('',#7223,#7224);
#7223 = CARTESIAN_POINT('',(92.863379,-49.584117,1.585));
#7224 = VECTOR('',#7225,1.);
#7225 = DIRECTION('',(0.748202356668,0.663470597297,0.));
#7226 = ORIENTED_EDGE('',*,*,#7227,.T.);
#7227 = EDGE_CURVE('',#7220,#7228,#7230,.T.);
#7228 = VERTEX_POINT('',#7229);
#7229 = CARTESIAN_POINT('',(93.014716,-49.572212,1.585));
#7230 = CIRCLE('',#7231,0.115180235634);
#7231 = AXIS2_PLACEMENT_3D('',#7232,#7233,#7234);
#7232 = CARTESIAN_POINT('',(92.944848200981,-49.66378152189,1.585));
#7233 = DIRECTION('',(0.,0.,-1.));
#7234 = DIRECTION('',(-0.533443959745,0.845835410592,0.));
#7235 = ORIENTED_EDGE('',*,*,#7236,.T.);
#7236 = EDGE_CURVE('',#7228,#7237,#7239,.T.);
#7237 = VERTEX_POINT('',#7238);
#7238 = CARTESIAN_POINT('',(93.032475,-49.592238,1.585));
#7239 = LINE('',#7240,#7241);
#7240 = CARTESIAN_POINT('',(93.014716,-49.572212,1.585));
#7241 = VECTOR('',#7242,1.);
#7242 = DIRECTION('',(0.663489143341,-0.748185910499,0.));
#7243 = ORIENTED_EDGE('',*,*,#7244,.T.);
#7244 = EDGE_CURVE('',#7237,#7245,#7247,.T.);
#7245 = VERTEX_POINT('',#7246);
#7246 = CARTESIAN_POINT('',(93.047679,-49.630023,1.585));
#7247 = LINE('',#7248,#7249);
#7248 = CARTESIAN_POINT('',(93.032475,-49.592238,1.585));
#7249 = VECTOR('',#7250,1.);
#7250 = DIRECTION('',(0.373294822963,-0.927712765434,0.));
#7251 = ORIENTED_EDGE('',*,*,#7252,.T.);
#7252 = EDGE_CURVE('',#7245,#7253,#7255,.T.);
#7253 = VERTEX_POINT('',#7254);
#7254 = CARTESIAN_POINT('',(93.046746,-49.73284,1.585));
#7255 = LINE('',#7256,#7257);
#7256 = CARTESIAN_POINT('',(93.047679,-49.630023,1.585));
#7257 = VECTOR('',#7258,1.);
#7258 = DIRECTION('',(-9.074001271865E-03,-0.999958830403,0.));
#7259 = ORIENTED_EDGE('',*,*,#7260,.T.);
#7260 = EDGE_CURVE('',#7253,#7261,#7263,.T.);
#7261 = VERTEX_POINT('',#7262);
#7262 = CARTESIAN_POINT('',(93.030526,-49.790214,1.585));
#7263 = LINE('',#7264,#7265);
#7264 = CARTESIAN_POINT('',(93.046746,-49.73284,1.585));
#7265 = VECTOR('',#7266,1.);
#7266 = DIRECTION('',(-0.27204411648,-0.962284780451,0.));
#7267 = ORIENTED_EDGE('',*,*,#7268,.T.);
#7268 = EDGE_CURVE('',#7261,#7269,#7271,.T.);
#7269 = VERTEX_POINT('',#7270);
#7270 = CARTESIAN_POINT('',(92.885422,-49.861275,1.585));
#7271 = CIRCLE('',#7272,0.118771222098);
#7272 = AXIS2_PLACEMENT_3D('',#7273,#7274,#7275);
#7273 = CARTESIAN_POINT('',(92.919681235825,-49.74755205614,1.585));
#7274 = DIRECTION('',(0.,0.,-1.));
#7275 = DIRECTION('',(0.933262807413,-0.359194282108,0.));
#7276 = ORIENTED_EDGE('',*,*,#7277,.T.);
#7277 = EDGE_CURVE('',#7269,#7278,#7280,.T.);
#7278 = VERTEX_POINT('',#7279);
#7279 = CARTESIAN_POINT('',(92.86851,-49.844363,1.585));
#7280 = LINE('',#7281,#7282);
#7281 = CARTESIAN_POINT('',(92.885422,-49.861275,1.585));
#7282 = VECTOR('',#7283,1.);
#7283 = DIRECTION('',(-0.707106781187,0.707106781186,0.));
#7284 = ORIENTED_EDGE('',*,*,#7285,.T.);
#7285 = EDGE_CURVE('',#7278,#7286,#7288,.T.);
#7286 = VERTEX_POINT('',#7287);
#7287 = CARTESIAN_POINT('',(92.86851,-49.820445,1.585));
#7288 = LINE('',#7289,#7290);
#7289 = CARTESIAN_POINT('',(92.86851,-49.844363,1.585));
#7290 = VECTOR('',#7291,1.);
#7291 = DIRECTION('',(0.,1.,0.));
#7292 = ORIENTED_EDGE('',*,*,#7293,.T.);
#7293 = EDGE_CURVE('',#7286,#7294,#7296,.T.);
#7294 = VERTEX_POINT('',#7295);
#7295 = CARTESIAN_POINT('',(92.885422,-49.803533,1.585));
#7296 = LINE('',#7297,#7298);
#7297 = CARTESIAN_POINT('',(92.86851,-49.820445,1.585));
#7298 = VECTOR('',#7299,1.);
#7299 = DIRECTION('',(0.707106781187,0.707106781186,0.));
#7300 = ORIENTED_EDGE('',*,*,#7301,.T.);
#7301 = EDGE_CURVE('',#7294,#7302,#7304,.T.);
#7302 = VERTEX_POINT('',#7303);
#7303 = CARTESIAN_POINT('',(92.937625,-49.801154,1.585));
#7304 = LINE('',#7305,#7306);
#7305 = CARTESIAN_POINT('',(92.885422,-49.803533,1.585));
#7306 = VECTOR('',#7307,1.);
#7307 = DIRECTION('',(0.998963206786,4.552484472061E-02,0.));
#7308 = ORIENTED_EDGE('',*,*,#7309,.T.);
#7309 = EDGE_CURVE('',#7302,#7310,#7312,.T.);
#7310 = VERTEX_POINT('',#7311);
#7311 = CARTESIAN_POINT('',(92.956429,-49.788685,1.585));
#7312 = LINE('',#7313,#7314);
#7313 = CARTESIAN_POINT('',(92.937625,-49.801154,1.585));
#7314 = VECTOR('',#7315,1.);
#7315 = DIRECTION('',(0.833418306492,0.552642675156,0.));
#7316 = ORIENTED_EDGE('',*,*,#7317,.T.);
#7317 = EDGE_CURVE('',#7310,#7318,#7320,.T.);
#7318 = VERTEX_POINT('',#7319);
#7319 = CARTESIAN_POINT('',(92.96881,-49.768416,1.585));
#7320 = LINE('',#7321,#7322);
#7321 = CARTESIAN_POINT('',(92.956429,-49.788685,1.585));
#7322 = VECTOR('',#7323,1.);
#7323 = DIRECTION('',(0.5212779913,0.853386932046,0.));
#7324 = ORIENTED_EDGE('',*,*,#7325,.T.);
#7325 = EDGE_CURVE('',#7318,#7326,#7328,.T.);
#7326 = VERTEX_POINT('',#7327);
#7327 = CARTESIAN_POINT('',(92.907215,-49.765117,1.585));
#7328 = LINE('',#7329,#7330);
#7329 = CARTESIAN_POINT('',(92.96881,-49.768416,1.585));
#7330 = VECTOR('',#7331,1.);
#7331 = DIRECTION('',(-0.99856876624,5.348288594581E-02,0.));
#7332 = ORIENTED_EDGE('',*,*,#7333,.T.);
#7333 = EDGE_CURVE('',#7326,#7334,#7336,.T.);
#7334 = VERTEX_POINT('',#7335);
#7335 = CARTESIAN_POINT('',(92.842322,-49.689547,1.585));
#7336 = CIRCLE('',#7337,9.606377027612E-02);
#7337 = AXIS2_PLACEMENT_3D('',#7338,#7339,#7340);
#7338 = CARTESIAN_POINT('',(92.937089073547,-49.67381646501,1.585));
#7339 = DIRECTION('',(0.,0.,-1.));
#7340 = DIRECTION('',(-0.310981689151,-0.950415903178,-0.));
#7341 = ORIENTED_EDGE('',*,*,#7342,.T.);
#7342 = EDGE_CURVE('',#7334,#7343,#7345,.T.);
#7343 = VERTEX_POINT('',#7344);
#7344 = CARTESIAN_POINT('',(92.845621,-49.616048,1.585));
#7345 = LINE('',#7346,#7347);
#7346 = CARTESIAN_POINT('',(92.842322,-49.689547,1.585));
#7347 = VECTOR('',#7348,1.);
#7348 = DIRECTION('',(4.483981865295E-02,0.998994189504,0.));
#7349 = ORIENTED_EDGE('',*,*,#7350,.T.);
#7350 = EDGE_CURVE('',#7343,#7218,#7351,.T.);
#7351 = LINE('',#7352,#7353);
#7352 = CARTESIAN_POINT('',(92.845621,-49.616048,1.585));
#7353 = VECTOR('',#7354,1.);
#7354 = DIRECTION('',(0.486030964876,0.873941589113,0.));
#7355 = FACE_BOUND('',#7356,.F.);
#7356 = EDGE_LOOP('',(#7357,#7368,#7376,#7384,#7392,#7401,#7409,#7417));
#7357 = ORIENTED_EDGE('',*,*,#7358,.T.);
#7358 = EDGE_CURVE('',#7359,#7361,#7363,.T.);
#7359 = VERTEX_POINT('',#7360);
#7360 = CARTESIAN_POINT('',(92.974107,-49.619991,1.585));
#7361 = VERTEX_POINT('',#7362);
#7362 = CARTESIAN_POINT('',(92.915892,-49.619992,1.585));
#7363 = CIRCLE('',#7364,5.140650919248E-02);
#7364 = AXIS2_PLACEMENT_3D('',#7365,#7366,#7367);
#7365 = CARTESIAN_POINT('',(92.945000227853,-49.6623634557,1.585));
#7366 = DIRECTION('',(0.,0.,1.));
#7367 = DIRECTION('',(0.566207910328,0.824262459586,-0.));
#7368 = ORIENTED_EDGE('',*,*,#7369,.T.);
#7369 = EDGE_CURVE('',#7361,#7370,#7372,.T.);
#7370 = VERTEX_POINT('',#7371);
#7371 = CARTESIAN_POINT('',(92.904822,-49.637399,1.585));
#7372 = LINE('',#7373,#7374);
#7373 = CARTESIAN_POINT('',(92.915892,-49.619992,1.585));
#7374 = VECTOR('',#7375,1.);
#7375 = DIRECTION('',(-0.536627671891,-0.843819140433,0.));
#7376 = ORIENTED_EDGE('',*,*,#7377,.T.);
#7377 = EDGE_CURVE('',#7370,#7378,#7380,.T.);
#7378 = VERTEX_POINT('',#7379);
#7379 = CARTESIAN_POINT('',(92.904822,-49.682171,1.585));
#7380 = LINE('',#7381,#7382);
#7381 = CARTESIAN_POINT('',(92.904822,-49.637399,1.585));
#7382 = VECTOR('',#7383,1.);
#7383 = DIRECTION('',(0.,-1.,0.));
#7384 = ORIENTED_EDGE('',*,*,#7385,.T.);
#7385 = EDGE_CURVE('',#7378,#7386,#7388,.T.);
#7386 = VERTEX_POINT('',#7387);
#7387 = CARTESIAN_POINT('',(92.915892,-49.699578,1.585));
#7388 = LINE('',#7389,#7390);
#7389 = CARTESIAN_POINT('',(92.904822,-49.682171,1.585));
#7390 = VECTOR('',#7391,1.);
#7391 = DIRECTION('',(0.53662767189,-0.843819140433,0.));
#7392 = ORIENTED_EDGE('',*,*,#7393,.T.);
#7393 = EDGE_CURVE('',#7386,#7394,#7396,.T.);
#7394 = VERTEX_POINT('',#7395);
#7395 = CARTESIAN_POINT('',(92.978841,-49.694845,1.585));
#7396 = CIRCLE('',#7397,5.017155695979E-02);
#7397 = AXIS2_PLACEMENT_3D('',#7398,#7399,#7400);
#7398 = CARTESIAN_POINT('',(92.94444248443,-49.65832203114,1.585));
#7399 = DIRECTION('',(0.,0.,1.));
#7400 = DIRECTION('',(-0.569057174225,-0.822297958445,0.));
#7401 = ORIENTED_EDGE('',*,*,#7402,.T.);
#7402 = EDGE_CURVE('',#7394,#7403,#7405,.T.);
#7403 = VERTEX_POINT('',#7404);
#7404 = CARTESIAN_POINT('',(92.985179,-49.68217,1.585));
#7405 = LINE('',#7406,#7407);
#7406 = CARTESIAN_POINT('',(92.978841,-49.694845,1.585));
#7407 = VECTOR('',#7408,1.);
#7408 = DIRECTION('',(0.447241821331,0.894413077528,0.));
#7409 = ORIENTED_EDGE('',*,*,#7410,.T.);
#7410 = EDGE_CURVE('',#7403,#7411,#7413,.T.);
#7411 = VERTEX_POINT('',#7412);
#7412 = CARTESIAN_POINT('',(92.985179,-49.6374,1.585));
#7413 = LINE('',#7414,#7415);
#7414 = CARTESIAN_POINT('',(92.985179,-49.68217,1.585));
#7415 = VECTOR('',#7416,1.);
#7416 = DIRECTION('',(0.,1.,0.));
#7417 = ORIENTED_EDGE('',*,*,#7418,.T.);
#7418 = EDGE_CURVE('',#7411,#7359,#7419,.T.);
#7419 = LINE('',#7420,#7421);
#7420 = CARTESIAN_POINT('',(92.985179,-49.6374,1.585));
#7421 = VECTOR('',#7422,1.);
#7422 = DIRECTION('',(-0.536652799532,0.843803159958,0.));
#7423 = PLANE('',#7424);
#7424 = AXIS2_PLACEMENT_3D('',#7425,#7426,#7427);
#7425 = CARTESIAN_POINT('',(0.,0.,1.585));
#7426 = DIRECTION('',(0.,0.,1.));
#7427 = DIRECTION('',(1.,0.,-0.));
#7428 = SHELL_BASED_SURFACE_MODEL('',(#7429));
#7429 = OPEN_SHELL('',(#7430));
#7430 = ADVANCED_FACE('',(#7431),#7467,.T.);
#7431 = FACE_BOUND('',#7432,.F.);
#7432 = EDGE_LOOP('',(#7433,#7444,#7452,#7461));
#7433 = ORIENTED_EDGE('',*,*,#7434,.T.);
#7434 = EDGE_CURVE('',#7435,#7437,#7439,.T.);
#7435 = VERTEX_POINT('',#7436);
#7436 = CARTESIAN_POINT('',(92.712164,-49.4,1.585));
#7437 = VERTEX_POINT('',#7438);
#7438 = CARTESIAN_POINT('',(92.712164,-49.28,1.585));
#7439 = CIRCLE('',#7440,6.000000000042E-02);
#7440 = AXIS2_PLACEMENT_3D('',#7441,#7442,#7443);
#7441 = CARTESIAN_POINT('',(92.712163774412,-49.34,1.585));
#7442 = DIRECTION('',(0.,0.,-1.));
#7443 = DIRECTION('',(3.759794253684E-06,-0.999999999993,0.));
#7444 = ORIENTED_EDGE('',*,*,#7445,.T.);
#7445 = EDGE_CURVE('',#7437,#7446,#7448,.T.);
#7446 = VERTEX_POINT('',#7447);
#7447 = CARTESIAN_POINT('',(92.927836,-49.28,1.585));
#7448 = LINE('',#7449,#7450);
#7449 = CARTESIAN_POINT('',(92.712164,-49.28,1.585));
#7450 = VECTOR('',#7451,1.);
#7451 = DIRECTION('',(1.,0.,0.));
#7452 = ORIENTED_EDGE('',*,*,#7453,.T.);
#7453 = EDGE_CURVE('',#7446,#7454,#7456,.T.);
#7454 = VERTEX_POINT('',#7455);
#7455 = CARTESIAN_POINT('',(92.927836,-49.4,1.585));
#7456 = CIRCLE('',#7457,6.000000000042E-02);
#7457 = AXIS2_PLACEMENT_3D('',#7458,#7459,#7460);
#7458 = CARTESIAN_POINT('',(92.927836225588,-49.34,1.585));
#7459 = DIRECTION('',(0.,0.,-1.));
#7460 = DIRECTION('',(-3.759794253684E-06,0.999999999993,-0.));
#7461 = ORIENTED_EDGE('',*,*,#7462,.T.);
#7462 = EDGE_CURVE('',#7454,#7435,#7463,.T.);
#7463 = LINE('',#7464,#7465);
#7464 = CARTESIAN_POINT('',(92.927836,-49.4,1.585));
#7465 = VECTOR('',#7466,1.);
#7466 = DIRECTION('',(-1.,0.,0.));
#7467 = PLANE('',#7468);
#7468 = AXIS2_PLACEMENT_3D('',#7469,#7470,#7471);
#7469 = CARTESIAN_POINT('',(0.,0.,1.585));
#7470 = DIRECTION('',(0.,0.,1.));
#7471 = DIRECTION('',(1.,0.,-0.));
#7472 = SHELL_BASED_SURFACE_MODEL('',(#7473));
#7473 = OPEN_SHELL('',(#7474));
#7474 = ADVANCED_FACE('',(#7475),#7511,.T.);
#7475 = FACE_BOUND('',#7476,.F.);
#7476 = EDGE_LOOP('',(#7477,#7488,#7496,#7505));
#7477 = ORIENTED_EDGE('',*,*,#7478,.T.);
#7478 = EDGE_CURVE('',#7479,#7481,#7483,.T.);
#7479 = VERTEX_POINT('',#7480);
#7480 = CARTESIAN_POINT('',(90.736359,-49.38,1.585));
#7481 = VERTEX_POINT('',#7482);
#7482 = CARTESIAN_POINT('',(90.736359,-49.26,1.585));
#7483 = CIRCLE('',#7484,6.000000000043E-02);
#7484 = AXIS2_PLACEMENT_3D('',#7485,#7486,#7487);
#7485 = CARTESIAN_POINT('',(90.736358774412,-49.32,1.585));
#7486 = DIRECTION('',(0.,0.,-1.));
#7487 = DIRECTION('',(3.759794016836E-06,-0.999999999993,0.));
#7488 = ORIENTED_EDGE('',*,*,#7489,.T.);
#7489 = EDGE_CURVE('',#7481,#7490,#7492,.T.);
#7490 = VERTEX_POINT('',#7491);
#7491 = CARTESIAN_POINT('',(91.043641,-49.26,1.585));
#7492 = LINE('',#7493,#7494);
#7493 = CARTESIAN_POINT('',(90.736359,-49.26,1.585));
#7494 = VECTOR('',#7495,1.);
#7495 = DIRECTION('',(1.,0.,0.));
#7496 = ORIENTED_EDGE('',*,*,#7497,.T.);
#7497 = EDGE_CURVE('',#7490,#7498,#7500,.T.);
#7498 = VERTEX_POINT('',#7499);
#7499 = CARTESIAN_POINT('',(91.043641,-49.38,1.585));
#7500 = CIRCLE('',#7501,6.000000000043E-02);
#7501 = AXIS2_PLACEMENT_3D('',#7502,#7503,#7504);
#7502 = CARTESIAN_POINT('',(91.043641225588,-49.32,1.585));
#7503 = DIRECTION('',(0.,0.,-1.));
#7504 = DIRECTION('',(-3.759794253683E-06,0.999999999993,-0.));
#7505 = ORIENTED_EDGE('',*,*,#7506,.T.);
#7506 = EDGE_CURVE('',#7498,#7479,#7507,.T.);
#7507 = LINE('',#7508,#7509);
#7508 = CARTESIAN_POINT('',(91.043641,-49.38,1.585));
#7509 = VECTOR('',#7510,1.);
#7510 = DIRECTION('',(-1.,0.,0.));
#7511 = PLANE('',#7512);
#7512 = AXIS2_PLACEMENT_3D('',#7513,#7514,#7515);
#7513 = CARTESIAN_POINT('',(0.,0.,1.585));
#7514 = DIRECTION('',(0.,0.,1.));
#7515 = DIRECTION('',(1.,0.,-0.));
#7516 = SHELL_BASED_SURFACE_MODEL('',(#7517));
#7517 = OPEN_SHELL('',(#7518));
#7518 = ADVANCED_FACE('',(#7519),#7613,.T.);
#7519 = FACE_BOUND('',#7520,.F.);
#7520 = EDGE_LOOP('',(#7521,#7532,#7540,#7548,#7556,#7565,#7573,#7582,
    #7590,#7599,#7607));
#7521 = ORIENTED_EDGE('',*,*,#7522,.T.);
#7522 = EDGE_CURVE('',#7523,#7525,#7527,.T.);
#7523 = VERTEX_POINT('',#7524);
#7524 = CARTESIAN_POINT('',(89.594567,-48.577039,1.585));
#7525 = VERTEX_POINT('',#7526);
#7526 = CARTESIAN_POINT('',(89.71,-48.6,1.585));
#7527 = CIRCLE('',#7528,6.000007318647E-02);
#7528 = AXIS2_PLACEMENT_3D('',#7529,#7530,#7531);
#7529 = CARTESIAN_POINT('',(89.649999926814,-48.59999982331,1.585));
#7530 = DIRECTION('',(0.,0.,-1.));
#7531 = DIRECTION('',(-0.923880986637,0.382679921777,0.));
#7532 = ORIENTED_EDGE('',*,*,#7533,.T.);
#7533 = EDGE_CURVE('',#7525,#7534,#7536,.T.);
#7534 = VERTEX_POINT('',#7535);
#7535 = CARTESIAN_POINT('',(89.71,-48.84,1.585));
#7536 = LINE('',#7537,#7538);
#7537 = CARTESIAN_POINT('',(89.71,-48.6,1.585));
#7538 = VECTOR('',#7539,1.);
#7539 = DIRECTION('',(0.,-1.,0.));
#7540 = ORIENTED_EDGE('',*,*,#7541,.T.);
#7541 = EDGE_CURVE('',#7534,#7542,#7544,.T.);
#7542 = VERTEX_POINT('',#7543);
#7543 = CARTESIAN_POINT('',(92.89,-48.84,1.585));
#7544 = LINE('',#7545,#7546);
#7545 = CARTESIAN_POINT('',(89.71,-48.84,1.585));
#7546 = VECTOR('',#7547,1.);
#7547 = DIRECTION('',(1.,0.,0.));
#7548 = ORIENTED_EDGE('',*,*,#7549,.T.);
#7549 = EDGE_CURVE('',#7542,#7550,#7552,.T.);
#7550 = VERTEX_POINT('',#7551);
#7551 = CARTESIAN_POINT('',(92.89,-48.6,1.585));
#7552 = LINE('',#7553,#7554);
#7553 = CARTESIAN_POINT('',(92.89,-48.84,1.585));
#7554 = VECTOR('',#7555,1.);
#7555 = DIRECTION('',(0.,1.,0.));
#7556 = ORIENTED_EDGE('',*,*,#7557,.T.);
#7557 = EDGE_CURVE('',#7550,#7558,#7560,.T.);
#7558 = VERTEX_POINT('',#7559);
#7559 = CARTESIAN_POINT('',(93.01,-48.6,1.585));
#7560 = CIRCLE('',#7561,6.000000000042E-02);
#7561 = AXIS2_PLACEMENT_3D('',#7562,#7563,#7564);
#7562 = CARTESIAN_POINT('',(92.95,-48.59999977441,1.585));
#7563 = DIRECTION('',(0.,0.,-1.));
#7564 = DIRECTION('',(-0.999999999993,-3.759794253684E-06,-0.));
#7565 = ORIENTED_EDGE('',*,*,#7566,.T.);
#7566 = EDGE_CURVE('',#7558,#7567,#7569,.T.);
#7567 = VERTEX_POINT('',#7568);
#7568 = CARTESIAN_POINT('',(93.01,-48.9,1.585));
#7569 = LINE('',#7570,#7571);
#7570 = CARTESIAN_POINT('',(93.01,-48.6,1.585));
#7571 = VECTOR('',#7572,1.);
#7572 = DIRECTION('',(0.,-1.,0.));
#7573 = ORIENTED_EDGE('',*,*,#7574,.T.);
#7574 = EDGE_CURVE('',#7567,#7575,#7577,.T.);
#7575 = VERTEX_POINT('',#7576);
#7576 = CARTESIAN_POINT('',(92.95,-48.96,1.585));
#7577 = CIRCLE('',#7578,5.999932016262E-02);
#7578 = AXIS2_PLACEMENT_3D('',#7579,#7580,#7581);
#7579 = CARTESIAN_POINT('',(92.950000679841,-48.90000067984,1.585));
#7580 = DIRECTION('',(0.,0.,-1.));
#7581 = DIRECTION('',(0.999999999936,1.133081552929E-05,0.));
#7582 = ORIENTED_EDGE('',*,*,#7583,.T.);
#7583 = EDGE_CURVE('',#7575,#7584,#7586,.T.);
#7584 = VERTEX_POINT('',#7585);
#7585 = CARTESIAN_POINT('',(89.65,-48.96,1.585));
#7586 = LINE('',#7587,#7588);
#7587 = CARTESIAN_POINT('',(92.95,-48.96,1.585));
#7588 = VECTOR('',#7589,1.);
#7589 = DIRECTION('',(-1.,0.,0.));
#7590 = ORIENTED_EDGE('',*,*,#7591,.T.);
#7591 = EDGE_CURVE('',#7584,#7592,#7594,.T.);
#7592 = VERTEX_POINT('',#7593);
#7593 = CARTESIAN_POINT('',(89.59,-48.9,1.585));
#7594 = CIRCLE('',#7595,5.999932016259E-02);
#7595 = AXIS2_PLACEMENT_3D('',#7596,#7597,#7598);
#7596 = CARTESIAN_POINT('',(89.649999320159,-48.90000067984,1.585));
#7597 = DIRECTION('',(0.,0.,-1.));
#7598 = DIRECTION('',(1.133081612143E-05,-0.999999999936,0.));
#7599 = ORIENTED_EDGE('',*,*,#7600,.T.);
#7600 = EDGE_CURVE('',#7592,#7601,#7603,.T.);
#7601 = VERTEX_POINT('',#7602);
#7602 = CARTESIAN_POINT('',(89.59,-48.6,1.585));
#7603 = LINE('',#7604,#7605);
#7604 = CARTESIAN_POINT('',(89.59,-48.9,1.585));
#7605 = VECTOR('',#7606,1.);
#7606 = DIRECTION('',(0.,1.,0.));
#7607 = ORIENTED_EDGE('',*,*,#7608,.T.);
#7608 = EDGE_CURVE('',#7601,#7523,#7609,.T.);
#7609 = LINE('',#7610,#7611);
#7610 = CARTESIAN_POINT('',(89.59,-48.6,1.585));
#7611 = VECTOR('',#7612,1.);
#7612 = DIRECTION('',(0.195081000118,0.980787134598,0.));
#7613 = PLANE('',#7614);
#7614 = AXIS2_PLACEMENT_3D('',#7615,#7616,#7617);
#7615 = CARTESIAN_POINT('',(0.,0.,1.585));
#7616 = DIRECTION('',(0.,0.,1.));
#7617 = DIRECTION('',(1.,0.,-0.));
#7618 = SHELL_BASED_SURFACE_MODEL('',(#7619));
#7619 = OPEN_SHELL('',(#7620));
#7620 = ADVANCED_FACE('',(#7621),#7682,.T.);
#7621 = FACE_BOUND('',#7622,.F.);
#7622 = EDGE_LOOP('',(#7623,#7634,#7642,#7651,#7659,#7667,#7676));
#7623 = ORIENTED_EDGE('',*,*,#7624,.T.);
#7624 = EDGE_CURVE('',#7625,#7627,#7629,.T.);
#7625 = VERTEX_POINT('',#7626);
#7626 = CARTESIAN_POINT('',(82.13,-47.59,1.585));
#7627 = VERTEX_POINT('',#7628);
#7628 = CARTESIAN_POINT('',(82.19,-47.53,1.585));
#7629 = CIRCLE('',#7630,5.999932016262E-02);
#7630 = AXIS2_PLACEMENT_3D('',#7631,#7632,#7633);
#7631 = CARTESIAN_POINT('',(82.189999320159,-47.58999932015,1.585));
#7632 = DIRECTION('',(0.,0.,-1.));
#7633 = DIRECTION('',(-0.999999999936,-1.133081564772E-05,-0.));
#7634 = ORIENTED_EDGE('',*,*,#7635,.T.);
#7635 = EDGE_CURVE('',#7627,#7636,#7638,.T.);
#7636 = VERTEX_POINT('',#7637);
#7637 = CARTESIAN_POINT('',(83.3,-47.53,1.585));
#7638 = LINE('',#7639,#7640);
#7639 = CARTESIAN_POINT('',(82.19,-47.53,1.585));
#7640 = VECTOR('',#7641,1.);
#7641 = DIRECTION('',(1.,0.,0.));
#7642 = ORIENTED_EDGE('',*,*,#7643,.T.);
#7643 = EDGE_CURVE('',#7636,#7644,#7646,.T.);
#7644 = VERTEX_POINT('',#7645);
#7645 = CARTESIAN_POINT('',(83.3,-47.65,1.585));
#7646 = CIRCLE('',#7647,6.000000000042E-02);
#7647 = AXIS2_PLACEMENT_3D('',#7648,#7649,#7650);
#7648 = CARTESIAN_POINT('',(83.300000225588,-47.59,1.585));
#7649 = DIRECTION('',(0.,0.,-1.));
#7650 = DIRECTION('',(-3.759794253684E-06,0.999999999993,-0.));
#7651 = ORIENTED_EDGE('',*,*,#7652,.T.);
#7652 = EDGE_CURVE('',#7644,#7653,#7655,.T.);
#7653 = VERTEX_POINT('',#7654);
#7654 = CARTESIAN_POINT('',(82.25,-47.65,1.585));
#7655 = LINE('',#7656,#7657);
#7656 = CARTESIAN_POINT('',(83.3,-47.65,1.585));
#7657 = VECTOR('',#7658,1.);
#7658 = DIRECTION('',(-1.,0.,0.));
#7659 = ORIENTED_EDGE('',*,*,#7660,.T.);
#7660 = EDGE_CURVE('',#7653,#7661,#7663,.T.);
#7661 = VERTEX_POINT('',#7662);
#7662 = CARTESIAN_POINT('',(82.25,-48.7,1.585));
#7663 = LINE('',#7664,#7665);
#7664 = CARTESIAN_POINT('',(82.25,-47.65,1.585));
#7665 = VECTOR('',#7666,1.);
#7666 = DIRECTION('',(0.,-1.,0.));
#7667 = ORIENTED_EDGE('',*,*,#7668,.T.);
#7668 = EDGE_CURVE('',#7661,#7669,#7671,.T.);
#7669 = VERTEX_POINT('',#7670);
#7670 = CARTESIAN_POINT('',(82.13,-48.7,1.585));
#7671 = CIRCLE('',#7672,6.000000000043E-02);
#7672 = AXIS2_PLACEMENT_3D('',#7673,#7674,#7675);
#7673 = CARTESIAN_POINT('',(82.19,-48.70000022558,1.585));
#7674 = DIRECTION('',(0.,0.,-1.));
#7675 = DIRECTION('',(0.999999999993,3.759794016836E-06,0.));
#7676 = ORIENTED_EDGE('',*,*,#7677,.T.);
#7677 = EDGE_CURVE('',#7669,#7625,#7678,.T.);
#7678 = LINE('',#7679,#7680);
#7679 = CARTESIAN_POINT('',(82.13,-48.7,1.585));
#7680 = VECTOR('',#7681,1.);
#7681 = DIRECTION('',(0.,1.,0.));
#7682 = PLANE('',#7683);
#7683 = AXIS2_PLACEMENT_3D('',#7684,#7685,#7686);
#7684 = CARTESIAN_POINT('',(0.,0.,1.585));
#7685 = DIRECTION('',(0.,0.,1.));
#7686 = DIRECTION('',(1.,0.,-0.));
#7687 = SHELL_BASED_SURFACE_MODEL('',(#7688));
#7688 = OPEN_SHELL('',(#7689));
#7689 = ADVANCED_FACE('',(#7690,#7783),#7834,.T.);
#7690 = FACE_BOUND('',#7691,.F.);
#7691 = EDGE_LOOP('',(#7692,#7703,#7711,#7720,#7728,#7736,#7744,#7753,
    #7761,#7769,#7777));
#7692 = ORIENTED_EDGE('',*,*,#7693,.T.);
#7693 = EDGE_CURVE('',#7694,#7696,#7698,.T.);
#7694 = VERTEX_POINT('',#7695);
#7695 = CARTESIAN_POINT('',(88.252212,-48.333378,1.585));
#7696 = VERTEX_POINT('',#7697);
#7697 = CARTESIAN_POINT('',(88.418337,-48.359367,1.585));
#7698 = CIRCLE('',#7699,9.861254078416E-02);
#7699 = AXIS2_PLACEMENT_3D('',#7700,#7701,#7702);
#7700 = CARTESIAN_POINT('',(88.327308611613,-48.39729147372,1.585));
#7701 = DIRECTION('',(0.,0.,-1.));
#7702 = DIRECTION('',(-0.761532062921,0.64812723839,0.));
#7703 = ORIENTED_EDGE('',*,*,#7704,.T.);
#7704 = EDGE_CURVE('',#7696,#7705,#7707,.T.);
#7705 = VERTEX_POINT('',#7706);
#7706 = CARTESIAN_POINT('',(88.505644,-48.301156,1.585));
#7707 = LINE('',#7708,#7709);
#7708 = CARTESIAN_POINT('',(88.418337,-48.359367,1.585));
#7709 = VECTOR('',#7710,1.);
#7710 = DIRECTION('',(0.83202243681,0.554741980244,0.));
#7711 = ORIENTED_EDGE('',*,*,#7712,.T.);
#7712 = EDGE_CURVE('',#7705,#7713,#7715,.T.);
#7713 = VERTEX_POINT('',#7714);
#7714 = CARTESIAN_POINT('',(88.538757,-48.34846,1.585));
#7715 = CIRCLE('',#7716,3.124992319402E-02);
#7716 = AXIS2_PLACEMENT_3D('',#7717,#7718,#7719);
#7717 = CARTESIAN_POINT('',(88.512403146049,-48.33166618918,1.585));
#7718 = DIRECTION('',(0.,0.,-1.));
#7719 = DIRECTION('',(-0.216293205179,0.976328453643,0.));
#7720 = ORIENTED_EDGE('',*,*,#7721,.T.);
#7721 = EDGE_CURVE('',#7713,#7722,#7724,.T.);
#7722 = VERTEX_POINT('',#7723);
#7723 = CARTESIAN_POINT('',(88.424607,-48.431269,1.585));
#7724 = LINE('',#7725,#7726);
#7725 = CARTESIAN_POINT('',(88.538757,-48.34846,1.585));
#7726 = VECTOR('',#7727,1.);
#7727 = DIRECTION('',(-0.809441079045,-0.587201106567,0.));
#7728 = ORIENTED_EDGE('',*,*,#7729,.T.);
#7729 = EDGE_CURVE('',#7722,#7730,#7732,.T.);
#7730 = VERTEX_POINT('',#7731);
#7731 = CARTESIAN_POINT('',(88.424607,-48.443273,1.585));
#7732 = LINE('',#7733,#7734);
#7733 = CARTESIAN_POINT('',(88.424607,-48.431269,1.585));
#7734 = VECTOR('',#7735,1.);
#7735 = DIRECTION('',(0.,-1.,0.));
#7736 = ORIENTED_EDGE('',*,*,#7737,.T.);
#7737 = EDGE_CURVE('',#7730,#7738,#7740,.T.);
#7738 = VERTEX_POINT('',#7739);
#7739 = CARTESIAN_POINT('',(88.524363,-48.445652,1.585));
#7740 = LINE('',#7741,#7742);
#7741 = CARTESIAN_POINT('',(88.424607,-48.443273,1.585));
#7742 = VECTOR('',#7743,1.);
#7743 = DIRECTION('',(0.999715753167,-2.384141081027E-02,0.));
#7744 = ORIENTED_EDGE('',*,*,#7745,.T.);
#7745 = EDGE_CURVE('',#7738,#7746,#7748,.T.);
#7746 = VERTEX_POINT('',#7747);
#7747 = CARTESIAN_POINT('',(88.524363,-48.503394,1.585));
#7748 = CIRCLE('',#7749,3.124983715157E-02);
#7749 = AXIS2_PLACEMENT_3D('',#7750,#7751,#7752);
#7750 = CARTESIAN_POINT('',(88.512404,-48.474523,1.585));
#7751 = DIRECTION('',(0.,0.,-1.));
#7752 = DIRECTION('',(0.382689994255,0.92387681446,0.));
#7753 = ORIENTED_EDGE('',*,*,#7754,.T.);
#7754 = EDGE_CURVE('',#7746,#7755,#7757,.T.);
#7755 = VERTEX_POINT('',#7756);
#7756 = CARTESIAN_POINT('',(88.250445,-48.503394,1.585));
#7757 = LINE('',#7758,#7759);
#7758 = CARTESIAN_POINT('',(88.524363,-48.503394,1.585));
#7759 = VECTOR('',#7760,1.);
#7760 = DIRECTION('',(-1.,0.,0.));
#7761 = ORIENTED_EDGE('',*,*,#7762,.T.);
#7762 = EDGE_CURVE('',#7755,#7763,#7765,.T.);
#7763 = VERTEX_POINT('',#7764);
#7764 = CARTESIAN_POINT('',(88.233533,-48.486482,1.585));
#7765 = LINE('',#7766,#7767);
#7766 = CARTESIAN_POINT('',(88.250445,-48.503394,1.585));
#7767 = VECTOR('',#7768,1.);
#7768 = DIRECTION('',(-0.707106781187,0.707106781186,0.));
#7769 = ORIENTED_EDGE('',*,*,#7770,.T.);
#7770 = EDGE_CURVE('',#7763,#7771,#7773,.T.);
#7771 = VERTEX_POINT('',#7772);
#7772 = CARTESIAN_POINT('',(88.234039,-48.366819,1.585));
#7773 = LINE('',#7774,#7775);
#7774 = CARTESIAN_POINT('',(88.233533,-48.486482,1.585));
#7775 = VECTOR('',#7776,1.);
#7776 = DIRECTION('',(4.228504017774E-03,0.999991059837,0.));
#7777 = ORIENTED_EDGE('',*,*,#7778,.T.);
#7778 = EDGE_CURVE('',#7771,#7694,#7779,.T.);
#7779 = LINE('',#7780,#7781);
#7780 = CARTESIAN_POINT('',(88.234039,-48.366819,1.585));
#7781 = VECTOR('',#7782,1.);
#7782 = DIRECTION('',(0.477483777082,0.878640565091,0.));
#7783 = FACE_BOUND('',#7784,.F.);
#7784 = EDGE_LOOP('',(#7785,#7796,#7804,#7812,#7820,#7828));
#7785 = ORIENTED_EDGE('',*,*,#7786,.T.);
#7786 = EDGE_CURVE('',#7787,#7789,#7791,.T.);
#7787 = VERTEX_POINT('',#7788);
#7788 = CARTESIAN_POINT('',(88.351036,-48.369253,1.585));
#7789 = VERTEX_POINT('',#7790);
#7790 = CARTESIAN_POINT('',(88.304724,-48.369253,1.585));
#7791 = CIRCLE('',#7792,3.827260581343E-02);
#7792 = AXIS2_PLACEMENT_3D('',#7793,#7794,#7795);
#7793 = CARTESIAN_POINT('',(88.32788,-48.39972580787,1.585));
#7794 = DIRECTION('',(0.,0.,1.));
#7795 = DIRECTION('',(0.605028048335,0.796204157693,-0.));
#7796 = ORIENTED_EDGE('',*,*,#7797,.T.);
#7797 = EDGE_CURVE('',#7789,#7798,#7800,.T.);
#7798 = VERTEX_POINT('',#7799);
#7799 = CARTESIAN_POINT('',(88.293654,-48.386662,1.585));
#7800 = LINE('',#7801,#7802);
#7801 = CARTESIAN_POINT('',(88.304724,-48.369253,1.585));
#7802 = VECTOR('',#7803,1.);
#7803 = DIRECTION('',(-0.536583773405,-0.843847056118,0.));
#7804 = ORIENTED_EDGE('',*,*,#7805,.T.);
#7805 = EDGE_CURVE('',#7798,#7806,#7808,.T.);
#7806 = VERTEX_POINT('',#7807);
#7807 = CARTESIAN_POINT('',(88.293654,-48.443273,1.585));
#7808 = LINE('',#7809,#7810);
#7809 = CARTESIAN_POINT('',(88.293654,-48.386662,1.585));
#7810 = VECTOR('',#7811,1.);
#7811 = DIRECTION('',(0.,-1.,0.));
#7812 = ORIENTED_EDGE('',*,*,#7813,.T.);
#7813 = EDGE_CURVE('',#7806,#7814,#7816,.T.);
#7814 = VERTEX_POINT('',#7815);
#7815 = CARTESIAN_POINT('',(88.362107,-48.443273,1.585));
#7816 = LINE('',#7817,#7818);
#7817 = CARTESIAN_POINT('',(88.293654,-48.443273,1.585));
#7818 = VECTOR('',#7819,1.);
#7819 = DIRECTION('',(1.,0.,0.));
#7820 = ORIENTED_EDGE('',*,*,#7821,.T.);
#7821 = EDGE_CURVE('',#7814,#7822,#7824,.T.);
#7822 = VERTEX_POINT('',#7823);
#7823 = CARTESIAN_POINT('',(88.362107,-48.386662,1.585));
#7824 = LINE('',#7825,#7826);
#7825 = CARTESIAN_POINT('',(88.362107,-48.443273,1.585));
#7826 = VECTOR('',#7827,1.);
#7827 = DIRECTION('',(0.,1.,0.));
#7828 = ORIENTED_EDGE('',*,*,#7829,.T.);
#7829 = EDGE_CURVE('',#7822,#7787,#7830,.T.);
#7830 = LINE('',#7831,#7832);
#7831 = CARTESIAN_POINT('',(88.362107,-48.386662,1.585));
#7832 = VECTOR('',#7833,1.);
#7833 = DIRECTION('',(-0.536618287815,0.843825108172,0.));
#7834 = PLANE('',#7835);
#7835 = AXIS2_PLACEMENT_3D('',#7836,#7837,#7838);
#7836 = CARTESIAN_POINT('',(0.,0.,1.585));
#7837 = DIRECTION('',(0.,0.,1.));
#7838 = DIRECTION('',(1.,0.,-0.));
#7839 = SHELL_BASED_SURFACE_MODEL('',(#7840));
#7840 = OPEN_SHELL('',(#7841));
#7841 = ADVANCED_FACE('',(#7842),#7886,.T.);
#7842 = FACE_BOUND('',#7843,.F.);
#7843 = EDGE_LOOP('',(#7844,#7855,#7863,#7872,#7880));
#7844 = ORIENTED_EDGE('',*,*,#7845,.T.);
#7845 = EDGE_CURVE('',#7846,#7848,#7850,.T.);
#7846 = VERTEX_POINT('',#7847);
#7847 = CARTESIAN_POINT('',(87.964567,-48.113398,1.585));
#7848 = VERTEX_POINT('',#7849);
#7849 = CARTESIAN_POINT('',(88.08,-48.136359,1.585));
#7850 = CIRCLE('',#7851,6.000007318647E-02);
#7851 = AXIS2_PLACEMENT_3D('',#7852,#7853,#7854);
#7852 = CARTESIAN_POINT('',(88.019999926814,-48.13635882331,1.585));
#7853 = DIRECTION('',(0.,0.,-1.));
#7854 = DIRECTION('',(-0.923880986637,0.382679921777,0.));
#7855 = ORIENTED_EDGE('',*,*,#7856,.T.);
#7856 = EDGE_CURVE('',#7848,#7857,#7859,.T.);
#7857 = VERTEX_POINT('',#7858);
#7858 = CARTESIAN_POINT('',(88.08,-48.443641,1.585));
#7859 = LINE('',#7860,#7861);
#7860 = CARTESIAN_POINT('',(88.08,-48.136359,1.585));
#7861 = VECTOR('',#7862,1.);
#7862 = DIRECTION('',(0.,-1.,0.));
#7863 = ORIENTED_EDGE('',*,*,#7864,.T.);
#7864 = EDGE_CURVE('',#7857,#7865,#7867,.T.);
#7865 = VERTEX_POINT('',#7866);
#7866 = CARTESIAN_POINT('',(87.96,-48.443641,1.585));
#7867 = CIRCLE('',#7868,6.000000000043E-02);
#7868 = AXIS2_PLACEMENT_3D('',#7869,#7870,#7871);
#7869 = CARTESIAN_POINT('',(88.02,-48.44364122558,1.585));
#7870 = DIRECTION('',(0.,0.,-1.));
#7871 = DIRECTION('',(0.999999999993,3.75979413526E-06,0.));
#7872 = ORIENTED_EDGE('',*,*,#7873,.T.);
#7873 = EDGE_CURVE('',#7865,#7874,#7876,.T.);
#7874 = VERTEX_POINT('',#7875);
#7875 = CARTESIAN_POINT('',(87.96,-48.136359,1.585));
#7876 = LINE('',#7877,#7878);
#7877 = CARTESIAN_POINT('',(87.96,-48.443641,1.585));
#7878 = VECTOR('',#7879,1.);
#7879 = DIRECTION('',(0.,1.,0.));
#7880 = ORIENTED_EDGE('',*,*,#7881,.T.);
#7881 = EDGE_CURVE('',#7874,#7846,#7882,.T.);
#7882 = LINE('',#7883,#7884);
#7883 = CARTESIAN_POINT('',(87.96,-48.136359,1.585));
#7884 = VECTOR('',#7885,1.);
#7885 = DIRECTION('',(0.195081000118,0.980787134598,0.));
#7886 = PLANE('',#7887);
#7887 = AXIS2_PLACEMENT_3D('',#7888,#7889,#7890);
#7888 = CARTESIAN_POINT('',(0.,0.,1.585));
#7889 = DIRECTION('',(0.,0.,1.));
#7890 = DIRECTION('',(1.,0.,-0.));
#7891 = SHELL_BASED_SURFACE_MODEL('',(#7892));
#7892 = OPEN_SHELL('',(#7893));
#7893 = ADVANCED_FACE('',(#7894),#7938,.T.);
#7894 = FACE_BOUND('',#7895,.F.);
#7895 = EDGE_LOOP('',(#7896,#7907,#7915,#7924,#7932));
#7896 = ORIENTED_EDGE('',*,*,#7897,.T.);
#7897 = EDGE_CURVE('',#7898,#7900,#7902,.T.);
#7898 = VERTEX_POINT('',#7899);
#7899 = CARTESIAN_POINT('',(88.724567,-48.113398,1.585));
#7900 = VERTEX_POINT('',#7901);
#7901 = CARTESIAN_POINT('',(88.84,-48.136359,1.585));
#7902 = CIRCLE('',#7903,6.000007318648E-02);
#7903 = AXIS2_PLACEMENT_3D('',#7904,#7905,#7906);
#7904 = CARTESIAN_POINT('',(88.779999926814,-48.13635882331,1.585));
#7905 = DIRECTION('',(0.,0.,-1.));
#7906 = DIRECTION('',(-0.923880986637,0.382679921777,0.));
#7907 = ORIENTED_EDGE('',*,*,#7908,.T.);
#7908 = EDGE_CURVE('',#7900,#7909,#7911,.T.);
#7909 = VERTEX_POINT('',#7910);
#7910 = CARTESIAN_POINT('',(88.84,-48.443641,1.585));
#7911 = LINE('',#7912,#7913);
#7912 = CARTESIAN_POINT('',(88.84,-48.136359,1.585));
#7913 = VECTOR('',#7914,1.);
#7914 = DIRECTION('',(0.,-1.,0.));
#7915 = ORIENTED_EDGE('',*,*,#7916,.T.);
#7916 = EDGE_CURVE('',#7909,#7917,#7919,.T.);
#7917 = VERTEX_POINT('',#7918);
#7918 = CARTESIAN_POINT('',(88.72,-48.443641,1.585));
#7919 = CIRCLE('',#7920,6.000000000043E-02);
#7920 = AXIS2_PLACEMENT_3D('',#7921,#7922,#7923);
#7921 = CARTESIAN_POINT('',(88.78,-48.44364122558,1.585));
#7922 = DIRECTION('',(0.,0.,-1.));
#7923 = DIRECTION('',(0.999999999993,3.759794016836E-06,0.));
#7924 = ORIENTED_EDGE('',*,*,#7925,.T.);
#7925 = EDGE_CURVE('',#7917,#7926,#7928,.T.);
#7926 = VERTEX_POINT('',#7927);
#7927 = CARTESIAN_POINT('',(88.72,-48.136359,1.585));
#7928 = LINE('',#7929,#7930);
#7929 = CARTESIAN_POINT('',(88.72,-48.443641,1.585));
#7930 = VECTOR('',#7931,1.);
#7931 = DIRECTION('',(0.,1.,0.));
#7932 = ORIENTED_EDGE('',*,*,#7933,.T.);
#7933 = EDGE_CURVE('',#7926,#7898,#7934,.T.);
#7934 = LINE('',#7935,#7936);
#7935 = CARTESIAN_POINT('',(88.72,-48.136359,1.585));
#7936 = VECTOR('',#7937,1.);
#7937 = DIRECTION('',(0.195081000118,0.980787134598,0.));
#7938 = PLANE('',#7939);
#7939 = AXIS2_PLACEMENT_3D('',#7940,#7941,#7942);
#7940 = CARTESIAN_POINT('',(0.,0.,1.585));
#7941 = DIRECTION('',(0.,0.,1.));
#7942 = DIRECTION('',(1.,0.,-0.));
#7943 = SHELL_BASED_SURFACE_MODEL('',(#7944));
#7944 = OPEN_SHELL('',(#7945));
#7945 = ADVANCED_FACE('',(#7946),#8014,.T.);
#7946 = FACE_BOUND('',#7947,.F.);
#7947 = EDGE_LOOP('',(#7948,#7958,#7966,#7974,#7983,#7991,#7999,#8008));
#7948 = ORIENTED_EDGE('',*,*,#7949,.T.);
#7949 = EDGE_CURVE('',#7950,#7952,#7954,.T.);
#7950 = VERTEX_POINT('',#7951);
#7951 = CARTESIAN_POINT('',(88.233533,-48.069707,1.585));
#7952 = VERTEX_POINT('',#7953);
#7953 = CARTESIAN_POINT('',(88.250445,-48.052795,1.585));
#7954 = LINE('',#7955,#7956);
#7955 = CARTESIAN_POINT('',(88.233533,-48.069707,1.585));
#7956 = VECTOR('',#7957,1.);
#7957 = DIRECTION('',(0.707106781187,0.707106781186,0.));
#7958 = ORIENTED_EDGE('',*,*,#7959,.T.);
#7959 = EDGE_CURVE('',#7952,#7960,#7962,.T.);
#7960 = VERTEX_POINT('',#7961);
#7961 = CARTESIAN_POINT('',(88.274015,-48.052795,1.585));
#7962 = LINE('',#7963,#7964);
#7963 = CARTESIAN_POINT('',(88.250445,-48.052795,1.585));
#7964 = VECTOR('',#7965,1.);
#7965 = DIRECTION('',(1.,0.,0.));
#7966 = ORIENTED_EDGE('',*,*,#7967,.T.);
#7967 = EDGE_CURVE('',#7960,#7968,#7970,.T.);
#7968 = VERTEX_POINT('',#7969);
#7969 = CARTESIAN_POINT('',(88.534769,-48.166982,1.585));
#7970 = LINE('',#7971,#7972);
#7971 = CARTESIAN_POINT('',(88.274015,-48.052795,1.585));
#7972 = VECTOR('',#7973,1.);
#7973 = DIRECTION('',(0.916019088559,-0.401134677379,0.));
#7974 = ORIENTED_EDGE('',*,*,#7975,.T.);
#7975 = EDGE_CURVE('',#7968,#7976,#7978,.T.);
#7976 = VERTEX_POINT('',#7977);
#7977 = CARTESIAN_POINT('',(88.512024,-48.220056,1.585));
#7978 = CIRCLE('',#7979,3.125007140108E-02);
#7979 = AXIS2_PLACEMENT_3D('',#7980,#7981,#7982);
#7980 = CARTESIAN_POINT('',(88.512404248305,-48.1888082421,1.585));
#7981 = DIRECTION('',(0.,0.,-1.));
#7982 = DIRECTION('',(0.715670419052,0.698438151373,0.));
#7983 = ORIENTED_EDGE('',*,*,#7984,.T.);
#7984 = EDGE_CURVE('',#7976,#7985,#7987,.T.);
#7985 = VERTEX_POINT('',#7986);
#7986 = CARTESIAN_POINT('',(88.293654,-48.129057,1.585));
#7987 = LINE('',#7988,#7989);
#7988 = CARTESIAN_POINT('',(88.512024,-48.220056,1.585));
#7989 = VECTOR('',#7990,1.);
#7990 = DIRECTION('',(-0.923059663801,0.38465680426,0.));
#7991 = ORIENTED_EDGE('',*,*,#7992,.T.);
#7992 = EDGE_CURVE('',#7985,#7993,#7995,.T.);
#7993 = VERTEX_POINT('',#7994);
#7994 = CARTESIAN_POINT('',(88.291275,-48.260291,1.585));
#7995 = LINE('',#7996,#7997);
#7996 = CARTESIAN_POINT('',(88.293654,-48.129057,1.585));
#7997 = VECTOR('',#7998,1.);
#7998 = DIRECTION('',(-1.812494628592E-02,-0.999835729669,0.));
#7999 = ORIENTED_EDGE('',*,*,#8000,.T.);
#8000 = EDGE_CURVE('',#7993,#8001,#8003,.T.);
#8001 = VERTEX_POINT('',#8002);
#8002 = CARTESIAN_POINT('',(88.233533,-48.260291,1.585));
#8003 = CIRCLE('',#8004,3.124983715158E-02);
#8004 = AXIS2_PLACEMENT_3D('',#8005,#8006,#8007);
#8005 = CARTESIAN_POINT('',(88.262404,-48.248332,1.585));
#8006 = DIRECTION('',(-0.,0.,-1.));
#8007 = DIRECTION('',(0.92387681446,-0.382689994255,-0.));
#8008 = ORIENTED_EDGE('',*,*,#8009,.T.);
#8009 = EDGE_CURVE('',#8001,#7950,#8010,.T.);
#8010 = LINE('',#8011,#8012);
#8011 = CARTESIAN_POINT('',(88.233533,-48.260291,1.585));
#8012 = VECTOR('',#8013,1.);
#8013 = DIRECTION('',(0.,1.,0.));
#8014 = PLANE('',#8015);
#8015 = AXIS2_PLACEMENT_3D('',#8016,#8017,#8018);
#8016 = CARTESIAN_POINT('',(0.,0.,1.585));
#8017 = DIRECTION('',(0.,0.,1.));
#8018 = DIRECTION('',(1.,0.,-0.));
#8019 = SHELL_BASED_SURFACE_MODEL('',(#8020));
#8020 = OPEN_SHELL('',(#8021));
#8021 = ADVANCED_FACE('',(#8022),#8066,.T.);
#8022 = FACE_BOUND('',#8023,.F.);
#8023 = EDGE_LOOP('',(#8024,#8035,#8043,#8052,#8060));
#8024 = ORIENTED_EDGE('',*,*,#8025,.T.);
#8025 = EDGE_CURVE('',#8026,#8028,#8030,.T.);
#8026 = VERTEX_POINT('',#8027);
#8027 = CARTESIAN_POINT('',(96.032067,-47.249975,1.585));
#8028 = VERTEX_POINT('',#8029);
#8029 = CARTESIAN_POINT('',(96.1475,-47.272936,1.585));
#8030 = CIRCLE('',#8031,6.000007318647E-02);
#8031 = AXIS2_PLACEMENT_3D('',#8032,#8033,#8034);
#8032 = CARTESIAN_POINT('',(96.087499926814,-47.27293582331,1.585));
#8033 = DIRECTION('',(0.,0.,-1.));
#8034 = DIRECTION('',(-0.923880986637,0.382679921777,0.));
#8035 = ORIENTED_EDGE('',*,*,#8036,.T.);
#8036 = EDGE_CURVE('',#8028,#8037,#8039,.T.);
#8037 = VERTEX_POINT('',#8038);
#8038 = CARTESIAN_POINT('',(96.1475,-47.727064,1.585));
#8039 = LINE('',#8040,#8041);
#8040 = CARTESIAN_POINT('',(96.1475,-47.272936,1.585));
#8041 = VECTOR('',#8042,1.);
#8042 = DIRECTION('',(0.,-1.,0.));
#8043 = ORIENTED_EDGE('',*,*,#8044,.T.);
#8044 = EDGE_CURVE('',#8037,#8045,#8047,.T.);
#8045 = VERTEX_POINT('',#8046);
#8046 = CARTESIAN_POINT('',(96.0275,-47.727064,1.585));
#8047 = CIRCLE('',#8048,6.000000000042E-02);
#8048 = AXIS2_PLACEMENT_3D('',#8049,#8050,#8051);
#8049 = CARTESIAN_POINT('',(96.0875,-47.72706422558,1.585));
#8050 = DIRECTION('',(0.,0.,-1.));
#8051 = DIRECTION('',(0.999999999993,3.759794253685E-06,0.));
#8052 = ORIENTED_EDGE('',*,*,#8053,.T.);
#8053 = EDGE_CURVE('',#8045,#8054,#8056,.T.);
#8054 = VERTEX_POINT('',#8055);
#8055 = CARTESIAN_POINT('',(96.0275,-47.272936,1.585));
#8056 = LINE('',#8057,#8058);
#8057 = CARTESIAN_POINT('',(96.0275,-47.727064,1.585));
#8058 = VECTOR('',#8059,1.);
#8059 = DIRECTION('',(0.,1.,0.));
#8060 = ORIENTED_EDGE('',*,*,#8061,.T.);
#8061 = EDGE_CURVE('',#8054,#8026,#8062,.T.);
#8062 = LINE('',#8063,#8064);
#8063 = CARTESIAN_POINT('',(96.0275,-47.272936,1.585));
#8064 = VECTOR('',#8065,1.);
#8065 = DIRECTION('',(0.195081000118,0.980787134598,0.));
#8066 = PLANE('',#8067);
#8067 = AXIS2_PLACEMENT_3D('',#8068,#8069,#8070);
#8068 = CARTESIAN_POINT('',(0.,0.,1.585));
#8069 = DIRECTION('',(0.,0.,1.));
#8070 = DIRECTION('',(1.,0.,-0.));
#8071 = SHELL_BASED_SURFACE_MODEL('',(#8072));
#8072 = OPEN_SHELL('',(#8073));
#8073 = ADVANCED_FACE('',(#8074),#8118,.T.);
#8074 = FACE_BOUND('',#8075,.F.);
#8075 = EDGE_LOOP('',(#8076,#8087,#8095,#8104,#8112));
#8076 = ORIENTED_EDGE('',*,*,#8077,.T.);
#8077 = EDGE_CURVE('',#8078,#8080,#8082,.T.);
#8078 = VERTEX_POINT('',#8079);
#8079 = CARTESIAN_POINT('',(97.502067,-47.249975,1.585));
#8080 = VERTEX_POINT('',#8081);
#8081 = CARTESIAN_POINT('',(97.6175,-47.272936,1.585));
#8082 = CIRCLE('',#8083,6.000007318648E-02);
#8083 = AXIS2_PLACEMENT_3D('',#8084,#8085,#8086);
#8084 = CARTESIAN_POINT('',(97.557499926814,-47.27293582331,1.585));
#8085 = DIRECTION('',(0.,0.,-1.));
#8086 = DIRECTION('',(-0.923880986637,0.382679921777,0.));
#8087 = ORIENTED_EDGE('',*,*,#8088,.T.);
#8088 = EDGE_CURVE('',#8080,#8089,#8091,.T.);
#8089 = VERTEX_POINT('',#8090);
#8090 = CARTESIAN_POINT('',(97.6175,-47.727064,1.585));
#8091 = LINE('',#8092,#8093);
#8092 = CARTESIAN_POINT('',(97.6175,-47.272936,1.585));
#8093 = VECTOR('',#8094,1.);
#8094 = DIRECTION('',(0.,-1.,0.));
#8095 = ORIENTED_EDGE('',*,*,#8096,.T.);
#8096 = EDGE_CURVE('',#8089,#8097,#8099,.T.);
#8097 = VERTEX_POINT('',#8098);
#8098 = CARTESIAN_POINT('',(97.4975,-47.727064,1.585));
#8099 = CIRCLE('',#8100,6.000000000043E-02);
#8100 = AXIS2_PLACEMENT_3D('',#8101,#8102,#8103);
#8101 = CARTESIAN_POINT('',(97.5575,-47.72706422558,1.585));
#8102 = DIRECTION('',(0.,0.,-1.));
#8103 = DIRECTION('',(0.999999999993,3.759794016836E-06,0.));
#8104 = ORIENTED_EDGE('',*,*,#8105,.T.);
#8105 = EDGE_CURVE('',#8097,#8106,#8108,.T.);
#8106 = VERTEX_POINT('',#8107);
#8107 = CARTESIAN_POINT('',(97.4975,-47.272936,1.585));
#8108 = LINE('',#8109,#8110);
#8109 = CARTESIAN_POINT('',(97.4975,-47.727064,1.585));
#8110 = VECTOR('',#8111,1.);
#8111 = DIRECTION('',(0.,1.,0.));
#8112 = ORIENTED_EDGE('',*,*,#8113,.T.);
#8113 = EDGE_CURVE('',#8106,#8078,#8114,.T.);
#8114 = LINE('',#8115,#8116);
#8115 = CARTESIAN_POINT('',(97.4975,-47.272936,1.585));
#8116 = VECTOR('',#8117,1.);
#8117 = DIRECTION('',(0.195081000118,0.980787134598,0.));
#8118 = PLANE('',#8119);
#8119 = AXIS2_PLACEMENT_3D('',#8120,#8121,#8122);
#8120 = CARTESIAN_POINT('',(0.,0.,1.585));
#8121 = DIRECTION('',(0.,0.,1.));
#8122 = DIRECTION('',(1.,0.,-0.));
#8123 = SHELL_BASED_SURFACE_MODEL('',(#8124));
#8124 = OPEN_SHELL('',(#8125));
#8125 = ADVANCED_FACE('',(#8126,#8219),#8270,.T.);
#8126 = FACE_BOUND('',#8127,.F.);
#8127 = EDGE_LOOP('',(#8128,#8139,#8147,#8156,#8164,#8172,#8180,#8189,
    #8197,#8205,#8213));
#8128 = ORIENTED_EDGE('',*,*,#8129,.T.);
#8129 = EDGE_CURVE('',#8130,#8132,#8134,.T.);
#8130 = VERTEX_POINT('',#8131);
#8131 = CARTESIAN_POINT('',(96.674712,-47.543378,1.585));
#8132 = VERTEX_POINT('',#8133);
#8133 = CARTESIAN_POINT('',(96.840837,-47.569367,1.585));
#8134 = CIRCLE('',#8135,9.861254078417E-02);
#8135 = AXIS2_PLACEMENT_3D('',#8136,#8137,#8138);
#8136 = CARTESIAN_POINT('',(96.749808611613,-47.60729147372,1.585));
#8137 = DIRECTION('',(0.,0.,-1.));
#8138 = DIRECTION('',(-0.761532062921,0.64812723839,0.));
#8139 = ORIENTED_EDGE('',*,*,#8140,.T.);
#8140 = EDGE_CURVE('',#8132,#8141,#8143,.T.);
#8141 = VERTEX_POINT('',#8142);
#8142 = CARTESIAN_POINT('',(96.928144,-47.511156,1.585));
#8143 = LINE('',#8144,#8145);
#8144 = CARTESIAN_POINT('',(96.840837,-47.569367,1.585));
#8145 = VECTOR('',#8146,1.);
#8146 = DIRECTION('',(0.83202243681,0.554741980244,0.));
#8147 = ORIENTED_EDGE('',*,*,#8148,.T.);
#8148 = EDGE_CURVE('',#8141,#8149,#8151,.T.);
#8149 = VERTEX_POINT('',#8150);
#8150 = CARTESIAN_POINT('',(96.961257,-47.55846,1.585));
#8151 = CIRCLE('',#8152,3.124992319401E-02);
#8152 = AXIS2_PLACEMENT_3D('',#8153,#8154,#8155);
#8153 = CARTESIAN_POINT('',(96.934903146049,-47.54166618918,1.585));
#8154 = DIRECTION('',(0.,0.,-1.));
#8155 = DIRECTION('',(-0.216293205179,0.976328453643,0.));
#8156 = ORIENTED_EDGE('',*,*,#8157,.T.);
#8157 = EDGE_CURVE('',#8149,#8158,#8160,.T.);
#8158 = VERTEX_POINT('',#8159);
#8159 = CARTESIAN_POINT('',(96.847107,-47.641269,1.585));
#8160 = LINE('',#8161,#8162);
#8161 = CARTESIAN_POINT('',(96.961257,-47.55846,1.585));
#8162 = VECTOR('',#8163,1.);
#8163 = DIRECTION('',(-0.809441079045,-0.587201106567,0.));
#8164 = ORIENTED_EDGE('',*,*,#8165,.T.);
#8165 = EDGE_CURVE('',#8158,#8166,#8168,.T.);
#8166 = VERTEX_POINT('',#8167);
#8167 = CARTESIAN_POINT('',(96.847107,-47.653273,1.585));
#8168 = LINE('',#8169,#8170);
#8169 = CARTESIAN_POINT('',(96.847107,-47.641269,1.585));
#8170 = VECTOR('',#8171,1.);
#8171 = DIRECTION('',(0.,-1.,0.));
#8172 = ORIENTED_EDGE('',*,*,#8173,.T.);
#8173 = EDGE_CURVE('',#8166,#8174,#8176,.T.);
#8174 = VERTEX_POINT('',#8175);
#8175 = CARTESIAN_POINT('',(96.946863,-47.655652,1.585));
#8176 = LINE('',#8177,#8178);
#8177 = CARTESIAN_POINT('',(96.847107,-47.653273,1.585));
#8178 = VECTOR('',#8179,1.);
#8179 = DIRECTION('',(0.999715753167,-2.384141081027E-02,0.));
#8180 = ORIENTED_EDGE('',*,*,#8181,.T.);
#8181 = EDGE_CURVE('',#8174,#8182,#8184,.T.);
#8182 = VERTEX_POINT('',#8183);
#8183 = CARTESIAN_POINT('',(96.946863,-47.713394,1.585));
#8184 = CIRCLE('',#8185,3.124983715157E-02);
#8185 = AXIS2_PLACEMENT_3D('',#8186,#8187,#8188);
#8186 = CARTESIAN_POINT('',(96.934904,-47.684523,1.585));
#8187 = DIRECTION('',(0.,0.,-1.));
#8188 = DIRECTION('',(0.382689994255,0.92387681446,0.));
#8189 = ORIENTED_EDGE('',*,*,#8190,.T.);
#8190 = EDGE_CURVE('',#8182,#8191,#8193,.T.);
#8191 = VERTEX_POINT('',#8192);
#8192 = CARTESIAN_POINT('',(96.672945,-47.713394,1.585));
#8193 = LINE('',#8194,#8195);
#8194 = CARTESIAN_POINT('',(96.946863,-47.713394,1.585));
#8195 = VECTOR('',#8196,1.);
#8196 = DIRECTION('',(-1.,0.,0.));
#8197 = ORIENTED_EDGE('',*,*,#8198,.T.);
#8198 = EDGE_CURVE('',#8191,#8199,#8201,.T.);
#8199 = VERTEX_POINT('',#8200);
#8200 = CARTESIAN_POINT('',(96.656033,-47.696482,1.585));
#8201 = LINE('',#8202,#8203);
#8202 = CARTESIAN_POINT('',(96.672945,-47.713394,1.585));
#8203 = VECTOR('',#8204,1.);
#8204 = DIRECTION('',(-0.707106781187,0.707106781186,0.));
#8205 = ORIENTED_EDGE('',*,*,#8206,.T.);
#8206 = EDGE_CURVE('',#8199,#8207,#8209,.T.);
#8207 = VERTEX_POINT('',#8208);
#8208 = CARTESIAN_POINT('',(96.656539,-47.576819,1.585));
#8209 = LINE('',#8210,#8211);
#8210 = CARTESIAN_POINT('',(96.656033,-47.696482,1.585));
#8211 = VECTOR('',#8212,1.);
#8212 = DIRECTION('',(4.228504017774E-03,0.999991059837,0.));
#8213 = ORIENTED_EDGE('',*,*,#8214,.T.);
#8214 = EDGE_CURVE('',#8207,#8130,#8215,.T.);
#8215 = LINE('',#8216,#8217);
#8216 = CARTESIAN_POINT('',(96.656539,-47.576819,1.585));
#8217 = VECTOR('',#8218,1.);
#8218 = DIRECTION('',(0.477483777082,0.878640565091,0.));
#8219 = FACE_BOUND('',#8220,.F.);
#8220 = EDGE_LOOP('',(#8221,#8232,#8240,#8248,#8256,#8264));
#8221 = ORIENTED_EDGE('',*,*,#8222,.T.);
#8222 = EDGE_CURVE('',#8223,#8225,#8227,.T.);
#8223 = VERTEX_POINT('',#8224);
#8224 = CARTESIAN_POINT('',(96.773536,-47.579253,1.585));
#8225 = VERTEX_POINT('',#8226);
#8226 = CARTESIAN_POINT('',(96.727224,-47.579253,1.585));
#8227 = CIRCLE('',#8228,3.827260581341E-02);
#8228 = AXIS2_PLACEMENT_3D('',#8229,#8230,#8231);
#8229 = CARTESIAN_POINT('',(96.75038,-47.60972580787,1.585));
#8230 = DIRECTION('',(0.,0.,1.));
#8231 = DIRECTION('',(0.605028048335,0.796204157693,-0.));
#8232 = ORIENTED_EDGE('',*,*,#8233,.T.);
#8233 = EDGE_CURVE('',#8225,#8234,#8236,.T.);
#8234 = VERTEX_POINT('',#8235);
#8235 = CARTESIAN_POINT('',(96.716154,-47.596662,1.585));
#8236 = LINE('',#8237,#8238);
#8237 = CARTESIAN_POINT('',(96.727224,-47.579253,1.585));
#8238 = VECTOR('',#8239,1.);
#8239 = DIRECTION('',(-0.536583773406,-0.843847056117,0.));
#8240 = ORIENTED_EDGE('',*,*,#8241,.T.);
#8241 = EDGE_CURVE('',#8234,#8242,#8244,.T.);
#8242 = VERTEX_POINT('',#8243);
#8243 = CARTESIAN_POINT('',(96.716154,-47.653273,1.585));
#8244 = LINE('',#8245,#8246);
#8245 = CARTESIAN_POINT('',(96.716154,-47.596662,1.585));
#8246 = VECTOR('',#8247,1.);
#8247 = DIRECTION('',(0.,-1.,0.));
#8248 = ORIENTED_EDGE('',*,*,#8249,.T.);
#8249 = EDGE_CURVE('',#8242,#8250,#8252,.T.);
#8250 = VERTEX_POINT('',#8251);
#8251 = CARTESIAN_POINT('',(96.784607,-47.653273,1.585));
#8252 = LINE('',#8253,#8254);
#8253 = CARTESIAN_POINT('',(96.716154,-47.653273,1.585));
#8254 = VECTOR('',#8255,1.);
#8255 = DIRECTION('',(1.,0.,0.));
#8256 = ORIENTED_EDGE('',*,*,#8257,.T.);
#8257 = EDGE_CURVE('',#8250,#8258,#8260,.T.);
#8258 = VERTEX_POINT('',#8259);
#8259 = CARTESIAN_POINT('',(96.784607,-47.596662,1.585));
#8260 = LINE('',#8261,#8262);
#8261 = CARTESIAN_POINT('',(96.784607,-47.653273,1.585));
#8262 = VECTOR('',#8263,1.);
#8263 = DIRECTION('',(0.,1.,0.));
#8264 = ORIENTED_EDGE('',*,*,#8265,.T.);
#8265 = EDGE_CURVE('',#8258,#8223,#8266,.T.);
#8266 = LINE('',#8267,#8268);
#8267 = CARTESIAN_POINT('',(96.784607,-47.596662,1.585));
#8268 = VECTOR('',#8269,1.);
#8269 = DIRECTION('',(-0.536618287815,0.843825108172,0.));
#8270 = PLANE('',#8271);
#8271 = AXIS2_PLACEMENT_3D('',#8272,#8273,#8274);
#8272 = CARTESIAN_POINT('',(0.,0.,1.585));
#8273 = DIRECTION('',(0.,0.,1.));
#8274 = DIRECTION('',(1.,0.,-0.));
#8275 = SHELL_BASED_SURFACE_MODEL('',(#8276));
#8276 = OPEN_SHELL('',(#8277));
#8277 = ADVANCED_FACE('',(#8278),#8314,.T.);
#8278 = FACE_BOUND('',#8279,.F.);
#8279 = EDGE_LOOP('',(#8280,#8291,#8299,#8308));
#8280 = ORIENTED_EDGE('',*,*,#8281,.T.);
#8281 = EDGE_CURVE('',#8282,#8284,#8286,.T.);
#8282 = VERTEX_POINT('',#8283);
#8283 = CARTESIAN_POINT('',(99.511248,-47.495,1.585));
#8284 = VERTEX_POINT('',#8285);
#8285 = CARTESIAN_POINT('',(99.511248,-47.375,1.585));
#8286 = CIRCLE('',#8287,6.000000000042E-02);
#8287 = AXIS2_PLACEMENT_3D('',#8288,#8289,#8290);
#8288 = CARTESIAN_POINT('',(99.511247774412,-47.435,1.585));
#8289 = DIRECTION('',(0.,0.,-1.));
#8290 = DIRECTION('',(3.759794016836E-06,-0.999999999993,0.));
#8291 = ORIENTED_EDGE('',*,*,#8292,.T.);
#8292 = EDGE_CURVE('',#8284,#8293,#8295,.T.);
#8293 = VERTEX_POINT('',#8294);
#8294 = CARTESIAN_POINT('',(100.033752,-47.375,1.585));
#8295 = LINE('',#8296,#8297);
#8296 = CARTESIAN_POINT('',(99.511248,-47.375,1.585));
#8297 = VECTOR('',#8298,1.);
#8298 = DIRECTION('',(1.,0.,0.));
#8299 = ORIENTED_EDGE('',*,*,#8300,.T.);
#8300 = EDGE_CURVE('',#8293,#8301,#8303,.T.);
#8301 = VERTEX_POINT('',#8302);
#8302 = CARTESIAN_POINT('',(100.033752,-47.495,1.585));
#8303 = CIRCLE('',#8304,6.000000000042E-02);
#8304 = AXIS2_PLACEMENT_3D('',#8305,#8306,#8307);
#8305 = CARTESIAN_POINT('',(100.03375222558,-47.435,1.585));
#8306 = DIRECTION('',(0.,0.,-1.));
#8307 = DIRECTION('',(-3.759794016837E-06,0.999999999993,-0.));
#8308 = ORIENTED_EDGE('',*,*,#8309,.T.);
#8309 = EDGE_CURVE('',#8301,#8282,#8310,.T.);
#8310 = LINE('',#8311,#8312);
#8311 = CARTESIAN_POINT('',(100.033752,-47.495,1.585));
#8312 = VECTOR('',#8313,1.);
#8313 = DIRECTION('',(-1.,0.,0.));
#8314 = PLANE('',#8315);
#8315 = AXIS2_PLACEMENT_3D('',#8316,#8317,#8318);
#8316 = CARTESIAN_POINT('',(0.,0.,1.585));
#8317 = DIRECTION('',(0.,0.,1.));
#8318 = DIRECTION('',(1.,0.,-0.));
#8319 = SHELL_BASED_SURFACE_MODEL('',(#8320));
#8320 = OPEN_SHELL('',(#8321));
#8321 = ADVANCED_FACE('',(#8322),#8448,.T.);
#8322 = FACE_BOUND('',#8323,.F.);
#8323 = EDGE_LOOP('',(#8324,#8335,#8343,#8352,#8360,#8368,#8376,#8384,
    #8392,#8401,#8409,#8417,#8425,#8434,#8442));
#8324 = ORIENTED_EDGE('',*,*,#8325,.T.);
#8325 = EDGE_CURVE('',#8326,#8328,#8330,.T.);
#8326 = VERTEX_POINT('',#8327);
#8327 = CARTESIAN_POINT('',(96.8227,-47.279707,1.585));
#8328 = VERTEX_POINT('',#8329);
#8329 = CARTESIAN_POINT('',(96.882821,-47.29613,1.585));
#8330 = CIRCLE('',#8331,3.14350045822E-02);
#8331 = AXIS2_PLACEMENT_3D('',#8332,#8333,#8334);
#8332 = CARTESIAN_POINT('',(96.851670916753,-47.29190722522,1.585));
#8333 = DIRECTION('',(0.,0.,-1.));
#8334 = DIRECTION('',(-0.921613250518,0.388109541844,0.));
#8335 = ORIENTED_EDGE('',*,*,#8336,.T.);
#8336 = EDGE_CURVE('',#8328,#8337,#8339,.T.);
#8337 = VERTEX_POINT('',#8338);
#8338 = CARTESIAN_POINT('',(96.946863,-47.298509,1.585));
#8339 = LINE('',#8340,#8341);
#8340 = CARTESIAN_POINT('',(96.882821,-47.29613,1.585));
#8341 = VECTOR('',#8342,1.);
#8342 = DIRECTION('',(0.999310744999,-3.712189285716E-02,0.));
#8343 = ORIENTED_EDGE('',*,*,#8344,.T.);
#8344 = EDGE_CURVE('',#8337,#8345,#8347,.T.);
#8345 = VERTEX_POINT('',#8346);
#8346 = CARTESIAN_POINT('',(96.946863,-47.356251,1.585));
#8347 = CIRCLE('',#8348,3.124983715156E-02);
#8348 = AXIS2_PLACEMENT_3D('',#8349,#8350,#8351);
#8349 = CARTESIAN_POINT('',(96.934904,-47.32738,1.585));
#8350 = DIRECTION('',(0.,0.,-1.));
#8351 = DIRECTION('',(0.382689994254,0.923876814461,0.));
#8352 = ORIENTED_EDGE('',*,*,#8353,.T.);
#8353 = EDGE_CURVE('',#8345,#8354,#8356,.T.);
#8354 = VERTEX_POINT('',#8355);
#8355 = CARTESIAN_POINT('',(96.882821,-47.35863,1.585));
#8356 = LINE('',#8357,#8358);
#8357 = CARTESIAN_POINT('',(96.946863,-47.356251,1.585));
#8358 = VECTOR('',#8359,1.);
#8359 = DIRECTION('',(-0.999310744999,-3.712189285705E-02,0.));
#8360 = ORIENTED_EDGE('',*,*,#8361,.T.);
#8361 = EDGE_CURVE('',#8354,#8362,#8364,.T.);
#8362 = VERTEX_POINT('',#8363);
#8363 = CARTESIAN_POINT('',(96.880442,-47.458386,1.585));
#8364 = LINE('',#8365,#8366);
#8365 = CARTESIAN_POINT('',(96.882821,-47.35863,1.585));
#8366 = VECTOR('',#8367,1.);
#8367 = DIRECTION('',(-2.384141081027E-02,-0.999715753167,0.));
#8368 = ORIENTED_EDGE('',*,*,#8369,.T.);
#8369 = EDGE_CURVE('',#8362,#8370,#8372,.T.);
#8370 = VERTEX_POINT('',#8371);
#8371 = CARTESIAN_POINT('',(96.86353,-47.475298,1.585));
#8372 = LINE('',#8373,#8374);
#8373 = CARTESIAN_POINT('',(96.880442,-47.458386,1.585));
#8374 = VECTOR('',#8375,1.);
#8375 = DIRECTION('',(-0.707106781187,-0.707106781187,0.));
#8376 = ORIENTED_EDGE('',*,*,#8377,.T.);
#8377 = EDGE_CURVE('',#8370,#8378,#8380,.T.);
#8378 = VERTEX_POINT('',#8379);
#8379 = CARTESIAN_POINT('',(96.841689,-47.476073,1.585));
#8380 = LINE('',#8381,#8382);
#8381 = CARTESIAN_POINT('',(96.86353,-47.475298,1.585));
#8382 = VECTOR('',#8383,1.);
#8383 = DIRECTION('',(-0.999371046563,-3.546140566292E-02,0.));
#8384 = ORIENTED_EDGE('',*,*,#8385,.T.);
#8385 = EDGE_CURVE('',#8378,#8386,#8388,.T.);
#8386 = VERTEX_POINT('',#8387);
#8387 = CARTESIAN_POINT('',(96.652525,-47.410512,1.585));
#8388 = LINE('',#8389,#8390);
#8389 = CARTESIAN_POINT('',(96.841689,-47.476073,1.585));
#8390 = VECTOR('',#8391,1.);
#8391 = DIRECTION('',(-0.944860702,0.327472523756,0.));
#8392 = ORIENTED_EDGE('',*,*,#8393,.T.);
#8393 = EDGE_CURVE('',#8386,#8394,#8396,.T.);
#8394 = VERTEX_POINT('',#8395);
#8395 = CARTESIAN_POINT('',(96.670784,-47.355733,1.585));
#8396 = CIRCLE('',#8397,3.125001263798E-02);
#8397 = AXIS2_PLACEMENT_3D('',#8398,#8399,#8400);
#8398 = CARTESIAN_POINT('',(96.673000365697,-47.38690431715,1.585));
#8399 = DIRECTION('',(0.,0.,-1.));
#8400 = DIRECTION('',(-0.655211437313,-0.755445545631,-0.));
#8401 = ORIENTED_EDGE('',*,*,#8402,.T.);
#8402 = EDGE_CURVE('',#8394,#8403,#8405,.T.);
#8403 = VERTEX_POINT('',#8404);
#8404 = CARTESIAN_POINT('',(96.820321,-47.40307,1.585));
#8405 = LINE('',#8406,#8407);
#8406 = CARTESIAN_POINT('',(96.670784,-47.355733,1.585));
#8407 = VECTOR('',#8408,1.);
#8408 = DIRECTION('',(0.953372282504,-0.301796770946,0.));
#8409 = ORIENTED_EDGE('',*,*,#8410,.T.);
#8410 = EDGE_CURVE('',#8403,#8411,#8413,.T.);
#8411 = VERTEX_POINT('',#8412);
#8412 = CARTESIAN_POINT('',(96.820321,-47.35863,1.585));
#8413 = LINE('',#8414,#8415);
#8414 = CARTESIAN_POINT('',(96.820321,-47.40307,1.585));
#8415 = VECTOR('',#8416,1.);
#8416 = DIRECTION('',(0.,1.,0.));
#8417 = ORIENTED_EDGE('',*,*,#8418,.T.);
#8418 = EDGE_CURVE('',#8411,#8419,#8421,.T.);
#8419 = VERTEX_POINT('',#8420);
#8420 = CARTESIAN_POINT('',(96.756279,-47.356251,1.585));
#8421 = LINE('',#8422,#8423);
#8422 = CARTESIAN_POINT('',(96.820321,-47.35863,1.585));
#8423 = VECTOR('',#8424,1.);
#8424 = DIRECTION('',(-0.999310744999,3.712189285704E-02,0.));
#8425 = ORIENTED_EDGE('',*,*,#8426,.T.);
#8426 = EDGE_CURVE('',#8419,#8427,#8429,.T.);
#8427 = VERTEX_POINT('',#8428);
#8428 = CARTESIAN_POINT('',(96.756279,-47.298509,1.585));
#8429 = CIRCLE('',#8430,3.124983715158E-02);
#8430 = AXIS2_PLACEMENT_3D('',#8431,#8432,#8433);
#8431 = CARTESIAN_POINT('',(96.768238,-47.32738,1.585));
#8432 = DIRECTION('',(0.,0.,-1.));
#8433 = DIRECTION('',(-0.382689994255,-0.92387681446,-0.));
#8434 = ORIENTED_EDGE('',*,*,#8435,.T.);
#8435 = EDGE_CURVE('',#8427,#8436,#8438,.T.);
#8436 = VERTEX_POINT('',#8437);
#8437 = CARTESIAN_POINT('',(96.820321,-47.29613,1.585));
#8438 = LINE('',#8439,#8440);
#8439 = CARTESIAN_POINT('',(96.756279,-47.298509,1.585));
#8440 = VECTOR('',#8441,1.);
#8441 = DIRECTION('',(0.999310744999,3.712189285715E-02,0.));
#8442 = ORIENTED_EDGE('',*,*,#8443,.T.);
#8443 = EDGE_CURVE('',#8436,#8326,#8444,.T.);
#8444 = LINE('',#8445,#8446);
#8445 = CARTESIAN_POINT('',(96.820321,-47.29613,1.585));
#8446 = VECTOR('',#8447,1.);
#8447 = DIRECTION('',(0.143361496581,0.98967039023,0.));
#8448 = PLANE('',#8449);
#8449 = AXIS2_PLACEMENT_3D('',#8450,#8451,#8452);
#8450 = CARTESIAN_POINT('',(0.,0.,1.585));
#8451 = DIRECTION('',(0.,0.,1.));
#8452 = DIRECTION('',(1.,0.,-0.));
#8453 = SHELL_BASED_SURFACE_MODEL('',(#8454));
#8454 = OPEN_SHELL('',(#8455));
#8455 = ADVANCED_FACE('',(#8456),#8492,.T.);
#8456 = FACE_BOUND('',#8457,.F.);
#8457 = EDGE_LOOP('',(#8458,#8469,#8477,#8486));
#8458 = ORIENTED_EDGE('',*,*,#8459,.T.);
#8459 = EDGE_CURVE('',#8460,#8462,#8464,.T.);
#8460 = VERTEX_POINT('',#8461);
#8461 = CARTESIAN_POINT('',(104.685,-46.98,1.585));
#8462 = VERTEX_POINT('',#8463);
#8463 = CARTESIAN_POINT('',(104.685,-46.86,1.585));
#8464 = CIRCLE('',#8465,6.000000000042E-02);
#8465 = AXIS2_PLACEMENT_3D('',#8466,#8467,#8468);
#8466 = CARTESIAN_POINT('',(104.68499977441,-46.92,1.585));
#8467 = DIRECTION('',(0.,0.,-1.));
#8468 = DIRECTION('',(3.759794253684E-06,-0.999999999993,0.));
#8469 = ORIENTED_EDGE('',*,*,#8470,.T.);
#8470 = EDGE_CURVE('',#8462,#8471,#8473,.T.);
#8471 = VERTEX_POINT('',#8472);
#8472 = CARTESIAN_POINT('',(106.605,-46.86,1.585));
#8473 = LINE('',#8474,#8475);
#8474 = CARTESIAN_POINT('',(104.685,-46.86,1.585));
#8475 = VECTOR('',#8476,1.);
#8476 = DIRECTION('',(1.,0.,0.));
#8477 = ORIENTED_EDGE('',*,*,#8478,.T.);
#8478 = EDGE_CURVE('',#8471,#8479,#8481,.T.);
#8479 = VERTEX_POINT('',#8480);
#8480 = CARTESIAN_POINT('',(106.605,-46.98,1.585));
#8481 = CIRCLE('',#8482,6.000000000042E-02);
#8482 = AXIS2_PLACEMENT_3D('',#8483,#8484,#8485);
#8483 = CARTESIAN_POINT('',(106.60500022558,-46.92,1.585));
#8484 = DIRECTION('',(0.,0.,-1.));
#8485 = DIRECTION('',(-3.759794016837E-06,0.999999999993,-0.));
#8486 = ORIENTED_EDGE('',*,*,#8487,.T.);
#8487 = EDGE_CURVE('',#8479,#8460,#8488,.T.);
#8488 = LINE('',#8489,#8490);
#8489 = CARTESIAN_POINT('',(106.605,-46.98,1.585));
#8490 = VECTOR('',#8491,1.);
#8491 = DIRECTION('',(-1.,0.,0.));
#8492 = PLANE('',#8493);
#8493 = AXIS2_PLACEMENT_3D('',#8494,#8495,#8496);
#8494 = CARTESIAN_POINT('',(0.,0.,1.585));
#8495 = DIRECTION('',(0.,0.,1.));
#8496 = DIRECTION('',(1.,0.,-0.));
#8497 = SHELL_BASED_SURFACE_MODEL('',(#8498));
#8498 = OPEN_SHELL('',(#8499));
#8499 = ADVANCED_FACE('',(#8500),#8535,.T.);
#8500 = FACE_BOUND('',#8501,.F.);
#8501 = EDGE_LOOP('',(#8502,#8513,#8521,#8529));
#8502 = ORIENTED_EDGE('',*,*,#8503,.T.);
#8503 = EDGE_CURVE('',#8504,#8506,#8508,.T.);
#8504 = VERTEX_POINT('',#8505);
#8505 = CARTESIAN_POINT('',(108.592039,-46.975433,1.585));
#8506 = VERTEX_POINT('',#8507);
#8507 = CARTESIAN_POINT('',(108.592039,-46.864567,1.585));
#8508 = CIRCLE('',#8509,6.000020841632E-02);
#8509 = AXIS2_PLACEMENT_3D('',#8510,#8511,#8512);
#8510 = CARTESIAN_POINT('',(108.615,-46.92,1.585));
#8511 = DIRECTION('',(0.,0.,-1.));
#8512 = DIRECTION('',(-0.382682004048,-0.923880124139,-0.));
#8513 = ORIENTED_EDGE('',*,*,#8514,.T.);
#8514 = EDGE_CURVE('',#8506,#8515,#8517,.T.);
#8515 = VERTEX_POINT('',#8516);
#8516 = CARTESIAN_POINT('',(108.6,-46.862983,1.585));
#8517 = LINE('',#8518,#8519);
#8518 = CARTESIAN_POINT('',(108.592039,-46.864567,1.585));
#8519 = VECTOR('',#8520,1.);
#8520 = DIRECTION('',(0.98077446739,0.195144674833,0.));
#8521 = ORIENTED_EDGE('',*,*,#8522,.T.);
#8522 = EDGE_CURVE('',#8515,#8523,#8525,.T.);
#8523 = VERTEX_POINT('',#8524);
#8524 = CARTESIAN_POINT('',(108.6,-46.977016,1.585));
#8525 = LINE('',#8526,#8527);
#8526 = CARTESIAN_POINT('',(108.6,-46.862983,1.585));
#8527 = VECTOR('',#8528,1.);
#8528 = DIRECTION('',(0.,-1.,0.));
#8529 = ORIENTED_EDGE('',*,*,#8530,.T.);
#8530 = EDGE_CURVE('',#8523,#8504,#8531,.T.);
#8531 = LINE('',#8532,#8533);
#8532 = CARTESIAN_POINT('',(108.6,-46.977016,1.585));
#8533 = VECTOR('',#8534,1.);
#8534 = DIRECTION('',(-0.980798039906,0.195026164699,0.));
#8535 = PLANE('',#8536);
#8536 = AXIS2_PLACEMENT_3D('',#8537,#8538,#8539);
#8537 = CARTESIAN_POINT('',(0.,0.,1.585));
#8538 = DIRECTION('',(0.,0.,1.));
#8539 = DIRECTION('',(1.,0.,-0.));
#8540 = SHELL_BASED_SURFACE_MODEL('',(#8541));
#8541 = OPEN_SHELL('',(#8542));
#8542 = ADVANCED_FACE('',(#8543),#8695,.T.);
#8543 = FACE_BOUND('',#8544,.F.);
#8544 = EDGE_LOOP('',(#8545,#8556,#8564,#8572,#8581,#8589,#8597,#8605,
    #8613,#8622,#8630,#8639,#8647,#8655,#8663,#8671,#8680,#8688));
#8545 = ORIENTED_EDGE('',*,*,#8546,.T.);
#8546 = EDGE_CURVE('',#8547,#8549,#8551,.T.);
#8547 = VERTEX_POINT('',#8548);
#8548 = CARTESIAN_POINT('',(99.577784,-46.576022,1.585));
#8549 = VERTEX_POINT('',#8550);
#8550 = CARTESIAN_POINT('',(99.68813,-46.532132,1.585));
#8551 = CIRCLE('',#8552,0.11613777518);
#8552 = AXIS2_PLACEMENT_3D('',#8553,#8554,#8555);
#8553 = CARTESIAN_POINT('',(99.669846018293,-46.64682148878,1.585));
#8554 = DIRECTION('',(0.,0.,-1.));
#8555 = DIRECTION('',(-0.792696589463,0.609616368755,0.));
#8556 = ORIENTED_EDGE('',*,*,#8557,.T.);
#8557 = EDGE_CURVE('',#8549,#8558,#8560,.T.);
#8558 = VERTEX_POINT('',#8559);
#8559 = CARTESIAN_POINT('',(99.741027,-46.552213,1.585));
#8560 = LINE('',#8561,#8562);
#8561 = CARTESIAN_POINT('',(99.68813,-46.532132,1.585));
#8562 = VECTOR('',#8563,1.);
#8563 = DIRECTION('',(0.934900082113,-0.354911026125,0.));
#8564 = ORIENTED_EDGE('',*,*,#8565,.T.);
#8565 = EDGE_CURVE('',#8558,#8566,#8568,.T.);
#8566 = VERTEX_POINT('',#8567);
#8567 = CARTESIAN_POINT('',(99.759705,-46.574257,1.585));
#8568 = LINE('',#8569,#8570);
#8569 = CARTESIAN_POINT('',(99.741027,-46.552213,1.585));
#8570 = VECTOR('',#8571,1.);
#8571 = DIRECTION('',(0.646454092237,-0.762952886245,0.));
#8572 = ORIENTED_EDGE('',*,*,#8573,.T.);
#8573 = EDGE_CURVE('',#8566,#8574,#8576,.T.);
#8574 = VERTEX_POINT('',#8575);
#8575 = CARTESIAN_POINT('',(99.718874,-46.615085,1.585));
#8576 = CIRCLE('',#8577,3.124972509903E-02);
#8577 = AXIS2_PLACEMENT_3D('',#8578,#8579,#8580);
#8578 = CARTESIAN_POINT('',(99.730833414208,-46.58621429286,1.585));
#8579 = DIRECTION('',(0.,0.,-1.));
#8580 = DIRECTION('',(0.923898872726,0.38263673762,0.));
#8581 = ORIENTED_EDGE('',*,*,#8582,.T.);
#8582 = EDGE_CURVE('',#8574,#8583,#8585,.T.);
#8583 = VERTEX_POINT('',#8584);
#8584 = CARTESIAN_POINT('',(99.702046,-46.601621,1.585));
#8585 = LINE('',#8586,#8587);
#8586 = CARTESIAN_POINT('',(99.718874,-46.615085,1.585));
#8587 = VECTOR('',#8588,1.);
#8588 = DIRECTION('',(-0.780832592876,0.624740315574,0.));
#8589 = ORIENTED_EDGE('',*,*,#8590,.T.);
#8590 = EDGE_CURVE('',#8583,#8591,#8593,.T.);
#8591 = VERTEX_POINT('',#8592);
#8592 = CARTESIAN_POINT('',(99.664475,-46.593654,1.585));
#8593 = LINE('',#8594,#8595);
#8594 = CARTESIAN_POINT('',(99.702046,-46.601621,1.585));
#8595 = VECTOR('',#8596,1.);
#8596 = DIRECTION('',(-0.97824789664,0.207439274774,0.));
#8597 = ORIENTED_EDGE('',*,*,#8598,.T.);
#8598 = EDGE_CURVE('',#8591,#8599,#8601,.T.);
#8599 = VERTEX_POINT('',#8600);
#8600 = CARTESIAN_POINT('',(99.640572,-46.601621,1.585));
#8601 = LINE('',#8602,#8603);
#8602 = CARTESIAN_POINT('',(99.664475,-46.593654,1.585));
#8603 = VECTOR('',#8604,1.);
#8604 = DIRECTION('',(-0.948691235594,-0.31620395239,0.));
#8605 = ORIENTED_EDGE('',*,*,#8606,.T.);
#8606 = EDGE_CURVE('',#8599,#8607,#8609,.T.);
#8607 = VERTEX_POINT('',#8608);
#8608 = CARTESIAN_POINT('',(99.625563,-46.61663,1.585));
#8609 = LINE('',#8610,#8611);
#8610 = CARTESIAN_POINT('',(99.640572,-46.601621,1.585));
#8611 = VECTOR('',#8612,1.);
#8612 = DIRECTION('',(-0.707106781187,-0.707106781186,0.));
#8613 = ORIENTED_EDGE('',*,*,#8614,.T.);
#8614 = EDGE_CURVE('',#8607,#8615,#8617,.T.);
#8615 = VERTEX_POINT('',#8616);
#8616 = CARTESIAN_POINT('',(99.625564,-46.758179,1.585));
#8617 = CIRCLE('',#8618,0.141732059128);
#8618 = AXIS2_PLACEMENT_3D('',#8619,#8620,#8621);
#8619 = CARTESIAN_POINT('',(99.748359862867,-46.68740363248,1.585));
#8620 = DIRECTION('',(0.,0.,1.));
#8621 = DIRECTION('',(-0.866401459363,0.499348086221,0.));
#8622 = ORIENTED_EDGE('',*,*,#8623,.T.);
#8623 = EDGE_CURVE('',#8615,#8624,#8626,.T.);
#8624 = VERTEX_POINT('',#8625);
#8625 = CARTESIAN_POINT('',(99.64057,-46.773185,1.585));
#8626 = LINE('',#8627,#8628);
#8627 = CARTESIAN_POINT('',(99.625564,-46.758179,1.585));
#8628 = VECTOR('',#8629,1.);
#8629 = DIRECTION('',(0.707106781187,-0.707106781187,0.));
#8630 = ORIENTED_EDGE('',*,*,#8631,.T.);
#8631 = EDGE_CURVE('',#8624,#8632,#8634,.T.);
#8632 = VERTEX_POINT('',#8633);
#8633 = CARTESIAN_POINT('',(99.718874,-46.759724,1.585));
#8634 = CIRCLE('',#8635,6.215969928771E-02);
#8635 = AXIS2_PLACEMENT_3D('',#8636,#8637,#8638);
#8636 = CARTESIAN_POINT('',(99.671622204582,-46.7193371699,1.585));
#8637 = DIRECTION('',(0.,0.,1.));
#8638 = DIRECTION('',(-0.499555257466,-0.866282023788,0.));
#8639 = ORIENTED_EDGE('',*,*,#8640,.T.);
#8640 = EDGE_CURVE('',#8632,#8641,#8643,.T.);
#8641 = VERTEX_POINT('',#8642);
#8642 = CARTESIAN_POINT('',(99.742791,-46.759723,1.585));
#8643 = LINE('',#8644,#8645);
#8644 = CARTESIAN_POINT('',(99.718874,-46.759724,1.585));
#8645 = VECTOR('',#8646,1.);
#8646 = DIRECTION('',(0.999999999126,4.18112638124E-05,0.));
#8647 = ORIENTED_EDGE('',*,*,#8648,.T.);
#8648 = EDGE_CURVE('',#8641,#8649,#8651,.T.);
#8649 = VERTEX_POINT('',#8650);
#8650 = CARTESIAN_POINT('',(99.759704,-46.776635,1.585));
#8651 = LINE('',#8652,#8653);
#8652 = CARTESIAN_POINT('',(99.742791,-46.759723,1.585));
#8653 = VECTOR('',#8654,1.);
#8654 = DIRECTION('',(0.707127685734,-0.707085876021,0.));
#8655 = ORIENTED_EDGE('',*,*,#8656,.T.);
#8656 = EDGE_CURVE('',#8649,#8657,#8659,.T.);
#8657 = VERTEX_POINT('',#8658);
#8658 = CARTESIAN_POINT('',(99.759705,-46.800552,1.585));
#8659 = LINE('',#8660,#8661);
#8660 = CARTESIAN_POINT('',(99.759704,-46.776635,1.585));
#8661 = VECTOR('',#8662,1.);
#8662 = DIRECTION('',(4.181126381239E-05,-0.999999999126,0.));
#8663 = ORIENTED_EDGE('',*,*,#8664,.T.);
#8664 = EDGE_CURVE('',#8657,#8665,#8667,.T.);
#8665 = VERTEX_POINT('',#8666);
#8666 = CARTESIAN_POINT('',(99.728811,-46.830146,1.585));
#8667 = LINE('',#8668,#8669);
#8668 = CARTESIAN_POINT('',(99.759705,-46.800552,1.585));
#8669 = VECTOR('',#8670,1.);
#8670 = DIRECTION('',(-0.722137067072,-0.691749995563,0.));
#8671 = ORIENTED_EDGE('',*,*,#8672,.T.);
#8672 = EDGE_CURVE('',#8665,#8673,#8675,.T.);
#8673 = VERTEX_POINT('',#8674);
#8674 = CARTESIAN_POINT('',(99.57193,-46.790665,1.585));
#8675 = CIRCLE('',#8676,0.120757773368);
#8676 = AXIS2_PLACEMENT_3D('',#8677,#8678,#8679);
#8677 = CARTESIAN_POINT('',(99.672253491898,-46.72345163226,1.585));
#8678 = DIRECTION('',(-0.,0.,-1.));
#8679 = DIRECTION('',(0.468355009574,-0.883540369766,-0.));
#8680 = ORIENTED_EDGE('',*,*,#8681,.T.);
#8681 = EDGE_CURVE('',#8673,#8682,#8684,.T.);
#8682 = VERTEX_POINT('',#8683);
#8683 = CARTESIAN_POINT('',(99.557659,-46.760458,1.585));
#8684 = LINE('',#8685,#8686);
#8685 = CARTESIAN_POINT('',(99.57193,-46.790665,1.585));
#8686 = VECTOR('',#8687,1.);
#8687 = DIRECTION('',(-0.427167424508,0.90417254517,0.));
#8688 = ORIENTED_EDGE('',*,*,#8689,.T.);
#8689 = EDGE_CURVE('',#8682,#8547,#8690,.T.);
#8690 = CIRCLE('',#8691,0.202050940041);
#8691 = AXIS2_PLACEMENT_3D('',#8692,#8693,#8694);
#8692 = CARTESIAN_POINT('',(99.746159355907,-46.68771050386,1.585));
#8693 = DIRECTION('',(0.,0.,-1.));
#8694 = DIRECTION('',(-0.932934812719,-0.360045323838,-0.));
#8695 = PLANE('',#8696);
#8696 = AXIS2_PLACEMENT_3D('',#8697,#8698,#8699);
#8697 = CARTESIAN_POINT('',(0.,0.,1.585));
#8698 = DIRECTION('',(0.,0.,1.));
#8699 = DIRECTION('',(1.,0.,-0.));
#8700 = SHELL_BASED_SURFACE_MODEL('',(#8701));
#8701 = OPEN_SHELL('',(#8702));
#8702 = ADVANCED_FACE('',(#8703,#8829),#8897,.T.);
#8703 = FACE_BOUND('',#8704,.F.);
#8704 = EDGE_LOOP('',(#8705,#8716,#8724,#8732,#8740,#8748,#8756,#8764,
    #8772,#8781,#8789,#8798,#8806,#8815,#8823));
#8705 = ORIENTED_EDGE('',*,*,#8706,.T.);
#8706 = EDGE_CURVE('',#8707,#8709,#8711,.T.);
#8707 = VERTEX_POINT('',#8708);
#8708 = CARTESIAN_POINT('',(99.811975,-46.604593,1.585));
#8709 = VERTEX_POINT('',#8710);
#8710 = CARTESIAN_POINT('',(99.957078,-46.533533,1.585));
#8711 = CIRCLE('',#8712,0.118588149717);
#8712 = AXIS2_PLACEMENT_3D('',#8713,#8714,#8715);
#8713 = CARTESIAN_POINT('',(99.922709404099,-46.64703167342,1.585));
#8714 = DIRECTION('',(0.,0.,-1.));
#8715 = DIRECTION('',(-0.933772930633,0.357866055971,0.));
#8716 = ORIENTED_EDGE('',*,*,#8717,.T.);
#8717 = EDGE_CURVE('',#8709,#8718,#8720,.T.);
#8718 = VERTEX_POINT('',#8719);
#8719 = CARTESIAN_POINT('',(99.97399,-46.550445,1.585));
#8720 = LINE('',#8721,#8722);
#8721 = CARTESIAN_POINT('',(99.957078,-46.533533,1.585));
#8722 = VECTOR('',#8723,1.);
#8723 = DIRECTION('',(0.707106781187,-0.707106781187,0.));
#8724 = ORIENTED_EDGE('',*,*,#8725,.T.);
#8725 = EDGE_CURVE('',#8718,#8726,#8728,.T.);
#8726 = VERTEX_POINT('',#8727);
#8727 = CARTESIAN_POINT('',(99.97399,-46.574363,1.585));
#8728 = LINE('',#8729,#8730);
#8729 = CARTESIAN_POINT('',(99.97399,-46.550445,1.585));
#8730 = VECTOR('',#8731,1.);
#8731 = DIRECTION('',(0.,-1.,0.));
#8732 = ORIENTED_EDGE('',*,*,#8733,.T.);
#8733 = EDGE_CURVE('',#8726,#8734,#8736,.T.);
#8734 = VERTEX_POINT('',#8735);
#8735 = CARTESIAN_POINT('',(99.957078,-46.591275,1.585));
#8736 = LINE('',#8737,#8738);
#8737 = CARTESIAN_POINT('',(99.97399,-46.574363,1.585));
#8738 = VECTOR('',#8739,1.);
#8739 = DIRECTION('',(-0.707106781187,-0.707106781187,0.));
#8740 = ORIENTED_EDGE('',*,*,#8741,.T.);
#8741 = EDGE_CURVE('',#8734,#8742,#8744,.T.);
#8742 = VERTEX_POINT('',#8743);
#8743 = CARTESIAN_POINT('',(99.904878,-46.593654,1.585));
#8744 = LINE('',#8745,#8746);
#8745 = CARTESIAN_POINT('',(99.957078,-46.591275,1.585));
#8746 = VECTOR('',#8747,1.);
#8747 = DIRECTION('',(-0.998963087797,-4.552745566793E-02,0.));
#8748 = ORIENTED_EDGE('',*,*,#8749,.T.);
#8749 = EDGE_CURVE('',#8742,#8750,#8752,.T.);
#8750 = VERTEX_POINT('',#8751);
#8751 = CARTESIAN_POINT('',(99.88607,-46.606123,1.585));
#8752 = LINE('',#8753,#8754);
#8753 = CARTESIAN_POINT('',(99.904878,-46.593654,1.585));
#8754 = VECTOR('',#8755,1.);
#8755 = DIRECTION('',(-0.8334724399,-0.552561030047,0.));
#8756 = ORIENTED_EDGE('',*,*,#8757,.T.);
#8757 = EDGE_CURVE('',#8750,#8758,#8760,.T.);
#8758 = VERTEX_POINT('',#8759);
#8759 = CARTESIAN_POINT('',(99.873691,-46.626392,1.585));
#8760 = LINE('',#8761,#8762);
#8761 = CARTESIAN_POINT('',(99.88607,-46.606123,1.585));
#8762 = VECTOR('',#8763,1.);
#8763 = DIRECTION('',(-0.521216662533,-0.853424390733,0.));
#8764 = ORIENTED_EDGE('',*,*,#8765,.T.);
#8765 = EDGE_CURVE('',#8758,#8766,#8768,.T.);
#8766 = VERTEX_POINT('',#8767);
#8767 = CARTESIAN_POINT('',(99.935286,-46.629691,1.585));
#8768 = LINE('',#8769,#8770);
#8769 = CARTESIAN_POINT('',(99.873691,-46.626392,1.585));
#8770 = VECTOR('',#8771,1.);
#8771 = DIRECTION('',(0.99856876624,-5.348288594569E-02,0.));
#8772 = ORIENTED_EDGE('',*,*,#8773,.T.);
#8773 = EDGE_CURVE('',#8766,#8774,#8776,.T.);
#8774 = VERTEX_POINT('',#8775);
#8775 = CARTESIAN_POINT('',(100.000179,-46.705261,1.585));
#8776 = CIRCLE('',#8777,9.606873974573E-02);
#8777 = AXIS2_PLACEMENT_3D('',#8778,#8779,#8780);
#8778 = CARTESIAN_POINT('',(99.905407517485,-46.72099532103,1.585));
#8779 = DIRECTION('',(0.,0.,-1.));
#8780 = DIRECTION('',(0.311011496494,0.950406149522,0.));
#8781 = ORIENTED_EDGE('',*,*,#8782,.T.);
#8782 = EDGE_CURVE('',#8774,#8783,#8785,.T.);
#8783 = VERTEX_POINT('',#8784);
#8784 = CARTESIAN_POINT('',(99.99688,-46.778761,1.585));
#8785 = LINE('',#8786,#8787);
#8786 = CARTESIAN_POINT('',(100.000179,-46.705261,1.585));
#8787 = VECTOR('',#8788,1.);
#8788 = DIRECTION('',(-4.483920981396E-02,-0.998994216832,0.));
#8789 = ORIENTED_EDGE('',*,*,#8790,.T.);
#8790 = EDGE_CURVE('',#8783,#8791,#8793,.T.);
#8791 = VERTEX_POINT('',#8792);
#8792 = CARTESIAN_POINT('',(99.92131,-46.843654,1.585));
#8793 = CIRCLE('',#8794,9.606456335985E-02);
#8794 = AXIS2_PLACEMENT_3D('',#8795,#8796,#8797);
#8795 = CARTESIAN_POINT('',(99.905578860787,-46.74888622281,1.585));
#8796 = DIRECTION('',(0.,0.,-1.));
#8797 = DIRECTION('',(0.950414346562,-0.310986446407,0.));
#8798 = ORIENTED_EDGE('',*,*,#8799,.T.);
#8799 = EDGE_CURVE('',#8791,#8800,#8802,.T.);
#8800 = VERTEX_POINT('',#8801);
#8801 = CARTESIAN_POINT('',(99.859717,-46.840355,1.585));
#8802 = LINE('',#8803,#8804);
#8803 = CARTESIAN_POINT('',(99.92131,-46.843654,1.585));
#8804 = VECTOR('',#8805,1.);
#8805 = DIRECTION('',(-0.998568673491,5.348461763258E-02,0.));
#8806 = ORIENTED_EDGE('',*,*,#8807,.T.);
#8807 = EDGE_CURVE('',#8800,#8808,#8810,.T.);
#8808 = VERTEX_POINT('',#8809);
#8809 = CARTESIAN_POINT('',(99.794822,-46.764785,1.585));
#8810 = CIRCLE('',#8811,9.605663645447E-02);
#8811 = AXIS2_PLACEMENT_3D('',#8812,#8813,#8814);
#8812 = CARTESIAN_POINT('',(99.889582629384,-46.74905920826,1.585));
#8813 = DIRECTION('',(0.,0.,-1.));
#8814 = DIRECTION('',(-0.31091687661,-0.950437107777,-0.));
#8815 = ORIENTED_EDGE('',*,*,#8816,.T.);
#8816 = EDGE_CURVE('',#8808,#8817,#8819,.T.);
#8817 = VERTEX_POINT('',#8818);
#8818 = CARTESIAN_POINT('',(99.795755,-46.661968,1.585));
#8819 = LINE('',#8820,#8821);
#8820 = CARTESIAN_POINT('',(99.794822,-46.764785,1.585));
#8821 = VECTOR('',#8822,1.);
#8822 = DIRECTION('',(9.074001271865E-03,0.999958830403,0.));
#8823 = ORIENTED_EDGE('',*,*,#8824,.T.);
#8824 = EDGE_CURVE('',#8817,#8707,#8825,.T.);
#8825 = LINE('',#8826,#8827);
#8826 = CARTESIAN_POINT('',(99.795755,-46.661968,1.585));
#8827 = VECTOR('',#8828,1.);
#8828 = DIRECTION('',(0.272039725872,0.962286021694,0.));
#8829 = FACE_BOUND('',#8830,.F.);
#8830 = EDGE_LOOP('',(#8831,#8842,#8850,#8858,#8866,#8875,#8883,#8891));
#8831 = ORIENTED_EDGE('',*,*,#8832,.T.);
#8832 = EDGE_CURVE('',#8833,#8835,#8837,.T.);
#8833 = VERTEX_POINT('',#8834);
#8834 = CARTESIAN_POINT('',(99.926607,-46.695229,1.585));
#8835 = VERTEX_POINT('',#8836);
#8836 = CARTESIAN_POINT('',(99.868392,-46.69523,1.585));
#8837 = CIRCLE('',#8838,5.140650919255E-02);
#8838 = AXIS2_PLACEMENT_3D('',#8839,#8840,#8841);
#8839 = CARTESIAN_POINT('',(99.897500227853,-46.7376014557,1.585));
#8840 = DIRECTION('',(0.,0.,1.));
#8841 = DIRECTION('',(0.566207910327,0.824262459586,-0.));
#8842 = ORIENTED_EDGE('',*,*,#8843,.T.);
#8843 = EDGE_CURVE('',#8835,#8844,#8846,.T.);
#8844 = VERTEX_POINT('',#8845);
#8845 = CARTESIAN_POINT('',(99.857322,-46.712637,1.585));
#8846 = LINE('',#8847,#8848);
#8847 = CARTESIAN_POINT('',(99.868392,-46.69523,1.585));
#8848 = VECTOR('',#8849,1.);
#8849 = DIRECTION('',(-0.536627671891,-0.843819140433,0.));
#8850 = ORIENTED_EDGE('',*,*,#8851,.T.);
#8851 = EDGE_CURVE('',#8844,#8852,#8854,.T.);
#8852 = VERTEX_POINT('',#8853);
#8853 = CARTESIAN_POINT('',(99.857322,-46.757409,1.585));
#8854 = LINE('',#8855,#8856);
#8855 = CARTESIAN_POINT('',(99.857322,-46.712637,1.585));
#8856 = VECTOR('',#8857,1.);
#8857 = DIRECTION('',(0.,-1.,0.));
#8858 = ORIENTED_EDGE('',*,*,#8859,.T.);
#8859 = EDGE_CURVE('',#8852,#8860,#8862,.T.);
#8860 = VERTEX_POINT('',#8861);
#8861 = CARTESIAN_POINT('',(99.868392,-46.774817,1.585));
#8862 = LINE('',#8863,#8864);
#8863 = CARTESIAN_POINT('',(99.857322,-46.757409,1.585));
#8864 = VECTOR('',#8865,1.);
#8865 = DIRECTION('',(0.536605721932,-0.843833099132,0.));
#8866 = ORIENTED_EDGE('',*,*,#8867,.T.);
#8867 = EDGE_CURVE('',#8860,#8868,#8870,.T.);
#8868 = VERTEX_POINT('',#8869);
#8869 = CARTESIAN_POINT('',(99.931341,-46.770084,1.585));
#8870 = CIRCLE('',#8871,5.017494865513E-02);
#8871 = AXIS2_PLACEMENT_3D('',#8872,#8873,#8874);
#8872 = CARTESIAN_POINT('',(99.896942157291,-46.73355668018,1.585));
#8873 = DIRECTION('',(0.,0.,1.));
#8874 = DIRECTION('',(-0.569012187483,-0.822329088927,0.));
#8875 = ORIENTED_EDGE('',*,*,#8876,.T.);
#8876 = EDGE_CURVE('',#8868,#8877,#8879,.T.);
#8877 = VERTEX_POINT('',#8878);
#8878 = CARTESIAN_POINT('',(99.937679,-46.757408,1.585));
#8879 = LINE('',#8880,#8881);
#8880 = CARTESIAN_POINT('',(99.931341,-46.770084,1.585));
#8881 = VECTOR('',#8882,1.);
#8882 = DIRECTION('',(0.4472135955,0.894427191,0.));
#8883 = ORIENTED_EDGE('',*,*,#8884,.T.);
#8884 = EDGE_CURVE('',#8877,#8885,#8887,.T.);
#8885 = VERTEX_POINT('',#8886);
#8886 = CARTESIAN_POINT('',(99.937679,-46.712638,1.585));
#8887 = LINE('',#8888,#8889);
#8888 = CARTESIAN_POINT('',(99.937679,-46.757408,1.585));
#8889 = VECTOR('',#8890,1.);
#8890 = DIRECTION('',(0.,1.,0.));
#8891 = ORIENTED_EDGE('',*,*,#8892,.T.);
#8892 = EDGE_CURVE('',#8885,#8833,#8893,.T.);
#8893 = LINE('',#8894,#8895);
#8894 = CARTESIAN_POINT('',(99.937679,-46.712638,1.585));
#8895 = VECTOR('',#8896,1.);
#8896 = DIRECTION('',(-0.536652799532,0.843803159958,0.));
#8897 = PLANE('',#8898);
#8898 = AXIS2_PLACEMENT_3D('',#8899,#8900,#8901);
#8899 = CARTESIAN_POINT('',(0.,0.,1.585));
#8900 = DIRECTION('',(0.,0.,1.));
#8901 = DIRECTION('',(1.,0.,-0.));
#8902 = SHELL_BASED_SURFACE_MODEL('',(#8903));
#8903 = OPEN_SHELL('',(#8904));
#8904 = ADVANCED_FACE('',(#8905),#8991,.T.);
#8905 = FACE_BOUND('',#8906,.F.);
#8906 = EDGE_LOOP('',(#8907,#8918,#8926,#8935,#8943,#8952,#8960,#8968,
    #8976,#8985));
#8907 = ORIENTED_EDGE('',*,*,#8908,.T.);
#8908 = EDGE_CURVE('',#8909,#8911,#8913,.T.);
#8909 = VERTEX_POINT('',#8910);
#8910 = CARTESIAN_POINT('',(89.59,-46.1,1.585));
#8911 = VERTEX_POINT('',#8912);
#8912 = CARTESIAN_POINT('',(89.65,-46.04,1.585));
#8913 = CIRCLE('',#8914,5.999932016259E-02);
#8914 = AXIS2_PLACEMENT_3D('',#8915,#8916,#8917);
#8915 = CARTESIAN_POINT('',(89.649999320159,-46.09999932015,1.585));
#8916 = DIRECTION('',(0.,0.,-1.));
#8917 = DIRECTION('',(-0.999999999936,-1.133081623985E-05,-0.));
#8918 = ORIENTED_EDGE('',*,*,#8919,.T.);
#8919 = EDGE_CURVE('',#8911,#8920,#8922,.T.);
#8920 = VERTEX_POINT('',#8921);
#8921 = CARTESIAN_POINT('',(92.95,-46.04,1.585));
#8922 = LINE('',#8923,#8924);
#8923 = CARTESIAN_POINT('',(89.65,-46.04,1.585));
#8924 = VECTOR('',#8925,1.);
#8925 = DIRECTION('',(1.,0.,0.));
#8926 = ORIENTED_EDGE('',*,*,#8927,.T.);
#8927 = EDGE_CURVE('',#8920,#8928,#8930,.T.);
#8928 = VERTEX_POINT('',#8929);
#8929 = CARTESIAN_POINT('',(93.01,-46.1,1.585));
#8930 = CIRCLE('',#8931,5.999932016261E-02);
#8931 = AXIS2_PLACEMENT_3D('',#8932,#8933,#8934);
#8932 = CARTESIAN_POINT('',(92.950000679841,-46.09999932015,1.585));
#8933 = DIRECTION('',(0.,0.,-1.));
#8934 = DIRECTION('',(-1.133081564772E-05,0.999999999936,0.));
#8935 = ORIENTED_EDGE('',*,*,#8936,.T.);
#8936 = EDGE_CURVE('',#8928,#8937,#8939,.T.);
#8937 = VERTEX_POINT('',#8938);
#8938 = CARTESIAN_POINT('',(93.01,-46.4,1.585));
#8939 = LINE('',#8940,#8941);
#8940 = CARTESIAN_POINT('',(93.01,-46.1,1.585));
#8941 = VECTOR('',#8942,1.);
#8942 = DIRECTION('',(0.,-1.,0.));
#8943 = ORIENTED_EDGE('',*,*,#8944,.T.);
#8944 = EDGE_CURVE('',#8937,#8945,#8947,.T.);
#8945 = VERTEX_POINT('',#8946);
#8946 = CARTESIAN_POINT('',(92.89,-46.4,1.585));
#8947 = CIRCLE('',#8948,6.000000000043E-02);
#8948 = AXIS2_PLACEMENT_3D('',#8949,#8950,#8951);
#8949 = CARTESIAN_POINT('',(92.95,-46.40000022558,1.585));
#8950 = DIRECTION('',(0.,0.,-1.));
#8951 = DIRECTION('',(0.999999999993,3.759794135259E-06,0.));
#8952 = ORIENTED_EDGE('',*,*,#8953,.T.);
#8953 = EDGE_CURVE('',#8945,#8954,#8956,.T.);
#8954 = VERTEX_POINT('',#8955);
#8955 = CARTESIAN_POINT('',(92.89,-46.16,1.585));
#8956 = LINE('',#8957,#8958);
#8957 = CARTESIAN_POINT('',(92.89,-46.4,1.585));
#8958 = VECTOR('',#8959,1.);
#8959 = DIRECTION('',(0.,1.,0.));
#8960 = ORIENTED_EDGE('',*,*,#8961,.T.);
#8961 = EDGE_CURVE('',#8954,#8962,#8964,.T.);
#8962 = VERTEX_POINT('',#8963);
#8963 = CARTESIAN_POINT('',(89.71,-46.16,1.585));
#8964 = LINE('',#8965,#8966);
#8965 = CARTESIAN_POINT('',(92.89,-46.16,1.585));
#8966 = VECTOR('',#8967,1.);
#8967 = DIRECTION('',(-1.,0.,0.));
#8968 = ORIENTED_EDGE('',*,*,#8969,.T.);
#8969 = EDGE_CURVE('',#8962,#8970,#8972,.T.);
#8970 = VERTEX_POINT('',#8971);
#8971 = CARTESIAN_POINT('',(89.71,-46.4,1.585));
#8972 = LINE('',#8973,#8974);
#8973 = CARTESIAN_POINT('',(89.71,-46.16,1.585));
#8974 = VECTOR('',#8975,1.);
#8975 = DIRECTION('',(0.,-1.,0.));
#8976 = ORIENTED_EDGE('',*,*,#8977,.T.);
#8977 = EDGE_CURVE('',#8970,#8978,#8980,.T.);
#8978 = VERTEX_POINT('',#8979);
#8979 = CARTESIAN_POINT('',(89.59,-46.4,1.585));
#8980 = CIRCLE('',#8981,6.000000000042E-02);
#8981 = AXIS2_PLACEMENT_3D('',#8982,#8983,#8984);
#8982 = CARTESIAN_POINT('',(89.65,-46.40000022558,1.585));
#8983 = DIRECTION('',(0.,0.,-1.));
#8984 = DIRECTION('',(0.999999999993,3.759794372108E-06,0.));
#8985 = ORIENTED_EDGE('',*,*,#8986,.T.);
#8986 = EDGE_CURVE('',#8978,#8909,#8987,.T.);
#8987 = LINE('',#8988,#8989);
#8988 = CARTESIAN_POINT('',(89.59,-46.4,1.585));
#8989 = VECTOR('',#8990,1.);
#8990 = DIRECTION('',(0.,1.,0.));
#8991 = PLANE('',#8992);
#8992 = AXIS2_PLACEMENT_3D('',#8993,#8994,#8995);
#8993 = CARTESIAN_POINT('',(0.,0.,1.585));
#8994 = DIRECTION('',(0.,0.,1.));
#8995 = DIRECTION('',(1.,0.,-0.));
#8996 = SHELL_BASED_SURFACE_MODEL('',(#8997));
#8997 = OPEN_SHELL('',(#8998));
#8998 = ADVANCED_FACE('',(#8999,#9110),#9169,.T.);
#8999 = FACE_BOUND('',#9000,.F.);
#9000 = EDGE_LOOP('',(#9001,#9011,#9020,#9028,#9036,#9044,#9053,#9061,
    #9070,#9078,#9087,#9095,#9104));
#9001 = ORIENTED_EDGE('',*,*,#9002,.T.);
#9002 = EDGE_CURVE('',#9003,#9005,#9007,.T.);
#9003 = VERTEX_POINT('',#9004);
#9004 = CARTESIAN_POINT('',(82.883518,-45.756026,1.585));
#9005 = VERTEX_POINT('',#9006);
#9006 = CARTESIAN_POINT('',(83.254623,-45.498013,1.585));
#9007 = LINE('',#9008,#9009);
#9008 = CARTESIAN_POINT('',(82.883518,-45.756026,1.585));
#9009 = VECTOR('',#9010,1.);
#9010 = DIRECTION('',(0.821057638293,0.570845298309,0.));
#9011 = ORIENTED_EDGE('',*,*,#9012,.T.);
#9012 = EDGE_CURVE('',#9005,#9013,#9015,.T.);
#9013 = VERTEX_POINT('',#9014);
#9014 = CARTESIAN_POINT('',(83.327829,-45.628108,1.585));
#9015 = CIRCLE('',#9016,7.500005951702E-02);
#9016 = AXIS2_PLACEMENT_3D('',#9017,#9018,#9019);
#9017 = CARTESIAN_POINT('',(83.284818747396,-45.56666593705,1.585));
#9018 = DIRECTION('',(0.,0.,-1.));
#9019 = DIRECTION('',(-0.402609645791,0.915371767707,-0.));
#9020 = ORIENTED_EDGE('',*,*,#9021,.T.);
#9021 = EDGE_CURVE('',#9013,#9022,#9024,.T.);
#9022 = VERTEX_POINT('',#9023);
#9023 = CARTESIAN_POINT('',(82.883628,-45.939048,1.585));
#9024 = LINE('',#9025,#9026);
#9025 = CARTESIAN_POINT('',(83.327829,-45.628108,1.585));
#9026 = VECTOR('',#9027,1.);
#9027 = DIRECTION('',(-0.819232527028,-0.573461477921,0.));
#9028 = ORIENTED_EDGE('',*,*,#9029,.T.);
#9029 = EDGE_CURVE('',#9022,#9030,#9032,.T.);
#9030 = VERTEX_POINT('',#9031);
#9031 = CARTESIAN_POINT('',(82.883628,-46.063094,1.585));
#9032 = LINE('',#9033,#9034);
#9033 = CARTESIAN_POINT('',(82.883628,-45.939048,1.585));
#9034 = VECTOR('',#9035,1.);
#9035 = DIRECTION('',(0.,-1.,0.));
#9036 = ORIENTED_EDGE('',*,*,#9037,.T.);
#9037 = EDGE_CURVE('',#9030,#9038,#9040,.T.);
#9038 = VERTEX_POINT('',#9039);
#9039 = CARTESIAN_POINT('',(83.299451,-46.064535,1.585));
#9040 = LINE('',#9041,#9042);
#9041 = CARTESIAN_POINT('',(82.883628,-46.063094,1.585));
#9042 = VECTOR('',#9043,1.);
#9043 = DIRECTION('',(0.999993995497,-3.465395967783E-03,0.));
#9044 = ORIENTED_EDGE('',*,*,#9045,.T.);
#9045 = EDGE_CURVE('',#9038,#9046,#9048,.T.);
#9046 = VERTEX_POINT('',#9047);
#9047 = CARTESIAN_POINT('',(83.284819,-46.213094,1.585));
#9048 = CIRCLE('',#9049,7.500006711464E-02);
#9049 = AXIS2_PLACEMENT_3D('',#9050,#9051,#9052);
#9050 = CARTESIAN_POINT('',(83.284819067115,-46.13809393288,1.585));
#9051 = DIRECTION('',(0.,0.,-1.));
#9052 = DIRECTION('',(0.195092263891,0.980784894138,0.));
#9053 = ORIENTED_EDGE('',*,*,#9054,.T.);
#9054 = EDGE_CURVE('',#9046,#9055,#9057,.T.);
#9055 = VERTEX_POINT('',#9056);
#9056 = CARTESIAN_POINT('',(82.270187,-46.211653,1.585));
#9057 = LINE('',#9058,#9059);
#9058 = CARTESIAN_POINT('',(83.284819,-46.213094,1.585));
#9059 = VECTOR('',#9060,1.);
#9060 = DIRECTION('',(-0.99999899149,1.420217918158E-03,0.));
#9061 = ORIENTED_EDGE('',*,*,#9062,.T.);
#9062 = EDGE_CURVE('',#9055,#9063,#9065,.T.);
#9063 = VERTEX_POINT('',#9064);
#9064 = CARTESIAN_POINT('',(82.209819,-46.138094,1.585));
#9065 = CIRCLE('',#9066,7.500074938984E-02);
#9066 = AXIS2_PLACEMENT_3D('',#9067,#9068,#9069);
#9067 = CARTESIAN_POINT('',(82.284819749388,-46.13809353389,1.585));
#9068 = DIRECTION('',(0.,0.,-1.));
#9069 = DIRECTION('',(-0.195101375752,-0.980783081614,-0.));
#9070 = ORIENTED_EDGE('',*,*,#9071,.T.);
#9071 = EDGE_CURVE('',#9063,#9072,#9074,.T.);
#9072 = VERTEX_POINT('',#9073);
#9073 = CARTESIAN_POINT('',(82.212482,-45.737333,1.585));
#9074 = LINE('',#9075,#9076);
#9075 = CARTESIAN_POINT('',(82.209819,-46.138094,1.585));
#9076 = VECTOR('',#9077,1.);
#9077 = DIRECTION('',(6.644711463211E-03,0.999977923661,0.));
#9078 = ORIENTED_EDGE('',*,*,#9079,.T.);
#9079 = EDGE_CURVE('',#9072,#9080,#9082,.T.);
#9080 = VERTEX_POINT('',#9081);
#9081 = CARTESIAN_POINT('',(82.460663,-45.493107,1.585));
#9082 = CIRCLE('',#9083,0.3486213829);
#9083 = AXIS2_PLACEMENT_3D('',#9084,#9085,#9086);
#9084 = CARTESIAN_POINT('',(82.548423229516,-45.83050144383,1.585));
#9085 = DIRECTION('',(0.,0.,-1.));
#9086 = DIRECTION('',(-0.963627723352,0.267248219429,0.));
#9087 = ORIENTED_EDGE('',*,*,#9088,.T.);
#9088 = EDGE_CURVE('',#9080,#9089,#9091,.T.);
#9089 = VERTEX_POINT('',#9090);
#9090 = CARTESIAN_POINT('',(82.632784,-45.493107,1.585));
#9091 = LINE('',#9092,#9093);
#9092 = CARTESIAN_POINT('',(82.460663,-45.493107,1.585));
#9093 = VECTOR('',#9094,1.);
#9094 = DIRECTION('',(1.,0.,0.));
#9095 = ORIENTED_EDGE('',*,*,#9096,.T.);
#9096 = EDGE_CURVE('',#9089,#9097,#9099,.T.);
#9097 = VERTEX_POINT('',#9098);
#9098 = CARTESIAN_POINT('',(82.882187,-45.74251,1.585));
#9099 = CIRCLE('',#9100,0.347870264855);
#9100 = AXIS2_PLACEMENT_3D('',#9101,#9102,#9103);
#9101 = CARTESIAN_POINT('',(82.545456265028,-45.82983773497,1.585));
#9102 = DIRECTION('',(0.,0.,-1.));
#9103 = DIRECTION('',(0.251035353678,0.967977918758,0.));
#9104 = ORIENTED_EDGE('',*,*,#9105,.T.);
#9105 = EDGE_CURVE('',#9097,#9003,#9106,.T.);
#9106 = LINE('',#9107,#9108);
#9107 = CARTESIAN_POINT('',(82.882187,-45.74251,1.585));
#9108 = VECTOR('',#9109,1.);
#9109 = DIRECTION('',(9.800184053844E-02,-0.995186233451,0.));
#9110 = FACE_BOUND('',#9111,.F.);
#9111 = EDGE_LOOP('',(#9112,#9123,#9131,#9139,#9147,#9155,#9163));
#9112 = ORIENTED_EDGE('',*,*,#9113,.T.);
#9113 = EDGE_CURVE('',#9114,#9116,#9118,.T.);
#9114 = VERTEX_POINT('',#9115);
#9115 = CARTESIAN_POINT('',(82.668963,-45.675924,1.585));
#9116 = VERTEX_POINT('',#9117);
#9117 = CARTESIAN_POINT('',(82.394077,-45.706331,1.585));
#9118 = CIRCLE('',#9119,0.198386215365);
#9119 = AXIS2_PLACEMENT_3D('',#9120,#9121,#9122);
#9120 = CARTESIAN_POINT('',(82.547159957837,-45.8325161753,1.585));
#9121 = DIRECTION('',(0.,0.,1.));
#9122 = DIRECTION('',(0.61396928178,0.789329919001,-0.));
#9123 = ORIENTED_EDGE('',*,*,#9124,.T.);
#9124 = EDGE_CURVE('',#9116,#9125,#9127,.T.);
#9125 = VERTEX_POINT('',#9126);
#9126 = CARTESIAN_POINT('',(82.359819,-45.774847,1.585));
#9127 = LINE('',#9128,#9129);
#9128 = CARTESIAN_POINT('',(82.394077,-45.706331,1.585));
#9129 = VECTOR('',#9130,1.);
#9130 = DIRECTION('',(-0.4472135955,-0.894427191,0.));
#9131 = ORIENTED_EDGE('',*,*,#9132,.T.);
#9132 = EDGE_CURVE('',#9125,#9133,#9135,.T.);
#9133 = VERTEX_POINT('',#9134);
#9134 = CARTESIAN_POINT('',(82.359819,-46.063094,1.585));
#9135 = LINE('',#9136,#9137);
#9136 = CARTESIAN_POINT('',(82.359819,-45.774847,1.585));
#9137 = VECTOR('',#9138,1.);
#9138 = DIRECTION('',(0.,-1.,0.));
#9139 = ORIENTED_EDGE('',*,*,#9140,.T.);
#9140 = EDGE_CURVE('',#9133,#9141,#9143,.T.);
#9141 = VERTEX_POINT('',#9142);
#9142 = CARTESIAN_POINT('',(82.733628,-46.063094,1.585));
#9143 = LINE('',#9144,#9145);
#9144 = CARTESIAN_POINT('',(82.359819,-46.063094,1.585));
#9145 = VECTOR('',#9146,1.);
#9146 = DIRECTION('',(1.,0.,0.));
#9147 = ORIENTED_EDGE('',*,*,#9148,.T.);
#9148 = EDGE_CURVE('',#9141,#9149,#9151,.T.);
#9149 = VERTEX_POINT('',#9150);
#9150 = CARTESIAN_POINT('',(82.733628,-45.774847,1.585));
#9151 = LINE('',#9152,#9153);
#9152 = CARTESIAN_POINT('',(82.733628,-46.063094,1.585));
#9153 = VECTOR('',#9154,1.);
#9154 = DIRECTION('',(0.,1.,0.));
#9155 = ORIENTED_EDGE('',*,*,#9156,.T.);
#9156 = EDGE_CURVE('',#9149,#9157,#9159,.T.);
#9157 = VERTEX_POINT('',#9158);
#9158 = CARTESIAN_POINT('',(82.69937,-45.706331,1.585));
#9159 = LINE('',#9160,#9161);
#9160 = CARTESIAN_POINT('',(82.733628,-45.774847,1.585));
#9161 = VECTOR('',#9162,1.);
#9162 = DIRECTION('',(-0.4472135955,0.894427191,0.));
#9163 = ORIENTED_EDGE('',*,*,#9164,.T.);
#9164 = EDGE_CURVE('',#9157,#9114,#9165,.T.);
#9165 = LINE('',#9166,#9167);
#9166 = CARTESIAN_POINT('',(82.69937,-45.706331,1.585));
#9167 = VECTOR('',#9168,1.);
#9168 = DIRECTION('',(-0.707106781187,0.707106781187,0.));
#9169 = PLANE('',#9170);
#9170 = AXIS2_PLACEMENT_3D('',#9171,#9172,#9173);
#9171 = CARTESIAN_POINT('',(0.,0.,1.585));
#9172 = DIRECTION('',(0.,0.,1.));
#9173 = DIRECTION('',(1.,0.,-0.));
#9174 = SHELL_BASED_SURFACE_MODEL('',(#9175));
#9175 = OPEN_SHELL('',(#9176));
#9176 = ADVANCED_FACE('',(#9177),#9213,.T.);
#9177 = FACE_BOUND('',#9178,.F.);
#9178 = EDGE_LOOP('',(#9179,#9190,#9198,#9207));
#9179 = ORIENTED_EDGE('',*,*,#9180,.T.);
#9180 = EDGE_CURVE('',#9181,#9183,#9185,.T.);
#9181 = VERTEX_POINT('',#9182);
#9182 = CARTESIAN_POINT('',(99.511248,-46.025,1.585));
#9183 = VERTEX_POINT('',#9184);
#9184 = CARTESIAN_POINT('',(99.511248,-45.905,1.585));
#9185 = CIRCLE('',#9186,6.000000000042E-02);
#9186 = AXIS2_PLACEMENT_3D('',#9187,#9188,#9189);
#9187 = CARTESIAN_POINT('',(99.511247774412,-45.965,1.585));
#9188 = DIRECTION('',(0.,0.,-1.));
#9189 = DIRECTION('',(3.759794016836E-06,-0.999999999993,0.));
#9190 = ORIENTED_EDGE('',*,*,#9191,.T.);
#9191 = EDGE_CURVE('',#9183,#9192,#9194,.T.);
#9192 = VERTEX_POINT('',#9193);
#9193 = CARTESIAN_POINT('',(100.033752,-45.905,1.585));
#9194 = LINE('',#9195,#9196);
#9195 = CARTESIAN_POINT('',(99.511248,-45.905,1.585));
#9196 = VECTOR('',#9197,1.);
#9197 = DIRECTION('',(1.,0.,0.));
#9198 = ORIENTED_EDGE('',*,*,#9199,.T.);
#9199 = EDGE_CURVE('',#9192,#9200,#9202,.T.);
#9200 = VERTEX_POINT('',#9201);
#9201 = CARTESIAN_POINT('',(100.033752,-46.025,1.585));
#9202 = CIRCLE('',#9203,6.000000000042E-02);
#9203 = AXIS2_PLACEMENT_3D('',#9204,#9205,#9206);
#9204 = CARTESIAN_POINT('',(100.03375222558,-45.965,1.585));
#9205 = DIRECTION('',(0.,0.,-1.));
#9206 = DIRECTION('',(-3.759794016837E-06,0.999999999993,-0.));
#9207 = ORIENTED_EDGE('',*,*,#9208,.T.);
#9208 = EDGE_CURVE('',#9200,#9181,#9209,.T.);
#9209 = LINE('',#9210,#9211);
#9210 = CARTESIAN_POINT('',(100.033752,-46.025,1.585));
#9211 = VECTOR('',#9212,1.);
#9212 = DIRECTION('',(-1.,0.,0.));
#9213 = PLANE('',#9214);
#9214 = AXIS2_PLACEMENT_3D('',#9215,#9216,#9217);
#9215 = CARTESIAN_POINT('',(0.,0.,1.585));
#9216 = DIRECTION('',(0.,0.,1.));
#9217 = DIRECTION('',(1.,0.,-0.));
#9218 = SHELL_BASED_SURFACE_MODEL('',(#9219));
#9219 = OPEN_SHELL('',(#9220));
#9220 = ADVANCED_FACE('',(#9221),#9265,.T.);
#9221 = FACE_BOUND('',#9222,.F.);
#9222 = EDGE_LOOP('',(#9223,#9234,#9242,#9251,#9259));
#9223 = ORIENTED_EDGE('',*,*,#9224,.T.);
#9224 = EDGE_CURVE('',#9225,#9227,#9229,.T.);
#9225 = VERTEX_POINT('',#9226);
#9226 = CARTESIAN_POINT('',(83.564567,-45.223398,1.585));
#9227 = VERTEX_POINT('',#9228);
#9228 = CARTESIAN_POINT('',(83.68,-45.246359,1.585));
#9229 = CIRCLE('',#9230,6.000007318648E-02);
#9230 = AXIS2_PLACEMENT_3D('',#9231,#9232,#9233);
#9231 = CARTESIAN_POINT('',(83.619999926814,-45.24635882331,1.585));
#9232 = DIRECTION('',(0.,0.,-1.));
#9233 = DIRECTION('',(-0.923880986637,0.382679921777,0.));
#9234 = ORIENTED_EDGE('',*,*,#9235,.T.);
#9235 = EDGE_CURVE('',#9227,#9236,#9238,.T.);
#9236 = VERTEX_POINT('',#9237);
#9237 = CARTESIAN_POINT('',(83.68,-45.553641,1.585));
#9238 = LINE('',#9239,#9240);
#9239 = CARTESIAN_POINT('',(83.68,-45.246359,1.585));
#9240 = VECTOR('',#9241,1.);
#9241 = DIRECTION('',(0.,-1.,0.));
#9242 = ORIENTED_EDGE('',*,*,#9243,.T.);
#9243 = EDGE_CURVE('',#9236,#9244,#9246,.T.);
#9244 = VERTEX_POINT('',#9245);
#9245 = CARTESIAN_POINT('',(83.56,-45.553641,1.585));
#9246 = CIRCLE('',#9247,6.000000000043E-02);
#9247 = AXIS2_PLACEMENT_3D('',#9248,#9249,#9250);
#9248 = CARTESIAN_POINT('',(83.62,-45.55364122558,1.585));
#9249 = DIRECTION('',(0.,0.,-1.));
#9250 = DIRECTION('',(0.999999999993,3.759794016836E-06,0.));
#9251 = ORIENTED_EDGE('',*,*,#9252,.T.);
#9252 = EDGE_CURVE('',#9244,#9253,#9255,.T.);
#9253 = VERTEX_POINT('',#9254);
#9254 = CARTESIAN_POINT('',(83.56,-45.246359,1.585));
#9255 = LINE('',#9256,#9257);
#9256 = CARTESIAN_POINT('',(83.56,-45.553641,1.585));
#9257 = VECTOR('',#9258,1.);
#9258 = DIRECTION('',(0.,1.,0.));
#9259 = ORIENTED_EDGE('',*,*,#9260,.T.);
#9260 = EDGE_CURVE('',#9253,#9225,#9261,.T.);
#9261 = LINE('',#9262,#9263);
#9262 = CARTESIAN_POINT('',(83.56,-45.246359,1.585));
#9263 = VECTOR('',#9264,1.);
#9264 = DIRECTION('',(0.195081000118,0.980787134598,0.));
#9265 = PLANE('',#9266);
#9266 = AXIS2_PLACEMENT_3D('',#9267,#9268,#9269);
#9267 = CARTESIAN_POINT('',(0.,0.,1.585));
#9268 = DIRECTION('',(0.,0.,1.));
#9269 = DIRECTION('',(1.,0.,-0.));
#9270 = SHELL_BASED_SURFACE_MODEL('',(#9271));
#9271 = OPEN_SHELL('',(#9272));
#9272 = ADVANCED_FACE('',(#9273),#9317,.T.);
#9273 = FACE_BOUND('',#9274,.F.);
#9274 = EDGE_LOOP('',(#9275,#9286,#9294,#9303,#9311));
#9275 = ORIENTED_EDGE('',*,*,#9276,.T.);
#9276 = EDGE_CURVE('',#9277,#9279,#9281,.T.);
#9277 = VERTEX_POINT('',#9278);
#9278 = CARTESIAN_POINT('',(84.324567,-45.223398,1.585));
#9279 = VERTEX_POINT('',#9280);
#9280 = CARTESIAN_POINT('',(84.44,-45.246359,1.585));
#9281 = CIRCLE('',#9282,6.000007318647E-02);
#9282 = AXIS2_PLACEMENT_3D('',#9283,#9284,#9285);
#9283 = CARTESIAN_POINT('',(84.379999926814,-45.24635882331,1.585));
#9284 = DIRECTION('',(0.,0.,-1.));
#9285 = DIRECTION('',(-0.923880986637,0.382679921777,0.));
#9286 = ORIENTED_EDGE('',*,*,#9287,.T.);
#9287 = EDGE_CURVE('',#9279,#9288,#9290,.T.);
#9288 = VERTEX_POINT('',#9289);
#9289 = CARTESIAN_POINT('',(84.44,-45.553641,1.585));
#9290 = LINE('',#9291,#9292);
#9291 = CARTESIAN_POINT('',(84.44,-45.246359,1.585));
#9292 = VECTOR('',#9293,1.);
#9293 = DIRECTION('',(0.,-1.,0.));
#9294 = ORIENTED_EDGE('',*,*,#9295,.T.);
#9295 = EDGE_CURVE('',#9288,#9296,#9298,.T.);
#9296 = VERTEX_POINT('',#9297);
#9297 = CARTESIAN_POINT('',(84.32,-45.553641,1.585));
#9298 = CIRCLE('',#9299,6.000000000043E-02);
#9299 = AXIS2_PLACEMENT_3D('',#9300,#9301,#9302);
#9300 = CARTESIAN_POINT('',(84.38,-45.55364122558,1.585));
#9301 = DIRECTION('',(0.,0.,-1.));
#9302 = DIRECTION('',(0.999999999993,3.75979413526E-06,0.));
#9303 = ORIENTED_EDGE('',*,*,#9304,.T.);
#9304 = EDGE_CURVE('',#9296,#9305,#9307,.T.);
#9305 = VERTEX_POINT('',#9306);
#9306 = CARTESIAN_POINT('',(84.32,-45.246359,1.585));
#9307 = LINE('',#9308,#9309);
#9308 = CARTESIAN_POINT('',(84.32,-45.553641,1.585));
#9309 = VECTOR('',#9310,1.);
#9310 = DIRECTION('',(0.,1.,0.));
#9311 = ORIENTED_EDGE('',*,*,#9312,.T.);
#9312 = EDGE_CURVE('',#9305,#9277,#9313,.T.);
#9313 = LINE('',#9314,#9315);
#9314 = CARTESIAN_POINT('',(84.32,-45.246359,1.585));
#9315 = VECTOR('',#9316,1.);
#9316 = DIRECTION('',(0.195081000118,0.980787134598,0.));
#9317 = PLANE('',#9318);
#9318 = AXIS2_PLACEMENT_3D('',#9319,#9320,#9321);
#9319 = CARTESIAN_POINT('',(0.,0.,1.585));
#9320 = DIRECTION('',(0.,0.,1.));
#9321 = DIRECTION('',(1.,0.,-0.));
#9322 = SHELL_BASED_SURFACE_MODEL('',(#9323));
#9323 = OPEN_SHELL('',(#9324));
#9324 = ADVANCED_FACE('',(#9325),#9519,.T.);
#9325 = FACE_BOUND('',#9326,.F.);
#9326 = EDGE_LOOP('',(#9327,#9338,#9346,#9355,#9363,#9372,#9380,#9388,
    #9396,#9405,#9413,#9422,#9430,#9439,#9447,#9455,#9463,#9472,#9480,
    #9488,#9497,#9505,#9513));
#9327 = ORIENTED_EDGE('',*,*,#9328,.T.);
#9328 = EDGE_CURVE('',#9329,#9331,#9333,.T.);
#9329 = VERTEX_POINT('',#9330);
#9330 = CARTESIAN_POINT('',(82.243151,-44.551925,1.585));
#9331 = VERTEX_POINT('',#9332);
#9332 = CARTESIAN_POINT('',(82.334207,-44.557842,1.585));
#9333 = CIRCLE('',#9334,7.499904172406E-02);
#9334 = AXIS2_PLACEMENT_3D('',#9335,#9336,#9337);
#9335 = CARTESIAN_POINT('',(82.284819044959,-44.61428388299,1.585));
#9336 = DIRECTION('',(0.,0.,-1.));
#9337 = DIRECTION('',(-0.555581031454,0.831462396918,0.));
#9338 = ORIENTED_EDGE('',*,*,#9339,.T.);
#9339 = EDGE_CURVE('',#9331,#9340,#9342,.T.);
#9340 = VERTEX_POINT('',#9341);
#9341 = CARTESIAN_POINT('',(82.593516,-44.784737,1.585));
#9342 = LINE('',#9343,#9344);
#9343 = CARTESIAN_POINT('',(82.334207,-44.557842,1.585));
#9344 = VECTOR('',#9345,1.);
#9345 = DIRECTION('',(0.752577234061,-0.658503991463,0.));
#9346 = ORIENTED_EDGE('',*,*,#9347,.T.);
#9347 = EDGE_CURVE('',#9340,#9348,#9350,.T.);
#9348 = VERTEX_POINT('',#9349);
#9349 = CARTESIAN_POINT('',(82.841615,-44.540726,1.585));
#9350 = CIRCLE('',#9351,0.348517853144);
#9351 = AXIS2_PLACEMENT_3D('',#9352,#9353,#9354);
#9352 = CARTESIAN_POINT('',(82.929315486868,-44.87802900704,1.585));
#9353 = DIRECTION('',(0.,0.,-1.));
#9354 = DIRECTION('',(-0.963507274705,0.267682146568,0.));
#9355 = ORIENTED_EDGE('',*,*,#9356,.T.);
#9356 = EDGE_CURVE('',#9348,#9357,#9359,.T.);
#9357 = VERTEX_POINT('',#9358);
#9358 = CARTESIAN_POINT('',(83.108974,-44.540726,1.585));
#9359 = LINE('',#9360,#9361);
#9360 = CARTESIAN_POINT('',(82.841615,-44.540726,1.585));
#9361 = VECTOR('',#9362,1.);
#9362 = DIRECTION('',(1.,0.,0.));
#9363 = ORIENTED_EDGE('',*,*,#9364,.T.);
#9364 = EDGE_CURVE('',#9357,#9365,#9367,.T.);
#9365 = VERTEX_POINT('',#9366);
#9366 = CARTESIAN_POINT('',(83.358378,-44.790129,1.585));
#9367 = CIRCLE('',#9368,0.347873191155);
#9368 = AXIS2_PLACEMENT_3D('',#9369,#9370,#9371);
#9369 = CARTESIAN_POINT('',(83.021644936593,-44.87745941356,1.585));
#9370 = DIRECTION('',(0.,0.,-1.));
#9371 = DIRECTION('',(0.251037060709,0.967977476055,0.));
#9372 = ORIENTED_EDGE('',*,*,#9373,.T.);
#9373 = EDGE_CURVE('',#9365,#9374,#9376,.T.);
#9374 = VERTEX_POINT('',#9375);
#9375 = CARTESIAN_POINT('',(83.357156,-45.110285,1.585));
#9376 = LINE('',#9377,#9378);
#9377 = CARTESIAN_POINT('',(83.358378,-44.790129,1.585));
#9378 = VECTOR('',#9379,1.);
#9379 = DIRECTION('',(-3.816861463332E-03,-0.999992715758,0.));
#9380 = ORIENTED_EDGE('',*,*,#9381,.T.);
#9381 = EDGE_CURVE('',#9374,#9382,#9384,.T.);
#9382 = VERTEX_POINT('',#9383);
#9383 = CARTESIAN_POINT('',(83.29495,-45.232997,1.585));
#9384 = LINE('',#9385,#9386);
#9385 = CARTESIAN_POINT('',(83.357156,-45.110285,1.585));
#9386 = VECTOR('',#9387,1.);
#9387 = DIRECTION('',(-0.452149402815,-0.891942216477,0.));
#9388 = ORIENTED_EDGE('',*,*,#9389,.T.);
#9389 = EDGE_CURVE('',#9382,#9390,#9392,.T.);
#9390 = VERTEX_POINT('',#9391);
#9391 = CARTESIAN_POINT('',(83.231247,-45.295693,1.585));
#9392 = LINE('',#9393,#9394);
#9393 = CARTESIAN_POINT('',(83.29495,-45.232997,1.585));
#9394 = VECTOR('',#9395,1.);
#9395 = DIRECTION('',(-0.712717566469,-0.701451117645,0.));
#9396 = ORIENTED_EDGE('',*,*,#9397,.T.);
#9397 = EDGE_CURVE('',#9390,#9398,#9400,.T.);
#9398 = VERTEX_POINT('',#9399);
#9399 = CARTESIAN_POINT('',(83.136548,-45.180298,1.585));
#9400 = CIRCLE('',#9401,7.50001266804E-02);
#9401 = AXIS2_PLACEMENT_3D('',#9402,#9403,#9404);
#9402 = CARTESIAN_POINT('',(83.189580248312,-45.233331948,1.585));
#9403 = DIRECTION('',(0.,0.,-1.));
#9404 = DIRECTION('',(0.555555750804,-0.831479288827,0.));
#9405 = ORIENTED_EDGE('',*,*,#9406,.T.);
#9406 = EDGE_CURVE('',#9398,#9407,#9409,.T.);
#9407 = VERTEX_POINT('',#9408);
#9408 = CARTESIAN_POINT('',(83.175561,-45.141285,1.585));
#9409 = LINE('',#9410,#9411);
#9410 = CARTESIAN_POINT('',(83.136548,-45.180298,1.585));
#9411 = VECTOR('',#9412,1.);
#9412 = DIRECTION('',(0.707106781187,0.707106781187,0.));
#9413 = ORIENTED_EDGE('',*,*,#9414,.T.);
#9414 = EDGE_CURVE('',#9407,#9415,#9417,.T.);
#9415 = VERTEX_POINT('',#9416);
#9416 = CARTESIAN_POINT('',(83.175561,-44.75395,1.585));
#9417 = CIRCLE('',#9418,0.358499305983);
#9418 = AXIS2_PLACEMENT_3D('',#9419,#9420,#9421);
#9419 = CARTESIAN_POINT('',(82.87387465322,-44.9476175,1.585));
#9420 = DIRECTION('',(0.,-0.,1.));
#9421 = DIRECTION('',(0.841525608965,-0.540217224324,-0.));
#9422 = ORIENTED_EDGE('',*,*,#9423,.T.);
#9423 = EDGE_CURVE('',#9415,#9424,#9426,.T.);
#9424 = VERTEX_POINT('',#9425);
#9425 = CARTESIAN_POINT('',(83.145153,-44.723543,1.585));
#9426 = LINE('',#9427,#9428);
#9427 = CARTESIAN_POINT('',(83.175561,-44.75395,1.585));
#9428 = VECTOR('',#9429,1.);
#9429 = DIRECTION('',(-0.707118408268,0.707095153914,0.));
#9430 = ORIENTED_EDGE('',*,*,#9431,.T.);
#9431 = EDGE_CURVE('',#9424,#9432,#9434,.T.);
#9432 = VERTEX_POINT('',#9433);
#9433 = CARTESIAN_POINT('',(82.805436,-44.723543,1.585));
#9434 = CIRCLE('',#9435,0.305621483548);
#9435 = AXIS2_PLACEMENT_3D('',#9436,#9437,#9438);
#9436 = CARTESIAN_POINT('',(82.9752945,-44.977615,1.585));
#9437 = DIRECTION('',(0.,0.,1.));
#9438 = DIRECTION('',(0.555780627814,0.831328992485,-0.));
#9439 = ORIENTED_EDGE('',*,*,#9440,.T.);
#9440 = EDGE_CURVE('',#9432,#9441,#9443,.T.);
#9441 = VERTEX_POINT('',#9442);
#9442 = CARTESIAN_POINT('',(82.775029,-44.75395,1.585));
#9443 = LINE('',#9444,#9445);
#9444 = CARTESIAN_POINT('',(82.805436,-44.723543,1.585));
#9445 = VECTOR('',#9446,1.);
#9446 = DIRECTION('',(-0.707106781186,-0.707106781187,0.));
#9447 = ORIENTED_EDGE('',*,*,#9448,.T.);
#9448 = EDGE_CURVE('',#9441,#9449,#9451,.T.);
#9449 = VERTEX_POINT('',#9450);
#9450 = CARTESIAN_POINT('',(82.740771,-44.822466,1.585));
#9451 = LINE('',#9452,#9453);
#9452 = CARTESIAN_POINT('',(82.775029,-44.75395,1.585));
#9453 = VECTOR('',#9454,1.);
#9454 = DIRECTION('',(-0.4472135955,-0.894427191,0.));
#9455 = ORIENTED_EDGE('',*,*,#9456,.T.);
#9456 = EDGE_CURVE('',#9449,#9457,#9459,.T.);
#9457 = VERTEX_POINT('',#9458);
#9458 = CARTESIAN_POINT('',(82.73933,-44.96225,1.585));
#9459 = LINE('',#9460,#9461);
#9460 = CARTESIAN_POINT('',(82.740771,-44.822466,1.585));
#9461 = VECTOR('',#9462,1.);
#9462 = DIRECTION('',(-1.030821437469E-02,-0.999946868947,0.));
#9463 = ORIENTED_EDGE('',*,*,#9464,.T.);
#9464 = EDGE_CURVE('',#9457,#9465,#9467,.T.);
#9465 = VERTEX_POINT('',#9466);
#9466 = CARTESIAN_POINT('',(82.616383,-45.004061,1.585));
#9467 = CIRCLE('',#9468,7.500015628754E-02);
#9468 = AXIS2_PLACEMENT_3D('',#9469,#9470,#9471);
#9469 = CARTESIAN_POINT('',(82.665771046102,-44.94761771567,1.585));
#9470 = DIRECTION('',(-0.,0.,-1.));
#9471 = DIRECTION('',(0.980784008184,-0.195096717785,-0.));
#9472 = ORIENTED_EDGE('',*,*,#9473,.T.);
#9473 = EDGE_CURVE('',#9465,#9474,#9476,.T.);
#9474 = VERTEX_POINT('',#9475);
#9475 = CARTESIAN_POINT('',(82.359819,-44.779567,1.585));
#9476 = LINE('',#9477,#9478);
#9477 = CARTESIAN_POINT('',(82.616383,-45.004061,1.585));
#9478 = VECTOR('',#9479,1.);
#9479 = DIRECTION('',(-0.752575967874,0.658505438534,0.));
#9480 = ORIENTED_EDGE('',*,*,#9481,.T.);
#9481 = EDGE_CURVE('',#9474,#9482,#9484,.T.);
#9482 = VERTEX_POINT('',#9483);
#9483 = CARTESIAN_POINT('',(82.358378,-45.247964,1.585));
#9484 = LINE('',#9485,#9486);
#9485 = CARTESIAN_POINT('',(82.359819,-44.779567,1.585));
#9486 = VECTOR('',#9487,1.);
#9487 = DIRECTION('',(-3.076435546862E-03,-0.999995267761,0.));
#9488 = ORIENTED_EDGE('',*,*,#9489,.T.);
#9489 = EDGE_CURVE('',#9482,#9490,#9492,.T.);
#9490 = VERTEX_POINT('',#9491);
#9491 = CARTESIAN_POINT('',(82.209819,-45.233332,1.585));
#9492 = CIRCLE('',#9493,7.500006711464E-02);
#9493 = AXIS2_PLACEMENT_3D('',#9494,#9495,#9496);
#9494 = CARTESIAN_POINT('',(82.284819067115,-45.23333206711,1.585));
#9495 = DIRECTION('',(-0.,0.,-1.));
#9496 = DIRECTION('',(0.980784894138,-0.195092263891,-0.));
#9497 = ORIENTED_EDGE('',*,*,#9498,.T.);
#9498 = EDGE_CURVE('',#9490,#9499,#9501,.T.);
#9499 = VERTEX_POINT('',#9500);
#9500 = CARTESIAN_POINT('',(82.21126,-44.599653,1.585));
#9501 = LINE('',#9502,#9503);
#9502 = CARTESIAN_POINT('',(82.209819,-45.233332,1.585));
#9503 = VECTOR('',#9504,1.);
#9504 = DIRECTION('',(2.274016140951E-03,0.999997414422,0.));
#9505 = ORIENTED_EDGE('',*,*,#9506,.T.);
#9506 = EDGE_CURVE('',#9499,#9507,#9509,.T.);
#9507 = VERTEX_POINT('',#9508);
#9508 = CARTESIAN_POINT('',(82.222459,-44.572617,1.585));
#9509 = LINE('',#9510,#9511);
#9510 = CARTESIAN_POINT('',(82.21126,-44.599653,1.585));
#9511 = VECTOR('',#9512,1.);
#9512 = DIRECTION('',(0.38269282806,0.923875640631,0.));
#9513 = ORIENTED_EDGE('',*,*,#9514,.T.);
#9514 = EDGE_CURVE('',#9507,#9329,#9515,.T.);
#9515 = LINE('',#9516,#9517);
#9516 = CARTESIAN_POINT('',(82.222459,-44.572617,1.585));
#9517 = VECTOR('',#9518,1.);
#9518 = DIRECTION('',(0.707106781186,0.707106781187,0.));
#9519 = PLANE('',#9520);
#9520 = AXIS2_PLACEMENT_3D('',#9521,#9522,#9523);
#9521 = CARTESIAN_POINT('',(0.,0.,1.585));
#9522 = DIRECTION('',(0.,0.,1.));
#9523 = DIRECTION('',(1.,0.,-0.));
#9524 = SHELL_BASED_SURFACE_MODEL('',(#9525));
#9525 = OPEN_SHELL('',(#9526));
#9526 = ADVANCED_FACE('',(#9527),#9621,.T.);
#9527 = FACE_BOUND('',#9528,.F.);
#9528 = EDGE_LOOP('',(#9529,#9540,#9548,#9556,#9564,#9573,#9581,#9590,
    #9598,#9607,#9615));
#9529 = ORIENTED_EDGE('',*,*,#9530,.T.);
#9530 = EDGE_CURVE('',#9531,#9533,#9535,.T.);
#9531 = VERTEX_POINT('',#9532);
#9532 = CARTESIAN_POINT('',(85.874567,-44.887039,1.585));
#9533 = VERTEX_POINT('',#9534);
#9534 = CARTESIAN_POINT('',(85.99,-44.91,1.585));
#9535 = CIRCLE('',#9536,6.000007318647E-02);
#9536 = AXIS2_PLACEMENT_3D('',#9537,#9538,#9539);
#9537 = CARTESIAN_POINT('',(85.929999926814,-44.90999982331,1.585));
#9538 = DIRECTION('',(0.,0.,-1.));
#9539 = DIRECTION('',(-0.923880986637,0.382679921777,0.));
#9540 = ORIENTED_EDGE('',*,*,#9541,.T.);
#9541 = EDGE_CURVE('',#9533,#9542,#9544,.T.);
#9542 = VERTEX_POINT('',#9543);
#9543 = CARTESIAN_POINT('',(85.99,-45.15,1.585));
#9544 = LINE('',#9545,#9546);
#9545 = CARTESIAN_POINT('',(85.99,-44.91,1.585));
#9546 = VECTOR('',#9547,1.);
#9547 = DIRECTION('',(0.,-1.,0.));
#9548 = ORIENTED_EDGE('',*,*,#9549,.T.);
#9549 = EDGE_CURVE('',#9542,#9550,#9552,.T.);
#9550 = VERTEX_POINT('',#9551);
#9551 = CARTESIAN_POINT('',(104.09,-45.15,1.585));
#9552 = LINE('',#9553,#9554);
#9553 = CARTESIAN_POINT('',(85.99,-45.15,1.585));
#9554 = VECTOR('',#9555,1.);
#9555 = DIRECTION('',(1.,0.,0.));
#9556 = ORIENTED_EDGE('',*,*,#9557,.T.);
#9557 = EDGE_CURVE('',#9550,#9558,#9560,.T.);
#9558 = VERTEX_POINT('',#9559);
#9559 = CARTESIAN_POINT('',(104.09,-44.91,1.585));
#9560 = LINE('',#9561,#9562);
#9561 = CARTESIAN_POINT('',(104.09,-45.15,1.585));
#9562 = VECTOR('',#9563,1.);
#9563 = DIRECTION('',(0.,1.,0.));
#9564 = ORIENTED_EDGE('',*,*,#9565,.T.);
#9565 = EDGE_CURVE('',#9558,#9566,#9568,.T.);
#9566 = VERTEX_POINT('',#9567);
#9567 = CARTESIAN_POINT('',(104.21,-44.91,1.585));
#9568 = CIRCLE('',#9569,6.000000000042E-02);
#9569 = AXIS2_PLACEMENT_3D('',#9570,#9571,#9572);
#9570 = CARTESIAN_POINT('',(104.15,-44.90999977441,1.585));
#9571 = DIRECTION('',(0.,0.,-1.));
#9572 = DIRECTION('',(-0.999999999993,-3.759794016836E-06,-0.));
#9573 = ORIENTED_EDGE('',*,*,#9574,.T.);
#9574 = EDGE_CURVE('',#9566,#9575,#9577,.T.);
#9575 = VERTEX_POINT('',#9576);
#9576 = CARTESIAN_POINT('',(104.21,-45.21,1.585));
#9577 = LINE('',#9578,#9579);
#9578 = CARTESIAN_POINT('',(104.21,-44.91,1.585));
#9579 = VECTOR('',#9580,1.);
#9580 = DIRECTION('',(0.,-1.,0.));
#9581 = ORIENTED_EDGE('',*,*,#9582,.T.);
#9582 = EDGE_CURVE('',#9575,#9583,#9585,.T.);
#9583 = VERTEX_POINT('',#9584);
#9584 = CARTESIAN_POINT('',(104.15,-45.27,1.585));
#9585 = CIRCLE('',#9586,5.999932016259E-02);
#9586 = AXIS2_PLACEMENT_3D('',#9587,#9588,#9589);
#9587 = CARTESIAN_POINT('',(104.15000067984,-45.21000067984,1.585));
#9588 = DIRECTION('',(0.,0.,-1.));
#9589 = DIRECTION('',(0.999999999936,1.133081612143E-05,0.));
#9590 = ORIENTED_EDGE('',*,*,#9591,.T.);
#9591 = EDGE_CURVE('',#9583,#9592,#9594,.T.);
#9592 = VERTEX_POINT('',#9593);
#9593 = CARTESIAN_POINT('',(85.93,-45.27,1.585));
#9594 = LINE('',#9595,#9596);
#9595 = CARTESIAN_POINT('',(104.15,-45.27,1.585));
#9596 = VECTOR('',#9597,1.);
#9597 = DIRECTION('',(-1.,0.,0.));
#9598 = ORIENTED_EDGE('',*,*,#9599,.T.);
#9599 = EDGE_CURVE('',#9592,#9600,#9602,.T.);
#9600 = VERTEX_POINT('',#9601);
#9601 = CARTESIAN_POINT('',(85.87,-45.21,1.585));
#9602 = CIRCLE('',#9603,5.999932016259E-02);
#9603 = AXIS2_PLACEMENT_3D('',#9604,#9605,#9606);
#9604 = CARTESIAN_POINT('',(85.929999320159,-45.21000067984,1.585));
#9605 = DIRECTION('',(0.,0.,-1.));
#9606 = DIRECTION('',(1.133081612143E-05,-0.999999999936,0.));
#9607 = ORIENTED_EDGE('',*,*,#9608,.T.);
#9608 = EDGE_CURVE('',#9600,#9609,#9611,.T.);
#9609 = VERTEX_POINT('',#9610);
#9610 = CARTESIAN_POINT('',(85.87,-44.91,1.585));
#9611 = LINE('',#9612,#9613);
#9612 = CARTESIAN_POINT('',(85.87,-45.21,1.585));
#9613 = VECTOR('',#9614,1.);
#9614 = DIRECTION('',(0.,1.,0.));
#9615 = ORIENTED_EDGE('',*,*,#9616,.T.);
#9616 = EDGE_CURVE('',#9609,#9531,#9617,.T.);
#9617 = LINE('',#9618,#9619);
#9618 = CARTESIAN_POINT('',(85.87,-44.91,1.585));
#9619 = VECTOR('',#9620,1.);
#9620 = DIRECTION('',(0.195081000118,0.980787134598,0.));
#9621 = PLANE('',#9622);
#9622 = AXIS2_PLACEMENT_3D('',#9623,#9624,#9625);
#9623 = CARTESIAN_POINT('',(0.,0.,1.585));
#9624 = DIRECTION('',(0.,0.,1.));
#9625 = DIRECTION('',(1.,0.,-0.));
#9626 = SHELL_BASED_SURFACE_MODEL('',(#9627));
#9627 = OPEN_SHELL('',(#9628));
#9628 = ADVANCED_FACE('',(#9629,#9699),#9733,.T.);
#9629 = FACE_BOUND('',#9630,.F.);
#9630 = EDGE_LOOP('',(#9631,#9642,#9650,#9659,#9667,#9676,#9684,#9693));
#9631 = ORIENTED_EDGE('',*,*,#9632,.T.);
#9632 = EDGE_CURVE('',#9633,#9635,#9637,.T.);
#9633 = VERTEX_POINT('',#9634);
#9634 = CARTESIAN_POINT('',(105.83,-42.2,1.585));
#9635 = VERTEX_POINT('',#9636);
#9636 = CARTESIAN_POINT('',(105.89,-42.14,1.585));
#9637 = CIRCLE('',#9638,5.999932016262E-02);
#9638 = AXIS2_PLACEMENT_3D('',#9639,#9640,#9641);
#9639 = CARTESIAN_POINT('',(105.88999932015,-42.19999932015,1.585));
#9640 = DIRECTION('',(0.,0.,-1.));
#9641 = DIRECTION('',(-0.999999999936,-1.133081564772E-05,-0.));
#9642 = ORIENTED_EDGE('',*,*,#9643,.T.);
#9643 = EDGE_CURVE('',#9635,#9644,#9646,.T.);
#9644 = VERTEX_POINT('',#9645);
#9645 = CARTESIAN_POINT('',(108.11,-42.14,1.585));
#9646 = LINE('',#9647,#9648);
#9647 = CARTESIAN_POINT('',(105.89,-42.14,1.585));
#9648 = VECTOR('',#9649,1.);
#9649 = DIRECTION('',(1.,0.,0.));
#9650 = ORIENTED_EDGE('',*,*,#9651,.T.);
#9651 = EDGE_CURVE('',#9644,#9652,#9654,.T.);
#9652 = VERTEX_POINT('',#9653);
#9653 = CARTESIAN_POINT('',(108.17,-42.2,1.585));
#9654 = CIRCLE('',#9655,5.999932016262E-02);
#9655 = AXIS2_PLACEMENT_3D('',#9656,#9657,#9658);
#9656 = CARTESIAN_POINT('',(108.11000067984,-42.19999932015,1.585));
#9657 = DIRECTION('',(0.,0.,-1.));
#9658 = DIRECTION('',(-1.133081564772E-05,0.999999999936,0.));
#9659 = ORIENTED_EDGE('',*,*,#9660,.T.);
#9660 = EDGE_CURVE('',#9652,#9661,#9663,.T.);
#9661 = VERTEX_POINT('',#9662);
#9662 = CARTESIAN_POINT('',(108.17,-44.31,1.585));
#9663 = LINE('',#9664,#9665);
#9664 = CARTESIAN_POINT('',(108.17,-42.2,1.585));
#9665 = VECTOR('',#9666,1.);
#9666 = DIRECTION('',(0.,-1.,0.));
#9667 = ORIENTED_EDGE('',*,*,#9668,.T.);
#9668 = EDGE_CURVE('',#9661,#9669,#9671,.T.);
#9669 = VERTEX_POINT('',#9670);
#9670 = CARTESIAN_POINT('',(108.11,-44.37,1.585));
#9671 = CIRCLE('',#9672,5.999932016262E-02);
#9672 = AXIS2_PLACEMENT_3D('',#9673,#9674,#9675);
#9673 = CARTESIAN_POINT('',(108.11000067984,-44.31000067984,1.585));
#9674 = DIRECTION('',(0.,0.,-1.));
#9675 = DIRECTION('',(0.999999999936,1.133081541087E-05,0.));
#9676 = ORIENTED_EDGE('',*,*,#9677,.T.);
#9677 = EDGE_CURVE('',#9669,#9678,#9680,.T.);
#9678 = VERTEX_POINT('',#9679);
#9679 = CARTESIAN_POINT('',(105.89,-44.37,1.585));
#9680 = LINE('',#9681,#9682);
#9681 = CARTESIAN_POINT('',(108.11,-44.37,1.585));
#9682 = VECTOR('',#9683,1.);
#9683 = DIRECTION('',(-1.,0.,0.));
#9684 = ORIENTED_EDGE('',*,*,#9685,.T.);
#9685 = EDGE_CURVE('',#9678,#9686,#9688,.T.);
#9686 = VERTEX_POINT('',#9687);
#9687 = CARTESIAN_POINT('',(105.83,-44.31,1.585));
#9688 = CIRCLE('',#9689,5.99993201626E-02);
#9689 = AXIS2_PLACEMENT_3D('',#9690,#9691,#9692);
#9690 = CARTESIAN_POINT('',(105.88999932015,-44.31000067984,1.585));
#9691 = DIRECTION('',(0.,0.,-1.));
#9692 = DIRECTION('',(1.133081588457E-05,-0.999999999936,0.));
#9693 = ORIENTED_EDGE('',*,*,#9694,.T.);
#9694 = EDGE_CURVE('',#9686,#9633,#9695,.T.);
#9695 = LINE('',#9696,#9697);
#9696 = CARTESIAN_POINT('',(105.83,-44.31,1.585));
#9697 = VECTOR('',#9698,1.);
#9698 = DIRECTION('',(0.,1.,0.));
#9699 = FACE_BOUND('',#9700,.F.);
#9700 = EDGE_LOOP('',(#9701,#9711,#9719,#9727));
#9701 = ORIENTED_EDGE('',*,*,#9702,.T.);
#9702 = EDGE_CURVE('',#9703,#9705,#9707,.T.);
#9703 = VERTEX_POINT('',#9704);
#9704 = CARTESIAN_POINT('',(108.05,-44.25,1.585));
#9705 = VERTEX_POINT('',#9706);
#9706 = CARTESIAN_POINT('',(108.05,-42.26,1.585));
#9707 = LINE('',#9708,#9709);
#9708 = CARTESIAN_POINT('',(108.05,-44.25,1.585));
#9709 = VECTOR('',#9710,1.);
#9710 = DIRECTION('',(0.,1.,0.));
#9711 = ORIENTED_EDGE('',*,*,#9712,.T.);
#9712 = EDGE_CURVE('',#9705,#9713,#9715,.T.);
#9713 = VERTEX_POINT('',#9714);
#9714 = CARTESIAN_POINT('',(105.95,-42.26,1.585));
#9715 = LINE('',#9716,#9717);
#9716 = CARTESIAN_POINT('',(108.05,-42.26,1.585));
#9717 = VECTOR('',#9718,1.);
#9718 = DIRECTION('',(-1.,0.,0.));
#9719 = ORIENTED_EDGE('',*,*,#9720,.T.);
#9720 = EDGE_CURVE('',#9713,#9721,#9723,.T.);
#9721 = VERTEX_POINT('',#9722);
#9722 = CARTESIAN_POINT('',(105.95,-44.25,1.585));
#9723 = LINE('',#9724,#9725);
#9724 = CARTESIAN_POINT('',(105.95,-42.26,1.585));
#9725 = VECTOR('',#9726,1.);
#9726 = DIRECTION('',(0.,-1.,0.));
#9727 = ORIENTED_EDGE('',*,*,#9728,.T.);
#9728 = EDGE_CURVE('',#9721,#9703,#9729,.T.);
#9729 = LINE('',#9730,#9731);
#9730 = CARTESIAN_POINT('',(105.95,-44.25,1.585));
#9731 = VECTOR('',#9732,1.);
#9732 = DIRECTION('',(1.,0.,0.));
#9733 = PLANE('',#9734);
#9734 = AXIS2_PLACEMENT_3D('',#9735,#9736,#9737);
#9735 = CARTESIAN_POINT('',(0.,0.,1.585));
#9736 = DIRECTION('',(0.,0.,1.));
#9737 = DIRECTION('',(1.,0.,-0.));
#9738 = SHELL_BASED_SURFACE_MODEL('',(#9739));
#9739 = OPEN_SHELL('',(#9740));
#9740 = ADVANCED_FACE('',(#9741),#9802,.T.);
#9741 = FACE_BOUND('',#9742,.F.);
#9742 = EDGE_LOOP('',(#9743,#9754,#9762,#9771,#9779,#9787,#9796));
#9743 = ORIENTED_EDGE('',*,*,#9744,.T.);
#9744 = EDGE_CURVE('',#9745,#9747,#9749,.T.);
#9745 = VERTEX_POINT('',#9746);
#9746 = CARTESIAN_POINT('',(105.83,-40.09,1.585));
#9747 = VERTEX_POINT('',#9748);
#9748 = CARTESIAN_POINT('',(105.89,-40.03,1.585));
#9749 = CIRCLE('',#9750,5.999932016262E-02);
#9750 = AXIS2_PLACEMENT_3D('',#9751,#9752,#9753);
#9751 = CARTESIAN_POINT('',(105.88999932015,-40.08999932015,1.585));
#9752 = DIRECTION('',(0.,0.,-1.));
#9753 = DIRECTION('',(-0.999999999936,-1.133081564772E-05,-0.));
#9754 = ORIENTED_EDGE('',*,*,#9755,.T.);
#9755 = EDGE_CURVE('',#9747,#9756,#9758,.T.);
#9756 = VERTEX_POINT('',#9757);
#9757 = CARTESIAN_POINT('',(107.,-40.03,1.585));
#9758 = LINE('',#9759,#9760);
#9759 = CARTESIAN_POINT('',(105.89,-40.03,1.585));
#9760 = VECTOR('',#9761,1.);
#9761 = DIRECTION('',(1.,0.,0.));
#9762 = ORIENTED_EDGE('',*,*,#9763,.T.);
#9763 = EDGE_CURVE('',#9756,#9764,#9766,.T.);
#9764 = VERTEX_POINT('',#9765);
#9765 = CARTESIAN_POINT('',(107.,-40.15,1.585));
#9766 = CIRCLE('',#9767,6.000000000042E-02);
#9767 = AXIS2_PLACEMENT_3D('',#9768,#9769,#9770);
#9768 = CARTESIAN_POINT('',(107.00000022558,-40.09,1.585));
#9769 = DIRECTION('',(0.,0.,-1.));
#9770 = DIRECTION('',(-3.759794016837E-06,0.999999999993,-0.));
#9771 = ORIENTED_EDGE('',*,*,#9772,.T.);
#9772 = EDGE_CURVE('',#9764,#9773,#9775,.T.);
#9773 = VERTEX_POINT('',#9774);
#9774 = CARTESIAN_POINT('',(105.95,-40.15,1.585));
#9775 = LINE('',#9776,#9777);
#9776 = CARTESIAN_POINT('',(107.,-40.15,1.585));
#9777 = VECTOR('',#9778,1.);
#9778 = DIRECTION('',(-1.,0.,0.));
#9779 = ORIENTED_EDGE('',*,*,#9780,.T.);
#9780 = EDGE_CURVE('',#9773,#9781,#9783,.T.);
#9781 = VERTEX_POINT('',#9782);
#9782 = CARTESIAN_POINT('',(105.95,-41.2,1.585));
#9783 = LINE('',#9784,#9785);
#9784 = CARTESIAN_POINT('',(105.95,-40.15,1.585));
#9785 = VECTOR('',#9786,1.);
#9786 = DIRECTION('',(0.,-1.,0.));
#9787 = ORIENTED_EDGE('',*,*,#9788,.T.);
#9788 = EDGE_CURVE('',#9781,#9789,#9791,.T.);
#9789 = VERTEX_POINT('',#9790);
#9790 = CARTESIAN_POINT('',(105.83,-41.2,1.585));
#9791 = CIRCLE('',#9792,6.000000000043E-02);
#9792 = AXIS2_PLACEMENT_3D('',#9793,#9794,#9795);
#9793 = CARTESIAN_POINT('',(105.89,-41.20000022558,1.585));
#9794 = DIRECTION('',(0.,0.,-1.));
#9795 = DIRECTION('',(0.999999999993,3.759793898411E-06,0.));
#9796 = ORIENTED_EDGE('',*,*,#9797,.T.);
#9797 = EDGE_CURVE('',#9789,#9745,#9798,.T.);
#9798 = LINE('',#9799,#9800);
#9799 = CARTESIAN_POINT('',(105.83,-41.2,1.585));
#9800 = VECTOR('',#9801,1.);
#9801 = DIRECTION('',(0.,1.,0.));
#9802 = PLANE('',#9803);
#9803 = AXIS2_PLACEMENT_3D('',#9804,#9805,#9806);
#9804 = CARTESIAN_POINT('',(0.,0.,1.585));
#9805 = DIRECTION('',(0.,0.,1.));
#9806 = DIRECTION('',(1.,0.,-0.));
#9807 = SHELL_BASED_SURFACE_MODEL('',(#9808));
#9808 = OPEN_SHELL('',(#9809));
#9809 = ADVANCED_FACE('',(#9810),#9944,.T.);
#9810 = FACE_BOUND('',#9811,.F.);
#9811 = EDGE_LOOP('',(#9812,#9822,#9830,#9839,#9847,#9855,#9864,#9872,
    #9881,#9889,#9897,#9905,#9913,#9922,#9930,#9938));
#9812 = ORIENTED_EDGE('',*,*,#9813,.T.);
#9813 = EDGE_CURVE('',#9814,#9816,#9818,.T.);
#9814 = VERTEX_POINT('',#9815);
#9815 = CARTESIAN_POINT('',(106.970721,-38.491841,1.585));
#9816 = VERTEX_POINT('',#9817);
#9817 = CARTESIAN_POINT('',(107.009177,-38.47126,1.585));
#9818 = LINE('',#9819,#9820);
#9819 = CARTESIAN_POINT('',(106.970721,-38.491841,1.585));
#9820 = VECTOR('',#9821,1.);
#9821 = DIRECTION('',(0.881674852639,0.471857451169,0.));
#9822 = ORIENTED_EDGE('',*,*,#9823,.T.);
#9823 = EDGE_CURVE('',#9816,#9824,#9826,.T.);
#9824 = VERTEX_POINT('',#9825);
#9825 = CARTESIAN_POINT('',(107.031014,-38.47126,1.585));
#9826 = LINE('',#9827,#9828);
#9827 = CARTESIAN_POINT('',(107.009177,-38.47126,1.585));
#9828 = VECTOR('',#9829,1.);
#9829 = DIRECTION('',(1.,0.,0.));
#9830 = ORIENTED_EDGE('',*,*,#9831,.T.);
#9831 = EDGE_CURVE('',#9824,#9832,#9834,.T.);
#9832 = VERTEX_POINT('',#9833);
#9833 = CARTESIAN_POINT('',(107.098809,-38.544819,1.585));
#9834 = CIRCLE('',#9835,7.216898094226E-02);
#9835 = AXIS2_PLACEMENT_3D('',#9836,#9837,#9838);
#9836 = CARTESIAN_POINT('',(107.02665606389,-38.54329728342,1.585));
#9837 = DIRECTION('',(0.,0.,-1.));
#9838 = DIRECTION('',(6.038516895226E-02,0.998175150648,0.));
#9839 = ORIENTED_EDGE('',*,*,#9840,.T.);
#9840 = EDGE_CURVE('',#9832,#9841,#9843,.T.);
#9841 = VERTEX_POINT('',#9842);
#9842 = CARTESIAN_POINT('',(107.098809,-39.469819,1.585));
#9843 = LINE('',#9844,#9845);
#9844 = CARTESIAN_POINT('',(107.098809,-38.544819,1.585));
#9845 = VECTOR('',#9846,1.);
#9846 = DIRECTION('',(0.,-1.,0.));
#9847 = ORIENTED_EDGE('',*,*,#9848,.T.);
#9848 = EDGE_CURVE('',#9841,#9849,#9851,.T.);
#9849 = VERTEX_POINT('',#9850);
#9850 = CARTESIAN_POINT('',(107.324155,-39.47126,1.585));
#9851 = LINE('',#9852,#9853);
#9852 = CARTESIAN_POINT('',(107.098809,-39.469819,1.585));
#9853 = VECTOR('',#9854,1.);
#9854 = DIRECTION('',(0.999979555102,-6.394480216655E-03,0.));
#9855 = ORIENTED_EDGE('',*,*,#9856,.T.);
#9856 = EDGE_CURVE('',#9849,#9857,#9859,.T.);
#9857 = VERTEX_POINT('',#9858);
#9858 = CARTESIAN_POINT('',(107.309523,-39.619819,1.585));
#9859 = CIRCLE('',#9860,7.500006711463E-02);
#9860 = AXIS2_PLACEMENT_3D('',#9861,#9862,#9863);
#9861 = CARTESIAN_POINT('',(107.30952306711,-39.54481893288,1.585));
#9862 = DIRECTION('',(0.,0.,-1.));
#9863 = DIRECTION('',(0.195092263891,0.980784894138,0.));
#9864 = ORIENTED_EDGE('',*,*,#9865,.T.);
#9865 = EDGE_CURVE('',#9857,#9866,#9868,.T.);
#9866 = VERTEX_POINT('',#9867);
#9867 = CARTESIAN_POINT('',(106.723463,-39.618378,1.585));
#9868 = LINE('',#9869,#9870);
#9869 = CARTESIAN_POINT('',(107.309523,-39.619819,1.585));
#9870 = VECTOR('',#9871,1.);
#9871 = DIRECTION('',(-0.999996977183,2.45878518261E-03,0.));
#9872 = ORIENTED_EDGE('',*,*,#9873,.T.);
#9873 = EDGE_CURVE('',#9866,#9874,#9876,.T.);
#9874 = VERTEX_POINT('',#9875);
#9875 = CARTESIAN_POINT('',(106.738095,-39.469819,1.585));
#9876 = CIRCLE('',#9877,7.500006711464E-02);
#9877 = AXIS2_PLACEMENT_3D('',#9878,#9879,#9880);
#9878 = CARTESIAN_POINT('',(106.73809493288,-39.54481906711,1.585));
#9879 = DIRECTION('',(0.,0.,-1.));
#9880 = DIRECTION('',(-0.195092263891,-0.980784894138,-0.));
#9881 = ORIENTED_EDGE('',*,*,#9882,.T.);
#9882 = EDGE_CURVE('',#9874,#9883,#9885,.T.);
#9883 = VERTEX_POINT('',#9884);
#9884 = CARTESIAN_POINT('',(106.948809,-39.469819,1.585));
#9885 = LINE('',#9886,#9887);
#9886 = CARTESIAN_POINT('',(106.738095,-39.469819,1.585));
#9887 = VECTOR('',#9888,1.);
#9888 = DIRECTION('',(1.,0.,0.));
#9889 = ORIENTED_EDGE('',*,*,#9890,.T.);
#9890 = EDGE_CURVE('',#9883,#9891,#9893,.T.);
#9891 = VERTEX_POINT('',#9892);
#9892 = CARTESIAN_POINT('',(106.948809,-38.773504,1.585));
#9893 = LINE('',#9894,#9895);
#9894 = CARTESIAN_POINT('',(106.948809,-39.469819,1.585));
#9895 = VECTOR('',#9896,1.);
#9896 = DIRECTION('',(0.,1.,0.));
#9897 = ORIENTED_EDGE('',*,*,#9898,.T.);
#9898 = EDGE_CURVE('',#9891,#9899,#9901,.T.);
#9899 = VERTEX_POINT('',#9900);
#9900 = CARTESIAN_POINT('',(106.873173,-38.846031,1.585));
#9901 = LINE('',#9902,#9903);
#9902 = CARTESIAN_POINT('',(106.948809,-38.773504,1.585));
#9903 = VECTOR('',#9904,1.);
#9904 = DIRECTION('',(-0.721785571396,-0.692116745156,0.));
#9905 = ORIENTED_EDGE('',*,*,#9906,.T.);
#9906 = EDGE_CURVE('',#9899,#9907,#9909,.T.);
#9907 = VERTEX_POINT('',#9908);
#9908 = CARTESIAN_POINT('',(106.757904,-38.90287,1.585));
#9909 = LINE('',#9910,#9911);
#9910 = CARTESIAN_POINT('',(106.873173,-38.846031,1.585));
#9911 = VECTOR('',#9912,1.);
#9912 = DIRECTION('',(-0.896889346494,-0.442255017094,0.));
#9913 = ORIENTED_EDGE('',*,*,#9914,.T.);
#9914 = EDGE_CURVE('',#9907,#9915,#9917,.T.);
#9915 = VERTEX_POINT('',#9916);
#9916 = CARTESIAN_POINT('',(106.704554,-38.763451,1.585));
#9917 = CIRCLE('',#9918,7.500005272361E-02);
#9918 = AXIS2_PLACEMENT_3D('',#9919,#9920,#9921);
#9919 = CARTESIAN_POINT('',(106.73809455676,-38.83053332972,1.585));
#9920 = DIRECTION('',(0.,0.,-1.));
#9921 = DIRECTION('',(0.264125724196,-0.964488259036,0.));
#9922 = ORIENTED_EDGE('',*,*,#9923,.T.);
#9923 = EDGE_CURVE('',#9915,#9924,#9926,.T.);
#9924 = VERTEX_POINT('',#9925);
#9925 = CARTESIAN_POINT('',(106.788906,-38.721275,1.585));
#9926 = LINE('',#9927,#9928);
#9927 = CARTESIAN_POINT('',(106.704554,-38.763451,1.585));
#9928 = VECTOR('',#9929,1.);
#9929 = DIRECTION('',(0.894427191,0.4472135955,0.));
#9930 = ORIENTED_EDGE('',*,*,#9931,.T.);
#9931 = EDGE_CURVE('',#9924,#9932,#9934,.T.);
#9932 = VERTEX_POINT('',#9933);
#9933 = CARTESIAN_POINT('',(106.870285,-38.639896,1.585));
#9934 = LINE('',#9935,#9936);
#9935 = CARTESIAN_POINT('',(106.788906,-38.721275,1.585));
#9936 = VECTOR('',#9937,1.);
#9937 = DIRECTION('',(0.707106781187,0.707106781187,0.));
#9938 = ORIENTED_EDGE('',*,*,#9939,.T.);
#9939 = EDGE_CURVE('',#9932,#9814,#9940,.T.);
#9940 = LINE('',#9941,#9942);
#9941 = CARTESIAN_POINT('',(106.870285,-38.639896,1.585));
#9942 = VECTOR('',#9943,1.);
#9943 = DIRECTION('',(0.561387006404,0.82755339951,0.));
#9944 = PLANE('',#9945);
#9945 = AXIS2_PLACEMENT_3D('',#9946,#9947,#9948);
#9946 = CARTESIAN_POINT('',(0.,0.,1.585));
#9947 = DIRECTION('',(0.,0.,1.));
#9948 = DIRECTION('',(1.,0.,-0.));
#9949 = SHELL_BASED_SURFACE_MODEL('',(#9950));
#9950 = OPEN_SHELL('',(#9951));
#9951 = ADVANCED_FACE('',(#9952),#10111,.T.);
#9952 = FACE_BOUND('',#9953,.F.);
#9953 = EDGE_LOOP('',(#9954,#9965,#9973,#9981,#9989,#9997,#10005,#10013,
    #10022,#10030,#10039,#10047,#10055,#10063,#10072,#10080,#10088,
    #10096,#10105));
#9954 = ORIENTED_EDGE('',*,*,#9955,.T.);
#9955 = EDGE_CURVE('',#9956,#9958,#9960,.T.);
#9956 = VERTEX_POINT('',#9957);
#9957 = CARTESIAN_POINT('',(107.704554,-38.525356,1.585));
#9958 = VERTEX_POINT('',#9959);
#9959 = CARTESIAN_POINT('',(108.213949,-38.534686,1.585));
#9960 = CIRCLE('',#9961,0.450326844012);
#9961 = AXIS2_PLACEMENT_3D('',#9962,#9963,#9964);
#9962 = CARTESIAN_POINT('',(107.9524510301,-38.90130989199,1.585));
#9963 = DIRECTION('',(0.,0.,-1.));
#9964 = DIRECTION('',(-0.550482462684,0.834846727416,0.));
#9965 = ORIENTED_EDGE('',*,*,#9966,.T.);
#9966 = EDGE_CURVE('',#9958,#9967,#9969,.T.);
#9967 = VERTEX_POINT('',#9968);
#9968 = CARTESIAN_POINT('',(108.277402,-38.600216,1.585));
#9969 = LINE('',#9970,#9971);
#9970 = CARTESIAN_POINT('',(108.213949,-38.534686,1.585));
#9971 = VECTOR('',#9972,1.);
#9972 = DIRECTION('',(0.695630129574,-0.718400113328,0.));
#9973 = ORIENTED_EDGE('',*,*,#9974,.T.);
#9974 = EDGE_CURVE('',#9967,#9975,#9977,.T.);
#9975 = VERTEX_POINT('',#9976);
#9976 = CARTESIAN_POINT('',(108.335463,-38.720663,1.585));
#9977 = LINE('',#9978,#9979);
#9978 = CARTESIAN_POINT('',(108.277402,-38.600216,1.585));
#9979 = VECTOR('',#9980,1.);
#9980 = DIRECTION('',(0.434228424707,-0.900802794831,0.));
#9981 = ORIENTED_EDGE('',*,*,#9982,.T.);
#9982 = EDGE_CURVE('',#9975,#9983,#9985,.T.);
#9983 = VERTEX_POINT('',#9984);
#9984 = CARTESIAN_POINT('',(108.334704,-38.846995,1.585));
#9985 = LINE('',#9986,#9987);
#9986 = CARTESIAN_POINT('',(108.335463,-38.720663,1.585));
#9987 = VECTOR('',#9988,1.);
#9988 = DIRECTION('',(-6.007870547546E-03,-0.999981952583,0.));
#9989 = ORIENTED_EDGE('',*,*,#9990,.T.);
#9990 = EDGE_CURVE('',#9983,#9991,#9993,.T.);
#9991 = VERTEX_POINT('',#9992);
#9992 = CARTESIAN_POINT('',(108.276646,-39.015058,1.585));
#9993 = LINE('',#9994,#9995);
#9994 = CARTESIAN_POINT('',(108.334704,-38.846995,1.585));
#9995 = VECTOR('',#9996,1.);
#9996 = DIRECTION('',(-0.326519613327,-0.945190426376,0.));
#9997 = ORIENTED_EDGE('',*,*,#9998,.T.);
#9998 = EDGE_CURVE('',#9991,#9999,#10001,.T.);
#9999 = VERTEX_POINT('',#10000);
#10000 = CARTESIAN_POINT('',(107.823923,-39.469819,1.585));
#10001 = LINE('',#10002,#10003);
#10002 = CARTESIAN_POINT('',(108.276646,-39.015058,1.585));
#10003 = VECTOR('',#10004,1.);
#10004 = DIRECTION('',(-0.705517003129,-0.708692992978,0.));
#10005 = ORIENTED_EDGE('',*,*,#10006,.T.);
#10006 = EDGE_CURVE('',#9999,#10007,#10009,.T.);
#10007 = VERTEX_POINT('',#10008);
#10008 = CARTESIAN_POINT('',(108.276536,-39.47126,1.585));
#10009 = LINE('',#10010,#10011);
#10010 = CARTESIAN_POINT('',(107.823923,-39.469819,1.585));
#10011 = VECTOR('',#10012,1.);
#10012 = DIRECTION('',(0.999994931953,-3.183719197072E-03,0.));
#10013 = ORIENTED_EDGE('',*,*,#10014,.T.);
#10014 = EDGE_CURVE('',#10007,#10015,#10017,.T.);
#10015 = VERTEX_POINT('',#10016);
#10016 = CARTESIAN_POINT('',(108.261904,-39.619819,1.585));
#10017 = CIRCLE('',#10018,7.500006711464E-02);
#10018 = AXIS2_PLACEMENT_3D('',#10019,#10020,#10021);
#10019 = CARTESIAN_POINT('',(108.26190406711,-39.54481893288,1.585));
#10020 = DIRECTION('',(0.,0.,-1.));
#10021 = DIRECTION('',(0.195092263891,0.980784894138,0.));
#10022 = ORIENTED_EDGE('',*,*,#10023,.T.);
#10023 = EDGE_CURVE('',#10015,#10024,#10026,.T.);
#10024 = VERTEX_POINT('',#10025);
#10025 = CARTESIAN_POINT('',(107.628225,-39.618378,1.585));
#10026 = LINE('',#10027,#10028);
#10027 = CARTESIAN_POINT('',(108.261904,-39.619819,1.585));
#10028 = VECTOR('',#10029,1.);
#10029 = DIRECTION('',(-0.999997414422,2.274016140951E-03,0.));
#10030 = ORIENTED_EDGE('',*,*,#10031,.T.);
#10031 = EDGE_CURVE('',#10024,#10032,#10034,.T.);
#10032 = VERTEX_POINT('',#10033);
#10033 = CARTESIAN_POINT('',(107.589824,-39.491786,1.585));
#10034 = CIRCLE('',#10035,7.50002101311E-02);
#10035 = AXIS2_PLACEMENT_3D('',#10036,#10037,#10038);
#10036 = CARTESIAN_POINT('',(107.6428573167,-39.54481899764,1.585));
#10037 = DIRECTION('',(0.,0.,-1.));
#10038 = DIRECTION('',(-0.195097009436,-0.980783950169,-0.));
#10039 = ORIENTED_EDGE('',*,*,#10040,.T.);
#10040 = EDGE_CURVE('',#10032,#10041,#10043,.T.);
#10041 = VERTEX_POINT('',#10042);
#10042 = CARTESIAN_POINT('',(108.148732,-38.932876,1.585));
#10043 = LINE('',#10044,#10045);
#10044 = CARTESIAN_POINT('',(107.589824,-39.491786,1.585));
#10045 = VECTOR('',#10046,1.);
#10046 = DIRECTION('',(0.70710551603,0.707108046341,0.));
#10047 = ORIENTED_EDGE('',*,*,#10048,.T.);
#10048 = EDGE_CURVE('',#10041,#10049,#10051,.T.);
#10049 = VERTEX_POINT('',#10050);
#10050 = CARTESIAN_POINT('',(108.186904,-38.818363,1.585));
#10051 = LINE('',#10052,#10053);
#10052 = CARTESIAN_POINT('',(108.148732,-38.932876,1.585));
#10053 = VECTOR('',#10054,1.);
#10054 = DIRECTION('',(0.31623522204,0.948680812677,0.));
#10055 = ORIENTED_EDGE('',*,*,#10056,.T.);
#10056 = EDGE_CURVE('',#10049,#10057,#10059,.T.);
#10057 = VERTEX_POINT('',#10058);
#10058 = CARTESIAN_POINT('',(108.186904,-38.753,1.585));
#10059 = LINE('',#10060,#10061);
#10060 = CARTESIAN_POINT('',(108.186904,-38.818363,1.585));
#10061 = VECTOR('',#10062,1.);
#10062 = DIRECTION('',(0.,1.,0.));
#10063 = ORIENTED_EDGE('',*,*,#10064,.T.);
#10064 = EDGE_CURVE('',#10057,#10065,#10067,.T.);
#10065 = VERTEX_POINT('',#10066);
#10066 = CARTESIAN_POINT('',(108.053723,-38.619819,1.585));
#10067 = CIRCLE('',#10068,0.18686440374);
#10068 = AXIS2_PLACEMENT_3D('',#10069,#10070,#10071);
#10069 = CARTESIAN_POINT('',(108.006187,-38.800536,1.585));
#10070 = DIRECTION('',(0.,0.,1.));
#10071 = DIRECTION('',(0.967102328658,0.254387668537,-0.));
#10072 = ORIENTED_EDGE('',*,*,#10073,.T.);
#10073 = EDGE_CURVE('',#10065,#10074,#10076,.T.);
#10074 = VERTEX_POINT('',#10075);
#10075 = CARTESIAN_POINT('',(107.851038,-38.619819,1.585));
#10076 = LINE('',#10077,#10078);
#10077 = CARTESIAN_POINT('',(108.053723,-38.619819,1.585));
#10078 = VECTOR('',#10079,1.);
#10079 = DIRECTION('',(-1.,0.,0.));
#10080 = ORIENTED_EDGE('',*,*,#10081,.T.);
#10081 = EDGE_CURVE('',#10074,#10082,#10084,.T.);
#10082 = VERTEX_POINT('',#10083);
#10083 = CARTESIAN_POINT('',(107.782522,-38.654077,1.585));
#10084 = LINE('',#10085,#10086);
#10085 = CARTESIAN_POINT('',(107.851038,-38.619819,1.585));
#10086 = VECTOR('',#10087,1.);
#10087 = DIRECTION('',(-0.894427191,-0.4472135955,0.));
#10088 = ORIENTED_EDGE('',*,*,#10089,.T.);
#10089 = EDGE_CURVE('',#10082,#10090,#10092,.T.);
#10090 = VERTEX_POINT('',#10091);
#10091 = CARTESIAN_POINT('',(107.732144,-38.702417,1.585));
#10092 = LINE('',#10093,#10094);
#10093 = CARTESIAN_POINT('',(107.782522,-38.654077,1.585));
#10094 = VECTOR('',#10095,1.);
#10095 = DIRECTION('',(-0.721551016594,-0.692361271629,0.));
#10096 = ORIENTED_EDGE('',*,*,#10097,.T.);
#10097 = EDGE_CURVE('',#10090,#10098,#10100,.T.);
#10098 = VERTEX_POINT('',#10099);
#10099 = CARTESIAN_POINT('',(107.637443,-38.587024,1.585));
#10100 = CIRCLE('',#10101,7.499996838527E-02);
#10101 = AXIS2_PLACEMENT_3D('',#10102,#10103,#10104);
#10102 = CARTESIAN_POINT('',(107.690476,-38.64005697246,1.585));
#10103 = DIRECTION('',(0.,0.,-1.));
#10104 = DIRECTION('',(0.555573567524,-0.831467384248,0.));
#10105 = ORIENTED_EDGE('',*,*,#10106,.T.);
#10106 = EDGE_CURVE('',#10098,#9956,#10107,.T.);
#10107 = LINE('',#10108,#10109);
#10108 = CARTESIAN_POINT('',(107.637443,-38.587024,1.585));
#10109 = VECTOR('',#10110,1.);
#10110 = DIRECTION('',(0.736336089652,0.676615964248,0.));
#10111 = PLANE('',#10112);
#10112 = AXIS2_PLACEMENT_3D('',#10113,#10114,#10115);
#10113 = CARTESIAN_POINT('',(0.,0.,1.585));
#10114 = DIRECTION('',(0.,0.,1.));
#10115 = DIRECTION('',(1.,0.,-0.));
#10116 = SHELL_BASED_SURFACE_MODEL('',(#10117));
#10117 = OPEN_SHELL('',(#10118));
#10118 = ADVANCED_FACE('',(#10119,#10230),#10282,.T.);
#10119 = FACE_BOUND('',#10120,.F.);
#10120 = EDGE_LOOP('',(#10121,#10132,#10140,#10149,#10157,#10166,#10174,
    #10182,#10191,#10199,#10207,#10215,#10224));
#10121 = ORIENTED_EDGE('',*,*,#10122,.T.);
#10122 = EDGE_CURVE('',#10123,#10125,#10127,.T.);
#10123 = VERTEX_POINT('',#10124);
#10124 = CARTESIAN_POINT('',(105.712155,-38.530187,1.585));
#10125 = VERTEX_POINT('',#10126);
#10126 = CARTESIAN_POINT('',(105.785714,-38.469819,1.585));
#10127 = CIRCLE('',#10128,7.500074938988E-02);
#10128 = AXIS2_PLACEMENT_3D('',#10129,#10130,#10131);
#10129 = CARTESIAN_POINT('',(105.78571446611,-38.54481974938,1.585));
#10130 = DIRECTION('',(0.,0.,-1.));
#10131 = DIRECTION('',(-0.980783081614,0.195101375752,0.));
#10132 = ORIENTED_EDGE('',*,*,#10133,.T.);
#10133 = EDGE_CURVE('',#10125,#10134,#10136,.T.);
#10134 = VERTEX_POINT('',#10135);
#10135 = CARTESIAN_POINT('',(106.181298,-38.47126,1.585));
#10136 = LINE('',#10137,#10138);
#10137 = CARTESIAN_POINT('',(105.785714,-38.469819,1.585));
#10138 = VECTOR('',#10139,1.);
#10139 = DIRECTION('',(0.999993365378,-3.64269141196E-03,0.));
#10140 = ORIENTED_EDGE('',*,*,#10141,.T.);
#10141 = EDGE_CURVE('',#10134,#10142,#10144,.T.);
#10142 = VERTEX_POINT('',#10143);
#10143 = CARTESIAN_POINT('',(106.430701,-38.720663,1.585));
#10144 = CIRCLE('',#10145,0.347870264855);
#10145 = AXIS2_PLACEMENT_3D('',#10146,#10147,#10148);
#10146 = CARTESIAN_POINT('',(106.09397026502,-38.80799073497,1.585));
#10147 = DIRECTION('',(0.,0.,-1.));
#10148 = DIRECTION('',(0.251035353678,0.967977918758,0.));
#10149 = ORIENTED_EDGE('',*,*,#10150,.T.);
#10150 = EDGE_CURVE('',#10142,#10151,#10153,.T.);
#10151 = VERTEX_POINT('',#10152);
#10152 = CARTESIAN_POINT('',(106.429479,-38.897962,1.585));
#10153 = LINE('',#10154,#10155);
#10154 = CARTESIAN_POINT('',(106.430701,-38.720663,1.585));
#10155 = VECTOR('',#10156,1.);
#10156 = DIRECTION('',(-6.892148157132E-03,-0.999976248865,0.));
#10157 = ORIENTED_EDGE('',*,*,#10158,.T.);
#10158 = EDGE_CURVE('',#10151,#10159,#10161,.T.);
#10159 = VERTEX_POINT('',#10160);
#10160 = CARTESIAN_POINT('',(106.181298,-39.142187,1.585));
#10161 = CIRCLE('',#10162,0.348632345849);
#10162 = AXIS2_PLACEMENT_3D('',#10163,#10164,#10165);
#10163 = CARTESIAN_POINT('',(106.09352919403,-38.8047834593,1.585));
#10164 = DIRECTION('',(0.,0.,-1.));
#10165 = DIRECTION('',(0.963622021775,-0.267268776985,0.));
#10166 = ORIENTED_EDGE('',*,*,#10167,.T.);
#10167 = EDGE_CURVE('',#10159,#10168,#10170,.T.);
#10168 = VERTEX_POINT('',#10169);
#10169 = CARTESIAN_POINT('',(106.167781,-39.143518,1.585));
#10170 = LINE('',#10171,#10172);
#10171 = CARTESIAN_POINT('',(106.181298,-39.142187,1.585));
#10172 = VECTOR('',#10173,1.);
#10173 = DIRECTION('',(-0.995186940545,-9.799465989986E-02,0.));
#10174 = ORIENTED_EDGE('',*,*,#10175,.T.);
#10175 = EDGE_CURVE('',#10168,#10176,#10178,.T.);
#10176 = VERTEX_POINT('',#10177);
#10177 = CARTESIAN_POINT('',(106.425795,-39.514623,1.585));
#10178 = LINE('',#10179,#10180);
#10179 = CARTESIAN_POINT('',(106.167781,-39.143518,1.585));
#10180 = VECTOR('',#10181,1.);
#10181 = DIRECTION('',(0.570846789809,-0.821056601316,0.));
#10182 = ORIENTED_EDGE('',*,*,#10183,.T.);
#10183 = EDGE_CURVE('',#10176,#10184,#10186,.T.);
#10184 = VERTEX_POINT('',#10185);
#10185 = CARTESIAN_POINT('',(106.2957,-39.587829,1.585));
#10186 = CIRCLE('',#10187,7.500005951702E-02);
#10187 = AXIS2_PLACEMENT_3D('',#10188,#10189,#10190);
#10188 = CARTESIAN_POINT('',(106.35714206294,-39.54481874739,1.585));
#10189 = DIRECTION('',(0.,0.,-1.));
#10190 = DIRECTION('',(0.915371767708,0.402609645791,0.));
#10191 = ORIENTED_EDGE('',*,*,#10192,.T.);
#10192 = EDGE_CURVE('',#10184,#10193,#10195,.T.);
#10193 = VERTEX_POINT('',#10194);
#10194 = CARTESIAN_POINT('',(105.98476,-39.143628,1.585));
#10195 = LINE('',#10196,#10197);
#10196 = CARTESIAN_POINT('',(106.2957,-39.587829,1.585));
#10197 = VECTOR('',#10198,1.);
#10198 = DIRECTION('',(-0.573461477921,0.819232527028,0.));
#10199 = ORIENTED_EDGE('',*,*,#10200,.T.);
#10200 = EDGE_CURVE('',#10193,#10201,#10203,.T.);
#10201 = VERTEX_POINT('',#10202);
#10202 = CARTESIAN_POINT('',(105.860714,-39.143628,1.585));
#10203 = LINE('',#10204,#10205);
#10204 = CARTESIAN_POINT('',(105.98476,-39.143628,1.585));
#10205 = VECTOR('',#10206,1.);
#10206 = DIRECTION('',(-1.,0.,0.));
#10207 = ORIENTED_EDGE('',*,*,#10208,.T.);
#10208 = EDGE_CURVE('',#10201,#10209,#10211,.T.);
#10209 = VERTEX_POINT('',#10210);
#10210 = CARTESIAN_POINT('',(105.859273,-39.559451,1.585));
#10211 = LINE('',#10212,#10213);
#10212 = CARTESIAN_POINT('',(105.860714,-39.143628,1.585));
#10213 = VECTOR('',#10214,1.);
#10214 = DIRECTION('',(-3.465395967783E-03,-0.999993995497,0.));
#10215 = ORIENTED_EDGE('',*,*,#10216,.T.);
#10216 = EDGE_CURVE('',#10209,#10217,#10219,.T.);
#10217 = VERTEX_POINT('',#10218);
#10218 = CARTESIAN_POINT('',(105.710714,-39.544819,1.585));
#10219 = CIRCLE('',#10220,7.500006711465E-02);
#10220 = AXIS2_PLACEMENT_3D('',#10221,#10222,#10223);
#10221 = CARTESIAN_POINT('',(105.78571406711,-39.54481906711,1.585));
#10222 = DIRECTION('',(-0.,0.,-1.));
#10223 = DIRECTION('',(0.980784894138,-0.195092263891,-0.));
#10224 = ORIENTED_EDGE('',*,*,#10225,.T.);
#10225 = EDGE_CURVE('',#10217,#10123,#10226,.T.);
#10226 = LINE('',#10227,#10228);
#10227 = CARTESIAN_POINT('',(105.710714,-39.544819,1.585));
#10228 = VECTOR('',#10229,1.);
#10229 = DIRECTION('',(1.420217918158E-03,0.99999899149,0.));
#10230 = FACE_BOUND('',#10231,.F.);
#10231 = EDGE_LOOP('',(#10232,#10243,#10251,#10259,#10267,#10276));
#10232 = ORIENTED_EDGE('',*,*,#10233,.T.);
#10233 = EDGE_CURVE('',#10234,#10236,#10238,.T.);
#10234 = VERTEX_POINT('',#10235);
#10235 = CARTESIAN_POINT('',(106.282142,-38.753,1.585));
#10236 = VERTEX_POINT('',#10237);
#10237 = CARTESIAN_POINT('',(106.148961,-38.619819,1.585));
#10238 = CIRCLE('',#10239,0.18686440374);
#10239 = AXIS2_PLACEMENT_3D('',#10240,#10241,#10242);
#10240 = CARTESIAN_POINT('',(106.101425,-38.800536,1.585));
#10241 = DIRECTION('',(0.,0.,1.));
#10242 = DIRECTION('',(0.967102328658,0.254387668537,-0.));
#10243 = ORIENTED_EDGE('',*,*,#10244,.T.);
#10244 = EDGE_CURVE('',#10236,#10245,#10247,.T.);
#10245 = VERTEX_POINT('',#10246);
#10246 = CARTESIAN_POINT('',(105.860714,-38.619819,1.585));
#10247 = LINE('',#10248,#10249);
#10248 = CARTESIAN_POINT('',(106.148961,-38.619819,1.585));
#10249 = VECTOR('',#10250,1.);
#10250 = DIRECTION('',(-1.,0.,0.));
#10251 = ORIENTED_EDGE('',*,*,#10252,.T.);
#10252 = EDGE_CURVE('',#10245,#10253,#10255,.T.);
#10253 = VERTEX_POINT('',#10254);
#10254 = CARTESIAN_POINT('',(105.860714,-38.993628,1.585));
#10255 = LINE('',#10256,#10257);
#10256 = CARTESIAN_POINT('',(105.860714,-38.619819,1.585));
#10257 = VECTOR('',#10258,1.);
#10258 = DIRECTION('',(0.,-1.,0.));
#10259 = ORIENTED_EDGE('',*,*,#10260,.T.);
#10260 = EDGE_CURVE('',#10253,#10261,#10263,.T.);
#10261 = VERTEX_POINT('',#10262);
#10262 = CARTESIAN_POINT('',(106.148961,-38.993628,1.585));
#10263 = LINE('',#10264,#10265);
#10264 = CARTESIAN_POINT('',(105.860714,-38.993628,1.585));
#10265 = VECTOR('',#10266,1.);
#10266 = DIRECTION('',(1.,0.,0.));
#10267 = ORIENTED_EDGE('',*,*,#10268,.T.);
#10268 = EDGE_CURVE('',#10261,#10269,#10271,.T.);
#10269 = VERTEX_POINT('',#10270);
#10270 = CARTESIAN_POINT('',(106.282142,-38.860447,1.585));
#10271 = CIRCLE('',#10272,0.18686440374);
#10272 = AXIS2_PLACEMENT_3D('',#10273,#10274,#10275);
#10273 = CARTESIAN_POINT('',(106.101425,-38.812911,1.585));
#10274 = DIRECTION('',(0.,0.,1.));
#10275 = DIRECTION('',(0.254387668537,-0.967102328658,0.));
#10276 = ORIENTED_EDGE('',*,*,#10277,.T.);
#10277 = EDGE_CURVE('',#10269,#10234,#10278,.T.);
#10278 = LINE('',#10279,#10280);
#10279 = CARTESIAN_POINT('',(106.282142,-38.860447,1.585));
#10280 = VECTOR('',#10281,1.);
#10281 = DIRECTION('',(0.,1.,0.));
#10282 = PLANE('',#10283);
#10283 = AXIS2_PLACEMENT_3D('',#10284,#10285,#10286);
#10284 = CARTESIAN_POINT('',(0.,0.,1.585));
#10285 = DIRECTION('',(0.,0.,1.));
#10286 = DIRECTION('',(1.,0.,-0.));
#10287 = SHELL_BASED_SURFACE_MODEL('',(#10288));
#10288 = OPEN_SHELL('',(#10289));
#10289 = ADVANCED_FACE('',(#10290),#10334,.T.);
#10290 = FACE_BOUND('',#10291,.F.);
#10291 = EDGE_LOOP('',(#10292,#10303,#10311,#10320,#10328));
#10292 = ORIENTED_EDGE('',*,*,#10293,.T.);
#10293 = EDGE_CURVE('',#10294,#10296,#10298,.T.);
#10294 = VERTEX_POINT('',#10295);
#10295 = CARTESIAN_POINT('',(105.464567,-36.433398,1.585));
#10296 = VERTEX_POINT('',#10297);
#10297 = CARTESIAN_POINT('',(105.58,-36.456359,1.585));
#10298 = CIRCLE('',#10299,6.000007318647E-02);
#10299 = AXIS2_PLACEMENT_3D('',#10300,#10301,#10302);
#10300 = CARTESIAN_POINT('',(105.51999992681,-36.45635882331,1.585));
#10301 = DIRECTION('',(0.,0.,-1.));
#10302 = DIRECTION('',(-0.923880986637,0.382679921777,0.));
#10303 = ORIENTED_EDGE('',*,*,#10304,.T.);
#10304 = EDGE_CURVE('',#10296,#10305,#10307,.T.);
#10305 = VERTEX_POINT('',#10306);
#10306 = CARTESIAN_POINT('',(105.58,-36.763641,1.585));
#10307 = LINE('',#10308,#10309);
#10308 = CARTESIAN_POINT('',(105.58,-36.456359,1.585));
#10309 = VECTOR('',#10310,1.);
#10310 = DIRECTION('',(0.,-1.,0.));
#10311 = ORIENTED_EDGE('',*,*,#10312,.T.);
#10312 = EDGE_CURVE('',#10305,#10313,#10315,.T.);
#10313 = VERTEX_POINT('',#10314);
#10314 = CARTESIAN_POINT('',(105.46,-36.763641,1.585));
#10315 = CIRCLE('',#10316,6.000000000042E-02);
#10316 = AXIS2_PLACEMENT_3D('',#10317,#10318,#10319);
#10317 = CARTESIAN_POINT('',(105.52,-36.76364122558,1.585));
#10318 = DIRECTION('',(0.,0.,-1.));
#10319 = DIRECTION('',(0.999999999993,3.759794253684E-06,0.));
#10320 = ORIENTED_EDGE('',*,*,#10321,.T.);
#10321 = EDGE_CURVE('',#10313,#10322,#10324,.T.);
#10322 = VERTEX_POINT('',#10323);
#10323 = CARTESIAN_POINT('',(105.46,-36.456359,1.585));
#10324 = LINE('',#10325,#10326);
#10325 = CARTESIAN_POINT('',(105.46,-36.763641,1.585));
#10326 = VECTOR('',#10327,1.);
#10327 = DIRECTION('',(0.,1.,0.));
#10328 = ORIENTED_EDGE('',*,*,#10329,.T.);
#10329 = EDGE_CURVE('',#10322,#10294,#10330,.T.);
#10330 = LINE('',#10331,#10332);
#10331 = CARTESIAN_POINT('',(105.46,-36.456359,1.585));
#10332 = VECTOR('',#10333,1.);
#10333 = DIRECTION('',(0.195081000118,0.980787134598,0.));
#10334 = PLANE('',#10335);
#10335 = AXIS2_PLACEMENT_3D('',#10336,#10337,#10338);
#10336 = CARTESIAN_POINT('',(0.,0.,1.585));
#10337 = DIRECTION('',(0.,0.,1.));
#10338 = DIRECTION('',(1.,0.,-0.));
#10339 = SHELL_BASED_SURFACE_MODEL('',(#10340));
#10340 = OPEN_SHELL('',(#10341));
#10341 = ADVANCED_FACE('',(#10342),#10386,.T.);
#10342 = FACE_BOUND('',#10343,.F.);
#10343 = EDGE_LOOP('',(#10344,#10355,#10363,#10372,#10380));
#10344 = ORIENTED_EDGE('',*,*,#10345,.T.);
#10345 = EDGE_CURVE('',#10346,#10348,#10350,.T.);
#10346 = VERTEX_POINT('',#10347);
#10347 = CARTESIAN_POINT('',(106.224567,-36.433398,1.585));
#10348 = VERTEX_POINT('',#10349);
#10349 = CARTESIAN_POINT('',(106.34,-36.456359,1.585));
#10350 = CIRCLE('',#10351,6.000007318648E-02);
#10351 = AXIS2_PLACEMENT_3D('',#10352,#10353,#10354);
#10352 = CARTESIAN_POINT('',(106.27999992681,-36.45635882331,1.585));
#10353 = DIRECTION('',(0.,0.,-1.));
#10354 = DIRECTION('',(-0.923880986637,0.382679921777,0.));
#10355 = ORIENTED_EDGE('',*,*,#10356,.T.);
#10356 = EDGE_CURVE('',#10348,#10357,#10359,.T.);
#10357 = VERTEX_POINT('',#10358);
#10358 = CARTESIAN_POINT('',(106.34,-36.763641,1.585));
#10359 = LINE('',#10360,#10361);
#10360 = CARTESIAN_POINT('',(106.34,-36.456359,1.585));
#10361 = VECTOR('',#10362,1.);
#10362 = DIRECTION('',(0.,-1.,0.));
#10363 = ORIENTED_EDGE('',*,*,#10364,.T.);
#10364 = EDGE_CURVE('',#10357,#10365,#10367,.T.);
#10365 = VERTEX_POINT('',#10366);
#10366 = CARTESIAN_POINT('',(106.22,-36.763641,1.585));
#10367 = CIRCLE('',#10368,6.000000000042E-02);
#10368 = AXIS2_PLACEMENT_3D('',#10369,#10370,#10371);
#10369 = CARTESIAN_POINT('',(106.28,-36.76364122558,1.585));
#10370 = DIRECTION('',(0.,0.,-1.));
#10371 = DIRECTION('',(0.999999999993,3.75979413526E-06,0.));
#10372 = ORIENTED_EDGE('',*,*,#10373,.T.);
#10373 = EDGE_CURVE('',#10365,#10374,#10376,.T.);
#10374 = VERTEX_POINT('',#10375);
#10375 = CARTESIAN_POINT('',(106.22,-36.456359,1.585));
#10376 = LINE('',#10377,#10378);
#10377 = CARTESIAN_POINT('',(106.22,-36.763641,1.585));
#10378 = VECTOR('',#10379,1.);
#10379 = DIRECTION('',(0.,1.,0.));
#10380 = ORIENTED_EDGE('',*,*,#10381,.T.);
#10381 = EDGE_CURVE('',#10374,#10346,#10382,.T.);
#10382 = LINE('',#10383,#10384);
#10383 = CARTESIAN_POINT('',(106.22,-36.456359,1.585));
#10384 = VECTOR('',#10385,1.);
#10385 = DIRECTION('',(0.195081000118,0.980787134598,0.));
#10386 = PLANE('',#10387);
#10387 = AXIS2_PLACEMENT_3D('',#10388,#10389,#10390);
#10388 = CARTESIAN_POINT('',(0.,0.,1.585));
#10389 = DIRECTION('',(0.,0.,1.));
#10390 = DIRECTION('',(1.,0.,-0.));
#10391 = SHELL_BASED_SURFACE_MODEL('',(#10392));
#10392 = OPEN_SHELL('',(#10393));
#10393 = ADVANCED_FACE('',(#10394),#10471,.T.);
#10394 = FACE_BOUND('',#10395,.F.);
#10395 = EDGE_LOOP('',(#10396,#10406,#10415,#10423,#10431,#10440,#10448,
    #10456,#10465));
#10396 = ORIENTED_EDGE('',*,*,#10397,.T.);
#10397 = EDGE_CURVE('',#10398,#10400,#10402,.T.);
#10398 = VERTEX_POINT('',#10399);
#10399 = CARTESIAN_POINT('',(104.000469,-33.50119,1.585));
#10400 = VERTEX_POINT('',#10401);
#10401 = CARTESIAN_POINT('',(104.469451,-33.502631,1.585));
#10402 = LINE('',#10403,#10404);
#10403 = CARTESIAN_POINT('',(104.000469,-33.50119,1.585));
#10404 = VECTOR('',#10405,1.);
#10405 = DIRECTION('',(0.999995279559,-3.072598090854E-03,0.));
#10406 = ORIENTED_EDGE('',*,*,#10407,.T.);
#10407 = EDGE_CURVE('',#10400,#10408,#10410,.T.);
#10408 = VERTEX_POINT('',#10409);
#10409 = CARTESIAN_POINT('',(104.454819,-33.65119,1.585));
#10410 = CIRCLE('',#10411,7.500006711464E-02);
#10411 = AXIS2_PLACEMENT_3D('',#10412,#10413,#10414);
#10412 = CARTESIAN_POINT('',(104.45481906711,-33.57618993288,1.585));
#10413 = DIRECTION('',(0.,0.,-1.));
#10414 = DIRECTION('',(0.195092263891,0.980784894138,0.));
#10415 = ORIENTED_EDGE('',*,*,#10416,.T.);
#10416 = EDGE_CURVE('',#10408,#10417,#10419,.T.);
#10417 = VERTEX_POINT('',#10418);
#10418 = CARTESIAN_POINT('',(104.000469,-33.65119,1.585));
#10419 = LINE('',#10420,#10421);
#10420 = CARTESIAN_POINT('',(104.454819,-33.65119,1.585));
#10421 = VECTOR('',#10422,1.);
#10422 = DIRECTION('',(-1.,0.,0.));
#10423 = ORIENTED_EDGE('',*,*,#10424,.T.);
#10424 = EDGE_CURVE('',#10417,#10425,#10427,.T.);
#10425 = VERTEX_POINT('',#10426);
#10426 = CARTESIAN_POINT('',(103.481967,-33.979437,1.585));
#10427 = LINE('',#10428,#10429);
#10428 = CARTESIAN_POINT('',(104.000469,-33.65119,1.585));
#10429 = VECTOR('',#10430,1.);
#10430 = DIRECTION('',(-0.844920415022,-0.534892037966,0.));
#10431 = ORIENTED_EDGE('',*,*,#10432,.T.);
#10432 = EDGE_CURVE('',#10425,#10433,#10435,.T.);
#10433 = VERTEX_POINT('',#10434);
#10434 = CARTESIAN_POINT('',(103.414553,-33.846248,1.585));
#10435 = CIRCLE('',#10436,7.500025227178E-02);
#10436 = AXIS2_PLACEMENT_3D('',#10437,#10438,#10439);
#10437 = CARTESIAN_POINT('',(103.45481940235,-33.9095224394,1.585));
#10438 = DIRECTION('',(0.,0.,-1.));
#10439 = DIRECTION('',(0.361966751094,-0.932191005697,0.));
#10440 = ORIENTED_EDGE('',*,*,#10441,.T.);
#10441 = EDGE_CURVE('',#10433,#10442,#10444,.T.);
#10442 = VERTEX_POINT('',#10443);
#10443 = CARTESIAN_POINT('',(103.83893,-33.57619,1.585));
#10444 = LINE('',#10445,#10446);
#10445 = CARTESIAN_POINT('',(103.414553,-33.846248,1.585));
#10446 = VECTOR('',#10447,1.);
#10447 = DIRECTION('',(0.843661569591,0.536875363558,0.));
#10448 = ORIENTED_EDGE('',*,*,#10449,.T.);
#10449 = EDGE_CURVE('',#10442,#10450,#10452,.T.);
#10450 = VERTEX_POINT('',#10451);
#10451 = CARTESIAN_POINT('',(103.402983,-33.29706,1.585));
#10452 = LINE('',#10453,#10454);
#10453 = CARTESIAN_POINT('',(103.83893,-33.57619,1.585));
#10454 = VECTOR('',#10455,1.);
#10455 = DIRECTION('',(-0.84216269399,0.539223512889,0.));
#10456 = ORIENTED_EDGE('',*,*,#10457,.T.);
#10457 = EDGE_CURVE('',#10450,#10458,#10460,.T.);
#10458 = VERTEX_POINT('',#10459);
#10459 = CARTESIAN_POINT('',(103.481967,-33.172943,1.585));
#10460 = CIRCLE('',#10461,7.499971091789E-02);
#10461 = AXIS2_PLACEMENT_3D('',#10462,#10463,#10464);
#10462 = CARTESIAN_POINT('',(103.45481902294,-33.24285683253,1.585));
#10463 = DIRECTION('',(0.,0.,-1.));
#10464 = DIRECTION('',(-0.691149636513,-0.722711685216,-0.));
#10465 = ORIENTED_EDGE('',*,*,#10466,.T.);
#10466 = EDGE_CURVE('',#10458,#10398,#10467,.T.);
#10467 = LINE('',#10468,#10469);
#10468 = CARTESIAN_POINT('',(103.481967,-33.172943,1.585));
#10469 = VECTOR('',#10470,1.);
#10470 = DIRECTION('',(0.844920415022,-0.534892037966,0.));
#10471 = PLANE('',#10472);
#10472 = AXIS2_PLACEMENT_3D('',#10473,#10474,#10475);
#10473 = CARTESIAN_POINT('',(0.,0.,1.585));
#10474 = DIRECTION('',(0.,0.,1.));
#10475 = DIRECTION('',(1.,0.,-0.));
#10476 = SHELL_BASED_SURFACE_MODEL('',(#10477));
#10477 = OPEN_SHELL('',(#10478));
#10478 = ADVANCED_FACE('',(#10479),#10523,.T.);
#10479 = FACE_BOUND('',#10480,.F.);
#10480 = EDGE_LOOP('',(#10481,#10492,#10500,#10509,#10517));
#10481 = ORIENTED_EDGE('',*,*,#10482,.T.);
#10482 = EDGE_CURVE('',#10483,#10485,#10487,.T.);
#10483 = VERTEX_POINT('',#10484);
#10484 = CARTESIAN_POINT('',(105.069567,-32.402039,1.585));
#10485 = VERTEX_POINT('',#10486);
#10486 = CARTESIAN_POINT('',(105.185,-32.425,1.585));
#10487 = CIRCLE('',#10488,6.000007318647E-02);
#10488 = AXIS2_PLACEMENT_3D('',#10489,#10490,#10491);
#10489 = CARTESIAN_POINT('',(105.12499992681,-32.42499982331,1.585));
#10490 = DIRECTION('',(0.,0.,-1.));
#10491 = DIRECTION('',(-0.923880986637,0.382679921777,0.));
#10492 = ORIENTED_EDGE('',*,*,#10493,.T.);
#10493 = EDGE_CURVE('',#10485,#10494,#10496,.T.);
#10494 = VERTEX_POINT('',#10495);
#10495 = CARTESIAN_POINT('',(105.185,-33.775,1.585));
#10496 = LINE('',#10497,#10498);
#10497 = CARTESIAN_POINT('',(105.185,-32.425,1.585));
#10498 = VECTOR('',#10499,1.);
#10499 = DIRECTION('',(0.,-1.,0.));
#10500 = ORIENTED_EDGE('',*,*,#10501,.T.);
#10501 = EDGE_CURVE('',#10494,#10502,#10504,.T.);
#10502 = VERTEX_POINT('',#10503);
#10503 = CARTESIAN_POINT('',(105.065,-33.775,1.585));
#10504 = CIRCLE('',#10505,6.000000000042E-02);
#10505 = AXIS2_PLACEMENT_3D('',#10506,#10507,#10508);
#10506 = CARTESIAN_POINT('',(105.125,-33.77500022558,1.585));
#10507 = DIRECTION('',(0.,0.,-1.));
#10508 = DIRECTION('',(0.999999999993,3.75979413526E-06,0.));
#10509 = ORIENTED_EDGE('',*,*,#10510,.T.);
#10510 = EDGE_CURVE('',#10502,#10511,#10513,.T.);
#10511 = VERTEX_POINT('',#10512);
#10512 = CARTESIAN_POINT('',(105.065,-32.425,1.585));
#10513 = LINE('',#10514,#10515);
#10514 = CARTESIAN_POINT('',(105.065,-33.775,1.585));
#10515 = VECTOR('',#10516,1.);
#10516 = DIRECTION('',(0.,1.,0.));
#10517 = ORIENTED_EDGE('',*,*,#10518,.T.);
#10518 = EDGE_CURVE('',#10511,#10483,#10519,.T.);
#10519 = LINE('',#10520,#10521);
#10520 = CARTESIAN_POINT('',(105.065,-32.425,1.585));
#10521 = VECTOR('',#10522,1.);
#10522 = DIRECTION('',(0.195081000118,0.980787134598,0.));
#10523 = PLANE('',#10524);
#10524 = AXIS2_PLACEMENT_3D('',#10525,#10526,#10527);
#10525 = CARTESIAN_POINT('',(0.,0.,1.585));
#10526 = DIRECTION('',(0.,0.,1.));
#10527 = DIRECTION('',(1.,0.,-0.));
#10528 = SHELL_BASED_SURFACE_MODEL('',(#10529));
#10529 = OPEN_SHELL('',(#10530));
#10530 = ADVANCED_FACE('',(#10531),#10575,.T.);
#10531 = FACE_BOUND('',#10532,.F.);
#10532 = EDGE_LOOP('',(#10533,#10544,#10552,#10561,#10569));
#10533 = ORIENTED_EDGE('',*,*,#10534,.T.);
#10534 = EDGE_CURVE('',#10535,#10537,#10539,.T.);
#10535 = VERTEX_POINT('',#10536);
#10536 = CARTESIAN_POINT('',(106.819567,-32.402039,1.585));
#10537 = VERTEX_POINT('',#10538);
#10538 = CARTESIAN_POINT('',(106.935,-32.425,1.585));
#10539 = CIRCLE('',#10540,6.000007318647E-02);
#10540 = AXIS2_PLACEMENT_3D('',#10541,#10542,#10543);
#10541 = CARTESIAN_POINT('',(106.87499992681,-32.42499982331,1.585));
#10542 = DIRECTION('',(0.,0.,-1.));
#10543 = DIRECTION('',(-0.923880986637,0.382679921777,0.));
#10544 = ORIENTED_EDGE('',*,*,#10545,.T.);
#10545 = EDGE_CURVE('',#10537,#10546,#10548,.T.);
#10546 = VERTEX_POINT('',#10547);
#10547 = CARTESIAN_POINT('',(106.935,-33.775,1.585));
#10548 = LINE('',#10549,#10550);
#10549 = CARTESIAN_POINT('',(106.935,-32.425,1.585));
#10550 = VECTOR('',#10551,1.);
#10551 = DIRECTION('',(0.,-1.,0.));
#10552 = ORIENTED_EDGE('',*,*,#10553,.T.);
#10553 = EDGE_CURVE('',#10546,#10554,#10556,.T.);
#10554 = VERTEX_POINT('',#10555);
#10555 = CARTESIAN_POINT('',(106.815,-33.775,1.585));
#10556 = CIRCLE('',#10557,6.000000000042E-02);
#10557 = AXIS2_PLACEMENT_3D('',#10558,#10559,#10560);
#10558 = CARTESIAN_POINT('',(106.875,-33.77500022558,1.585));
#10559 = DIRECTION('',(0.,0.,-1.));
#10560 = DIRECTION('',(0.999999999993,3.75979413526E-06,0.));
#10561 = ORIENTED_EDGE('',*,*,#10562,.T.);
#10562 = EDGE_CURVE('',#10554,#10563,#10565,.T.);
#10563 = VERTEX_POINT('',#10564);
#10564 = CARTESIAN_POINT('',(106.815,-32.425,1.585));
#10565 = LINE('',#10566,#10567);
#10566 = CARTESIAN_POINT('',(106.815,-33.775,1.585));
#10567 = VECTOR('',#10568,1.);
#10568 = DIRECTION('',(0.,1.,0.));
#10569 = ORIENTED_EDGE('',*,*,#10570,.T.);
#10570 = EDGE_CURVE('',#10563,#10535,#10571,.T.);
#10571 = LINE('',#10572,#10573);
#10572 = CARTESIAN_POINT('',(106.815,-32.425,1.585));
#10573 = VECTOR('',#10574,1.);
#10574 = DIRECTION('',(0.195081000118,0.980787134598,0.));
#10575 = PLANE('',#10576);
#10576 = AXIS2_PLACEMENT_3D('',#10577,#10578,#10579);
#10577 = CARTESIAN_POINT('',(0.,0.,1.585));
#10578 = DIRECTION('',(0.,0.,1.));
#10579 = DIRECTION('',(1.,0.,-0.));
#10580 = SHELL_BASED_SURFACE_MODEL('',(#10581));
#10581 = OPEN_SHELL('',(#10582));
#10582 = ADVANCED_FACE('',(#10583),#10717,.T.);
#10583 = FACE_BOUND('',#10584,.F.);
#10584 = EDGE_LOOP('',(#10585,#10596,#10604,#10613,#10621,#10629,#10637,
    #10645,#10654,#10662,#10670,#10678,#10687,#10695,#10703,#10711));
#10585 = ORIENTED_EDGE('',*,*,#10586,.T.);
#10586 = EDGE_CURVE('',#10587,#10589,#10591,.T.);
#10587 = VERTEX_POINT('',#10588);
#10588 = CARTESIAN_POINT('',(104.413151,-32.323354,1.585));
#10589 = VERTEX_POINT('',#10590);
#10590 = CARTESIAN_POINT('',(104.529819,-32.385714,1.585));
#10591 = CIRCLE('',#10592,7.500000000003E-02);
#10592 = AXIS2_PLACEMENT_3D('',#10593,#10594,#10595);
#10593 = CARTESIAN_POINT('',(104.454819,-32.38571406555,1.585));
#10594 = DIRECTION('',(0.,0.,-1.));
#10595 = DIRECTION('',(-0.555573333333,0.831467540731,0.));
#10596 = ORIENTED_EDGE('',*,*,#10597,.T.);
#10597 = EDGE_CURVE('',#10589,#10598,#10600,.T.);
#10598 = VERTEX_POINT('',#10599);
#10599 = CARTESIAN_POINT('',(104.528378,-32.971774,1.585));
#10600 = LINE('',#10601,#10602);
#10601 = CARTESIAN_POINT('',(104.529819,-32.385714,1.585));
#10602 = VECTOR('',#10603,1.);
#10603 = DIRECTION('',(-2.45878518261E-03,-0.999996977183,0.));
#10604 = ORIENTED_EDGE('',*,*,#10605,.T.);
#10605 = EDGE_CURVE('',#10598,#10606,#10608,.T.);
#10606 = VERTEX_POINT('',#10607);
#10607 = CARTESIAN_POINT('',(104.379819,-32.957142,1.585));
#10608 = CIRCLE('',#10609,7.500006711465E-02);
#10609 = AXIS2_PLACEMENT_3D('',#10610,#10611,#10612);
#10610 = CARTESIAN_POINT('',(104.45481906711,-32.95714206711,1.585));
#10611 = DIRECTION('',(-0.,0.,-1.));
#10612 = DIRECTION('',(0.980784894138,-0.195092263891,-0.));
#10613 = ORIENTED_EDGE('',*,*,#10614,.T.);
#10614 = EDGE_CURVE('',#10606,#10615,#10617,.T.);
#10615 = VERTEX_POINT('',#10616);
#10616 = CARTESIAN_POINT('',(104.379819,-32.746428,1.585));
#10617 = LINE('',#10618,#10619);
#10618 = CARTESIAN_POINT('',(104.379819,-32.957142,1.585));
#10619 = VECTOR('',#10620,1.);
#10620 = DIRECTION('',(0.,1.,0.));
#10621 = ORIENTED_EDGE('',*,*,#10622,.T.);
#10622 = EDGE_CURVE('',#10615,#10623,#10625,.T.);
#10623 = VERTEX_POINT('',#10624);
#10624 = CARTESIAN_POINT('',(103.683504,-32.746428,1.585));
#10625 = LINE('',#10626,#10627);
#10626 = CARTESIAN_POINT('',(104.379819,-32.746428,1.585));
#10627 = VECTOR('',#10628,1.);
#10628 = DIRECTION('',(-1.,0.,0.));
#10629 = ORIENTED_EDGE('',*,*,#10630,.T.);
#10630 = EDGE_CURVE('',#10623,#10631,#10633,.T.);
#10631 = VERTEX_POINT('',#10632);
#10632 = CARTESIAN_POINT('',(103.756033,-32.822068,1.585));
#10633 = LINE('',#10634,#10635);
#10634 = CARTESIAN_POINT('',(103.683504,-32.746428,1.585));
#10635 = VECTOR('',#10636,1.);
#10636 = DIRECTION('',(0.692107619701,-0.72179432164,0.));
#10637 = ORIENTED_EDGE('',*,*,#10638,.T.);
#10638 = EDGE_CURVE('',#10631,#10639,#10641,.T.);
#10639 = VERTEX_POINT('',#10640);
#10640 = CARTESIAN_POINT('',(103.81287,-32.937332,1.585));
#10641 = LINE('',#10642,#10643);
#10642 = CARTESIAN_POINT('',(103.756033,-32.822068,1.585));
#10643 = VECTOR('',#10644,1.);
#10644 = DIRECTION('',(0.442257930733,-0.896887909777,0.));
#10645 = ORIENTED_EDGE('',*,*,#10646,.T.);
#10646 = EDGE_CURVE('',#10639,#10647,#10649,.T.);
#10647 = VERTEX_POINT('',#10648);
#10648 = CARTESIAN_POINT('',(103.673451,-32.990683,1.585));
#10649 = CIRCLE('',#10650,7.500029440469E-02);
#10650 = AXIS2_PLACEMENT_3D('',#10651,#10652,#10653);
#10651 = CARTESIAN_POINT('',(103.74053305397,-32.95714135132,1.585));
#10652 = DIRECTION('',(0.,0.,-1.));
#10653 = DIRECTION('',(0.964488827732,0.264123647522,0.));
#10654 = ORIENTED_EDGE('',*,*,#10655,.T.);
#10655 = EDGE_CURVE('',#10647,#10656,#10658,.T.);
#10656 = VERTEX_POINT('',#10657);
#10657 = CARTESIAN_POINT('',(103.631275,-32.906331,1.585));
#10658 = LINE('',#10659,#10660);
#10659 = CARTESIAN_POINT('',(103.673451,-32.990683,1.585));
#10660 = VECTOR('',#10661,1.);
#10661 = DIRECTION('',(-0.4472135955,0.894427191,0.));
#10662 = ORIENTED_EDGE('',*,*,#10663,.T.);
#10663 = EDGE_CURVE('',#10656,#10664,#10666,.T.);
#10664 = VERTEX_POINT('',#10665);
#10665 = CARTESIAN_POINT('',(103.549894,-32.82495,1.585));
#10666 = LINE('',#10667,#10668);
#10667 = CARTESIAN_POINT('',(103.631275,-32.906331,1.585));
#10668 = VECTOR('',#10669,1.);
#10669 = DIRECTION('',(-0.707106781187,0.707106781187,0.));
#10670 = ORIENTED_EDGE('',*,*,#10671,.T.);
#10671 = EDGE_CURVE('',#10664,#10672,#10674,.T.);
#10672 = VERTEX_POINT('',#10673);
#10673 = CARTESIAN_POINT('',(103.401841,-32.724516,1.585));
#10674 = LINE('',#10675,#10676);
#10675 = CARTESIAN_POINT('',(103.549894,-32.82495,1.585));
#10676 = VECTOR('',#10677,1.);
#10677 = DIRECTION('',(-0.827555069925,0.561384544,0.));
#10678 = ORIENTED_EDGE('',*,*,#10679,.T.);
#10679 = EDGE_CURVE('',#10672,#10680,#10682,.T.);
#10680 = VERTEX_POINT('',#10681);
#10681 = CARTESIAN_POINT('',(103.454819,-32.596428,1.585));
#10682 = CIRCLE('',#10683,7.499993751708E-02);
#10683 = AXIS2_PLACEMENT_3D('',#10684,#10685,#10686);
#10684 = CARTESIAN_POINT('',(103.45481880902,-32.67142793751,1.585));
#10685 = DIRECTION('',(0.,0.,-1.));
#10686 = DIRECTION('',(-0.706371375515,-0.707841422816,-0.));
#10687 = ORIENTED_EDGE('',*,*,#10688,.T.);
#10688 = EDGE_CURVE('',#10680,#10689,#10691,.T.);
#10689 = VERTEX_POINT('',#10690);
#10690 = CARTESIAN_POINT('',(104.379819,-32.596428,1.585));
#10691 = LINE('',#10692,#10693);
#10692 = CARTESIAN_POINT('',(103.454819,-32.596428,1.585));
#10693 = VECTOR('',#10694,1.);
#10694 = DIRECTION('',(1.,0.,0.));
#10695 = ORIENTED_EDGE('',*,*,#10696,.T.);
#10696 = EDGE_CURVE('',#10689,#10697,#10699,.T.);
#10697 = VERTEX_POINT('',#10698);
#10698 = CARTESIAN_POINT('',(104.38126,-32.371082,1.585));
#10699 = LINE('',#10700,#10701);
#10700 = CARTESIAN_POINT('',(104.379819,-32.596428,1.585));
#10701 = VECTOR('',#10702,1.);
#10702 = DIRECTION('',(6.394480216655E-03,0.999979555102,0.));
#10703 = ORIENTED_EDGE('',*,*,#10704,.T.);
#10704 = EDGE_CURVE('',#10697,#10705,#10707,.T.);
#10705 = VERTEX_POINT('',#10706);
#10706 = CARTESIAN_POINT('',(104.392459,-32.344046,1.585));
#10707 = LINE('',#10708,#10709);
#10708 = CARTESIAN_POINT('',(104.38126,-32.371082,1.585));
#10709 = VECTOR('',#10710,1.);
#10710 = DIRECTION('',(0.38269282806,0.923875640631,0.));
#10711 = ORIENTED_EDGE('',*,*,#10712,.T.);
#10712 = EDGE_CURVE('',#10705,#10587,#10713,.T.);
#10713 = LINE('',#10714,#10715);
#10714 = CARTESIAN_POINT('',(104.392459,-32.344046,1.585));
#10715 = VECTOR('',#10716,1.);
#10716 = DIRECTION('',(0.707106781187,0.707106781187,0.));
#10717 = PLANE('',#10718);
#10718 = AXIS2_PLACEMENT_3D('',#10719,#10720,#10721);
#10719 = CARTESIAN_POINT('',(0.,0.,1.585));
#10720 = DIRECTION('',(0.,0.,1.));
#10721 = DIRECTION('',(1.,0.,-0.));
#10722 = SHELL_BASED_SURFACE_MODEL('',(#10723));
#10723 = OPEN_SHELL('',(#10724));
#10724 = ADVANCED_FACE('',(#10725),#10785,.T.);
#10725 = FACE_BOUND('',#10726,.F.);
#10726 = EDGE_LOOP('',(#10727,#10738,#10746,#10755,#10763,#10771,#10779)
  );
#10727 = ORIENTED_EDGE('',*,*,#10728,.T.);
#10728 = EDGE_CURVE('',#10729,#10731,#10733,.T.);
#10729 = VERTEX_POINT('',#10730);
#10730 = CARTESIAN_POINT('',(85.14,-31.56,1.585));
#10731 = VERTEX_POINT('',#10732);
#10732 = CARTESIAN_POINT('',(85.097574,-31.457574,1.585));
#10733 = CIRCLE('',#10734,6.000000000552E-02);
#10734 = AXIS2_PLACEMENT_3D('',#10735,#10736,#10737);
#10735 = CARTESIAN_POINT('',(85.140000813746,-31.5,1.585));
#10736 = DIRECTION('',(0.,0.,-1.));
#10737 = DIRECTION('',(-1.356243804545E-05,-0.999999999908,-0.));
#10738 = ORIENTED_EDGE('',*,*,#10739,.T.);
#10739 = EDGE_CURVE('',#10731,#10740,#10742,.T.);
#10740 = VERTEX_POINT('',#10741);
#10741 = CARTESIAN_POINT('',(85.597574,-30.957574,1.585));
#10742 = LINE('',#10743,#10744);
#10743 = CARTESIAN_POINT('',(85.097574,-31.457574,1.585));
#10744 = VECTOR('',#10745,1.);
#10745 = DIRECTION('',(0.707106781187,0.707106781187,0.));
#10746 = ORIENTED_EDGE('',*,*,#10747,.T.);
#10747 = EDGE_CURVE('',#10740,#10748,#10750,.T.);
#10748 = VERTEX_POINT('',#10749);
#10749 = CARTESIAN_POINT('',(85.7,-31.,1.585));
#10750 = CIRCLE('',#10751,6.000000000552E-02);
#10751 = AXIS2_PLACEMENT_3D('',#10752,#10753,#10754);
#10752 = CARTESIAN_POINT('',(85.64,-31.00000081374,1.585));
#10753 = DIRECTION('',(0.,0.,-1.));
#10754 = DIRECTION('',(-0.707099999935,0.707113562373,0.));
#10755 = ORIENTED_EDGE('',*,*,#10756,.T.);
#10756 = EDGE_CURVE('',#10748,#10757,#10759,.T.);
#10757 = VERTEX_POINT('',#10758);
#10758 = CARTESIAN_POINT('',(85.7,-31.5,1.585));
#10759 = LINE('',#10760,#10761);
#10760 = CARTESIAN_POINT('',(85.7,-31.,1.585));
#10761 = VECTOR('',#10762,1.);
#10762 = DIRECTION('',(0.,-1.,0.));
#10763 = ORIENTED_EDGE('',*,*,#10764,.T.);
#10764 = EDGE_CURVE('',#10757,#10765,#10767,.T.);
#10765 = VERTEX_POINT('',#10766);
#10766 = CARTESIAN_POINT('',(85.682426,-31.542426,1.585));
#10767 = LINE('',#10768,#10769);
#10768 = CARTESIAN_POINT('',(85.7,-31.5,1.585));
#10769 = VECTOR('',#10770,1.);
#10770 = DIRECTION('',(-0.382694127414,-0.923875102405,0.));
#10771 = ORIENTED_EDGE('',*,*,#10772,.T.);
#10772 = EDGE_CURVE('',#10765,#10773,#10775,.T.);
#10773 = VERTEX_POINT('',#10774);
#10774 = CARTESIAN_POINT('',(85.64,-31.56,1.585));
#10775 = LINE('',#10776,#10777);
#10776 = CARTESIAN_POINT('',(85.682426,-31.542426,1.585));
#10777 = VECTOR('',#10778,1.);
#10778 = DIRECTION('',(-0.923875102405,-0.382694127414,0.));
#10779 = ORIENTED_EDGE('',*,*,#10780,.T.);
#10780 = EDGE_CURVE('',#10773,#10729,#10781,.T.);
#10781 = LINE('',#10782,#10783);
#10782 = CARTESIAN_POINT('',(85.64,-31.56,1.585));
#10783 = VECTOR('',#10784,1.);
#10784 = DIRECTION('',(-1.,0.,0.));
#10785 = PLANE('',#10786);
#10786 = AXIS2_PLACEMENT_3D('',#10787,#10788,#10789);
#10787 = CARTESIAN_POINT('',(0.,0.,1.585));
#10788 = DIRECTION('',(0.,0.,1.));
#10789 = DIRECTION('',(1.,0.,-0.));
#10790 = SHELL_BASED_SURFACE_MODEL('',(#10791));
#10791 = OPEN_SHELL('',(#10792));
#10792 = ADVANCED_FACE('',(#10793),#10879,.T.);
#10793 = FACE_BOUND('',#10794,.F.);
#10794 = EDGE_LOOP('',(#10795,#10806,#10814,#10823,#10831,#10840,#10848,
    #10856,#10864,#10873));
#10795 = ORIENTED_EDGE('',*,*,#10796,.T.);
#10796 = EDGE_CURVE('',#10797,#10799,#10801,.T.);
#10797 = VERTEX_POINT('',#10798);
#10798 = CARTESIAN_POINT('',(85.87,-30.69,1.585));
#10799 = VERTEX_POINT('',#10800);
#10800 = CARTESIAN_POINT('',(85.93,-30.63,1.585));
#10801 = CIRCLE('',#10802,5.999932016259E-02);
#10802 = AXIS2_PLACEMENT_3D('',#10803,#10804,#10805);
#10803 = CARTESIAN_POINT('',(85.929999320159,-30.68999932015,1.585));
#10804 = DIRECTION('',(0.,0.,-1.));
#10805 = DIRECTION('',(-0.999999999936,-1.133081623985E-05,-0.));
#10806 = ORIENTED_EDGE('',*,*,#10807,.T.);
#10807 = EDGE_CURVE('',#10799,#10808,#10810,.T.);
#10808 = VERTEX_POINT('',#10809);
#10809 = CARTESIAN_POINT('',(104.15,-30.63,1.585));
#10810 = LINE('',#10811,#10812);
#10811 = CARTESIAN_POINT('',(85.93,-30.63,1.585));
#10812 = VECTOR('',#10813,1.);
#10813 = DIRECTION('',(1.,0.,0.));
#10814 = ORIENTED_EDGE('',*,*,#10815,.T.);
#10815 = EDGE_CURVE('',#10808,#10816,#10818,.T.);
#10816 = VERTEX_POINT('',#10817);
#10817 = CARTESIAN_POINT('',(104.21,-30.69,1.585));
#10818 = CIRCLE('',#10819,5.999932016259E-02);
#10819 = AXIS2_PLACEMENT_3D('',#10820,#10821,#10822);
#10820 = CARTESIAN_POINT('',(104.15000067984,-30.68999932015,1.585));
#10821 = DIRECTION('',(0.,0.,-1.));
#10822 = DIRECTION('',(-1.133081588458E-05,0.999999999936,0.));
#10823 = ORIENTED_EDGE('',*,*,#10824,.T.);
#10824 = EDGE_CURVE('',#10816,#10825,#10827,.T.);
#10825 = VERTEX_POINT('',#10826);
#10826 = CARTESIAN_POINT('',(104.21,-31.49,1.585));
#10827 = LINE('',#10828,#10829);
#10828 = CARTESIAN_POINT('',(104.21,-30.69,1.585));
#10829 = VECTOR('',#10830,1.);
#10830 = DIRECTION('',(0.,-1.,0.));
#10831 = ORIENTED_EDGE('',*,*,#10832,.T.);
#10832 = EDGE_CURVE('',#10825,#10833,#10835,.T.);
#10833 = VERTEX_POINT('',#10834);
#10834 = CARTESIAN_POINT('',(104.09,-31.49,1.585));
#10835 = CIRCLE('',#10836,6.000000000042E-02);
#10836 = AXIS2_PLACEMENT_3D('',#10837,#10838,#10839);
#10837 = CARTESIAN_POINT('',(104.15,-31.49000022558,1.585));
#10838 = DIRECTION('',(0.,0.,-1.));
#10839 = DIRECTION('',(0.999999999993,3.759794253685E-06,0.));
#10840 = ORIENTED_EDGE('',*,*,#10841,.T.);
#10841 = EDGE_CURVE('',#10833,#10842,#10844,.T.);
#10842 = VERTEX_POINT('',#10843);
#10843 = CARTESIAN_POINT('',(104.09,-30.75,1.585));
#10844 = LINE('',#10845,#10846);
#10845 = CARTESIAN_POINT('',(104.09,-31.49,1.585));
#10846 = VECTOR('',#10847,1.);
#10847 = DIRECTION('',(0.,1.,0.));
#10848 = ORIENTED_EDGE('',*,*,#10849,.T.);
#10849 = EDGE_CURVE('',#10842,#10850,#10852,.T.);
#10850 = VERTEX_POINT('',#10851);
#10851 = CARTESIAN_POINT('',(85.99,-30.75,1.585));
#10852 = LINE('',#10853,#10854);
#10853 = CARTESIAN_POINT('',(104.09,-30.75,1.585));
#10854 = VECTOR('',#10855,1.);
#10855 = DIRECTION('',(-1.,0.,0.));
#10856 = ORIENTED_EDGE('',*,*,#10857,.T.);
#10857 = EDGE_CURVE('',#10850,#10858,#10860,.T.);
#10858 = VERTEX_POINT('',#10859);
#10859 = CARTESIAN_POINT('',(85.99,-31.49,1.585));
#10860 = LINE('',#10861,#10862);
#10861 = CARTESIAN_POINT('',(85.99,-30.75,1.585));
#10862 = VECTOR('',#10863,1.);
#10863 = DIRECTION('',(0.,-1.,0.));
#10864 = ORIENTED_EDGE('',*,*,#10865,.T.);
#10865 = EDGE_CURVE('',#10858,#10866,#10868,.T.);
#10866 = VERTEX_POINT('',#10867);
#10867 = CARTESIAN_POINT('',(85.87,-31.49,1.585));
#10868 = CIRCLE('',#10869,6.000000000042E-02);
#10869 = AXIS2_PLACEMENT_3D('',#10870,#10871,#10872);
#10870 = CARTESIAN_POINT('',(85.93,-31.49000022558,1.585));
#10871 = DIRECTION('',(0.,0.,-1.));
#10872 = DIRECTION('',(0.999999999993,3.759794253685E-06,0.));
#10873 = ORIENTED_EDGE('',*,*,#10874,.T.);
#10874 = EDGE_CURVE('',#10866,#10797,#10875,.T.);
#10875 = LINE('',#10876,#10877);
#10876 = CARTESIAN_POINT('',(85.87,-31.49,1.585));
#10877 = VECTOR('',#10878,1.);
#10878 = DIRECTION('',(0.,1.,0.));
#10879 = PLANE('',#10880);
#10880 = AXIS2_PLACEMENT_3D('',#10881,#10882,#10883);
#10881 = CARTESIAN_POINT('',(0.,0.,1.585));
#10882 = DIRECTION('',(0.,0.,1.));
#10883 = DIRECTION('',(1.,0.,-0.));
#10884 = SHELL_BASED_SURFACE_MODEL('',(#10885));
#10885 = OPEN_SHELL('',(#10886));
#10886 = ADVANCED_FACE('',(#10887),#10956,.T.);
#10887 = FACE_BOUND('',#10888,.F.);
#10888 = EDGE_LOOP('',(#10889,#10900,#10908,#10916,#10925,#10933,#10942,
    #10950));
#10889 = ORIENTED_EDGE('',*,*,#10890,.T.);
#10890 = EDGE_CURVE('',#10891,#10893,#10895,.T.);
#10891 = VERTEX_POINT('',#10892);
#10892 = CARTESIAN_POINT('',(86.534567,-28.577039,1.585));
#10893 = VERTEX_POINT('',#10894);
#10894 = CARTESIAN_POINT('',(86.65,-28.6,1.585));
#10895 = CIRCLE('',#10896,6.000007318648E-02);
#10896 = AXIS2_PLACEMENT_3D('',#10897,#10898,#10899);
#10897 = CARTESIAN_POINT('',(86.589999926814,-28.59999982331,1.585));
#10898 = DIRECTION('',(0.,0.,-1.));
#10899 = DIRECTION('',(-0.923880986637,0.382679921777,0.));
#10900 = ORIENTED_EDGE('',*,*,#10901,.T.);
#10901 = EDGE_CURVE('',#10893,#10902,#10904,.T.);
#10902 = VERTEX_POINT('',#10903);
#10903 = CARTESIAN_POINT('',(86.65,-29.65,1.585));
#10904 = LINE('',#10905,#10906);
#10905 = CARTESIAN_POINT('',(86.65,-28.6,1.585));
#10906 = VECTOR('',#10907,1.);
#10907 = DIRECTION('',(0.,-1.,0.));
#10908 = ORIENTED_EDGE('',*,*,#10909,.T.);
#10909 = EDGE_CURVE('',#10902,#10910,#10912,.T.);
#10910 = VERTEX_POINT('',#10911);
#10911 = CARTESIAN_POINT('',(87.7,-29.65,1.585));
#10912 = LINE('',#10913,#10914);
#10913 = CARTESIAN_POINT('',(86.65,-29.65,1.585));
#10914 = VECTOR('',#10915,1.);
#10915 = DIRECTION('',(1.,0.,0.));
#10916 = ORIENTED_EDGE('',*,*,#10917,.T.);
#10917 = EDGE_CURVE('',#10910,#10918,#10920,.T.);
#10918 = VERTEX_POINT('',#10919);
#10919 = CARTESIAN_POINT('',(87.7,-29.77,1.585));
#10920 = CIRCLE('',#10921,6.000000000042E-02);
#10921 = AXIS2_PLACEMENT_3D('',#10922,#10923,#10924);
#10922 = CARTESIAN_POINT('',(87.700000225588,-29.71,1.585));
#10923 = DIRECTION('',(0.,0.,-1.));
#10924 = DIRECTION('',(-3.759794016836E-06,0.999999999993,-0.));
#10925 = ORIENTED_EDGE('',*,*,#10926,.T.);
#10926 = EDGE_CURVE('',#10918,#10927,#10929,.T.);
#10927 = VERTEX_POINT('',#10928);
#10928 = CARTESIAN_POINT('',(86.59,-29.77,1.585));
#10929 = LINE('',#10930,#10931);
#10930 = CARTESIAN_POINT('',(87.7,-29.77,1.585));
#10931 = VECTOR('',#10932,1.);
#10932 = DIRECTION('',(-1.,0.,0.));
#10933 = ORIENTED_EDGE('',*,*,#10934,.T.);
#10934 = EDGE_CURVE('',#10927,#10935,#10937,.T.);
#10935 = VERTEX_POINT('',#10936);
#10936 = CARTESIAN_POINT('',(86.53,-29.71,1.585));
#10937 = CIRCLE('',#10938,5.999932016259E-02);
#10938 = AXIS2_PLACEMENT_3D('',#10939,#10940,#10941);
#10939 = CARTESIAN_POINT('',(86.589999320159,-29.71000067984,1.585));
#10940 = DIRECTION('',(0.,0.,-1.));
#10941 = DIRECTION('',(1.133081612143E-05,-0.999999999936,0.));
#10942 = ORIENTED_EDGE('',*,*,#10943,.T.);
#10943 = EDGE_CURVE('',#10935,#10944,#10946,.T.);
#10944 = VERTEX_POINT('',#10945);
#10945 = CARTESIAN_POINT('',(86.53,-28.6,1.585));
#10946 = LINE('',#10947,#10948);
#10947 = CARTESIAN_POINT('',(86.53,-29.71,1.585));
#10948 = VECTOR('',#10949,1.);
#10949 = DIRECTION('',(0.,1.,0.));
#10950 = ORIENTED_EDGE('',*,*,#10951,.T.);
#10951 = EDGE_CURVE('',#10944,#10891,#10952,.T.);
#10952 = LINE('',#10953,#10954);
#10953 = CARTESIAN_POINT('',(86.53,-28.6,1.585));
#10954 = VECTOR('',#10955,1.);
#10955 = DIRECTION('',(0.195081000118,0.980787134598,0.));
#10956 = PLANE('',#10957);
#10957 = AXIS2_PLACEMENT_3D('',#10958,#10959,#10960);
#10958 = CARTESIAN_POINT('',(0.,0.,1.585));
#10959 = DIRECTION('',(0.,0.,1.));
#10960 = DIRECTION('',(1.,0.,-0.));
#10961 = SHELL_BASED_SURFACE_MODEL('',(#10962));
#10962 = OPEN_SHELL('',(#10963));
#10963 = ADVANCED_FACE('',(#10964,#11034),#11068,.T.);
#10964 = FACE_BOUND('',#10965,.F.);
#10965 = EDGE_LOOP('',(#10966,#10977,#10985,#10994,#11002,#11011,#11019,
    #11028));
#10966 = ORIENTED_EDGE('',*,*,#10967,.T.);
#10967 = EDGE_CURVE('',#10968,#10970,#10972,.T.);
#10968 = VERTEX_POINT('',#10969);
#10969 = CARTESIAN_POINT('',(88.64,-27.49,1.585));
#10970 = VERTEX_POINT('',#10971);
#10971 = CARTESIAN_POINT('',(88.7,-27.43,1.585));
#10972 = CIRCLE('',#10973,5.999932016258E-02);
#10973 = AXIS2_PLACEMENT_3D('',#10974,#10975,#10976);
#10974 = CARTESIAN_POINT('',(88.699999320159,-27.48999932015,1.585));
#10975 = DIRECTION('',(0.,0.,-1.));
#10976 = DIRECTION('',(-0.999999999936,-1.133081623985E-05,-0.));
#10977 = ORIENTED_EDGE('',*,*,#10978,.T.);
#10978 = EDGE_CURVE('',#10970,#10979,#10981,.T.);
#10979 = VERTEX_POINT('',#10980);
#10980 = CARTESIAN_POINT('',(102.81,-27.43,1.585));
#10981 = LINE('',#10982,#10983);
#10982 = CARTESIAN_POINT('',(88.7,-27.43,1.585));
#10983 = VECTOR('',#10984,1.);
#10984 = DIRECTION('',(1.,0.,0.));
#10985 = ORIENTED_EDGE('',*,*,#10986,.T.);
#10986 = EDGE_CURVE('',#10979,#10987,#10989,.T.);
#10987 = VERTEX_POINT('',#10988);
#10988 = CARTESIAN_POINT('',(102.87,-27.49,1.585));
#10989 = CIRCLE('',#10990,5.999932016261E-02);
#10990 = AXIS2_PLACEMENT_3D('',#10991,#10992,#10993);
#10991 = CARTESIAN_POINT('',(102.81000067984,-27.48999932015,1.585));
#10992 = DIRECTION('',(0.,0.,-1.));
#10993 = DIRECTION('',(-1.133081588457E-05,0.999999999936,0.));
#10994 = ORIENTED_EDGE('',*,*,#10995,.T.);
#10995 = EDGE_CURVE('',#10987,#10996,#10998,.T.);
#10996 = VERTEX_POINT('',#10997);
#10997 = CARTESIAN_POINT('',(102.87,-29.71,1.585));
#10998 = LINE('',#10999,#11000);
#10999 = CARTESIAN_POINT('',(102.87,-27.49,1.585));
#11000 = VECTOR('',#11001,1.);
#11001 = DIRECTION('',(0.,-1.,0.));
#11002 = ORIENTED_EDGE('',*,*,#11003,.T.);
#11003 = EDGE_CURVE('',#10996,#11004,#11006,.T.);
#11004 = VERTEX_POINT('',#11005);
#11005 = CARTESIAN_POINT('',(102.81,-29.77,1.585));
#11006 = CIRCLE('',#11007,5.999932016263E-02);
#11007 = AXIS2_PLACEMENT_3D('',#11008,#11009,#11010);
#11008 = CARTESIAN_POINT('',(102.81000067984,-29.71000067984,1.585));
#11009 = DIRECTION('',(0.,0.,-1.));
#11010 = DIRECTION('',(0.999999999936,1.133081541087E-05,0.));
#11011 = ORIENTED_EDGE('',*,*,#11012,.T.);
#11012 = EDGE_CURVE('',#11004,#11013,#11015,.T.);
#11013 = VERTEX_POINT('',#11014);
#11014 = CARTESIAN_POINT('',(88.7,-29.77,1.585));
#11015 = LINE('',#11016,#11017);
#11016 = CARTESIAN_POINT('',(102.81,-29.77,1.585));
#11017 = VECTOR('',#11018,1.);
#11018 = DIRECTION('',(-1.,0.,0.));
#11019 = ORIENTED_EDGE('',*,*,#11020,.T.);
#11020 = EDGE_CURVE('',#11013,#11021,#11023,.T.);
#11021 = VERTEX_POINT('',#11022);
#11022 = CARTESIAN_POINT('',(88.64,-29.71,1.585));
#11023 = CIRCLE('',#11024,5.999932016259E-02);
#11024 = AXIS2_PLACEMENT_3D('',#11025,#11026,#11027);
#11025 = CARTESIAN_POINT('',(88.699999320159,-29.71000067984,1.585));
#11026 = DIRECTION('',(0.,0.,-1.));
#11027 = DIRECTION('',(1.133081612143E-05,-0.999999999936,0.));
#11028 = ORIENTED_EDGE('',*,*,#11029,.T.);
#11029 = EDGE_CURVE('',#11021,#10968,#11030,.T.);
#11030 = LINE('',#11031,#11032);
#11031 = CARTESIAN_POINT('',(88.64,-29.71,1.585));
#11032 = VECTOR('',#11033,1.);
#11033 = DIRECTION('',(0.,1.,0.));
#11034 = FACE_BOUND('',#11035,.F.);
#11035 = EDGE_LOOP('',(#11036,#11046,#11054,#11062));
#11036 = ORIENTED_EDGE('',*,*,#11037,.T.);
#11037 = EDGE_CURVE('',#11038,#11040,#11042,.T.);
#11038 = VERTEX_POINT('',#11039);
#11039 = CARTESIAN_POINT('',(102.75,-29.65,1.585));
#11040 = VERTEX_POINT('',#11041);
#11041 = CARTESIAN_POINT('',(102.75,-27.55,1.585));
#11042 = LINE('',#11043,#11044);
#11043 = CARTESIAN_POINT('',(102.75,-29.65,1.585));
#11044 = VECTOR('',#11045,1.);
#11045 = DIRECTION('',(0.,1.,0.));
#11046 = ORIENTED_EDGE('',*,*,#11047,.T.);
#11047 = EDGE_CURVE('',#11040,#11048,#11050,.T.);
#11048 = VERTEX_POINT('',#11049);
#11049 = CARTESIAN_POINT('',(88.76,-27.55,1.585));
#11050 = LINE('',#11051,#11052);
#11051 = CARTESIAN_POINT('',(102.75,-27.55,1.585));
#11052 = VECTOR('',#11053,1.);
#11053 = DIRECTION('',(-1.,0.,0.));
#11054 = ORIENTED_EDGE('',*,*,#11055,.T.);
#11055 = EDGE_CURVE('',#11048,#11056,#11058,.T.);
#11056 = VERTEX_POINT('',#11057);
#11057 = CARTESIAN_POINT('',(88.76,-29.65,1.585));
#11058 = LINE('',#11059,#11060);
#11059 = CARTESIAN_POINT('',(88.76,-27.55,1.585));
#11060 = VECTOR('',#11061,1.);
#11061 = DIRECTION('',(0.,-1.,0.));
#11062 = ORIENTED_EDGE('',*,*,#11063,.T.);
#11063 = EDGE_CURVE('',#11056,#11038,#11064,.T.);
#11064 = LINE('',#11065,#11066);
#11065 = CARTESIAN_POINT('',(88.76,-29.65,1.585));
#11066 = VECTOR('',#11067,1.);
#11067 = DIRECTION('',(1.,0.,0.));
#11068 = PLANE('',#11069);
#11069 = AXIS2_PLACEMENT_3D('',#11070,#11071,#11072);
#11070 = CARTESIAN_POINT('',(0.,0.,1.585));
#11071 = DIRECTION('',(0.,0.,1.));
#11072 = DIRECTION('',(1.,0.,-0.));
#11073 = SHELL_BASED_SURFACE_MODEL('',(#11074));
#11074 = OPEN_SHELL('',(#11075));
#11075 = ADVANCED_FACE('',(#11076),#11120,.T.);
#11076 = FACE_BOUND('',#11077,.F.);
#11077 = EDGE_LOOP('',(#11078,#11089,#11097,#11106,#11114));
#11078 = ORIENTED_EDGE('',*,*,#11079,.T.);
#11079 = EDGE_CURVE('',#11080,#11082,#11084,.T.);
#11080 = VERTEX_POINT('',#11081);
#11081 = CARTESIAN_POINT('',(82.609567,-28.515787,1.585));
#11082 = VERTEX_POINT('',#11083);
#11083 = CARTESIAN_POINT('',(82.725,-28.538748,1.585));
#11084 = CIRCLE('',#11085,6.000007318647E-02);
#11085 = AXIS2_PLACEMENT_3D('',#11086,#11087,#11088);
#11086 = CARTESIAN_POINT('',(82.664999926814,-28.53874782331,1.585));
#11087 = DIRECTION('',(0.,0.,-1.));
#11088 = DIRECTION('',(-0.923880986637,0.382679921777,0.));
#11089 = ORIENTED_EDGE('',*,*,#11090,.T.);
#11090 = EDGE_CURVE('',#11082,#11091,#11093,.T.);
#11091 = VERTEX_POINT('',#11092);
#11092 = CARTESIAN_POINT('',(82.725,-29.061252,1.585));
#11093 = LINE('',#11094,#11095);
#11094 = CARTESIAN_POINT('',(82.725,-28.538748,1.585));
#11095 = VECTOR('',#11096,1.);
#11096 = DIRECTION('',(0.,-1.,0.));
#11097 = ORIENTED_EDGE('',*,*,#11098,.T.);
#11098 = EDGE_CURVE('',#11091,#11099,#11101,.T.);
#11099 = VERTEX_POINT('',#11100);
#11100 = CARTESIAN_POINT('',(82.605,-29.061252,1.585));
#11101 = CIRCLE('',#11102,6.000000000042E-02);
#11102 = AXIS2_PLACEMENT_3D('',#11103,#11104,#11105);
#11103 = CARTESIAN_POINT('',(82.665,-29.06125222558,1.585));
#11104 = DIRECTION('',(0.,0.,-1.));
#11105 = DIRECTION('',(0.999999999993,3.759794194472E-06,0.));
#11106 = ORIENTED_EDGE('',*,*,#11107,.T.);
#11107 = EDGE_CURVE('',#11099,#11108,#11110,.T.);
#11108 = VERTEX_POINT('',#11109);
#11109 = CARTESIAN_POINT('',(82.605,-28.538748,1.585));
#11110 = LINE('',#11111,#11112);
#11111 = CARTESIAN_POINT('',(82.605,-29.061252,1.585));
#11112 = VECTOR('',#11113,1.);
#11113 = DIRECTION('',(0.,1.,0.));
#11114 = ORIENTED_EDGE('',*,*,#11115,.T.);
#11115 = EDGE_CURVE('',#11108,#11080,#11116,.T.);
#11116 = LINE('',#11117,#11118);
#11117 = CARTESIAN_POINT('',(82.605,-28.538748,1.585));
#11118 = VECTOR('',#11119,1.);
#11119 = DIRECTION('',(0.195081000118,0.980787134598,0.));
#11120 = PLANE('',#11121);
#11121 = AXIS2_PLACEMENT_3D('',#11122,#11123,#11124);
#11122 = CARTESIAN_POINT('',(0.,0.,1.585));
#11123 = DIRECTION('',(0.,0.,1.));
#11124 = DIRECTION('',(1.,0.,-0.));
#11125 = SHELL_BASED_SURFACE_MODEL('',(#11126));
#11126 = OPEN_SHELL('',(#11127));
#11127 = ADVANCED_FACE('',(#11128),#11172,.T.);
#11128 = FACE_BOUND('',#11129,.F.);
#11129 = EDGE_LOOP('',(#11130,#11141,#11149,#11158,#11166));
#11130 = ORIENTED_EDGE('',*,*,#11131,.T.);
#11131 = EDGE_CURVE('',#11132,#11134,#11136,.T.);
#11132 = VERTEX_POINT('',#11133);
#11133 = CARTESIAN_POINT('',(84.079567,-28.515787,1.585));
#11134 = VERTEX_POINT('',#11135);
#11135 = CARTESIAN_POINT('',(84.195,-28.538748,1.585));
#11136 = CIRCLE('',#11137,6.000007318647E-02);
#11137 = AXIS2_PLACEMENT_3D('',#11138,#11139,#11140);
#11138 = CARTESIAN_POINT('',(84.134999926814,-28.53874782331,1.585));
#11139 = DIRECTION('',(0.,0.,-1.));
#11140 = DIRECTION('',(-0.923880986637,0.382679921777,0.));
#11141 = ORIENTED_EDGE('',*,*,#11142,.T.);
#11142 = EDGE_CURVE('',#11134,#11143,#11145,.T.);
#11143 = VERTEX_POINT('',#11144);
#11144 = CARTESIAN_POINT('',(84.195,-29.061252,1.585));
#11145 = LINE('',#11146,#11147);
#11146 = CARTESIAN_POINT('',(84.195,-28.538748,1.585));
#11147 = VECTOR('',#11148,1.);
#11148 = DIRECTION('',(0.,-1.,0.));
#11149 = ORIENTED_EDGE('',*,*,#11150,.T.);
#11150 = EDGE_CURVE('',#11143,#11151,#11153,.T.);
#11151 = VERTEX_POINT('',#11152);
#11152 = CARTESIAN_POINT('',(84.075,-29.061252,1.585));
#11153 = CIRCLE('',#11154,6.000000000042E-02);
#11154 = AXIS2_PLACEMENT_3D('',#11155,#11156,#11157);
#11155 = CARTESIAN_POINT('',(84.135,-29.06125222558,1.585));
#11156 = DIRECTION('',(0.,0.,-1.));
#11157 = DIRECTION('',(0.999999999993,3.759794194472E-06,0.));
#11158 = ORIENTED_EDGE('',*,*,#11159,.T.);
#11159 = EDGE_CURVE('',#11151,#11160,#11162,.T.);
#11160 = VERTEX_POINT('',#11161);
#11161 = CARTESIAN_POINT('',(84.075,-28.538748,1.585));
#11162 = LINE('',#11163,#11164);
#11163 = CARTESIAN_POINT('',(84.075,-29.061252,1.585));
#11164 = VECTOR('',#11165,1.);
#11165 = DIRECTION('',(0.,1.,0.));
#11166 = ORIENTED_EDGE('',*,*,#11167,.T.);
#11167 = EDGE_CURVE('',#11160,#11132,#11168,.T.);
#11168 = LINE('',#11169,#11170);
#11169 = CARTESIAN_POINT('',(84.075,-28.538748,1.585));
#11170 = VECTOR('',#11171,1.);
#11171 = DIRECTION('',(0.195081000118,0.980787134598,0.));
#11172 = PLANE('',#11173);
#11173 = AXIS2_PLACEMENT_3D('',#11174,#11175,#11176);
#11174 = CARTESIAN_POINT('',(0.,0.,1.585));
#11175 = DIRECTION('',(0.,0.,1.));
#11176 = DIRECTION('',(1.,0.,-0.));
#11177 = SHELL_BASED_SURFACE_MODEL('',(#11178));
#11178 = OPEN_SHELL('',(#11179));
#11179 = ADVANCED_FACE('',(#11180),#11224,.T.);
#11180 = FACE_BOUND('',#11181,.F.);
#11181 = EDGE_LOOP('',(#11182,#11193,#11201,#11210,#11218));
#11182 = ORIENTED_EDGE('',*,*,#11183,.T.);
#11183 = EDGE_CURVE('',#11184,#11186,#11188,.T.);
#11184 = VERTEX_POINT('',#11185);
#11185 = CARTESIAN_POINT('',(84.684567,-28.569203,1.585));
#11186 = VERTEX_POINT('',#11187);
#11187 = CARTESIAN_POINT('',(84.8,-28.592164,1.585));
#11188 = CIRCLE('',#11189,6.000007318647E-02);
#11189 = AXIS2_PLACEMENT_3D('',#11190,#11191,#11192);
#11190 = CARTESIAN_POINT('',(84.739999926814,-28.59216382331,1.585));
#11191 = DIRECTION('',(0.,0.,-1.));
#11192 = DIRECTION('',(-0.923880986637,0.382679921777,0.));
#11193 = ORIENTED_EDGE('',*,*,#11194,.T.);
#11194 = EDGE_CURVE('',#11186,#11195,#11197,.T.);
#11195 = VERTEX_POINT('',#11196);
#11196 = CARTESIAN_POINT('',(84.8,-28.807836,1.585));
#11197 = LINE('',#11198,#11199);
#11198 = CARTESIAN_POINT('',(84.8,-28.592164,1.585));
#11199 = VECTOR('',#11200,1.);
#11200 = DIRECTION('',(0.,-1.,0.));
#11201 = ORIENTED_EDGE('',*,*,#11202,.T.);
#11202 = EDGE_CURVE('',#11195,#11203,#11205,.T.);
#11203 = VERTEX_POINT('',#11204);
#11204 = CARTESIAN_POINT('',(84.68,-28.807836,1.585));
#11205 = CIRCLE('',#11206,6.000000000042E-02);
#11206 = AXIS2_PLACEMENT_3D('',#11207,#11208,#11209);
#11207 = CARTESIAN_POINT('',(84.74,-28.80783622558,1.585));
#11208 = DIRECTION('',(0.,0.,-1.));
#11209 = DIRECTION('',(0.999999999993,3.759794194473E-06,0.));
#11210 = ORIENTED_EDGE('',*,*,#11211,.T.);
#11211 = EDGE_CURVE('',#11203,#11212,#11214,.T.);
#11212 = VERTEX_POINT('',#11213);
#11213 = CARTESIAN_POINT('',(84.68,-28.592164,1.585));
#11214 = LINE('',#11215,#11216);
#11215 = CARTESIAN_POINT('',(84.68,-28.807836,1.585));
#11216 = VECTOR('',#11217,1.);
#11217 = DIRECTION('',(0.,1.,0.));
#11218 = ORIENTED_EDGE('',*,*,#11219,.T.);
#11219 = EDGE_CURVE('',#11212,#11184,#11220,.T.);
#11220 = LINE('',#11221,#11222);
#11221 = CARTESIAN_POINT('',(84.68,-28.592164,1.585));
#11222 = VECTOR('',#11223,1.);
#11223 = DIRECTION('',(0.195081000118,0.980787134598,0.));
#11224 = PLANE('',#11225);
#11225 = AXIS2_PLACEMENT_3D('',#11226,#11227,#11228);
#11226 = CARTESIAN_POINT('',(0.,0.,1.585));
#11227 = DIRECTION('',(0.,0.,1.));
#11228 = DIRECTION('',(1.,0.,-0.));
#11229 = SHELL_BASED_SURFACE_MODEL('',(#11230));
#11230 = OPEN_SHELL('',(#11231));
#11231 = ADVANCED_FACE('',(#11232),#11276,.T.);
#11232 = FACE_BOUND('',#11233,.F.);
#11233 = EDGE_LOOP('',(#11234,#11245,#11253,#11262,#11270));
#11234 = ORIENTED_EDGE('',*,*,#11235,.T.);
#11235 = EDGE_CURVE('',#11236,#11238,#11240,.T.);
#11236 = VERTEX_POINT('',#11237);
#11237 = CARTESIAN_POINT('',(85.404567,-28.569203,1.585));
#11238 = VERTEX_POINT('',#11239);
#11239 = CARTESIAN_POINT('',(85.52,-28.592164,1.585));
#11240 = CIRCLE('',#11241,6.000007318647E-02);
#11241 = AXIS2_PLACEMENT_3D('',#11242,#11243,#11244);
#11242 = CARTESIAN_POINT('',(85.459999926814,-28.59216382331,1.585));
#11243 = DIRECTION('',(0.,0.,-1.));
#11244 = DIRECTION('',(-0.923880986637,0.382679921777,0.));
#11245 = ORIENTED_EDGE('',*,*,#11246,.T.);
#11246 = EDGE_CURVE('',#11238,#11247,#11249,.T.);
#11247 = VERTEX_POINT('',#11248);
#11248 = CARTESIAN_POINT('',(85.52,-28.807836,1.585));
#11249 = LINE('',#11250,#11251);
#11250 = CARTESIAN_POINT('',(85.52,-28.592164,1.585));
#11251 = VECTOR('',#11252,1.);
#11252 = DIRECTION('',(0.,-1.,0.));
#11253 = ORIENTED_EDGE('',*,*,#11254,.T.);
#11254 = EDGE_CURVE('',#11247,#11255,#11257,.T.);
#11255 = VERTEX_POINT('',#11256);
#11256 = CARTESIAN_POINT('',(85.4,-28.807836,1.585));
#11257 = CIRCLE('',#11258,6.000000000042E-02);
#11258 = AXIS2_PLACEMENT_3D('',#11259,#11260,#11261);
#11259 = CARTESIAN_POINT('',(85.46,-28.80783622558,1.585));
#11260 = DIRECTION('',(0.,0.,-1.));
#11261 = DIRECTION('',(0.999999999993,3.759794194473E-06,0.));
#11262 = ORIENTED_EDGE('',*,*,#11263,.T.);
#11263 = EDGE_CURVE('',#11255,#11264,#11266,.T.);
#11264 = VERTEX_POINT('',#11265);
#11265 = CARTESIAN_POINT('',(85.4,-28.592164,1.585));
#11266 = LINE('',#11267,#11268);
#11267 = CARTESIAN_POINT('',(85.4,-28.807836,1.585));
#11268 = VECTOR('',#11269,1.);
#11269 = DIRECTION('',(0.,1.,0.));
#11270 = ORIENTED_EDGE('',*,*,#11271,.T.);
#11271 = EDGE_CURVE('',#11264,#11236,#11272,.T.);
#11272 = LINE('',#11273,#11274);
#11273 = CARTESIAN_POINT('',(85.4,-28.592164,1.585));
#11274 = VECTOR('',#11275,1.);
#11275 = DIRECTION('',(0.195081000118,0.980787134598,0.));
#11276 = PLANE('',#11277);
#11277 = AXIS2_PLACEMENT_3D('',#11278,#11279,#11280);
#11278 = CARTESIAN_POINT('',(0.,0.,1.585));
#11279 = DIRECTION('',(0.,0.,1.));
#11280 = DIRECTION('',(1.,0.,-0.));
#11281 = SHELL_BASED_SURFACE_MODEL('',(#11282));
#11282 = OPEN_SHELL('',(#11283));
#11283 = ADVANCED_FACE('',(#11284),#11353,.T.);
#11284 = FACE_BOUND('',#11285,.F.);
#11285 = EDGE_LOOP('',(#11286,#11297,#11305,#11313,#11322,#11330,#11339,
    #11347));
#11286 = ORIENTED_EDGE('',*,*,#11287,.T.);
#11287 = EDGE_CURVE('',#11288,#11290,#11292,.T.);
#11288 = VERTEX_POINT('',#11289);
#11289 = CARTESIAN_POINT('',(89.534567,-24.877039,1.585));
#11290 = VERTEX_POINT('',#11291);
#11291 = CARTESIAN_POINT('',(89.65,-24.9,1.585));
#11292 = CIRCLE('',#11293,6.000007318648E-02);
#11293 = AXIS2_PLACEMENT_3D('',#11294,#11295,#11296);
#11294 = CARTESIAN_POINT('',(89.589999926814,-24.89999982331,1.585));
#11295 = DIRECTION('',(0.,0.,-1.));
#11296 = DIRECTION('',(-0.923880986637,0.382679921777,0.));
#11297 = ORIENTED_EDGE('',*,*,#11298,.T.);
#11298 = EDGE_CURVE('',#11290,#11299,#11301,.T.);
#11299 = VERTEX_POINT('',#11300);
#11300 = CARTESIAN_POINT('',(89.65,-25.95,1.585));
#11301 = LINE('',#11302,#11303);
#11302 = CARTESIAN_POINT('',(89.65,-24.9,1.585));
#11303 = VECTOR('',#11304,1.);
#11304 = DIRECTION('',(0.,-1.,0.));
#11305 = ORIENTED_EDGE('',*,*,#11306,.T.);
#11306 = EDGE_CURVE('',#11299,#11307,#11309,.T.);
#11307 = VERTEX_POINT('',#11308);
#11308 = CARTESIAN_POINT('',(90.7,-25.95,1.585));
#11309 = LINE('',#11310,#11311);
#11310 = CARTESIAN_POINT('',(89.65,-25.95,1.585));
#11311 = VECTOR('',#11312,1.);
#11312 = DIRECTION('',(1.,0.,0.));
#11313 = ORIENTED_EDGE('',*,*,#11314,.T.);
#11314 = EDGE_CURVE('',#11307,#11315,#11317,.T.);
#11315 = VERTEX_POINT('',#11316);
#11316 = CARTESIAN_POINT('',(90.7,-26.07,1.585));
#11317 = CIRCLE('',#11318,6.000000000042E-02);
#11318 = AXIS2_PLACEMENT_3D('',#11319,#11320,#11321);
#11319 = CARTESIAN_POINT('',(90.700000225588,-26.01,1.585));
#11320 = DIRECTION('',(0.,0.,-1.));
#11321 = DIRECTION('',(-3.759794016836E-06,0.999999999993,-0.));
#11322 = ORIENTED_EDGE('',*,*,#11323,.T.);
#11323 = EDGE_CURVE('',#11315,#11324,#11326,.T.);
#11324 = VERTEX_POINT('',#11325);
#11325 = CARTESIAN_POINT('',(89.59,-26.07,1.585));
#11326 = LINE('',#11327,#11328);
#11327 = CARTESIAN_POINT('',(90.7,-26.07,1.585));
#11328 = VECTOR('',#11329,1.);
#11329 = DIRECTION('',(-1.,0.,0.));
#11330 = ORIENTED_EDGE('',*,*,#11331,.T.);
#11331 = EDGE_CURVE('',#11324,#11332,#11334,.T.);
#11332 = VERTEX_POINT('',#11333);
#11333 = CARTESIAN_POINT('',(89.53,-26.01,1.585));
#11334 = CIRCLE('',#11335,5.999932016259E-02);
#11335 = AXIS2_PLACEMENT_3D('',#11336,#11337,#11338);
#11336 = CARTESIAN_POINT('',(89.589999320159,-26.01000067984,1.585));
#11337 = DIRECTION('',(0.,0.,-1.));
#11338 = DIRECTION('',(1.133081612143E-05,-0.999999999936,0.));
#11339 = ORIENTED_EDGE('',*,*,#11340,.T.);
#11340 = EDGE_CURVE('',#11332,#11341,#11343,.T.);
#11341 = VERTEX_POINT('',#11342);
#11342 = CARTESIAN_POINT('',(89.53,-24.9,1.585));
#11343 = LINE('',#11344,#11345);
#11344 = CARTESIAN_POINT('',(89.53,-26.01,1.585));
#11345 = VECTOR('',#11346,1.);
#11346 = DIRECTION('',(0.,1.,0.));
#11347 = ORIENTED_EDGE('',*,*,#11348,.T.);
#11348 = EDGE_CURVE('',#11341,#11288,#11349,.T.);
#11349 = LINE('',#11350,#11351);
#11350 = CARTESIAN_POINT('',(89.53,-24.9,1.585));
#11351 = VECTOR('',#11352,1.);
#11352 = DIRECTION('',(0.195081000118,0.980787134598,0.));
#11353 = PLANE('',#11354);
#11354 = AXIS2_PLACEMENT_3D('',#11355,#11356,#11357);
#11355 = CARTESIAN_POINT('',(0.,0.,1.585));
#11356 = DIRECTION('',(0.,0.,1.));
#11357 = DIRECTION('',(1.,0.,-0.));
#11358 = SHELL_BASED_SURFACE_MODEL('',(#11359));
#11359 = OPEN_SHELL('',(#11360));
#11360 = ADVANCED_FACE('',(#11361,#11431),#11465,.T.);
#11361 = FACE_BOUND('',#11362,.F.);
#11362 = EDGE_LOOP('',(#11363,#11374,#11382,#11391,#11399,#11408,#11416,
    #11425));
#11363 = ORIENTED_EDGE('',*,*,#11364,.T.);
#11364 = EDGE_CURVE('',#11365,#11367,#11369,.T.);
#11365 = VERTEX_POINT('',#11366);
#11366 = CARTESIAN_POINT('',(91.64,-23.79,1.585));
#11367 = VERTEX_POINT('',#11368);
#11368 = CARTESIAN_POINT('',(91.7,-23.73,1.585));
#11369 = CIRCLE('',#11370,5.999932016258E-02);
#11370 = AXIS2_PLACEMENT_3D('',#11371,#11372,#11373);
#11371 = CARTESIAN_POINT('',(91.699999320159,-23.78999932015,1.585));
#11372 = DIRECTION('',(0.,0.,-1.));
#11373 = DIRECTION('',(-0.999999999936,-1.133081618064E-05,-0.));
#11374 = ORIENTED_EDGE('',*,*,#11375,.T.);
#11375 = EDGE_CURVE('',#11367,#11376,#11378,.T.);
#11376 = VERTEX_POINT('',#11377);
#11377 = CARTESIAN_POINT('',(99.81,-23.73,1.585));
#11378 = LINE('',#11379,#11380);
#11379 = CARTESIAN_POINT('',(91.7,-23.73,1.585));
#11380 = VECTOR('',#11381,1.);
#11381 = DIRECTION('',(1.,0.,0.));
#11382 = ORIENTED_EDGE('',*,*,#11383,.T.);
#11383 = EDGE_CURVE('',#11376,#11384,#11386,.T.);
#11384 = VERTEX_POINT('',#11385);
#11385 = CARTESIAN_POINT('',(99.87,-23.79,1.585));
#11386 = CIRCLE('',#11387,5.99993201626E-02);
#11387 = AXIS2_PLACEMENT_3D('',#11388,#11389,#11390);
#11388 = CARTESIAN_POINT('',(99.810000679841,-23.78999932015,1.585));
#11389 = DIRECTION('',(0.,0.,-1.));
#11390 = DIRECTION('',(-1.133081612142E-05,0.999999999936,0.));
#11391 = ORIENTED_EDGE('',*,*,#11392,.T.);
#11392 = EDGE_CURVE('',#11384,#11393,#11395,.T.);
#11393 = VERTEX_POINT('',#11394);
#11394 = CARTESIAN_POINT('',(99.87,-26.01,1.585));
#11395 = LINE('',#11396,#11397);
#11396 = CARTESIAN_POINT('',(99.87,-23.79,1.585));
#11397 = VECTOR('',#11398,1.);
#11398 = DIRECTION('',(0.,-1.,0.));
#11399 = ORIENTED_EDGE('',*,*,#11400,.T.);
#11400 = EDGE_CURVE('',#11393,#11401,#11403,.T.);
#11401 = VERTEX_POINT('',#11402);
#11402 = CARTESIAN_POINT('',(99.81,-26.07,1.585));
#11403 = CIRCLE('',#11404,5.999932016262E-02);
#11404 = AXIS2_PLACEMENT_3D('',#11405,#11406,#11407);
#11405 = CARTESIAN_POINT('',(99.810000679841,-26.01000067984,1.585));
#11406 = DIRECTION('',(0.,0.,-1.));
#11407 = DIRECTION('',(0.999999999936,1.133081552929E-05,0.));
#11408 = ORIENTED_EDGE('',*,*,#11409,.T.);
#11409 = EDGE_CURVE('',#11401,#11410,#11412,.T.);
#11410 = VERTEX_POINT('',#11411);
#11411 = CARTESIAN_POINT('',(91.7,-26.07,1.585));
#11412 = LINE('',#11413,#11414);
#11413 = CARTESIAN_POINT('',(99.81,-26.07,1.585));
#11414 = VECTOR('',#11415,1.);
#11415 = DIRECTION('',(-1.,0.,0.));
#11416 = ORIENTED_EDGE('',*,*,#11417,.T.);
#11417 = EDGE_CURVE('',#11410,#11418,#11420,.T.);
#11418 = VERTEX_POINT('',#11419);
#11419 = CARTESIAN_POINT('',(91.64,-26.01,1.585));
#11420 = CIRCLE('',#11421,5.999932016259E-02);
#11421 = AXIS2_PLACEMENT_3D('',#11422,#11423,#11424);
#11422 = CARTESIAN_POINT('',(91.699999320159,-26.01000067984,1.585));
#11423 = DIRECTION('',(0.,0.,-1.));
#11424 = DIRECTION('',(1.133081612143E-05,-0.999999999936,0.));
#11425 = ORIENTED_EDGE('',*,*,#11426,.T.);
#11426 = EDGE_CURVE('',#11418,#11365,#11427,.T.);
#11427 = LINE('',#11428,#11429);
#11428 = CARTESIAN_POINT('',(91.64,-26.01,1.585));
#11429 = VECTOR('',#11430,1.);
#11430 = DIRECTION('',(0.,1.,0.));
#11431 = FACE_BOUND('',#11432,.F.);
#11432 = EDGE_LOOP('',(#11433,#11443,#11451,#11459));
#11433 = ORIENTED_EDGE('',*,*,#11434,.T.);
#11434 = EDGE_CURVE('',#11435,#11437,#11439,.T.);
#11435 = VERTEX_POINT('',#11436);
#11436 = CARTESIAN_POINT('',(99.75,-25.95,1.585));
#11437 = VERTEX_POINT('',#11438);
#11438 = CARTESIAN_POINT('',(99.75,-23.85,1.585));
#11439 = LINE('',#11440,#11441);
#11440 = CARTESIAN_POINT('',(99.75,-25.95,1.585));
#11441 = VECTOR('',#11442,1.);
#11442 = DIRECTION('',(0.,1.,0.));
#11443 = ORIENTED_EDGE('',*,*,#11444,.T.);
#11444 = EDGE_CURVE('',#11437,#11445,#11447,.T.);
#11445 = VERTEX_POINT('',#11446);
#11446 = CARTESIAN_POINT('',(91.76,-23.85,1.585));
#11447 = LINE('',#11448,#11449);
#11448 = CARTESIAN_POINT('',(99.75,-23.85,1.585));
#11449 = VECTOR('',#11450,1.);
#11450 = DIRECTION('',(-1.,0.,0.));
#11451 = ORIENTED_EDGE('',*,*,#11452,.T.);
#11452 = EDGE_CURVE('',#11445,#11453,#11455,.T.);
#11453 = VERTEX_POINT('',#11454);
#11454 = CARTESIAN_POINT('',(91.76,-25.95,1.585));
#11455 = LINE('',#11456,#11457);
#11456 = CARTESIAN_POINT('',(91.76,-23.85,1.585));
#11457 = VECTOR('',#11458,1.);
#11458 = DIRECTION('',(0.,-1.,0.));
#11459 = ORIENTED_EDGE('',*,*,#11460,.T.);
#11460 = EDGE_CURVE('',#11453,#11435,#11461,.T.);
#11461 = LINE('',#11462,#11463);
#11462 = CARTESIAN_POINT('',(91.76,-25.95,1.585));
#11463 = VECTOR('',#11464,1.);
#11464 = DIRECTION('',(1.,0.,0.));
#11465 = PLANE('',#11466);
#11466 = AXIS2_PLACEMENT_3D('',#11467,#11468,#11469);
#11467 = CARTESIAN_POINT('',(0.,0.,1.585));
#11468 = DIRECTION('',(0.,0.,1.));
#11469 = DIRECTION('',(1.,0.,-0.));
#11470 = SHELL_BASED_SURFACE_MODEL('',(#11471));
#11471 = OPEN_SHELL('',(#11472));
#11472 = ADVANCED_FACE('',(#11473),#11543,.T.);
#11473 = FACE_BOUND('',#11474,.F.);
#11474 = EDGE_LOOP('',(#11475,#11486,#11494,#11503,#11511,#11520,#11528,
    #11537));
#11475 = ORIENTED_EDGE('',*,*,#11476,.T.);
#11476 = EDGE_CURVE('',#11477,#11479,#11481,.T.);
#11477 = VERTEX_POINT('',#11478);
#11478 = CARTESIAN_POINT('',(88.030187,-25.306892,1.585));
#11479 = VERTEX_POINT('',#11480);
#11480 = CARTESIAN_POINT('',(88.044819,-25.158333,1.585));
#11481 = CIRCLE('',#11482,7.500006711464E-02);
#11482 = AXIS2_PLACEMENT_3D('',#11483,#11484,#11485);
#11483 = CARTESIAN_POINT('',(88.044818932885,-25.23333306711,1.585));
#11484 = DIRECTION('',(0.,0.,-1.));
#11485 = DIRECTION('',(-0.195092263891,-0.980784894138,-0.));
#11486 = ORIENTED_EDGE('',*,*,#11487,.T.);
#11487 = EDGE_CURVE('',#11479,#11488,#11490,.T.);
#11488 = VERTEX_POINT('',#11489);
#11489 = CARTESIAN_POINT('',(88.766509,-25.159062,1.585));
#11490 = LINE('',#11491,#11492);
#11491 = CARTESIAN_POINT('',(88.044819,-25.158333,1.585));
#11492 = VECTOR('',#11493,1.);
#11493 = DIRECTION('',(0.99999948982,-1.01012848741E-03,0.));
#11494 = ORIENTED_EDGE('',*,*,#11495,.T.);
#11495 = EDGE_CURVE('',#11488,#11496,#11498,.T.);
#11496 = VERTEX_POINT('',#11497);
#11497 = CARTESIAN_POINT('',(89.119089,-25.51164,1.585));
#11498 = CIRCLE('',#11499,0.383787726409);
#11499 = AXIS2_PLACEMENT_3D('',#11500,#11501,#11502);
#11500 = CARTESIAN_POINT('',(88.736478181392,-25.54167298896,1.585));
#11501 = DIRECTION('',(0.,0.,-1.));
#11502 = DIRECTION('',(7.824851224111E-02,0.996933884634,0.));
#11503 = ORIENTED_EDGE('',*,*,#11504,.T.);
#11504 = EDGE_CURVE('',#11496,#11505,#11507,.T.);
#11505 = VERTEX_POINT('',#11506);
#11506 = CARTESIAN_POINT('',(89.118378,-25.628917,1.585));
#11507 = LINE('',#11508,#11509);
#11508 = CARTESIAN_POINT('',(89.119089,-25.51164,1.585));
#11509 = VECTOR('',#11510,1.);
#11510 = DIRECTION('',(-6.062458402253E-03,-0.99998162313,0.));
#11511 = ORIENTED_EDGE('',*,*,#11512,.T.);
#11512 = EDGE_CURVE('',#11505,#11513,#11515,.T.);
#11513 = VERTEX_POINT('',#11514);
#11514 = CARTESIAN_POINT('',(88.969819,-25.614285,1.585));
#11515 = CIRCLE('',#11516,7.500006711464E-02);
#11516 = AXIS2_PLACEMENT_3D('',#11517,#11518,#11519);
#11517 = CARTESIAN_POINT('',(89.044819067115,-25.61428506711,1.585));
#11518 = DIRECTION('',(-0.,0.,-1.));
#11519 = DIRECTION('',(0.980784894138,-0.195092263891,-0.));
#11520 = ORIENTED_EDGE('',*,*,#11521,.T.);
#11521 = EDGE_CURVE('',#11513,#11522,#11524,.T.);
#11522 = VERTEX_POINT('',#11523);
#11523 = CARTESIAN_POINT('',(88.969819,-25.531217,1.585));
#11524 = LINE('',#11525,#11526);
#11525 = CARTESIAN_POINT('',(88.969819,-25.614285,1.585));
#11526 = VECTOR('',#11527,1.);
#11527 = DIRECTION('',(0.,1.,0.));
#11528 = ORIENTED_EDGE('',*,*,#11529,.T.);
#11529 = EDGE_CURVE('',#11522,#11530,#11532,.T.);
#11530 = VERTEX_POINT('',#11531);
#11531 = CARTESIAN_POINT('',(88.746934,-25.308333,1.585));
#11532 = CIRCLE('',#11533,0.239434552369);
#11533 = AXIS2_PLACEMENT_3D('',#11534,#11535,#11536);
#11534 = CARTESIAN_POINT('',(88.730920607773,-25.54723146407,1.585));
#11535 = DIRECTION('',(0.,0.,1.));
#11536 = DIRECTION('',(0.997760723601,6.688451569439E-02,-0.));
#11537 = ORIENTED_EDGE('',*,*,#11538,.T.);
#11538 = EDGE_CURVE('',#11530,#11477,#11539,.T.);
#11539 = LINE('',#11540,#11541);
#11540 = CARTESIAN_POINT('',(88.746934,-25.308333,1.585));
#11541 = VECTOR('',#11542,1.);
#11542 = DIRECTION('',(-0.999997979007,2.010468251347E-03,0.));
#11543 = PLANE('',#11544);
#11544 = AXIS2_PLACEMENT_3D('',#11545,#11546,#11547);
#11545 = CARTESIAN_POINT('',(0.,0.,1.585));
#11546 = DIRECTION('',(0.,0.,1.));
#11547 = DIRECTION('',(1.,0.,-0.));
#11548 = SHELL_BASED_SURFACE_MODEL('',(#11549));
#11549 = OPEN_SHELL('',(#11550));
#11550 = ADVANCED_FACE('',(#11551),#11745,.T.);
#11551 = FACE_BOUND('',#11552,.F.);
#11552 = EDGE_LOOP('',(#11553,#11564,#11572,#11581,#11589,#11598,#11606,
    #11614,#11622,#11631,#11639,#11648,#11656,#11665,#11673,#11681,
    #11689,#11698,#11706,#11714,#11723,#11731,#11739));
#11553 = ORIENTED_EDGE('',*,*,#11554,.T.);
#11554 = EDGE_CURVE('',#11555,#11557,#11559,.T.);
#11555 = VERTEX_POINT('',#11556);
#11556 = CARTESIAN_POINT('',(88.003151,-24.170973,1.585));
#11557 = VERTEX_POINT('',#11558);
#11558 = CARTESIAN_POINT('',(88.094207,-24.17689,1.585));
#11559 = CIRCLE('',#11560,7.499904172403E-02);
#11560 = AXIS2_PLACEMENT_3D('',#11561,#11562,#11563);
#11561 = CARTESIAN_POINT('',(88.044819044959,-24.23333188299,1.585));
#11562 = DIRECTION('',(0.,0.,-1.));
#11563 = DIRECTION('',(-0.555581031454,0.831462396918,0.));
#11564 = ORIENTED_EDGE('',*,*,#11565,.T.);
#11565 = EDGE_CURVE('',#11557,#11566,#11568,.T.);
#11566 = VERTEX_POINT('',#11567);
#11567 = CARTESIAN_POINT('',(88.353516,-24.403785,1.585));
#11568 = LINE('',#11569,#11570);
#11569 = CARTESIAN_POINT('',(88.094207,-24.17689,1.585));
#11570 = VECTOR('',#11571,1.);
#11571 = DIRECTION('',(0.752577234061,-0.658503991463,0.));
#11572 = ORIENTED_EDGE('',*,*,#11573,.T.);
#11573 = EDGE_CURVE('',#11566,#11574,#11576,.T.);
#11574 = VERTEX_POINT('',#11575);
#11575 = CARTESIAN_POINT('',(88.601615,-24.159774,1.585));
#11576 = CIRCLE('',#11577,0.348517853144);
#11577 = AXIS2_PLACEMENT_3D('',#11578,#11579,#11580);
#11578 = CARTESIAN_POINT('',(88.689315486868,-24.49707700704,1.585));
#11579 = DIRECTION('',(0.,0.,-1.));
#11580 = DIRECTION('',(-0.963507274705,0.267682146568,0.));
#11581 = ORIENTED_EDGE('',*,*,#11582,.T.);
#11582 = EDGE_CURVE('',#11574,#11583,#11585,.T.);
#11583 = VERTEX_POINT('',#11584);
#11584 = CARTESIAN_POINT('',(88.868974,-24.159774,1.585));
#11585 = LINE('',#11586,#11587);
#11586 = CARTESIAN_POINT('',(88.601615,-24.159774,1.585));
#11587 = VECTOR('',#11588,1.);
#11588 = DIRECTION('',(1.,0.,0.));
#11589 = ORIENTED_EDGE('',*,*,#11590,.T.);
#11590 = EDGE_CURVE('',#11583,#11591,#11593,.T.);
#11591 = VERTEX_POINT('',#11592);
#11592 = CARTESIAN_POINT('',(89.118378,-24.409177,1.585));
#11593 = CIRCLE('',#11594,0.347873191155);
#11594 = AXIS2_PLACEMENT_3D('',#11595,#11596,#11597);
#11595 = CARTESIAN_POINT('',(88.781644936593,-24.49650741356,1.585));
#11596 = DIRECTION('',(0.,0.,-1.));
#11597 = DIRECTION('',(0.251037060709,0.967977476055,0.));
#11598 = ORIENTED_EDGE('',*,*,#11599,.T.);
#11599 = EDGE_CURVE('',#11591,#11600,#11602,.T.);
#11600 = VERTEX_POINT('',#11601);
#11601 = CARTESIAN_POINT('',(89.117156,-24.729333,1.585));
#11602 = LINE('',#11603,#11604);
#11603 = CARTESIAN_POINT('',(89.118378,-24.409177,1.585));
#11604 = VECTOR('',#11605,1.);
#11605 = DIRECTION('',(-3.816861463376E-03,-0.999992715758,0.));
#11606 = ORIENTED_EDGE('',*,*,#11607,.T.);
#11607 = EDGE_CURVE('',#11600,#11608,#11610,.T.);
#11608 = VERTEX_POINT('',#11609);
#11609 = CARTESIAN_POINT('',(89.05495,-24.852045,1.585));
#11610 = LINE('',#11611,#11612);
#11611 = CARTESIAN_POINT('',(89.117156,-24.729333,1.585));
#11612 = VECTOR('',#11613,1.);
#11613 = DIRECTION('',(-0.452149402815,-0.891942216477,0.));
#11614 = ORIENTED_EDGE('',*,*,#11615,.T.);
#11615 = EDGE_CURVE('',#11608,#11616,#11618,.T.);
#11616 = VERTEX_POINT('',#11617);
#11617 = CARTESIAN_POINT('',(88.991247,-24.914741,1.585));
#11618 = LINE('',#11619,#11620);
#11619 = CARTESIAN_POINT('',(89.05495,-24.852045,1.585));
#11620 = VECTOR('',#11621,1.);
#11621 = DIRECTION('',(-0.712717566469,-0.701451117645,0.));
#11622 = ORIENTED_EDGE('',*,*,#11623,.T.);
#11623 = EDGE_CURVE('',#11616,#11624,#11626,.T.);
#11624 = VERTEX_POINT('',#11625);
#11625 = CARTESIAN_POINT('',(88.896548,-24.799346,1.585));
#11626 = CIRCLE('',#11627,7.50001266804E-02);
#11627 = AXIS2_PLACEMENT_3D('',#11628,#11629,#11630);
#11628 = CARTESIAN_POINT('',(88.949580248312,-24.852379948,1.585));
#11629 = DIRECTION('',(0.,0.,-1.));
#11630 = DIRECTION('',(0.555555750804,-0.831479288827,0.));
#11631 = ORIENTED_EDGE('',*,*,#11632,.T.);
#11632 = EDGE_CURVE('',#11624,#11633,#11635,.T.);
#11633 = VERTEX_POINT('',#11634);
#11634 = CARTESIAN_POINT('',(88.935561,-24.760333,1.585));
#11635 = LINE('',#11636,#11637);
#11636 = CARTESIAN_POINT('',(88.896548,-24.799346,1.585));
#11637 = VECTOR('',#11638,1.);
#11638 = DIRECTION('',(0.707106781187,0.707106781186,0.));
#11639 = ORIENTED_EDGE('',*,*,#11640,.T.);
#11640 = EDGE_CURVE('',#11633,#11641,#11643,.T.);
#11641 = VERTEX_POINT('',#11642);
#11642 = CARTESIAN_POINT('',(88.935561,-24.372998,1.585));
#11643 = CIRCLE('',#11644,0.358499305982);
#11644 = AXIS2_PLACEMENT_3D('',#11645,#11646,#11647);
#11645 = CARTESIAN_POINT('',(88.63387465322,-24.5666655,1.585));
#11646 = DIRECTION('',(0.,-0.,1.));
#11647 = DIRECTION('',(0.841525608965,-0.540217224324,-0.));
#11648 = ORIENTED_EDGE('',*,*,#11649,.T.);
#11649 = EDGE_CURVE('',#11641,#11650,#11652,.T.);
#11650 = VERTEX_POINT('',#11651);
#11651 = CARTESIAN_POINT('',(88.905153,-24.342591,1.585));
#11652 = LINE('',#11653,#11654);
#11653 = CARTESIAN_POINT('',(88.935561,-24.372998,1.585));
#11654 = VECTOR('',#11655,1.);
#11655 = DIRECTION('',(-0.707118408268,0.707095153914,0.));
#11656 = ORIENTED_EDGE('',*,*,#11657,.T.);
#11657 = EDGE_CURVE('',#11650,#11658,#11660,.T.);
#11658 = VERTEX_POINT('',#11659);
#11659 = CARTESIAN_POINT('',(88.565436,-24.342591,1.585));
#11660 = CIRCLE('',#11661,0.305621483548);
#11661 = AXIS2_PLACEMENT_3D('',#11662,#11663,#11664);
#11662 = CARTESIAN_POINT('',(88.7352945,-24.596663,1.585));
#11663 = DIRECTION('',(0.,0.,1.));
#11664 = DIRECTION('',(0.555780627814,0.831328992485,-0.));
#11665 = ORIENTED_EDGE('',*,*,#11666,.T.);
#11666 = EDGE_CURVE('',#11658,#11667,#11669,.T.);
#11667 = VERTEX_POINT('',#11668);
#11668 = CARTESIAN_POINT('',(88.535029,-24.372998,1.585));
#11669 = LINE('',#11670,#11671);
#11670 = CARTESIAN_POINT('',(88.565436,-24.342591,1.585));
#11671 = VECTOR('',#11672,1.);
#11672 = DIRECTION('',(-0.707106781187,-0.707106781186,0.));
#11673 = ORIENTED_EDGE('',*,*,#11674,.T.);
#11674 = EDGE_CURVE('',#11667,#11675,#11677,.T.);
#11675 = VERTEX_POINT('',#11676);
#11676 = CARTESIAN_POINT('',(88.500771,-24.441514,1.585));
#11677 = LINE('',#11678,#11679);
#11678 = CARTESIAN_POINT('',(88.535029,-24.372998,1.585));
#11679 = VECTOR('',#11680,1.);
#11680 = DIRECTION('',(-0.4472135955,-0.894427191,0.));
#11681 = ORIENTED_EDGE('',*,*,#11682,.T.);
#11682 = EDGE_CURVE('',#11675,#11683,#11685,.T.);
#11683 = VERTEX_POINT('',#11684);
#11684 = CARTESIAN_POINT('',(88.49933,-24.581298,1.585));
#11685 = LINE('',#11686,#11687);
#11686 = CARTESIAN_POINT('',(88.500771,-24.441514,1.585));
#11687 = VECTOR('',#11688,1.);
#11688 = DIRECTION('',(-1.030821437469E-02,-0.999946868947,0.));
#11689 = ORIENTED_EDGE('',*,*,#11690,.T.);
#11690 = EDGE_CURVE('',#11683,#11691,#11693,.T.);
#11691 = VERTEX_POINT('',#11692);
#11692 = CARTESIAN_POINT('',(88.376383,-24.623109,1.585));
#11693 = CIRCLE('',#11694,7.500015628755E-02);
#11694 = AXIS2_PLACEMENT_3D('',#11695,#11696,#11697);
#11695 = CARTESIAN_POINT('',(88.425771046102,-24.56666571567,1.585));
#11696 = DIRECTION('',(-0.,0.,-1.));
#11697 = DIRECTION('',(0.980784008184,-0.195096717785,-0.));
#11698 = ORIENTED_EDGE('',*,*,#11699,.T.);
#11699 = EDGE_CURVE('',#11691,#11700,#11702,.T.);
#11700 = VERTEX_POINT('',#11701);
#11701 = CARTESIAN_POINT('',(88.119819,-24.398615,1.585));
#11702 = LINE('',#11703,#11704);
#11703 = CARTESIAN_POINT('',(88.376383,-24.623109,1.585));
#11704 = VECTOR('',#11705,1.);
#11705 = DIRECTION('',(-0.752575967874,0.658505438534,0.));
#11706 = ORIENTED_EDGE('',*,*,#11707,.T.);
#11707 = EDGE_CURVE('',#11700,#11708,#11710,.T.);
#11708 = VERTEX_POINT('',#11709);
#11709 = CARTESIAN_POINT('',(88.118378,-24.867012,1.585));
#11710 = LINE('',#11711,#11712);
#11711 = CARTESIAN_POINT('',(88.119819,-24.398615,1.585));
#11712 = VECTOR('',#11713,1.);
#11713 = DIRECTION('',(-3.076435546862E-03,-0.999995267761,0.));
#11714 = ORIENTED_EDGE('',*,*,#11715,.T.);
#11715 = EDGE_CURVE('',#11708,#11716,#11718,.T.);
#11716 = VERTEX_POINT('',#11717);
#11717 = CARTESIAN_POINT('',(87.969819,-24.85238,1.585));
#11718 = CIRCLE('',#11719,7.500006711464E-02);
#11719 = AXIS2_PLACEMENT_3D('',#11720,#11721,#11722);
#11720 = CARTESIAN_POINT('',(88.044819067115,-24.85238006711,1.585));
#11721 = DIRECTION('',(-0.,0.,-1.));
#11722 = DIRECTION('',(0.980784894138,-0.195092263891,-0.));
#11723 = ORIENTED_EDGE('',*,*,#11724,.T.);
#11724 = EDGE_CURVE('',#11716,#11725,#11727,.T.);
#11725 = VERTEX_POINT('',#11726);
#11726 = CARTESIAN_POINT('',(87.97126,-24.218701,1.585));
#11727 = LINE('',#11728,#11729);
#11728 = CARTESIAN_POINT('',(87.969819,-24.85238,1.585));
#11729 = VECTOR('',#11730,1.);
#11730 = DIRECTION('',(2.274016140951E-03,0.999997414422,0.));
#11731 = ORIENTED_EDGE('',*,*,#11732,.T.);
#11732 = EDGE_CURVE('',#11725,#11733,#11735,.T.);
#11733 = VERTEX_POINT('',#11734);
#11734 = CARTESIAN_POINT('',(87.982459,-24.191665,1.585));
#11735 = LINE('',#11736,#11737);
#11736 = CARTESIAN_POINT('',(87.97126,-24.218701,1.585));
#11737 = VECTOR('',#11738,1.);
#11738 = DIRECTION('',(0.38269282806,0.923875640631,0.));
#11739 = ORIENTED_EDGE('',*,*,#11740,.T.);
#11740 = EDGE_CURVE('',#11733,#11555,#11741,.T.);
#11741 = LINE('',#11742,#11743);
#11742 = CARTESIAN_POINT('',(87.982459,-24.191665,1.585));
#11743 = VECTOR('',#11744,1.);
#11744 = DIRECTION('',(0.707106781186,0.707106781187,0.));
#11745 = PLANE('',#11746);
#11746 = AXIS2_PLACEMENT_3D('',#11747,#11748,#11749);
#11747 = CARTESIAN_POINT('',(0.,0.,1.585));
#11748 = DIRECTION('',(0.,0.,1.));
#11749 = DIRECTION('',(1.,0.,-0.));
#11750 = ( GEOMETRIC_REPRESENTATION_CONTEXT(3) 
GLOBAL_UNCERTAINTY_ASSIGNED_CONTEXT((#11754)) 
GLOBAL_UNIT_ASSIGNED_CONTEXT((#11751,#11752,#11753)) 
REPRESENTATION_CONTEXT('Context #1',
  '3D Context with UNIT and UNCERTAINTY') );
#11751 = ( LENGTH_UNIT() NAMED_UNIT(*) SI_UNIT(.MILLI.,.METRE.) );
#11752 = ( NAMED_UNIT(*) PLANE_ANGLE_UNIT() SI_UNIT($,.RADIAN.) );
#11753 = ( NAMED_UNIT(*) SI_UNIT($,.STERADIAN.) SOLID_ANGLE_UNIT() );
#11754 = UNCERTAINTY_MEASURE_WITH_UNIT(LENGTH_MEASURE(1.E-07),#11751,
  'distance_accuracy_value','confusion accuracy');
#11755 = CONTEXT_DEPENDENT_SHAPE_REPRESENTATION(#11756,#11758);
#11756 = ( REPRESENTATION_RELATIONSHIP('','',#44,#10) 
REPRESENTATION_RELATIONSHIP_WITH_TRANSFORMATION(#11757) 
SHAPE_REPRESENTATION_RELATIONSHIP() );
#11757 = ITEM_DEFINED_TRANSFORMATION('','',#11,#15);
#11758 = PRODUCT_DEFINITION_SHAPE('Placement','Placement of an item',
  #11759);
#11759 = NEXT_ASSEMBLY_USAGE_OCCURRENCE('1','=>[0:1:1:2]','',#5,#39,$);
#11760 = PRODUCT_RELATED_PRODUCT_CATEGORY('part',$,(#41));
#11761 = SHAPE_DEFINITION_REPRESENTATION(#11762,#11768);
#11762 = PRODUCT_DEFINITION_SHAPE('','',#11763);
#11763 = PRODUCT_DEFINITION('design','',#11764,#11767);
#11764 = PRODUCT_DEFINITION_FORMATION('','',#11765);
#11765 = PRODUCT('tamagotchi module_soldermask',
  'tamagotchi module_soldermask','',(#11766));
#11766 = PRODUCT_CONTEXT('',#2,'mechanical');
#11767 = PRODUCT_DEFINITION_CONTEXT('part definition',#2,'design');
#11768 = MANIFOLD_SURFACE_SHAPE_REPRESENTATION('',(#11,#11769),#12518);
#11769 = SHELL_BASED_SURFACE_MODEL('',(#11770));
#11770 = OPEN_SHELL('',(#11771));
#11771 = ADVANCED_FACE('',(#11772,#11806,#11817,#11828,#11839,#11850,
    #11861,#11872,#11883,#11894,#11905,#11916,#11927,#11938,#11949,
    #12002,#12055,#12066,#12077,#12088,#12099,#12110,#12163,#12216,
    #12227,#12238,#12249,#12260,#12271,#12282,#12293,#12304,#12315,
    #12326,#12337,#12348,#12359,#12370,#12381,#12392,#12403,#12414,
    #12425,#12436,#12447,#12458,#12469,#12480,#12491,#12502),#12513,.T.
  );
#11772 = FACE_BOUND('',#11773,.F.);
#11773 = EDGE_LOOP('',(#11774,#11784,#11792,#11800));
#11774 = ORIENTED_EDGE('',*,*,#11775,.T.);
#11775 = EDGE_CURVE('',#11776,#11778,#11780,.T.);
#11776 = VERTEX_POINT('',#11777);
#11777 = CARTESIAN_POINT('',(81.8,-70.95,1.56));
#11778 = VERTEX_POINT('',#11779);
#11779 = CARTESIAN_POINT('',(81.8,-22.65,1.56));
#11780 = LINE('',#11781,#11782);
#11781 = CARTESIAN_POINT('',(81.8,-70.95,1.56));
#11782 = VECTOR('',#11783,1.);
#11783 = DIRECTION('',(0.,1.,0.));
#11784 = ORIENTED_EDGE('',*,*,#11785,.T.);
#11785 = EDGE_CURVE('',#11778,#11786,#11788,.T.);
#11786 = VERTEX_POINT('',#11787);
#11787 = CARTESIAN_POINT('',(108.6,-22.65,1.56));
#11788 = LINE('',#11789,#11790);
#11789 = CARTESIAN_POINT('',(81.8,-22.65,1.56));
#11790 = VECTOR('',#11791,1.);
#11791 = DIRECTION('',(1.,0.,0.));
#11792 = ORIENTED_EDGE('',*,*,#11793,.T.);
#11793 = EDGE_CURVE('',#11786,#11794,#11796,.T.);
#11794 = VERTEX_POINT('',#11795);
#11795 = CARTESIAN_POINT('',(108.6,-70.95,1.56));
#11796 = LINE('',#11797,#11798);
#11797 = CARTESIAN_POINT('',(108.6,-22.65,1.56));
#11798 = VECTOR('',#11799,1.);
#11799 = DIRECTION('',(0.,-1.,0.));
#11800 = ORIENTED_EDGE('',*,*,#11801,.T.);
#11801 = EDGE_CURVE('',#11794,#11776,#11802,.T.);
#11802 = LINE('',#11803,#11804);
#11803 = CARTESIAN_POINT('',(108.6,-70.95,1.56));
#11804 = VECTOR('',#11805,1.);
#11805 = DIRECTION('',(-1.,0.,0.));
#11806 = FACE_BOUND('',#11807,.F.);
#11807 = EDGE_LOOP('',(#11808));
#11808 = ORIENTED_EDGE('',*,*,#11809,.T.);
#11809 = EDGE_CURVE('',#11810,#11810,#11812,.T.);
#11810 = VERTEX_POINT('',#11811);
#11811 = CARTESIAN_POINT('',(101.837392,-66.1,1.56));
#11812 = CIRCLE('',#11813,0.537392);
#11813 = AXIS2_PLACEMENT_3D('',#11814,#11815,#11816);
#11814 = CARTESIAN_POINT('',(101.3,-66.1,1.56));
#11815 = DIRECTION('',(0.,0.,1.));
#11816 = DIRECTION('',(1.,0.,-0.));
#11817 = FACE_BOUND('',#11818,.F.);
#11818 = EDGE_LOOP('',(#11819));
#11819 = ORIENTED_EDGE('',*,*,#11820,.T.);
#11820 = EDGE_CURVE('',#11821,#11821,#11823,.T.);
#11821 = VERTEX_POINT('',#11822);
#11822 = CARTESIAN_POINT('',(106.337392,-66.1,1.56));
#11823 = CIRCLE('',#11824,0.537392);
#11824 = AXIS2_PLACEMENT_3D('',#11825,#11826,#11827);
#11825 = CARTESIAN_POINT('',(105.8,-66.1,1.56));
#11826 = DIRECTION('',(0.,0.,1.));
#11827 = DIRECTION('',(1.,0.,-0.));
#11828 = FACE_BOUND('',#11829,.F.);
#11829 = EDGE_LOOP('',(#11830));
#11830 = ORIENTED_EDGE('',*,*,#11831,.T.);
#11831 = EDGE_CURVE('',#11832,#11832,#11834,.T.);
#11832 = VERTEX_POINT('',#11833);
#11833 = CARTESIAN_POINT('',(84.737392,-66.,1.56));
#11834 = CIRCLE('',#11835,0.537392);
#11835 = AXIS2_PLACEMENT_3D('',#11836,#11837,#11838);
#11836 = CARTESIAN_POINT('',(84.2,-66.,1.56));
#11837 = DIRECTION('',(0.,0.,1.));
#11838 = DIRECTION('',(1.,0.,-0.));
#11839 = FACE_BOUND('',#11840,.F.);
#11840 = EDGE_LOOP('',(#11841));
#11841 = ORIENTED_EDGE('',*,*,#11842,.T.);
#11842 = EDGE_CURVE('',#11843,#11843,#11845,.T.);
#11843 = VERTEX_POINT('',#11844);
#11844 = CARTESIAN_POINT('',(89.237392,-66.,1.56));
#11845 = CIRCLE('',#11846,0.537392);
#11846 = AXIS2_PLACEMENT_3D('',#11847,#11848,#11849);
#11847 = CARTESIAN_POINT('',(88.7,-66.,1.56));
#11848 = DIRECTION('',(0.,0.,1.));
#11849 = DIRECTION('',(1.,0.,-0.));
#11850 = FACE_BOUND('',#11851,.F.);
#11851 = EDGE_LOOP('',(#11852));
#11852 = ORIENTED_EDGE('',*,*,#11853,.T.);
#11853 = EDGE_CURVE('',#11854,#11854,#11856,.T.);
#11854 = VERTEX_POINT('',#11855);
#11855 = CARTESIAN_POINT('',(93.537392,-66.,1.56));
#11856 = CIRCLE('',#11857,0.537392);
#11857 = AXIS2_PLACEMENT_3D('',#11858,#11859,#11860);
#11858 = CARTESIAN_POINT('',(93.,-66.,1.56));
#11859 = DIRECTION('',(0.,0.,1.));
#11860 = DIRECTION('',(1.,0.,-0.));
#11861 = FACE_BOUND('',#11862,.F.);
#11862 = EDGE_LOOP('',(#11863));
#11863 = ORIENTED_EDGE('',*,*,#11864,.T.);
#11864 = EDGE_CURVE('',#11865,#11865,#11867,.T.);
#11865 = VERTEX_POINT('',#11866);
#11866 = CARTESIAN_POINT('',(98.037392,-66.,1.56));
#11867 = CIRCLE('',#11868,0.537392);
#11868 = AXIS2_PLACEMENT_3D('',#11869,#11870,#11871);
#11869 = CARTESIAN_POINT('',(97.5,-66.,1.56));
#11870 = DIRECTION('',(0.,0.,1.));
#11871 = DIRECTION('',(1.,0.,-0.));
#11872 = FACE_BOUND('',#11873,.F.);
#11873 = EDGE_LOOP('',(#11874));
#11874 = ORIENTED_EDGE('',*,*,#11875,.T.);
#11875 = EDGE_CURVE('',#11876,#11876,#11878,.T.);
#11876 = VERTEX_POINT('',#11877);
#11877 = CARTESIAN_POINT('',(101.837392,-59.6,1.56));
#11878 = CIRCLE('',#11879,0.537392);
#11879 = AXIS2_PLACEMENT_3D('',#11880,#11881,#11882);
#11880 = CARTESIAN_POINT('',(101.3,-59.6,1.56));
#11881 = DIRECTION('',(0.,0.,1.));
#11882 = DIRECTION('',(1.,0.,-0.));
#11883 = FACE_BOUND('',#11884,.F.);
#11884 = EDGE_LOOP('',(#11885));
#11885 = ORIENTED_EDGE('',*,*,#11886,.T.);
#11886 = EDGE_CURVE('',#11887,#11887,#11889,.T.);
#11887 = VERTEX_POINT('',#11888);
#11888 = CARTESIAN_POINT('',(106.337392,-59.6,1.56));
#11889 = CIRCLE('',#11890,0.537392);
#11890 = AXIS2_PLACEMENT_3D('',#11891,#11892,#11893);
#11891 = CARTESIAN_POINT('',(105.8,-59.6,1.56));
#11892 = DIRECTION('',(0.,0.,1.));
#11893 = DIRECTION('',(1.,0.,-0.));
#11894 = FACE_BOUND('',#11895,.F.);
#11895 = EDGE_LOOP('',(#11896));
#11896 = ORIENTED_EDGE('',*,*,#11897,.T.);
#11897 = EDGE_CURVE('',#11898,#11898,#11900,.T.);
#11898 = VERTEX_POINT('',#11899);
#11899 = CARTESIAN_POINT('',(84.737392,-59.5,1.56));
#11900 = CIRCLE('',#11901,0.537392);
#11901 = AXIS2_PLACEMENT_3D('',#11902,#11903,#11904);
#11902 = CARTESIAN_POINT('',(84.2,-59.5,1.56));
#11903 = DIRECTION('',(0.,0.,1.));
#11904 = DIRECTION('',(1.,0.,-0.));
#11905 = FACE_BOUND('',#11906,.F.);
#11906 = EDGE_LOOP('',(#11907));
#11907 = ORIENTED_EDGE('',*,*,#11908,.T.);
#11908 = EDGE_CURVE('',#11909,#11909,#11911,.T.);
#11909 = VERTEX_POINT('',#11910);
#11910 = CARTESIAN_POINT('',(89.237392,-59.5,1.56));
#11911 = CIRCLE('',#11912,0.537392);
#11912 = AXIS2_PLACEMENT_3D('',#11913,#11914,#11915);
#11913 = CARTESIAN_POINT('',(88.7,-59.5,1.56));
#11914 = DIRECTION('',(0.,0.,1.));
#11915 = DIRECTION('',(1.,0.,-0.));
#11916 = FACE_BOUND('',#11917,.F.);
#11917 = EDGE_LOOP('',(#11918));
#11918 = ORIENTED_EDGE('',*,*,#11919,.T.);
#11919 = EDGE_CURVE('',#11920,#11920,#11922,.T.);
#11920 = VERTEX_POINT('',#11921);
#11921 = CARTESIAN_POINT('',(93.537392,-59.5,1.56));
#11922 = CIRCLE('',#11923,0.537392);
#11923 = AXIS2_PLACEMENT_3D('',#11924,#11925,#11926);
#11924 = CARTESIAN_POINT('',(93.,-59.5,1.56));
#11925 = DIRECTION('',(0.,0.,1.));
#11926 = DIRECTION('',(1.,0.,-0.));
#11927 = FACE_BOUND('',#11928,.F.);
#11928 = EDGE_LOOP('',(#11929));
#11929 = ORIENTED_EDGE('',*,*,#11930,.T.);
#11930 = EDGE_CURVE('',#11931,#11931,#11933,.T.);
#11931 = VERTEX_POINT('',#11932);
#11932 = CARTESIAN_POINT('',(98.037392,-59.5,1.56));
#11933 = CIRCLE('',#11934,0.537392);
#11934 = AXIS2_PLACEMENT_3D('',#11935,#11936,#11937);
#11935 = CARTESIAN_POINT('',(97.5,-59.5,1.56));
#11936 = DIRECTION('',(0.,0.,1.));
#11937 = DIRECTION('',(1.,0.,-0.));
#11938 = FACE_BOUND('',#11939,.F.);
#11939 = EDGE_LOOP('',(#11940));
#11940 = ORIENTED_EDGE('',*,*,#11941,.T.);
#11941 = EDGE_CURVE('',#11942,#11942,#11944,.T.);
#11942 = VERTEX_POINT('',#11943);
#11943 = CARTESIAN_POINT('',(83.787392,-55.9,1.56));
#11944 = CIRCLE('',#11945,0.387392);
#11945 = AXIS2_PLACEMENT_3D('',#11946,#11947,#11948);
#11946 = CARTESIAN_POINT('',(83.4,-55.9,1.56));
#11947 = DIRECTION('',(0.,0.,1.));
#11948 = DIRECTION('',(1.,0.,-0.));
#11949 = FACE_BOUND('',#11950,.F.);
#11950 = EDGE_LOOP('',(#11951,#11962,#11970,#11979,#11987,#11996));
#11951 = ORIENTED_EDGE('',*,*,#11952,.T.);
#11952 = EDGE_CURVE('',#11953,#11955,#11957,.T.);
#11953 = VERTEX_POINT('',#11954);
#11954 = CARTESIAN_POINT('',(102.860406,-55.5325,1.56));
#11955 = VERTEX_POINT('',#11956);
#11956 = CARTESIAN_POINT('',(102.575067,-55.857512,1.56));
#11957 = CIRCLE('',#11958,0.287584041769);
#11958 = AXIS2_PLACEMENT_3D('',#11959,#11960,#11961);
#11959 = CARTESIAN_POINT('',(102.86020507842,-55.82008397158,1.56));
#11960 = DIRECTION('',(0.,0.,1.));
#11961 = DIRECTION('',(6.986534164398E-04,0.999999755942,-0.));
#11962 = ORIENTED_EDGE('',*,*,#11963,.T.);
#11963 = EDGE_CURVE('',#11955,#11964,#11966,.T.);
#11964 = VERTEX_POINT('',#11965);
#11965 = CARTESIAN_POINT('',(102.594484,-55.92998,1.56));
#11966 = LINE('',#11967,#11968);
#11967 = CARTESIAN_POINT('',(102.575067,-55.857512,1.56));
#11968 = VECTOR('',#11969,1.);
#11969 = DIRECTION('',(0.258809816504,-0.965928299037,0.));
#11970 = ORIENTED_EDGE('',*,*,#11971,.T.);
#11971 = EDGE_CURVE('',#11964,#11972,#11974,.T.);
#11972 = VERTEX_POINT('',#11973);
#11973 = CARTESIAN_POINT('',(102.860406,-56.1075,1.56));
#11974 = CIRCLE('',#11975,0.287686427939);
#11975 = AXIS2_PLACEMENT_3D('',#11976,#11977,#11978);
#11976 = CARTESIAN_POINT('',(102.8602411248,-55.8198136193,1.56));
#11977 = DIRECTION('',(0.,0.,1.));
#11978 = DIRECTION('',(-0.92377359165,-0.382939096163,0.));
#11979 = ORIENTED_EDGE('',*,*,#11980,.T.);
#11980 = EDGE_CURVE('',#11972,#11981,#11983,.T.);
#11981 = VERTEX_POINT('',#11982);
#11982 = CARTESIAN_POINT('',(103.959594,-56.1075,1.56));
#11983 = LINE('',#11984,#11985);
#11984 = CARTESIAN_POINT('',(102.860406,-56.1075,1.56));
#11985 = VECTOR('',#11986,1.);
#11986 = DIRECTION('',(1.,0.,0.));
#11987 = ORIENTED_EDGE('',*,*,#11988,.T.);
#11988 = EDGE_CURVE('',#11981,#11989,#11991,.T.);
#11989 = VERTEX_POINT('',#11990);
#11990 = CARTESIAN_POINT('',(103.959594,-55.5325,1.56));
#11991 = CIRCLE('',#11992,0.287500089704);
#11992 = AXIS2_PLACEMENT_3D('',#11993,#11994,#11995);
#11993 = CARTESIAN_POINT('',(103.9598211123,-55.82,1.56));
#11994 = DIRECTION('',(0.,0.,1.));
#11995 = DIRECTION('',(-7.899555975862E-04,-0.999999687985,0.));
#11996 = ORIENTED_EDGE('',*,*,#11997,.T.);
#11997 = EDGE_CURVE('',#11989,#11953,#11998,.T.);
#11998 = LINE('',#11999,#12000);
#11999 = CARTESIAN_POINT('',(103.959594,-55.5325,1.56));
#12000 = VECTOR('',#12001,1.);
#12001 = DIRECTION('',(-1.,0.,0.));
#12002 = FACE_BOUND('',#12003,.F.);
#12003 = EDGE_LOOP('',(#12004,#12015,#12023,#12032,#12040,#12049));
#12004 = ORIENTED_EDGE('',*,*,#12005,.T.);
#12005 = EDGE_CURVE('',#12006,#12008,#12010,.T.);
#12006 = VERTEX_POINT('',#12007);
#12007 = CARTESIAN_POINT('',(107.210406,-55.5325,1.56));
#12008 = VERTEX_POINT('',#12009);
#12009 = CARTESIAN_POINT('',(106.925067,-55.857512,1.56));
#12010 = CIRCLE('',#12011,0.287584041769);
#12011 = AXIS2_PLACEMENT_3D('',#12012,#12013,#12014);
#12012 = CARTESIAN_POINT('',(107.21020507842,-55.82008397158,1.56));
#12013 = DIRECTION('',(0.,0.,1.));
#12014 = DIRECTION('',(6.986534164892E-04,0.999999755942,-0.));
#12015 = ORIENTED_EDGE('',*,*,#12016,.T.);
#12016 = EDGE_CURVE('',#12008,#12017,#12019,.T.);
#12017 = VERTEX_POINT('',#12018);
#12018 = CARTESIAN_POINT('',(106.944484,-55.92998,1.56));
#12019 = LINE('',#12020,#12021);
#12020 = CARTESIAN_POINT('',(106.925067,-55.857512,1.56));
#12021 = VECTOR('',#12022,1.);
#12022 = DIRECTION('',(0.258809816504,-0.965928299037,0.));
#12023 = ORIENTED_EDGE('',*,*,#12024,.T.);
#12024 = EDGE_CURVE('',#12017,#12025,#12027,.T.);
#12025 = VERTEX_POINT('',#12026);
#12026 = CARTESIAN_POINT('',(107.210406,-56.1075,1.56));
#12027 = CIRCLE('',#12028,0.287686427939);
#12028 = AXIS2_PLACEMENT_3D('',#12029,#12030,#12031);
#12029 = CARTESIAN_POINT('',(107.2102411248,-55.8198136193,1.56));
#12030 = DIRECTION('',(0.,0.,1.));
#12031 = DIRECTION('',(-0.92377359165,-0.382939096163,0.));
#12032 = ORIENTED_EDGE('',*,*,#12033,.T.);
#12033 = EDGE_CURVE('',#12025,#12034,#12036,.T.);
#12034 = VERTEX_POINT('',#12035);
#12035 = CARTESIAN_POINT('',(108.009594,-56.1075,1.56));
#12036 = LINE('',#12037,#12038);
#12037 = CARTESIAN_POINT('',(107.210406,-56.1075,1.56));
#12038 = VECTOR('',#12039,1.);
#12039 = DIRECTION('',(1.,0.,0.));
#12040 = ORIENTED_EDGE('',*,*,#12041,.T.);
#12041 = EDGE_CURVE('',#12034,#12042,#12044,.T.);
#12042 = VERTEX_POINT('',#12043);
#12043 = CARTESIAN_POINT('',(108.009594,-55.5325,1.56));
#12044 = CIRCLE('',#12045,0.287500089704);
#12045 = AXIS2_PLACEMENT_3D('',#12046,#12047,#12048);
#12046 = CARTESIAN_POINT('',(108.0098211123,-55.82,1.56));
#12047 = DIRECTION('',(0.,0.,1.));
#12048 = DIRECTION('',(-7.899555975862E-04,-0.999999687985,0.));
#12049 = ORIENTED_EDGE('',*,*,#12050,.T.);
#12050 = EDGE_CURVE('',#12042,#12006,#12051,.T.);
#12051 = LINE('',#12052,#12053);
#12052 = CARTESIAN_POINT('',(108.009594,-55.5325,1.56));
#12053 = VECTOR('',#12054,1.);
#12054 = DIRECTION('',(-1.,0.,0.));
#12055 = FACE_BOUND('',#12056,.F.);
#12056 = EDGE_LOOP('',(#12057));
#12057 = ORIENTED_EDGE('',*,*,#12058,.T.);
#12058 = EDGE_CURVE('',#12059,#12059,#12061,.T.);
#12059 = VERTEX_POINT('',#12060);
#12060 = CARTESIAN_POINT('',(104.242392,-54.39,1.56));
#12061 = CIRCLE('',#12062,0.312392);
#12062 = AXIS2_PLACEMENT_3D('',#12063,#12064,#12065);
#12063 = CARTESIAN_POINT('',(103.93,-54.39,1.56));
#12064 = DIRECTION('',(0.,0.,1.));
#12065 = DIRECTION('',(1.,0.,-0.));
#12066 = FACE_BOUND('',#12067,.F.);
#12067 = EDGE_LOOP('',(#12068));
#12068 = ORIENTED_EDGE('',*,*,#12069,.T.);
#12069 = EDGE_CURVE('',#12070,#12070,#12072,.T.);
#12070 = VERTEX_POINT('',#12071);
#12071 = CARTESIAN_POINT('',(83.787392,-53.9,1.56));
#12072 = CIRCLE('',#12073,0.387392);
#12073 = AXIS2_PLACEMENT_3D('',#12074,#12075,#12076);
#12074 = CARTESIAN_POINT('',(83.4,-53.9,1.56));
#12075 = DIRECTION('',(0.,0.,1.));
#12076 = DIRECTION('',(1.,0.,-0.));
#12077 = FACE_BOUND('',#12078,.F.);
#12078 = EDGE_LOOP('',(#12079));
#12079 = ORIENTED_EDGE('',*,*,#12080,.T.);
#12080 = EDGE_CURVE('',#12081,#12081,#12083,.T.);
#12081 = VERTEX_POINT('',#12082);
#12082 = CARTESIAN_POINT('',(83.687392,-50.7,1.56));
#12083 = CIRCLE('',#12084,0.387392);
#12084 = AXIS2_PLACEMENT_3D('',#12085,#12086,#12087);
#12085 = CARTESIAN_POINT('',(83.3,-50.7,1.56));
#12086 = DIRECTION('',(0.,0.,1.));
#12087 = DIRECTION('',(1.,0.,-0.));
#12088 = FACE_BOUND('',#12089,.F.);
#12089 = EDGE_LOOP('',(#12090));
#12090 = ORIENTED_EDGE('',*,*,#12091,.T.);
#12091 = EDGE_CURVE('',#12092,#12092,#12094,.T.);
#12092 = VERTEX_POINT('',#12093);
#12093 = CARTESIAN_POINT('',(83.687392,-48.7,1.56));
#12094 = CIRCLE('',#12095,0.387392);
#12095 = AXIS2_PLACEMENT_3D('',#12096,#12097,#12098);
#12096 = CARTESIAN_POINT('',(83.3,-48.7,1.56));
#12097 = DIRECTION('',(0.,0.,1.));
#12098 = DIRECTION('',(1.,0.,-0.));
#12099 = FACE_BOUND('',#12100,.F.);
#12100 = EDGE_LOOP('',(#12101));
#12101 = ORIENTED_EDGE('',*,*,#12102,.T.);
#12102 = EDGE_CURVE('',#12103,#12103,#12105,.T.);
#12103 = VERTEX_POINT('',#12104);
#12104 = CARTESIAN_POINT('',(104.242392,-48.61,1.56));
#12105 = CIRCLE('',#12106,0.312392);
#12106 = AXIS2_PLACEMENT_3D('',#12107,#12108,#12109);
#12107 = CARTESIAN_POINT('',(103.93,-48.61,1.56));
#12108 = DIRECTION('',(0.,0.,1.));
#12109 = DIRECTION('',(1.,0.,-0.));
#12110 = FACE_BOUND('',#12111,.F.);
#12111 = EDGE_LOOP('',(#12112,#12123,#12131,#12140,#12148,#12157));
#12112 = ORIENTED_EDGE('',*,*,#12113,.T.);
#12113 = EDGE_CURVE('',#12114,#12116,#12118,.T.);
#12114 = VERTEX_POINT('',#12115);
#12115 = CARTESIAN_POINT('',(102.860406,-46.8925,1.56));
#12116 = VERTEX_POINT('',#12117);
#12117 = CARTESIAN_POINT('',(102.575067,-47.217512,1.56));
#12118 = CIRCLE('',#12119,0.287584041769);
#12119 = AXIS2_PLACEMENT_3D('',#12120,#12121,#12122);
#12120 = CARTESIAN_POINT('',(102.86020507842,-47.18008397158,1.56));
#12121 = DIRECTION('',(0.,0.,1.));
#12122 = DIRECTION('',(6.986534164398E-04,0.999999755942,-0.));
#12123 = ORIENTED_EDGE('',*,*,#12124,.T.);
#12124 = EDGE_CURVE('',#12116,#12125,#12127,.T.);
#12125 = VERTEX_POINT('',#12126);
#12126 = CARTESIAN_POINT('',(102.594484,-47.28998,1.56));
#12127 = LINE('',#12128,#12129);
#12128 = CARTESIAN_POINT('',(102.575067,-47.217512,1.56));
#12129 = VECTOR('',#12130,1.);
#12130 = DIRECTION('',(0.258809816504,-0.965928299037,0.));
#12131 = ORIENTED_EDGE('',*,*,#12132,.T.);
#12132 = EDGE_CURVE('',#12125,#12133,#12135,.T.);
#12133 = VERTEX_POINT('',#12134);
#12134 = CARTESIAN_POINT('',(102.860406,-47.4675,1.56));
#12135 = CIRCLE('',#12136,0.287686427939);
#12136 = AXIS2_PLACEMENT_3D('',#12137,#12138,#12139);
#12137 = CARTESIAN_POINT('',(102.8602411248,-47.1798136193,1.56));
#12138 = DIRECTION('',(0.,0.,1.));
#12139 = DIRECTION('',(-0.92377359165,-0.382939096163,0.));
#12140 = ORIENTED_EDGE('',*,*,#12141,.T.);
#12141 = EDGE_CURVE('',#12133,#12142,#12144,.T.);
#12142 = VERTEX_POINT('',#12143);
#12143 = CARTESIAN_POINT('',(103.959594,-47.4675,1.56));
#12144 = LINE('',#12145,#12146);
#12145 = CARTESIAN_POINT('',(102.860406,-47.4675,1.56));
#12146 = VECTOR('',#12147,1.);
#12147 = DIRECTION('',(1.,0.,0.));
#12148 = ORIENTED_EDGE('',*,*,#12149,.T.);
#12149 = EDGE_CURVE('',#12142,#12150,#12152,.T.);
#12150 = VERTEX_POINT('',#12151);
#12151 = CARTESIAN_POINT('',(103.959594,-46.8925,1.56));
#12152 = CIRCLE('',#12153,0.287500089704);
#12153 = AXIS2_PLACEMENT_3D('',#12154,#12155,#12156);
#12154 = CARTESIAN_POINT('',(103.9598211123,-47.18,1.56));
#12155 = DIRECTION('',(0.,0.,1.));
#12156 = DIRECTION('',(-7.899555975862E-04,-0.999999687985,0.));
#12157 = ORIENTED_EDGE('',*,*,#12158,.T.);
#12158 = EDGE_CURVE('',#12150,#12114,#12159,.T.);
#12159 = LINE('',#12160,#12161);
#12160 = CARTESIAN_POINT('',(103.959594,-46.8925,1.56));
#12161 = VECTOR('',#12162,1.);
#12162 = DIRECTION('',(-1.,0.,0.));
#12163 = FACE_BOUND('',#12164,.F.);
#12164 = EDGE_LOOP('',(#12165,#12176,#12184,#12193,#12201,#12210));
#12165 = ORIENTED_EDGE('',*,*,#12166,.T.);
#12166 = EDGE_CURVE('',#12167,#12169,#12171,.T.);
#12167 = VERTEX_POINT('',#12168);
#12168 = CARTESIAN_POINT('',(107.210406,-46.8925,1.56));
#12169 = VERTEX_POINT('',#12170);
#12170 = CARTESIAN_POINT('',(106.925067,-47.217512,1.56));
#12171 = CIRCLE('',#12172,0.287584041769);
#12172 = AXIS2_PLACEMENT_3D('',#12173,#12174,#12175);
#12173 = CARTESIAN_POINT('',(107.21020507842,-47.18008397158,1.56));
#12174 = DIRECTION('',(0.,0.,1.));
#12175 = DIRECTION('',(6.986534164892E-04,0.999999755942,-0.));
#12176 = ORIENTED_EDGE('',*,*,#12177,.T.);
#12177 = EDGE_CURVE('',#12169,#12178,#12180,.T.);
#12178 = VERTEX_POINT('',#12179);
#12179 = CARTESIAN_POINT('',(106.944484,-47.28998,1.56));
#12180 = LINE('',#12181,#12182);
#12181 = CARTESIAN_POINT('',(106.925067,-47.217512,1.56));
#12182 = VECTOR('',#12183,1.);
#12183 = DIRECTION('',(0.258809816504,-0.965928299037,0.));
#12184 = ORIENTED_EDGE('',*,*,#12185,.T.);
#12185 = EDGE_CURVE('',#12178,#12186,#12188,.T.);
#12186 = VERTEX_POINT('',#12187);
#12187 = CARTESIAN_POINT('',(107.210406,-47.4675,1.56));
#12188 = CIRCLE('',#12189,0.287686427939);
#12189 = AXIS2_PLACEMENT_3D('',#12190,#12191,#12192);
#12190 = CARTESIAN_POINT('',(107.2102411248,-47.1798136193,1.56));
#12191 = DIRECTION('',(0.,0.,1.));
#12192 = DIRECTION('',(-0.92377359165,-0.382939096163,0.));
#12193 = ORIENTED_EDGE('',*,*,#12194,.T.);
#12194 = EDGE_CURVE('',#12186,#12195,#12197,.T.);
#12195 = VERTEX_POINT('',#12196);
#12196 = CARTESIAN_POINT('',(108.009594,-47.4675,1.56));
#12197 = LINE('',#12198,#12199);
#12198 = CARTESIAN_POINT('',(107.210406,-47.4675,1.56));
#12199 = VECTOR('',#12200,1.);
#12200 = DIRECTION('',(1.,0.,0.));
#12201 = ORIENTED_EDGE('',*,*,#12202,.T.);
#12202 = EDGE_CURVE('',#12195,#12203,#12205,.T.);
#12203 = VERTEX_POINT('',#12204);
#12204 = CARTESIAN_POINT('',(108.009594,-46.8925,1.56));
#12205 = CIRCLE('',#12206,0.287500089704);
#12206 = AXIS2_PLACEMENT_3D('',#12207,#12208,#12209);
#12207 = CARTESIAN_POINT('',(108.0098211123,-47.18,1.56));
#12208 = DIRECTION('',(0.,0.,1.));
#12209 = DIRECTION('',(-7.899555975862E-04,-0.999999687985,0.));
#12210 = ORIENTED_EDGE('',*,*,#12211,.T.);
#12211 = EDGE_CURVE('',#12203,#12167,#12212,.T.);
#12212 = LINE('',#12213,#12214);
#12213 = CARTESIAN_POINT('',(108.009594,-46.8925,1.56));
#12214 = VECTOR('',#12215,1.);
#12215 = DIRECTION('',(-1.,0.,0.));
#12216 = FACE_BOUND('',#12217,.F.);
#12217 = EDGE_LOOP('',(#12218));
#12218 = ORIENTED_EDGE('',*,*,#12219,.T.);
#12219 = EDGE_CURVE('',#12220,#12220,#12222,.T.);
#12220 = VERTEX_POINT('',#12221);
#12221 = CARTESIAN_POINT('',(107.387392,-43.2,1.56));
#12222 = CIRCLE('',#12223,0.387392);
#12223 = AXIS2_PLACEMENT_3D('',#12224,#12225,#12226);
#12224 = CARTESIAN_POINT('',(107.,-43.2,1.56));
#12225 = DIRECTION('',(0.,0.,1.));
#12226 = DIRECTION('',(1.,0.,-0.));
#12227 = FACE_BOUND('',#12228,.F.);
#12228 = EDGE_LOOP('',(#12229));
#12229 = ORIENTED_EDGE('',*,*,#12230,.T.);
#12230 = EDGE_CURVE('',#12231,#12231,#12233,.T.);
#12231 = VERTEX_POINT('',#12232);
#12232 = CARTESIAN_POINT('',(107.387392,-41.2,1.56));
#12233 = CIRCLE('',#12234,0.387392);
#12234 = AXIS2_PLACEMENT_3D('',#12235,#12236,#12237);
#12235 = CARTESIAN_POINT('',(107.,-41.2,1.56));
#12236 = DIRECTION('',(0.,0.,1.));
#12237 = DIRECTION('',(1.,0.,-0.));
#12238 = FACE_BOUND('',#12239,.F.);
#12239 = EDGE_LOOP('',(#12240));
#12240 = ORIENTED_EDGE('',*,*,#12241,.T.);
#12241 = EDGE_CURVE('',#12242,#12242,#12244,.T.);
#12242 = VERTEX_POINT('',#12243);
#12243 = CARTESIAN_POINT('',(95.537255,-39.5,1.56));
#12244 = CIRCLE('',#12245,8.7255E-02);
#12245 = AXIS2_PLACEMENT_3D('',#12246,#12247,#12248);
#12246 = CARTESIAN_POINT('',(95.45,-39.5,1.56));
#12247 = DIRECTION('',(0.,0.,1.));
#12248 = DIRECTION('',(1.,0.,-0.));
#12249 = FACE_BOUND('',#12250,.F.);
#12250 = EDGE_LOOP('',(#12251));
#12251 = ORIENTED_EDGE('',*,*,#12252,.T.);
#12252 = EDGE_CURVE('',#12253,#12253,#12255,.T.);
#12253 = VERTEX_POINT('',#12254);
#12254 = CARTESIAN_POINT('',(96.637255,-39.5,1.56));
#12255 = CIRCLE('',#12256,8.7255E-02);
#12256 = AXIS2_PLACEMENT_3D('',#12257,#12258,#12259);
#12257 = CARTESIAN_POINT('',(96.55,-39.5,1.56));
#12258 = DIRECTION('',(0.,0.,1.));
#12259 = DIRECTION('',(1.,0.,-0.));
#12260 = FACE_BOUND('',#12261,.F.);
#12261 = EDGE_LOOP('',(#12262));
#12262 = ORIENTED_EDGE('',*,*,#12263,.T.);
#12263 = EDGE_CURVE('',#12264,#12264,#12266,.T.);
#12264 = VERTEX_POINT('',#12265);
#12265 = CARTESIAN_POINT('',(94.987255,-38.95,1.56));
#12266 = CIRCLE('',#12267,8.7255E-02);
#12267 = AXIS2_PLACEMENT_3D('',#12268,#12269,#12270);
#12268 = CARTESIAN_POINT('',(94.9,-38.95,1.56));
#12269 = DIRECTION('',(0.,0.,1.));
#12270 = DIRECTION('',(1.,0.,-0.));
#12271 = FACE_BOUND('',#12272,.F.);
#12272 = EDGE_LOOP('',(#12273));
#12273 = ORIENTED_EDGE('',*,*,#12274,.T.);
#12274 = EDGE_CURVE('',#12275,#12275,#12277,.T.);
#12275 = VERTEX_POINT('',#12276);
#12276 = CARTESIAN_POINT('',(96.087255,-38.95,1.56));
#12277 = CIRCLE('',#12278,8.7255E-02);
#12278 = AXIS2_PLACEMENT_3D('',#12279,#12280,#12281);
#12279 = CARTESIAN_POINT('',(96.,-38.95,1.56));
#12280 = DIRECTION('',(0.,0.,1.));
#12281 = DIRECTION('',(1.,0.,-0.));
#12282 = FACE_BOUND('',#12283,.F.);
#12283 = EDGE_LOOP('',(#12284));
#12284 = ORIENTED_EDGE('',*,*,#12285,.T.);
#12285 = EDGE_CURVE('',#12286,#12286,#12288,.T.);
#12286 = VERTEX_POINT('',#12287);
#12287 = CARTESIAN_POINT('',(97.187255,-38.95,1.56));
#12288 = CIRCLE('',#12289,8.7255E-02);
#12289 = AXIS2_PLACEMENT_3D('',#12290,#12291,#12292);
#12290 = CARTESIAN_POINT('',(97.1,-38.95,1.56));
#12291 = DIRECTION('',(0.,0.,1.));
#12292 = DIRECTION('',(1.,0.,-0.));
#12293 = FACE_BOUND('',#12294,.F.);
#12294 = EDGE_LOOP('',(#12295));
#12295 = ORIENTED_EDGE('',*,*,#12296,.T.);
#12296 = EDGE_CURVE('',#12297,#12297,#12299,.T.);
#12297 = VERTEX_POINT('',#12298);
#12298 = CARTESIAN_POINT('',(95.537255,-38.4,1.56));
#12299 = CIRCLE('',#12300,8.7255E-02);
#12300 = AXIS2_PLACEMENT_3D('',#12301,#12302,#12303);
#12301 = CARTESIAN_POINT('',(95.45,-38.4,1.56));
#12302 = DIRECTION('',(0.,0.,1.));
#12303 = DIRECTION('',(1.,0.,-0.));
#12304 = FACE_BOUND('',#12305,.F.);
#12305 = EDGE_LOOP('',(#12306));
#12306 = ORIENTED_EDGE('',*,*,#12307,.T.);
#12307 = EDGE_CURVE('',#12308,#12308,#12310,.T.);
#12308 = VERTEX_POINT('',#12309);
#12309 = CARTESIAN_POINT('',(96.637255,-38.4,1.56));
#12310 = CIRCLE('',#12311,8.7255E-02);
#12311 = AXIS2_PLACEMENT_3D('',#12312,#12313,#12314);
#12312 = CARTESIAN_POINT('',(96.55,-38.4,1.56));
#12313 = DIRECTION('',(0.,0.,1.));
#12314 = DIRECTION('',(1.,0.,-0.));
#12315 = FACE_BOUND('',#12316,.F.);
#12316 = EDGE_LOOP('',(#12317));
#12317 = ORIENTED_EDGE('',*,*,#12318,.T.);
#12318 = EDGE_CURVE('',#12319,#12319,#12321,.T.);
#12319 = VERTEX_POINT('',#12320);
#12320 = CARTESIAN_POINT('',(94.987255,-37.85,1.56));
#12321 = CIRCLE('',#12322,8.7255E-02);
#12322 = AXIS2_PLACEMENT_3D('',#12323,#12324,#12325);
#12323 = CARTESIAN_POINT('',(94.9,-37.85,1.56));
#12324 = DIRECTION('',(0.,0.,1.));
#12325 = DIRECTION('',(1.,0.,-0.));
#12326 = FACE_BOUND('',#12327,.F.);
#12327 = EDGE_LOOP('',(#12328));
#12328 = ORIENTED_EDGE('',*,*,#12329,.T.);
#12329 = EDGE_CURVE('',#12330,#12330,#12332,.T.);
#12330 = VERTEX_POINT('',#12331);
#12331 = CARTESIAN_POINT('',(96.087255,-37.85,1.56));
#12332 = CIRCLE('',#12333,8.7255E-02);
#12333 = AXIS2_PLACEMENT_3D('',#12334,#12335,#12336);
#12334 = CARTESIAN_POINT('',(96.,-37.85,1.56));
#12335 = DIRECTION('',(0.,0.,1.));
#12336 = DIRECTION('',(1.,0.,-0.));
#12337 = FACE_BOUND('',#12338,.F.);
#12338 = EDGE_LOOP('',(#12339));
#12339 = ORIENTED_EDGE('',*,*,#12340,.T.);
#12340 = EDGE_CURVE('',#12341,#12341,#12343,.T.);
#12341 = VERTEX_POINT('',#12342);
#12342 = CARTESIAN_POINT('',(97.187255,-37.85,1.56));
#12343 = CIRCLE('',#12344,8.7255E-02);
#12344 = AXIS2_PLACEMENT_3D('',#12345,#12346,#12347);
#12345 = CARTESIAN_POINT('',(97.1,-37.85,1.56));
#12346 = DIRECTION('',(0.,0.,1.));
#12347 = DIRECTION('',(1.,0.,-0.));
#12348 = FACE_BOUND('',#12349,.F.);
#12349 = EDGE_LOOP('',(#12350));
#12350 = ORIENTED_EDGE('',*,*,#12351,.T.);
#12351 = EDGE_CURVE('',#12352,#12352,#12354,.T.);
#12352 = VERTEX_POINT('',#12353);
#12353 = CARTESIAN_POINT('',(95.537255,-37.3,1.56));
#12354 = CIRCLE('',#12355,8.7255E-02);
#12355 = AXIS2_PLACEMENT_3D('',#12356,#12357,#12358);
#12356 = CARTESIAN_POINT('',(95.45,-37.3,1.56));
#12357 = DIRECTION('',(0.,0.,1.));
#12358 = DIRECTION('',(1.,0.,-0.));
#12359 = FACE_BOUND('',#12360,.F.);
#12360 = EDGE_LOOP('',(#12361));
#12361 = ORIENTED_EDGE('',*,*,#12362,.T.);
#12362 = EDGE_CURVE('',#12363,#12363,#12365,.T.);
#12363 = VERTEX_POINT('',#12364);
#12364 = CARTESIAN_POINT('',(96.637255,-37.3,1.56));
#12365 = CIRCLE('',#12366,8.7255E-02);
#12366 = AXIS2_PLACEMENT_3D('',#12367,#12368,#12369);
#12367 = CARTESIAN_POINT('',(96.55,-37.3,1.56));
#12368 = DIRECTION('',(0.,0.,1.));
#12369 = DIRECTION('',(1.,0.,-0.));
#12370 = FACE_BOUND('',#12371,.F.);
#12371 = EDGE_LOOP('',(#12372));
#12372 = ORIENTED_EDGE('',*,*,#12373,.T.);
#12373 = EDGE_CURVE('',#12374,#12374,#12376,.T.);
#12374 = VERTEX_POINT('',#12375);
#12375 = CARTESIAN_POINT('',(88.087392,-28.6,1.56));
#12376 = CIRCLE('',#12377,0.387392);
#12377 = AXIS2_PLACEMENT_3D('',#12378,#12379,#12380);
#12378 = CARTESIAN_POINT('',(87.7,-28.6,1.56));
#12379 = DIRECTION('',(0.,0.,1.));
#12380 = DIRECTION('',(1.,0.,-0.));
#12381 = FACE_BOUND('',#12382,.F.);
#12382 = EDGE_LOOP('',(#12383));
#12383 = ORIENTED_EDGE('',*,*,#12384,.T.);
#12384 = EDGE_CURVE('',#12385,#12385,#12387,.T.);
#12385 = VERTEX_POINT('',#12386);
#12386 = CARTESIAN_POINT('',(90.087392,-28.6,1.56));
#12387 = CIRCLE('',#12388,0.387392);
#12388 = AXIS2_PLACEMENT_3D('',#12389,#12390,#12391);
#12389 = CARTESIAN_POINT('',(89.7,-28.6,1.56));
#12390 = DIRECTION('',(0.,0.,1.));
#12391 = DIRECTION('',(1.,0.,-0.));
#12392 = FACE_BOUND('',#12393,.F.);
#12393 = EDGE_LOOP('',(#12394));
#12394 = ORIENTED_EDGE('',*,*,#12395,.T.);
#12395 = EDGE_CURVE('',#12396,#12396,#12398,.T.);
#12396 = VERTEX_POINT('',#12397);
#12397 = CARTESIAN_POINT('',(92.087392,-28.6,1.56));
#12398 = CIRCLE('',#12399,0.387392);
#12399 = AXIS2_PLACEMENT_3D('',#12400,#12401,#12402);
#12400 = CARTESIAN_POINT('',(91.7,-28.6,1.56));
#12401 = DIRECTION('',(0.,0.,1.));
#12402 = DIRECTION('',(1.,0.,-0.));
#12403 = FACE_BOUND('',#12404,.F.);
#12404 = EDGE_LOOP('',(#12405));
#12405 = ORIENTED_EDGE('',*,*,#12406,.T.);
#12406 = EDGE_CURVE('',#12407,#12407,#12409,.T.);
#12407 = VERTEX_POINT('',#12408);
#12408 = CARTESIAN_POINT('',(94.087392,-28.6,1.56));
#12409 = CIRCLE('',#12410,0.387392);
#12410 = AXIS2_PLACEMENT_3D('',#12411,#12412,#12413);
#12411 = CARTESIAN_POINT('',(93.7,-28.6,1.56));
#12412 = DIRECTION('',(0.,0.,1.));
#12413 = DIRECTION('',(1.,0.,-0.));
#12414 = FACE_BOUND('',#12415,.F.);
#12415 = EDGE_LOOP('',(#12416));
#12416 = ORIENTED_EDGE('',*,*,#12417,.T.);
#12417 = EDGE_CURVE('',#12418,#12418,#12420,.T.);
#12418 = VERTEX_POINT('',#12419);
#12419 = CARTESIAN_POINT('',(96.087392,-28.6,1.56));
#12420 = CIRCLE('',#12421,0.387392);
#12421 = AXIS2_PLACEMENT_3D('',#12422,#12423,#12424);
#12422 = CARTESIAN_POINT('',(95.7,-28.6,1.56));
#12423 = DIRECTION('',(0.,0.,1.));
#12424 = DIRECTION('',(1.,0.,-0.));
#12425 = FACE_BOUND('',#12426,.F.);
#12426 = EDGE_LOOP('',(#12427));
#12427 = ORIENTED_EDGE('',*,*,#12428,.T.);
#12428 = EDGE_CURVE('',#12429,#12429,#12431,.T.);
#12429 = VERTEX_POINT('',#12430);
#12430 = CARTESIAN_POINT('',(98.087392,-28.6,1.56));
#12431 = CIRCLE('',#12432,0.387392);
#12432 = AXIS2_PLACEMENT_3D('',#12433,#12434,#12435);
#12433 = CARTESIAN_POINT('',(97.7,-28.6,1.56));
#12434 = DIRECTION('',(0.,0.,1.));
#12435 = DIRECTION('',(1.,0.,-0.));
#12436 = FACE_BOUND('',#12437,.F.);
#12437 = EDGE_LOOP('',(#12438));
#12438 = ORIENTED_EDGE('',*,*,#12439,.T.);
#12439 = EDGE_CURVE('',#12440,#12440,#12442,.T.);
#12440 = VERTEX_POINT('',#12441);
#12441 = CARTESIAN_POINT('',(100.087392,-28.6,1.56));
#12442 = CIRCLE('',#12443,0.387392);
#12443 = AXIS2_PLACEMENT_3D('',#12444,#12445,#12446);
#12444 = CARTESIAN_POINT('',(99.7,-28.6,1.56));
#12445 = DIRECTION('',(0.,0.,1.));
#12446 = DIRECTION('',(1.,0.,-0.));
#12447 = FACE_BOUND('',#12448,.F.);
#12448 = EDGE_LOOP('',(#12449));
#12449 = ORIENTED_EDGE('',*,*,#12450,.T.);
#12450 = EDGE_CURVE('',#12451,#12451,#12453,.T.);
#12451 = VERTEX_POINT('',#12452);
#12452 = CARTESIAN_POINT('',(102.087392,-28.6,1.56));
#12453 = CIRCLE('',#12454,0.387392);
#12454 = AXIS2_PLACEMENT_3D('',#12455,#12456,#12457);
#12455 = CARTESIAN_POINT('',(101.7,-28.6,1.56));
#12456 = DIRECTION('',(0.,0.,1.));
#12457 = DIRECTION('',(1.,0.,-0.));
#12458 = FACE_BOUND('',#12459,.F.);
#12459 = EDGE_LOOP('',(#12460));
#12460 = ORIENTED_EDGE('',*,*,#12461,.T.);
#12461 = EDGE_CURVE('',#12462,#12462,#12464,.T.);
#12462 = VERTEX_POINT('',#12463);
#12463 = CARTESIAN_POINT('',(91.087392,-24.9,1.56));
#12464 = CIRCLE('',#12465,0.387392);
#12465 = AXIS2_PLACEMENT_3D('',#12466,#12467,#12468);
#12466 = CARTESIAN_POINT('',(90.7,-24.9,1.56));
#12467 = DIRECTION('',(0.,0.,1.));
#12468 = DIRECTION('',(1.,0.,-0.));
#12469 = FACE_BOUND('',#12470,.F.);
#12470 = EDGE_LOOP('',(#12471));
#12471 = ORIENTED_EDGE('',*,*,#12472,.T.);
#12472 = EDGE_CURVE('',#12473,#12473,#12475,.T.);
#12473 = VERTEX_POINT('',#12474);
#12474 = CARTESIAN_POINT('',(93.087392,-24.9,1.56));
#12475 = CIRCLE('',#12476,0.387392);
#12476 = AXIS2_PLACEMENT_3D('',#12477,#12478,#12479);
#12477 = CARTESIAN_POINT('',(92.7,-24.9,1.56));
#12478 = DIRECTION('',(0.,0.,1.));
#12479 = DIRECTION('',(1.,0.,-0.));
#12480 = FACE_BOUND('',#12481,.F.);
#12481 = EDGE_LOOP('',(#12482));
#12482 = ORIENTED_EDGE('',*,*,#12483,.T.);
#12483 = EDGE_CURVE('',#12484,#12484,#12486,.T.);
#12484 = VERTEX_POINT('',#12485);
#12485 = CARTESIAN_POINT('',(95.087392,-24.9,1.56));
#12486 = CIRCLE('',#12487,0.387392);
#12487 = AXIS2_PLACEMENT_3D('',#12488,#12489,#12490);
#12488 = CARTESIAN_POINT('',(94.7,-24.9,1.56));
#12489 = DIRECTION('',(0.,0.,1.));
#12490 = DIRECTION('',(1.,0.,-0.));
#12491 = FACE_BOUND('',#12492,.F.);
#12492 = EDGE_LOOP('',(#12493));
#12493 = ORIENTED_EDGE('',*,*,#12494,.T.);
#12494 = EDGE_CURVE('',#12495,#12495,#12497,.T.);
#12495 = VERTEX_POINT('',#12496);
#12496 = CARTESIAN_POINT('',(97.087392,-24.9,1.56));
#12497 = CIRCLE('',#12498,0.387392);
#12498 = AXIS2_PLACEMENT_3D('',#12499,#12500,#12501);
#12499 = CARTESIAN_POINT('',(96.7,-24.9,1.56));
#12500 = DIRECTION('',(0.,0.,1.));
#12501 = DIRECTION('',(1.,0.,-0.));
#12502 = FACE_BOUND('',#12503,.F.);
#12503 = EDGE_LOOP('',(#12504));
#12504 = ORIENTED_EDGE('',*,*,#12505,.T.);
#12505 = EDGE_CURVE('',#12506,#12506,#12508,.T.);
#12506 = VERTEX_POINT('',#12507);
#12507 = CARTESIAN_POINT('',(99.087392,-24.9,1.56));
#12508 = CIRCLE('',#12509,0.387392);
#12509 = AXIS2_PLACEMENT_3D('',#12510,#12511,#12512);
#12510 = CARTESIAN_POINT('',(98.7,-24.9,1.56));
#12511 = DIRECTION('',(0.,0.,1.));
#12512 = DIRECTION('',(1.,0.,-0.));
#12513 = PLANE('',#12514);
#12514 = AXIS2_PLACEMENT_3D('',#12515,#12516,#12517);
#12515 = CARTESIAN_POINT('',(0.,0.,1.56));
#12516 = DIRECTION('',(0.,0.,1.));
#12517 = DIRECTION('',(1.,0.,-0.));
#12518 = ( GEOMETRIC_REPRESENTATION_CONTEXT(3) 
GLOBAL_UNCERTAINTY_ASSIGNED_CONTEXT((#12522)) 
GLOBAL_UNIT_ASSIGNED_CONTEXT((#12519,#12520,#12521)) 
REPRESENTATION_CONTEXT('Context #1',
  '3D Context with UNIT and UNCERTAINTY') );
#12519 = ( LENGTH_UNIT() NAMED_UNIT(*) SI_UNIT(.MILLI.,.METRE.) );
#12520 = ( NAMED_UNIT(*) PLANE_ANGLE_UNIT() SI_UNIT($,.RADIAN.) );
#12521 = ( NAMED_UNIT(*) SI_UNIT($,.STERADIAN.) SOLID_ANGLE_UNIT() );
#12522 = UNCERTAINTY_MEASURE_WITH_UNIT(LENGTH_MEASURE(1.E-07),#12519,
  'distance_accuracy_value','confusion accuracy');
#12523 = CONTEXT_DEPENDENT_SHAPE_REPRESENTATION(#12524,#12526);
#12524 = ( REPRESENTATION_RELATIONSHIP('','',#11768,#10) 
REPRESENTATION_RELATIONSHIP_WITH_TRANSFORMATION(#12525) 
SHAPE_REPRESENTATION_RELATIONSHIP() );
#12525 = ITEM_DEFINED_TRANSFORMATION('','',#11,#19);
#12526 = PRODUCT_DEFINITION_SHAPE('Placement','Placement of an item',
  #12527);
#12527 = NEXT_ASSEMBLY_USAGE_OCCURRENCE('2','=>[0:1:1:3]','',#5,#11763,$
  );
#12528 = PRODUCT_RELATED_PRODUCT_CATEGORY('part',$,(#11765));
#12529 = SHAPE_DEFINITION_REPRESENTATION(#12530,#12536);
#12530 = PRODUCT_DEFINITION_SHAPE('','',#12531);
#12531 = PRODUCT_DEFINITION('design','',#12532,#12535);
#12532 = PRODUCT_DEFINITION_FORMATION('','',#12533);
#12533 = PRODUCT('tamagotchi module_soldermask',
  'tamagotchi module_soldermask','',(#12534));
#12534 = PRODUCT_CONTEXT('',#2,'mechanical');
#12535 = PRODUCT_DEFINITION_CONTEXT('part definition',#2,'design');
#12536 = MANIFOLD_SURFACE_SHAPE_REPRESENTATION('',(#11,#12537),#13154);
#12537 = SHELL_BASED_SURFACE_MODEL('',(#12538));
#12538 = OPEN_SHELL('',(#12539));
#12539 = ADVANCED_FACE('',(#12540,#12574,#12585,#12596,#12607,#12618,
    #12629,#12640,#12651,#12662,#12673,#12684,#12695,#12706,#12717,
    #12770,#12823,#12834,#12845,#12856,#12867,#12878,#12931,#12984,
    #12995,#13006,#13017,#13028,#13039,#13050,#13061,#13072,#13083,
    #13094,#13105,#13116,#13127,#13138),#13149,.T.);
#12540 = FACE_BOUND('',#12541,.T.);
#12541 = EDGE_LOOP('',(#12542,#12552,#12560,#12568));
#12542 = ORIENTED_EDGE('',*,*,#12543,.T.);
#12543 = EDGE_CURVE('',#12544,#12546,#12548,.T.);
#12544 = VERTEX_POINT('',#12545);
#12545 = CARTESIAN_POINT('',(81.8,-70.95,-5.E-02));
#12546 = VERTEX_POINT('',#12547);
#12547 = CARTESIAN_POINT('',(81.8,-22.65,-5.E-02));
#12548 = LINE('',#12549,#12550);
#12549 = CARTESIAN_POINT('',(81.8,-70.95,-5.E-02));
#12550 = VECTOR('',#12551,1.);
#12551 = DIRECTION('',(0.,1.,0.));
#12552 = ORIENTED_EDGE('',*,*,#12553,.T.);
#12553 = EDGE_CURVE('',#12546,#12554,#12556,.T.);
#12554 = VERTEX_POINT('',#12555);
#12555 = CARTESIAN_POINT('',(108.6,-22.65,-5.E-02));
#12556 = LINE('',#12557,#12558);
#12557 = CARTESIAN_POINT('',(81.8,-22.65,-5.E-02));
#12558 = VECTOR('',#12559,1.);
#12559 = DIRECTION('',(1.,0.,0.));
#12560 = ORIENTED_EDGE('',*,*,#12561,.T.);
#12561 = EDGE_CURVE('',#12554,#12562,#12564,.T.);
#12562 = VERTEX_POINT('',#12563);
#12563 = CARTESIAN_POINT('',(108.6,-70.95,-5.E-02));
#12564 = LINE('',#12565,#12566);
#12565 = CARTESIAN_POINT('',(108.6,-22.65,-5.E-02));
#12566 = VECTOR('',#12567,1.);
#12567 = DIRECTION('',(0.,-1.,0.));
#12568 = ORIENTED_EDGE('',*,*,#12569,.T.);
#12569 = EDGE_CURVE('',#12562,#12544,#12570,.T.);
#12570 = LINE('',#12571,#12572);
#12571 = CARTESIAN_POINT('',(108.6,-70.95,-5.E-02));
#12572 = VECTOR('',#12573,1.);
#12573 = DIRECTION('',(-1.,0.,0.));
#12574 = FACE_BOUND('',#12575,.T.);
#12575 = EDGE_LOOP('',(#12576));
#12576 = ORIENTED_EDGE('',*,*,#12577,.T.);
#12577 = EDGE_CURVE('',#12578,#12578,#12580,.T.);
#12578 = VERTEX_POINT('',#12579);
#12579 = CARTESIAN_POINT('',(101.837392,-66.1,-5.E-02));
#12580 = CIRCLE('',#12581,0.537392);
#12581 = AXIS2_PLACEMENT_3D('',#12582,#12583,#12584);
#12582 = CARTESIAN_POINT('',(101.3,-66.1,-5.E-02));
#12583 = DIRECTION('',(0.,0.,1.));
#12584 = DIRECTION('',(1.,0.,-0.));
#12585 = FACE_BOUND('',#12586,.T.);
#12586 = EDGE_LOOP('',(#12587));
#12587 = ORIENTED_EDGE('',*,*,#12588,.T.);
#12588 = EDGE_CURVE('',#12589,#12589,#12591,.T.);
#12589 = VERTEX_POINT('',#12590);
#12590 = CARTESIAN_POINT('',(106.337392,-66.1,-5.E-02));
#12591 = CIRCLE('',#12592,0.537392);
#12592 = AXIS2_PLACEMENT_3D('',#12593,#12594,#12595);
#12593 = CARTESIAN_POINT('',(105.8,-66.1,-5.E-02));
#12594 = DIRECTION('',(0.,0.,1.));
#12595 = DIRECTION('',(1.,0.,-0.));
#12596 = FACE_BOUND('',#12597,.T.);
#12597 = EDGE_LOOP('',(#12598));
#12598 = ORIENTED_EDGE('',*,*,#12599,.T.);
#12599 = EDGE_CURVE('',#12600,#12600,#12602,.T.);
#12600 = VERTEX_POINT('',#12601);
#12601 = CARTESIAN_POINT('',(84.737392,-66.,-5.E-02));
#12602 = CIRCLE('',#12603,0.537392);
#12603 = AXIS2_PLACEMENT_3D('',#12604,#12605,#12606);
#12604 = CARTESIAN_POINT('',(84.2,-66.,-5.E-02));
#12605 = DIRECTION('',(0.,0.,1.));
#12606 = DIRECTION('',(1.,0.,-0.));
#12607 = FACE_BOUND('',#12608,.T.);
#12608 = EDGE_LOOP('',(#12609));
#12609 = ORIENTED_EDGE('',*,*,#12610,.T.);
#12610 = EDGE_CURVE('',#12611,#12611,#12613,.T.);
#12611 = VERTEX_POINT('',#12612);
#12612 = CARTESIAN_POINT('',(89.237392,-66.,-5.E-02));
#12613 = CIRCLE('',#12614,0.537392);
#12614 = AXIS2_PLACEMENT_3D('',#12615,#12616,#12617);
#12615 = CARTESIAN_POINT('',(88.7,-66.,-5.E-02));
#12616 = DIRECTION('',(0.,0.,1.));
#12617 = DIRECTION('',(1.,0.,-0.));
#12618 = FACE_BOUND('',#12619,.T.);
#12619 = EDGE_LOOP('',(#12620));
#12620 = ORIENTED_EDGE('',*,*,#12621,.T.);
#12621 = EDGE_CURVE('',#12622,#12622,#12624,.T.);
#12622 = VERTEX_POINT('',#12623);
#12623 = CARTESIAN_POINT('',(93.537392,-66.,-5.E-02));
#12624 = CIRCLE('',#12625,0.537392);
#12625 = AXIS2_PLACEMENT_3D('',#12626,#12627,#12628);
#12626 = CARTESIAN_POINT('',(93.,-66.,-5.E-02));
#12627 = DIRECTION('',(0.,0.,1.));
#12628 = DIRECTION('',(1.,0.,-0.));
#12629 = FACE_BOUND('',#12630,.T.);
#12630 = EDGE_LOOP('',(#12631));
#12631 = ORIENTED_EDGE('',*,*,#12632,.T.);
#12632 = EDGE_CURVE('',#12633,#12633,#12635,.T.);
#12633 = VERTEX_POINT('',#12634);
#12634 = CARTESIAN_POINT('',(98.037392,-66.,-5.E-02));
#12635 = CIRCLE('',#12636,0.537392);
#12636 = AXIS2_PLACEMENT_3D('',#12637,#12638,#12639);
#12637 = CARTESIAN_POINT('',(97.5,-66.,-5.E-02));
#12638 = DIRECTION('',(0.,0.,1.));
#12639 = DIRECTION('',(1.,0.,-0.));
#12640 = FACE_BOUND('',#12641,.T.);
#12641 = EDGE_LOOP('',(#12642));
#12642 = ORIENTED_EDGE('',*,*,#12643,.T.);
#12643 = EDGE_CURVE('',#12644,#12644,#12646,.T.);
#12644 = VERTEX_POINT('',#12645);
#12645 = CARTESIAN_POINT('',(101.837392,-59.6,-5.E-02));
#12646 = CIRCLE('',#12647,0.537392);
#12647 = AXIS2_PLACEMENT_3D('',#12648,#12649,#12650);
#12648 = CARTESIAN_POINT('',(101.3,-59.6,-5.E-02));
#12649 = DIRECTION('',(0.,0.,1.));
#12650 = DIRECTION('',(1.,0.,-0.));
#12651 = FACE_BOUND('',#12652,.T.);
#12652 = EDGE_LOOP('',(#12653));
#12653 = ORIENTED_EDGE('',*,*,#12654,.T.);
#12654 = EDGE_CURVE('',#12655,#12655,#12657,.T.);
#12655 = VERTEX_POINT('',#12656);
#12656 = CARTESIAN_POINT('',(106.337392,-59.6,-5.E-02));
#12657 = CIRCLE('',#12658,0.537392);
#12658 = AXIS2_PLACEMENT_3D('',#12659,#12660,#12661);
#12659 = CARTESIAN_POINT('',(105.8,-59.6,-5.E-02));
#12660 = DIRECTION('',(0.,0.,1.));
#12661 = DIRECTION('',(1.,0.,-0.));
#12662 = FACE_BOUND('',#12663,.T.);
#12663 = EDGE_LOOP('',(#12664));
#12664 = ORIENTED_EDGE('',*,*,#12665,.T.);
#12665 = EDGE_CURVE('',#12666,#12666,#12668,.T.);
#12666 = VERTEX_POINT('',#12667);
#12667 = CARTESIAN_POINT('',(84.737392,-59.5,-5.E-02));
#12668 = CIRCLE('',#12669,0.537392);
#12669 = AXIS2_PLACEMENT_3D('',#12670,#12671,#12672);
#12670 = CARTESIAN_POINT('',(84.2,-59.5,-5.E-02));
#12671 = DIRECTION('',(0.,0.,1.));
#12672 = DIRECTION('',(1.,0.,-0.));
#12673 = FACE_BOUND('',#12674,.T.);
#12674 = EDGE_LOOP('',(#12675));
#12675 = ORIENTED_EDGE('',*,*,#12676,.T.);
#12676 = EDGE_CURVE('',#12677,#12677,#12679,.T.);
#12677 = VERTEX_POINT('',#12678);
#12678 = CARTESIAN_POINT('',(89.237392,-59.5,-5.E-02));
#12679 = CIRCLE('',#12680,0.537392);
#12680 = AXIS2_PLACEMENT_3D('',#12681,#12682,#12683);
#12681 = CARTESIAN_POINT('',(88.7,-59.5,-5.E-02));
#12682 = DIRECTION('',(0.,0.,1.));
#12683 = DIRECTION('',(1.,0.,-0.));
#12684 = FACE_BOUND('',#12685,.T.);
#12685 = EDGE_LOOP('',(#12686));
#12686 = ORIENTED_EDGE('',*,*,#12687,.T.);
#12687 = EDGE_CURVE('',#12688,#12688,#12690,.T.);
#12688 = VERTEX_POINT('',#12689);
#12689 = CARTESIAN_POINT('',(93.537392,-59.5,-5.E-02));
#12690 = CIRCLE('',#12691,0.537392);
#12691 = AXIS2_PLACEMENT_3D('',#12692,#12693,#12694);
#12692 = CARTESIAN_POINT('',(93.,-59.5,-5.E-02));
#12693 = DIRECTION('',(0.,0.,1.));
#12694 = DIRECTION('',(1.,0.,-0.));
#12695 = FACE_BOUND('',#12696,.T.);
#12696 = EDGE_LOOP('',(#12697));
#12697 = ORIENTED_EDGE('',*,*,#12698,.T.);
#12698 = EDGE_CURVE('',#12699,#12699,#12701,.T.);
#12699 = VERTEX_POINT('',#12700);
#12700 = CARTESIAN_POINT('',(98.037392,-59.5,-5.E-02));
#12701 = CIRCLE('',#12702,0.537392);
#12702 = AXIS2_PLACEMENT_3D('',#12703,#12704,#12705);
#12703 = CARTESIAN_POINT('',(97.5,-59.5,-5.E-02));
#12704 = DIRECTION('',(0.,0.,1.));
#12705 = DIRECTION('',(1.,0.,-0.));
#12706 = FACE_BOUND('',#12707,.T.);
#12707 = EDGE_LOOP('',(#12708));
#12708 = ORIENTED_EDGE('',*,*,#12709,.T.);
#12709 = EDGE_CURVE('',#12710,#12710,#12712,.T.);
#12710 = VERTEX_POINT('',#12711);
#12711 = CARTESIAN_POINT('',(83.787392,-55.9,-5.E-02));
#12712 = CIRCLE('',#12713,0.387392);
#12713 = AXIS2_PLACEMENT_3D('',#12714,#12715,#12716);
#12714 = CARTESIAN_POINT('',(83.4,-55.9,-5.E-02));
#12715 = DIRECTION('',(0.,0.,1.));
#12716 = DIRECTION('',(1.,0.,-0.));
#12717 = FACE_BOUND('',#12718,.T.);
#12718 = EDGE_LOOP('',(#12719,#12730,#12738,#12747,#12755,#12764));
#12719 = ORIENTED_EDGE('',*,*,#12720,.T.);
#12720 = EDGE_CURVE('',#12721,#12723,#12725,.T.);
#12721 = VERTEX_POINT('',#12722);
#12722 = CARTESIAN_POINT('',(102.860406,-55.5325,-5.E-02));
#12723 = VERTEX_POINT('',#12724);
#12724 = CARTESIAN_POINT('',(102.575067,-55.857512,-5.E-02));
#12725 = CIRCLE('',#12726,0.287584041769);
#12726 = AXIS2_PLACEMENT_3D('',#12727,#12728,#12729);
#12727 = CARTESIAN_POINT('',(102.86020507842,-55.82008397158,-5.E-02));
#12728 = DIRECTION('',(0.,0.,1.));
#12729 = DIRECTION('',(6.986534164398E-04,0.999999755942,-0.));
#12730 = ORIENTED_EDGE('',*,*,#12731,.T.);
#12731 = EDGE_CURVE('',#12723,#12732,#12734,.T.);
#12732 = VERTEX_POINT('',#12733);
#12733 = CARTESIAN_POINT('',(102.594484,-55.92998,-5.E-02));
#12734 = LINE('',#12735,#12736);
#12735 = CARTESIAN_POINT('',(102.575067,-55.857512,-5.E-02));
#12736 = VECTOR('',#12737,1.);
#12737 = DIRECTION('',(0.258809816504,-0.965928299037,0.));
#12738 = ORIENTED_EDGE('',*,*,#12739,.T.);
#12739 = EDGE_CURVE('',#12732,#12740,#12742,.T.);
#12740 = VERTEX_POINT('',#12741);
#12741 = CARTESIAN_POINT('',(102.860406,-56.1075,-5.E-02));
#12742 = CIRCLE('',#12743,0.287686427939);
#12743 = AXIS2_PLACEMENT_3D('',#12744,#12745,#12746);
#12744 = CARTESIAN_POINT('',(102.8602411248,-55.8198136193,-5.E-02));
#12745 = DIRECTION('',(0.,0.,1.));
#12746 = DIRECTION('',(-0.92377359165,-0.382939096163,0.));
#12747 = ORIENTED_EDGE('',*,*,#12748,.T.);
#12748 = EDGE_CURVE('',#12740,#12749,#12751,.T.);
#12749 = VERTEX_POINT('',#12750);
#12750 = CARTESIAN_POINT('',(103.959594,-56.1075,-5.E-02));
#12751 = LINE('',#12752,#12753);
#12752 = CARTESIAN_POINT('',(102.860406,-56.1075,-5.E-02));
#12753 = VECTOR('',#12754,1.);
#12754 = DIRECTION('',(1.,0.,0.));
#12755 = ORIENTED_EDGE('',*,*,#12756,.T.);
#12756 = EDGE_CURVE('',#12749,#12757,#12759,.T.);
#12757 = VERTEX_POINT('',#12758);
#12758 = CARTESIAN_POINT('',(103.959594,-55.5325,-5.E-02));
#12759 = CIRCLE('',#12760,0.287500089704);
#12760 = AXIS2_PLACEMENT_3D('',#12761,#12762,#12763);
#12761 = CARTESIAN_POINT('',(103.9598211123,-55.82,-5.E-02));
#12762 = DIRECTION('',(0.,0.,1.));
#12763 = DIRECTION('',(-7.899555975862E-04,-0.999999687985,0.));
#12764 = ORIENTED_EDGE('',*,*,#12765,.T.);
#12765 = EDGE_CURVE('',#12757,#12721,#12766,.T.);
#12766 = LINE('',#12767,#12768);
#12767 = CARTESIAN_POINT('',(103.959594,-55.5325,-5.E-02));
#12768 = VECTOR('',#12769,1.);
#12769 = DIRECTION('',(-1.,0.,0.));
#12770 = FACE_BOUND('',#12771,.T.);
#12771 = EDGE_LOOP('',(#12772,#12783,#12791,#12800,#12808,#12817));
#12772 = ORIENTED_EDGE('',*,*,#12773,.T.);
#12773 = EDGE_CURVE('',#12774,#12776,#12778,.T.);
#12774 = VERTEX_POINT('',#12775);
#12775 = CARTESIAN_POINT('',(107.210406,-55.5325,-5.E-02));
#12776 = VERTEX_POINT('',#12777);
#12777 = CARTESIAN_POINT('',(106.925067,-55.857512,-5.E-02));
#12778 = CIRCLE('',#12779,0.287584041769);
#12779 = AXIS2_PLACEMENT_3D('',#12780,#12781,#12782);
#12780 = CARTESIAN_POINT('',(107.21020507842,-55.82008397158,-5.E-02));
#12781 = DIRECTION('',(0.,0.,1.));
#12782 = DIRECTION('',(6.986534164892E-04,0.999999755942,-0.));
#12783 = ORIENTED_EDGE('',*,*,#12784,.T.);
#12784 = EDGE_CURVE('',#12776,#12785,#12787,.T.);
#12785 = VERTEX_POINT('',#12786);
#12786 = CARTESIAN_POINT('',(106.944484,-55.92998,-5.E-02));
#12787 = LINE('',#12788,#12789);
#12788 = CARTESIAN_POINT('',(106.925067,-55.857512,-5.E-02));
#12789 = VECTOR('',#12790,1.);
#12790 = DIRECTION('',(0.258809816504,-0.965928299037,0.));
#12791 = ORIENTED_EDGE('',*,*,#12792,.T.);
#12792 = EDGE_CURVE('',#12785,#12793,#12795,.T.);
#12793 = VERTEX_POINT('',#12794);
#12794 = CARTESIAN_POINT('',(107.210406,-56.1075,-5.E-02));
#12795 = CIRCLE('',#12796,0.287686427939);
#12796 = AXIS2_PLACEMENT_3D('',#12797,#12798,#12799);
#12797 = CARTESIAN_POINT('',(107.2102411248,-55.8198136193,-5.E-02));
#12798 = DIRECTION('',(0.,0.,1.));
#12799 = DIRECTION('',(-0.92377359165,-0.382939096163,0.));
#12800 = ORIENTED_EDGE('',*,*,#12801,.T.);
#12801 = EDGE_CURVE('',#12793,#12802,#12804,.T.);
#12802 = VERTEX_POINT('',#12803);
#12803 = CARTESIAN_POINT('',(108.009594,-56.1075,-5.E-02));
#12804 = LINE('',#12805,#12806);
#12805 = CARTESIAN_POINT('',(107.210406,-56.1075,-5.E-02));
#12806 = VECTOR('',#12807,1.);
#12807 = DIRECTION('',(1.,0.,0.));
#12808 = ORIENTED_EDGE('',*,*,#12809,.T.);
#12809 = EDGE_CURVE('',#12802,#12810,#12812,.T.);
#12810 = VERTEX_POINT('',#12811);
#12811 = CARTESIAN_POINT('',(108.009594,-55.5325,-5.E-02));
#12812 = CIRCLE('',#12813,0.287500089704);
#12813 = AXIS2_PLACEMENT_3D('',#12814,#12815,#12816);
#12814 = CARTESIAN_POINT('',(108.0098211123,-55.82,-5.E-02));
#12815 = DIRECTION('',(0.,0.,1.));
#12816 = DIRECTION('',(-7.899555975862E-04,-0.999999687985,0.));
#12817 = ORIENTED_EDGE('',*,*,#12818,.T.);
#12818 = EDGE_CURVE('',#12810,#12774,#12819,.T.);
#12819 = LINE('',#12820,#12821);
#12820 = CARTESIAN_POINT('',(108.009594,-55.5325,-5.E-02));
#12821 = VECTOR('',#12822,1.);
#12822 = DIRECTION('',(-1.,0.,0.));
#12823 = FACE_BOUND('',#12824,.T.);
#12824 = EDGE_LOOP('',(#12825));
#12825 = ORIENTED_EDGE('',*,*,#12826,.T.);
#12826 = EDGE_CURVE('',#12827,#12827,#12829,.T.);
#12827 = VERTEX_POINT('',#12828);
#12828 = CARTESIAN_POINT('',(104.242392,-54.39,-5.E-02));
#12829 = CIRCLE('',#12830,0.312392);
#12830 = AXIS2_PLACEMENT_3D('',#12831,#12832,#12833);
#12831 = CARTESIAN_POINT('',(103.93,-54.39,-5.E-02));
#12832 = DIRECTION('',(0.,0.,1.));
#12833 = DIRECTION('',(1.,0.,-0.));
#12834 = FACE_BOUND('',#12835,.T.);
#12835 = EDGE_LOOP('',(#12836));
#12836 = ORIENTED_EDGE('',*,*,#12837,.T.);
#12837 = EDGE_CURVE('',#12838,#12838,#12840,.T.);
#12838 = VERTEX_POINT('',#12839);
#12839 = CARTESIAN_POINT('',(83.787392,-53.9,-5.E-02));
#12840 = CIRCLE('',#12841,0.387392);
#12841 = AXIS2_PLACEMENT_3D('',#12842,#12843,#12844);
#12842 = CARTESIAN_POINT('',(83.4,-53.9,-5.E-02));
#12843 = DIRECTION('',(0.,0.,1.));
#12844 = DIRECTION('',(1.,0.,-0.));
#12845 = FACE_BOUND('',#12846,.T.);
#12846 = EDGE_LOOP('',(#12847));
#12847 = ORIENTED_EDGE('',*,*,#12848,.T.);
#12848 = EDGE_CURVE('',#12849,#12849,#12851,.T.);
#12849 = VERTEX_POINT('',#12850);
#12850 = CARTESIAN_POINT('',(83.687392,-50.7,-5.E-02));
#12851 = CIRCLE('',#12852,0.387392);
#12852 = AXIS2_PLACEMENT_3D('',#12853,#12854,#12855);
#12853 = CARTESIAN_POINT('',(83.3,-50.7,-5.E-02));
#12854 = DIRECTION('',(0.,0.,1.));
#12855 = DIRECTION('',(1.,0.,-0.));
#12856 = FACE_BOUND('',#12857,.T.);
#12857 = EDGE_LOOP('',(#12858));
#12858 = ORIENTED_EDGE('',*,*,#12859,.T.);
#12859 = EDGE_CURVE('',#12860,#12860,#12862,.T.);
#12860 = VERTEX_POINT('',#12861);
#12861 = CARTESIAN_POINT('',(83.687392,-48.7,-5.E-02));
#12862 = CIRCLE('',#12863,0.387392);
#12863 = AXIS2_PLACEMENT_3D('',#12864,#12865,#12866);
#12864 = CARTESIAN_POINT('',(83.3,-48.7,-5.E-02));
#12865 = DIRECTION('',(0.,0.,1.));
#12866 = DIRECTION('',(1.,0.,-0.));
#12867 = FACE_BOUND('',#12868,.T.);
#12868 = EDGE_LOOP('',(#12869));
#12869 = ORIENTED_EDGE('',*,*,#12870,.T.);
#12870 = EDGE_CURVE('',#12871,#12871,#12873,.T.);
#12871 = VERTEX_POINT('',#12872);
#12872 = CARTESIAN_POINT('',(104.242392,-48.61,-5.E-02));
#12873 = CIRCLE('',#12874,0.312392);
#12874 = AXIS2_PLACEMENT_3D('',#12875,#12876,#12877);
#12875 = CARTESIAN_POINT('',(103.93,-48.61,-5.E-02));
#12876 = DIRECTION('',(0.,0.,1.));
#12877 = DIRECTION('',(1.,0.,-0.));
#12878 = FACE_BOUND('',#12879,.T.);
#12879 = EDGE_LOOP('',(#12880,#12891,#12899,#12908,#12916,#12925));
#12880 = ORIENTED_EDGE('',*,*,#12881,.T.);
#12881 = EDGE_CURVE('',#12882,#12884,#12886,.T.);
#12882 = VERTEX_POINT('',#12883);
#12883 = CARTESIAN_POINT('',(102.860406,-46.8925,-5.E-02));
#12884 = VERTEX_POINT('',#12885);
#12885 = CARTESIAN_POINT('',(102.575067,-47.217512,-5.E-02));
#12886 = CIRCLE('',#12887,0.287584041769);
#12887 = AXIS2_PLACEMENT_3D('',#12888,#12889,#12890);
#12888 = CARTESIAN_POINT('',(102.86020507842,-47.18008397158,-5.E-02));
#12889 = DIRECTION('',(0.,0.,1.));
#12890 = DIRECTION('',(6.986534164398E-04,0.999999755942,-0.));
#12891 = ORIENTED_EDGE('',*,*,#12892,.T.);
#12892 = EDGE_CURVE('',#12884,#12893,#12895,.T.);
#12893 = VERTEX_POINT('',#12894);
#12894 = CARTESIAN_POINT('',(102.594484,-47.28998,-5.E-02));
#12895 = LINE('',#12896,#12897);
#12896 = CARTESIAN_POINT('',(102.575067,-47.217512,-5.E-02));
#12897 = VECTOR('',#12898,1.);
#12898 = DIRECTION('',(0.258809816504,-0.965928299037,0.));
#12899 = ORIENTED_EDGE('',*,*,#12900,.T.);
#12900 = EDGE_CURVE('',#12893,#12901,#12903,.T.);
#12901 = VERTEX_POINT('',#12902);
#12902 = CARTESIAN_POINT('',(102.860406,-47.4675,-5.E-02));
#12903 = CIRCLE('',#12904,0.287686427939);
#12904 = AXIS2_PLACEMENT_3D('',#12905,#12906,#12907);
#12905 = CARTESIAN_POINT('',(102.8602411248,-47.1798136193,-5.E-02));
#12906 = DIRECTION('',(0.,0.,1.));
#12907 = DIRECTION('',(-0.92377359165,-0.382939096163,0.));
#12908 = ORIENTED_EDGE('',*,*,#12909,.T.);
#12909 = EDGE_CURVE('',#12901,#12910,#12912,.T.);
#12910 = VERTEX_POINT('',#12911);
#12911 = CARTESIAN_POINT('',(103.959594,-47.4675,-5.E-02));
#12912 = LINE('',#12913,#12914);
#12913 = CARTESIAN_POINT('',(102.860406,-47.4675,-5.E-02));
#12914 = VECTOR('',#12915,1.);
#12915 = DIRECTION('',(1.,0.,0.));
#12916 = ORIENTED_EDGE('',*,*,#12917,.T.);
#12917 = EDGE_CURVE('',#12910,#12918,#12920,.T.);
#12918 = VERTEX_POINT('',#12919);
#12919 = CARTESIAN_POINT('',(103.959594,-46.8925,-5.E-02));
#12920 = CIRCLE('',#12921,0.287500089704);
#12921 = AXIS2_PLACEMENT_3D('',#12922,#12923,#12924);
#12922 = CARTESIAN_POINT('',(103.9598211123,-47.18,-5.E-02));
#12923 = DIRECTION('',(0.,0.,1.));
#12924 = DIRECTION('',(-7.899555975862E-04,-0.999999687985,0.));
#12925 = ORIENTED_EDGE('',*,*,#12926,.T.);
#12926 = EDGE_CURVE('',#12918,#12882,#12927,.T.);
#12927 = LINE('',#12928,#12929);
#12928 = CARTESIAN_POINT('',(103.959594,-46.8925,-5.E-02));
#12929 = VECTOR('',#12930,1.);
#12930 = DIRECTION('',(-1.,0.,0.));
#12931 = FACE_BOUND('',#12932,.T.);
#12932 = EDGE_LOOP('',(#12933,#12944,#12952,#12961,#12969,#12978));
#12933 = ORIENTED_EDGE('',*,*,#12934,.T.);
#12934 = EDGE_CURVE('',#12935,#12937,#12939,.T.);
#12935 = VERTEX_POINT('',#12936);
#12936 = CARTESIAN_POINT('',(107.210406,-46.8925,-5.E-02));
#12937 = VERTEX_POINT('',#12938);
#12938 = CARTESIAN_POINT('',(106.925067,-47.217512,-5.E-02));
#12939 = CIRCLE('',#12940,0.287584041769);
#12940 = AXIS2_PLACEMENT_3D('',#12941,#12942,#12943);
#12941 = CARTESIAN_POINT('',(107.21020507842,-47.18008397158,-5.E-02));
#12942 = DIRECTION('',(0.,0.,1.));
#12943 = DIRECTION('',(6.986534164892E-04,0.999999755942,-0.));
#12944 = ORIENTED_EDGE('',*,*,#12945,.T.);
#12945 = EDGE_CURVE('',#12937,#12946,#12948,.T.);
#12946 = VERTEX_POINT('',#12947);
#12947 = CARTESIAN_POINT('',(106.944484,-47.28998,-5.E-02));
#12948 = LINE('',#12949,#12950);
#12949 = CARTESIAN_POINT('',(106.925067,-47.217512,-5.E-02));
#12950 = VECTOR('',#12951,1.);
#12951 = DIRECTION('',(0.258809816504,-0.965928299037,0.));
#12952 = ORIENTED_EDGE('',*,*,#12953,.T.);
#12953 = EDGE_CURVE('',#12946,#12954,#12956,.T.);
#12954 = VERTEX_POINT('',#12955);
#12955 = CARTESIAN_POINT('',(107.210406,-47.4675,-5.E-02));
#12956 = CIRCLE('',#12957,0.287686427939);
#12957 = AXIS2_PLACEMENT_3D('',#12958,#12959,#12960);
#12958 = CARTESIAN_POINT('',(107.2102411248,-47.1798136193,-5.E-02));
#12959 = DIRECTION('',(0.,0.,1.));
#12960 = DIRECTION('',(-0.92377359165,-0.382939096163,0.));
#12961 = ORIENTED_EDGE('',*,*,#12962,.T.);
#12962 = EDGE_CURVE('',#12954,#12963,#12965,.T.);
#12963 = VERTEX_POINT('',#12964);
#12964 = CARTESIAN_POINT('',(108.009594,-47.4675,-5.E-02));
#12965 = LINE('',#12966,#12967);
#12966 = CARTESIAN_POINT('',(107.210406,-47.4675,-5.E-02));
#12967 = VECTOR('',#12968,1.);
#12968 = DIRECTION('',(1.,0.,0.));
#12969 = ORIENTED_EDGE('',*,*,#12970,.T.);
#12970 = EDGE_CURVE('',#12963,#12971,#12973,.T.);
#12971 = VERTEX_POINT('',#12972);
#12972 = CARTESIAN_POINT('',(108.009594,-46.8925,-5.E-02));
#12973 = CIRCLE('',#12974,0.287500089704);
#12974 = AXIS2_PLACEMENT_3D('',#12975,#12976,#12977);
#12975 = CARTESIAN_POINT('',(108.0098211123,-47.18,-5.E-02));
#12976 = DIRECTION('',(0.,0.,1.));
#12977 = DIRECTION('',(-7.899555975862E-04,-0.999999687985,0.));
#12978 = ORIENTED_EDGE('',*,*,#12979,.T.);
#12979 = EDGE_CURVE('',#12971,#12935,#12980,.T.);
#12980 = LINE('',#12981,#12982);
#12981 = CARTESIAN_POINT('',(108.009594,-46.8925,-5.E-02));
#12982 = VECTOR('',#12983,1.);
#12983 = DIRECTION('',(-1.,0.,0.));
#12984 = FACE_BOUND('',#12985,.T.);
#12985 = EDGE_LOOP('',(#12986));
#12986 = ORIENTED_EDGE('',*,*,#12987,.T.);
#12987 = EDGE_CURVE('',#12988,#12988,#12990,.T.);
#12988 = VERTEX_POINT('',#12989);
#12989 = CARTESIAN_POINT('',(107.387392,-43.2,-5.E-02));
#12990 = CIRCLE('',#12991,0.387392);
#12991 = AXIS2_PLACEMENT_3D('',#12992,#12993,#12994);
#12992 = CARTESIAN_POINT('',(107.,-43.2,-5.E-02));
#12993 = DIRECTION('',(0.,0.,1.));
#12994 = DIRECTION('',(1.,0.,-0.));
#12995 = FACE_BOUND('',#12996,.T.);
#12996 = EDGE_LOOP('',(#12997));
#12997 = ORIENTED_EDGE('',*,*,#12998,.T.);
#12998 = EDGE_CURVE('',#12999,#12999,#13001,.T.);
#12999 = VERTEX_POINT('',#13000);
#13000 = CARTESIAN_POINT('',(107.387392,-41.2,-5.E-02));
#13001 = CIRCLE('',#13002,0.387392);
#13002 = AXIS2_PLACEMENT_3D('',#13003,#13004,#13005);
#13003 = CARTESIAN_POINT('',(107.,-41.2,-5.E-02));
#13004 = DIRECTION('',(0.,0.,1.));
#13005 = DIRECTION('',(1.,0.,-0.));
#13006 = FACE_BOUND('',#13007,.T.);
#13007 = EDGE_LOOP('',(#13008));
#13008 = ORIENTED_EDGE('',*,*,#13009,.T.);
#13009 = EDGE_CURVE('',#13010,#13010,#13012,.T.);
#13010 = VERTEX_POINT('',#13011);
#13011 = CARTESIAN_POINT('',(88.087392,-28.6,-5.E-02));
#13012 = CIRCLE('',#13013,0.387392);
#13013 = AXIS2_PLACEMENT_3D('',#13014,#13015,#13016);
#13014 = CARTESIAN_POINT('',(87.7,-28.6,-5.E-02));
#13015 = DIRECTION('',(0.,0.,1.));
#13016 = DIRECTION('',(1.,0.,-0.));
#13017 = FACE_BOUND('',#13018,.T.);
#13018 = EDGE_LOOP('',(#13019));
#13019 = ORIENTED_EDGE('',*,*,#13020,.T.);
#13020 = EDGE_CURVE('',#13021,#13021,#13023,.T.);
#13021 = VERTEX_POINT('',#13022);
#13022 = CARTESIAN_POINT('',(90.087392,-28.6,-5.E-02));
#13023 = CIRCLE('',#13024,0.387392);
#13024 = AXIS2_PLACEMENT_3D('',#13025,#13026,#13027);
#13025 = CARTESIAN_POINT('',(89.7,-28.6,-5.E-02));
#13026 = DIRECTION('',(0.,0.,1.));
#13027 = DIRECTION('',(1.,0.,-0.));
#13028 = FACE_BOUND('',#13029,.T.);
#13029 = EDGE_LOOP('',(#13030));
#13030 = ORIENTED_EDGE('',*,*,#13031,.T.);
#13031 = EDGE_CURVE('',#13032,#13032,#13034,.T.);
#13032 = VERTEX_POINT('',#13033);
#13033 = CARTESIAN_POINT('',(92.087392,-28.6,-5.E-02));
#13034 = CIRCLE('',#13035,0.387392);
#13035 = AXIS2_PLACEMENT_3D('',#13036,#13037,#13038);
#13036 = CARTESIAN_POINT('',(91.7,-28.6,-5.E-02));
#13037 = DIRECTION('',(0.,0.,1.));
#13038 = DIRECTION('',(1.,0.,-0.));
#13039 = FACE_BOUND('',#13040,.T.);
#13040 = EDGE_LOOP('',(#13041));
#13041 = ORIENTED_EDGE('',*,*,#13042,.T.);
#13042 = EDGE_CURVE('',#13043,#13043,#13045,.T.);
#13043 = VERTEX_POINT('',#13044);
#13044 = CARTESIAN_POINT('',(94.087392,-28.6,-5.E-02));
#13045 = CIRCLE('',#13046,0.387392);
#13046 = AXIS2_PLACEMENT_3D('',#13047,#13048,#13049);
#13047 = CARTESIAN_POINT('',(93.7,-28.6,-5.E-02));
#13048 = DIRECTION('',(0.,0.,1.));
#13049 = DIRECTION('',(1.,0.,-0.));
#13050 = FACE_BOUND('',#13051,.T.);
#13051 = EDGE_LOOP('',(#13052));
#13052 = ORIENTED_EDGE('',*,*,#13053,.T.);
#13053 = EDGE_CURVE('',#13054,#13054,#13056,.T.);
#13054 = VERTEX_POINT('',#13055);
#13055 = CARTESIAN_POINT('',(96.087392,-28.6,-5.E-02));
#13056 = CIRCLE('',#13057,0.387392);
#13057 = AXIS2_PLACEMENT_3D('',#13058,#13059,#13060);
#13058 = CARTESIAN_POINT('',(95.7,-28.6,-5.E-02));
#13059 = DIRECTION('',(0.,0.,1.));
#13060 = DIRECTION('',(1.,0.,-0.));
#13061 = FACE_BOUND('',#13062,.T.);
#13062 = EDGE_LOOP('',(#13063));
#13063 = ORIENTED_EDGE('',*,*,#13064,.T.);
#13064 = EDGE_CURVE('',#13065,#13065,#13067,.T.);
#13065 = VERTEX_POINT('',#13066);
#13066 = CARTESIAN_POINT('',(98.087392,-28.6,-5.E-02));
#13067 = CIRCLE('',#13068,0.387392);
#13068 = AXIS2_PLACEMENT_3D('',#13069,#13070,#13071);
#13069 = CARTESIAN_POINT('',(97.7,-28.6,-5.E-02));
#13070 = DIRECTION('',(0.,0.,1.));
#13071 = DIRECTION('',(1.,0.,-0.));
#13072 = FACE_BOUND('',#13073,.T.);
#13073 = EDGE_LOOP('',(#13074));
#13074 = ORIENTED_EDGE('',*,*,#13075,.T.);
#13075 = EDGE_CURVE('',#13076,#13076,#13078,.T.);
#13076 = VERTEX_POINT('',#13077);
#13077 = CARTESIAN_POINT('',(100.087392,-28.6,-5.E-02));
#13078 = CIRCLE('',#13079,0.387392);
#13079 = AXIS2_PLACEMENT_3D('',#13080,#13081,#13082);
#13080 = CARTESIAN_POINT('',(99.7,-28.6,-5.E-02));
#13081 = DIRECTION('',(0.,0.,1.));
#13082 = DIRECTION('',(1.,0.,-0.));
#13083 = FACE_BOUND('',#13084,.T.);
#13084 = EDGE_LOOP('',(#13085));
#13085 = ORIENTED_EDGE('',*,*,#13086,.T.);
#13086 = EDGE_CURVE('',#13087,#13087,#13089,.T.);
#13087 = VERTEX_POINT('',#13088);
#13088 = CARTESIAN_POINT('',(102.087392,-28.6,-5.E-02));
#13089 = CIRCLE('',#13090,0.387392);
#13090 = AXIS2_PLACEMENT_3D('',#13091,#13092,#13093);
#13091 = CARTESIAN_POINT('',(101.7,-28.6,-5.E-02));
#13092 = DIRECTION('',(0.,0.,1.));
#13093 = DIRECTION('',(1.,0.,-0.));
#13094 = FACE_BOUND('',#13095,.T.);
#13095 = EDGE_LOOP('',(#13096));
#13096 = ORIENTED_EDGE('',*,*,#13097,.T.);
#13097 = EDGE_CURVE('',#13098,#13098,#13100,.T.);
#13098 = VERTEX_POINT('',#13099);
#13099 = CARTESIAN_POINT('',(91.087392,-24.9,-5.E-02));
#13100 = CIRCLE('',#13101,0.387392);
#13101 = AXIS2_PLACEMENT_3D('',#13102,#13103,#13104);
#13102 = CARTESIAN_POINT('',(90.7,-24.9,-5.E-02));
#13103 = DIRECTION('',(0.,0.,1.));
#13104 = DIRECTION('',(1.,0.,-0.));
#13105 = FACE_BOUND('',#13106,.T.);
#13106 = EDGE_LOOP('',(#13107));
#13107 = ORIENTED_EDGE('',*,*,#13108,.T.);
#13108 = EDGE_CURVE('',#13109,#13109,#13111,.T.);
#13109 = VERTEX_POINT('',#13110);
#13110 = CARTESIAN_POINT('',(93.087392,-24.9,-5.E-02));
#13111 = CIRCLE('',#13112,0.387392);
#13112 = AXIS2_PLACEMENT_3D('',#13113,#13114,#13115);
#13113 = CARTESIAN_POINT('',(92.7,-24.9,-5.E-02));
#13114 = DIRECTION('',(0.,0.,1.));
#13115 = DIRECTION('',(1.,0.,-0.));
#13116 = FACE_BOUND('',#13117,.T.);
#13117 = EDGE_LOOP('',(#13118));
#13118 = ORIENTED_EDGE('',*,*,#13119,.T.);
#13119 = EDGE_CURVE('',#13120,#13120,#13122,.T.);
#13120 = VERTEX_POINT('',#13121);
#13121 = CARTESIAN_POINT('',(95.087392,-24.9,-5.E-02));
#13122 = CIRCLE('',#13123,0.387392);
#13123 = AXIS2_PLACEMENT_3D('',#13124,#13125,#13126);
#13124 = CARTESIAN_POINT('',(94.7,-24.9,-5.E-02));
#13125 = DIRECTION('',(0.,0.,1.));
#13126 = DIRECTION('',(1.,0.,-0.));
#13127 = FACE_BOUND('',#13128,.T.);
#13128 = EDGE_LOOP('',(#13129));
#13129 = ORIENTED_EDGE('',*,*,#13130,.T.);
#13130 = EDGE_CURVE('',#13131,#13131,#13133,.T.);
#13131 = VERTEX_POINT('',#13132);
#13132 = CARTESIAN_POINT('',(97.087392,-24.9,-5.E-02));
#13133 = CIRCLE('',#13134,0.387392);
#13134 = AXIS2_PLACEMENT_3D('',#13135,#13136,#13137);
#13135 = CARTESIAN_POINT('',(96.7,-24.9,-5.E-02));
#13136 = DIRECTION('',(0.,0.,1.));
#13137 = DIRECTION('',(1.,0.,-0.));
#13138 = FACE_BOUND('',#13139,.T.);
#13139 = EDGE_LOOP('',(#13140));
#13140 = ORIENTED_EDGE('',*,*,#13141,.T.);
#13141 = EDGE_CURVE('',#13142,#13142,#13144,.T.);
#13142 = VERTEX_POINT('',#13143);
#13143 = CARTESIAN_POINT('',(99.087392,-24.9,-5.E-02));
#13144 = CIRCLE('',#13145,0.387392);
#13145 = AXIS2_PLACEMENT_3D('',#13146,#13147,#13148);
#13146 = CARTESIAN_POINT('',(98.7,-24.9,-5.E-02));
#13147 = DIRECTION('',(0.,0.,1.));
#13148 = DIRECTION('',(1.,0.,-0.));
#13149 = PLANE('',#13150);
#13150 = AXIS2_PLACEMENT_3D('',#13151,#13152,#13153);
#13151 = CARTESIAN_POINT('',(0.,0.,-5.E-02));
#13152 = DIRECTION('',(-0.,-0.,-1.));
#13153 = DIRECTION('',(-1.,0.,0.));
#13154 = ( GEOMETRIC_REPRESENTATION_CONTEXT(3) 
GLOBAL_UNCERTAINTY_ASSIGNED_CONTEXT((#13158)) 
GLOBAL_UNIT_ASSIGNED_CONTEXT((#13155,#13156,#13157)) 
REPRESENTATION_CONTEXT('Context #1',
  '3D Context with UNIT and UNCERTAINTY') );
#13155 = ( LENGTH_UNIT() NAMED_UNIT(*) SI_UNIT(.MILLI.,.METRE.) );
#13156 = ( NAMED_UNIT(*) PLANE_ANGLE_UNIT() SI_UNIT($,.RADIAN.) );
#13157 = ( NAMED_UNIT(*) SI_UNIT($,.STERADIAN.) SOLID_ANGLE_UNIT() );
#13158 = UNCERTAINTY_MEASURE_WITH_UNIT(LENGTH_MEASURE(1.E-07),#13155,
  'distance_accuracy_value','confusion accuracy');
#13159 = CONTEXT_DEPENDENT_SHAPE_REPRESENTATION(#13160,#13162);
#13160 = ( REPRESENTATION_RELATIONSHIP('','',#12536,#10) 
REPRESENTATION_RELATIONSHIP_WITH_TRANSFORMATION(#13161) 
SHAPE_REPRESENTATION_RELATIONSHIP() );
#13161 = ITEM_DEFINED_TRANSFORMATION('','',#11,#23);
#13162 = PRODUCT_DEFINITION_SHAPE('Placement','Placement of an item',
  #13163);
#13163 = NEXT_ASSEMBLY_USAGE_OCCURRENCE('3','=>[0:1:1:4]','',#5,#12531,$
  );
#13164 = PRODUCT_RELATED_PRODUCT_CATEGORY('part',$,(#12533));
#13165 = SHAPE_DEFINITION_REPRESENTATION(#13166,#13172);
#13166 = PRODUCT_DEFINITION_SHAPE('','',#13167);
#13167 = PRODUCT_DEFINITION('design','',#13168,#13171);
#13168 = PRODUCT_DEFINITION_FORMATION('','',#13169);
#13169 = PRODUCT('tamagotchi module_PCB','tamagotchi module_PCB','',(
    #13170));
#13170 = PRODUCT_CONTEXT('',#2,'mechanical');
#13171 = PRODUCT_DEFINITION_CONTEXT('part definition',#2,'design');
#13172 = ADVANCED_BREP_SHAPE_REPRESENTATION('',(#11,#13173),#16886);
#13173 = MANIFOLD_SOLID_BREP('',#13174);
#13174 = CLOSED_SHELL('',(#13175,#13215,#13246,#13277,#14285,#15293,
    #15305,#15322,#15339,#15356,#15373,#15390,#15407,#15424,#15441,
    #15458,#15475,#15492,#15509,#15526,#15543,#15560,#15577,#15594,
    #15611,#15628,#15645,#15662,#15679,#15696,#15713,#15730,#15747,
    #15764,#15781,#15798,#15820,#15837,#15854,#15866,#15883,#15900,
    #15922,#15939,#15956,#15968,#15985,#16002,#16024,#16041,#16058,
    #16070,#16092,#16109,#16126,#16138,#16155,#16172,#16189,#16206,
    #16223,#16240,#16257,#16274,#16291,#16308,#16325,#16342,#16359,
    #16376,#16393,#16410,#16427,#16444,#16461,#16478,#16495,#16512,
    #16529,#16546,#16563,#16580,#16597,#16614,#16631,#16648,#16665,
    #16682,#16699,#16716,#16733,#16750,#16767,#16784,#16801,#16818,
    #16835,#16852,#16869));
#13175 = ADVANCED_FACE('',(#13176),#13210,.T.);
#13176 = FACE_BOUND('',#13177,.T.);
#13177 = EDGE_LOOP('',(#13178,#13188,#13196,#13204));
#13178 = ORIENTED_EDGE('',*,*,#13179,.T.);
#13179 = EDGE_CURVE('',#13180,#13182,#13184,.T.);
#13180 = VERTEX_POINT('',#13181);
#13181 = CARTESIAN_POINT('',(108.6,-70.95,0.));
#13182 = VERTEX_POINT('',#13183);
#13183 = CARTESIAN_POINT('',(108.6,-70.95,1.51));
#13184 = LINE('',#13185,#13186);
#13185 = CARTESIAN_POINT('',(108.6,-70.95,0.));
#13186 = VECTOR('',#13187,1.);
#13187 = DIRECTION('',(0.,0.,1.));
#13188 = ORIENTED_EDGE('',*,*,#13189,.T.);
#13189 = EDGE_CURVE('',#13182,#13190,#13192,.T.);
#13190 = VERTEX_POINT('',#13191);
#13191 = CARTESIAN_POINT('',(81.8,-70.95,1.51));
#13192 = LINE('',#13193,#13194);
#13193 = CARTESIAN_POINT('',(108.6,-70.95,1.51));
#13194 = VECTOR('',#13195,1.);
#13195 = DIRECTION('',(-1.,0.,0.));
#13196 = ORIENTED_EDGE('',*,*,#13197,.F.);
#13197 = EDGE_CURVE('',#13198,#13190,#13200,.T.);
#13198 = VERTEX_POINT('',#13199);
#13199 = CARTESIAN_POINT('',(81.8,-70.95,0.));
#13200 = LINE('',#13201,#13202);
#13201 = CARTESIAN_POINT('',(81.8,-70.95,0.));
#13202 = VECTOR('',#13203,1.);
#13203 = DIRECTION('',(0.,0.,1.));
#13204 = ORIENTED_EDGE('',*,*,#13205,.F.);
#13205 = EDGE_CURVE('',#13180,#13198,#13206,.T.);
#13206 = LINE('',#13207,#13208);
#13207 = CARTESIAN_POINT('',(108.6,-70.95,0.));
#13208 = VECTOR('',#13209,1.);
#13209 = DIRECTION('',(-1.,0.,0.));
#13210 = PLANE('',#13211);
#13211 = AXIS2_PLACEMENT_3D('',#13212,#13213,#13214);
#13212 = CARTESIAN_POINT('',(108.6,-70.95,0.));
#13213 = DIRECTION('',(0.,-1.,0.));
#13214 = DIRECTION('',(-1.,0.,0.));
#13215 = ADVANCED_FACE('',(#13216),#13241,.T.);
#13216 = FACE_BOUND('',#13217,.T.);
#13217 = EDGE_LOOP('',(#13218,#13228,#13234,#13235));
#13218 = ORIENTED_EDGE('',*,*,#13219,.T.);
#13219 = EDGE_CURVE('',#13220,#13222,#13224,.T.);
#13220 = VERTEX_POINT('',#13221);
#13221 = CARTESIAN_POINT('',(108.6,-22.65,0.));
#13222 = VERTEX_POINT('',#13223);
#13223 = CARTESIAN_POINT('',(108.6,-22.65,1.51));
#13224 = LINE('',#13225,#13226);
#13225 = CARTESIAN_POINT('',(108.6,-22.65,0.));
#13226 = VECTOR('',#13227,1.);
#13227 = DIRECTION('',(0.,0.,1.));
#13228 = ORIENTED_EDGE('',*,*,#13229,.T.);
#13229 = EDGE_CURVE('',#13222,#13182,#13230,.T.);
#13230 = LINE('',#13231,#13232);
#13231 = CARTESIAN_POINT('',(108.6,-22.65,1.51));
#13232 = VECTOR('',#13233,1.);
#13233 = DIRECTION('',(0.,-1.,0.));
#13234 = ORIENTED_EDGE('',*,*,#13179,.F.);
#13235 = ORIENTED_EDGE('',*,*,#13236,.F.);
#13236 = EDGE_CURVE('',#13220,#13180,#13237,.T.);
#13237 = LINE('',#13238,#13239);
#13238 = CARTESIAN_POINT('',(108.6,-22.65,0.));
#13239 = VECTOR('',#13240,1.);
#13240 = DIRECTION('',(0.,-1.,0.));
#13241 = PLANE('',#13242);
#13242 = AXIS2_PLACEMENT_3D('',#13243,#13244,#13245);
#13243 = CARTESIAN_POINT('',(108.6,-22.65,0.));
#13244 = DIRECTION('',(1.,0.,-0.));
#13245 = DIRECTION('',(0.,-1.,0.));
#13246 = ADVANCED_FACE('',(#13247),#13272,.T.);
#13247 = FACE_BOUND('',#13248,.T.);
#13248 = EDGE_LOOP('',(#13249,#13250,#13258,#13266));
#13249 = ORIENTED_EDGE('',*,*,#13197,.T.);
#13250 = ORIENTED_EDGE('',*,*,#13251,.T.);
#13251 = EDGE_CURVE('',#13190,#13252,#13254,.T.);
#13252 = VERTEX_POINT('',#13253);
#13253 = CARTESIAN_POINT('',(81.8,-22.65,1.51));
#13254 = LINE('',#13255,#13256);
#13255 = CARTESIAN_POINT('',(81.8,-70.95,1.51));
#13256 = VECTOR('',#13257,1.);
#13257 = DIRECTION('',(0.,1.,0.));
#13258 = ORIENTED_EDGE('',*,*,#13259,.F.);
#13259 = EDGE_CURVE('',#13260,#13252,#13262,.T.);
#13260 = VERTEX_POINT('',#13261);
#13261 = CARTESIAN_POINT('',(81.8,-22.65,0.));
#13262 = LINE('',#13263,#13264);
#13263 = CARTESIAN_POINT('',(81.8,-22.65,0.));
#13264 = VECTOR('',#13265,1.);
#13265 = DIRECTION('',(0.,0.,1.));
#13266 = ORIENTED_EDGE('',*,*,#13267,.F.);
#13267 = EDGE_CURVE('',#13198,#13260,#13268,.T.);
#13268 = LINE('',#13269,#13270);
#13269 = CARTESIAN_POINT('',(81.8,-70.95,0.));
#13270 = VECTOR('',#13271,1.);
#13271 = DIRECTION('',(0.,1.,0.));
#13272 = PLANE('',#13273);
#13273 = AXIS2_PLACEMENT_3D('',#13274,#13275,#13276);
#13274 = CARTESIAN_POINT('',(81.8,-70.95,0.));
#13275 = DIRECTION('',(-1.,0.,0.));
#13276 = DIRECTION('',(0.,1.,0.));
#13277 = ADVANCED_FACE('',(#13278,#13289,#13300,#13311,#13322,#13333,
    #13344,#13355,#13366,#13377,#13388,#13399,#13410,#13421,#13432,
    #13443,#13454,#13465,#13476,#13487,#13498,#13509,#13520,#13531,
    #13542,#13553,#13564,#13575,#13586,#13597,#13608,#13644,#13655,
    #13666,#13702,#13713,#13724,#13760,#13796,#13807,#13818,#13829,
    #13840,#13851,#13862,#13873,#13884,#13895,#13906,#13917,#13928,
    #13939,#13950,#13961,#13972,#13983,#13994,#14005,#14016,#14027,
    #14038,#14049,#14060,#14071,#14082,#14093,#14104,#14115,#14126,
    #14137,#14148,#14159,#14170,#14181,#14192,#14203,#14214,#14225,
    #14236,#14247,#14258,#14269),#14280,.F.);
#13278 = FACE_BOUND('',#13279,.F.);
#13279 = EDGE_LOOP('',(#13280,#13281,#13282,#13288));
#13280 = ORIENTED_EDGE('',*,*,#13205,.F.);
#13281 = ORIENTED_EDGE('',*,*,#13236,.F.);
#13282 = ORIENTED_EDGE('',*,*,#13283,.F.);
#13283 = EDGE_CURVE('',#13260,#13220,#13284,.T.);
#13284 = LINE('',#13285,#13286);
#13285 = CARTESIAN_POINT('',(81.8,-22.65,0.));
#13286 = VECTOR('',#13287,1.);
#13287 = DIRECTION('',(1.,0.,0.));
#13288 = ORIENTED_EDGE('',*,*,#13267,.F.);
#13289 = FACE_BOUND('',#13290,.F.);
#13290 = EDGE_LOOP('',(#13291));
#13291 = ORIENTED_EDGE('',*,*,#13292,.T.);
#13292 = EDGE_CURVE('',#13293,#13293,#13295,.T.);
#13293 = VERTEX_POINT('',#13294);
#13294 = CARTESIAN_POINT('',(84.2,-66.55,0.));
#13295 = CIRCLE('',#13296,0.55);
#13296 = AXIS2_PLACEMENT_3D('',#13297,#13298,#13299);
#13297 = CARTESIAN_POINT('',(84.2,-66.,0.));
#13298 = DIRECTION('',(-0.,0.,-1.));
#13299 = DIRECTION('',(-0.,-1.,0.));
#13300 = FACE_BOUND('',#13301,.F.);
#13301 = EDGE_LOOP('',(#13302));
#13302 = ORIENTED_EDGE('',*,*,#13303,.T.);
#13303 = EDGE_CURVE('',#13304,#13304,#13306,.T.);
#13304 = VERTEX_POINT('',#13305);
#13305 = CARTESIAN_POINT('',(88.7,-66.55,0.));
#13306 = CIRCLE('',#13307,0.55);
#13307 = AXIS2_PLACEMENT_3D('',#13308,#13309,#13310);
#13308 = CARTESIAN_POINT('',(88.7,-66.,0.));
#13309 = DIRECTION('',(-0.,0.,-1.));
#13310 = DIRECTION('',(-0.,-1.,0.));
#13311 = FACE_BOUND('',#13312,.F.);
#13312 = EDGE_LOOP('',(#13313));
#13313 = ORIENTED_EDGE('',*,*,#13314,.T.);
#13314 = EDGE_CURVE('',#13315,#13315,#13317,.T.);
#13315 = VERTEX_POINT('',#13316);
#13316 = CARTESIAN_POINT('',(84.2,-60.05,0.));
#13317 = CIRCLE('',#13318,0.55);
#13318 = AXIS2_PLACEMENT_3D('',#13319,#13320,#13321);
#13319 = CARTESIAN_POINT('',(84.2,-59.5,0.));
#13320 = DIRECTION('',(-0.,0.,-1.));
#13321 = DIRECTION('',(-0.,-1.,0.));
#13322 = FACE_BOUND('',#13323,.F.);
#13323 = EDGE_LOOP('',(#13324));
#13324 = ORIENTED_EDGE('',*,*,#13325,.T.);
#13325 = EDGE_CURVE('',#13326,#13326,#13328,.T.);
#13326 = VERTEX_POINT('',#13327);
#13327 = CARTESIAN_POINT('',(88.7,-60.05,0.));
#13328 = CIRCLE('',#13329,0.55);
#13329 = AXIS2_PLACEMENT_3D('',#13330,#13331,#13332);
#13330 = CARTESIAN_POINT('',(88.7,-59.5,0.));
#13331 = DIRECTION('',(-0.,0.,-1.));
#13332 = DIRECTION('',(-0.,-1.,0.));
#13333 = FACE_BOUND('',#13334,.F.);
#13334 = EDGE_LOOP('',(#13335));
#13335 = ORIENTED_EDGE('',*,*,#13336,.T.);
#13336 = EDGE_CURVE('',#13337,#13337,#13339,.T.);
#13337 = VERTEX_POINT('',#13338);
#13338 = CARTESIAN_POINT('',(93.,-66.55,0.));
#13339 = CIRCLE('',#13340,0.55);
#13340 = AXIS2_PLACEMENT_3D('',#13341,#13342,#13343);
#13341 = CARTESIAN_POINT('',(93.,-66.,0.));
#13342 = DIRECTION('',(-0.,0.,-1.));
#13343 = DIRECTION('',(-0.,-1.,0.));
#13344 = FACE_BOUND('',#13345,.F.);
#13345 = EDGE_LOOP('',(#13346));
#13346 = ORIENTED_EDGE('',*,*,#13347,.T.);
#13347 = EDGE_CURVE('',#13348,#13348,#13350,.T.);
#13348 = VERTEX_POINT('',#13349);
#13349 = CARTESIAN_POINT('',(93.,-60.05,0.));
#13350 = CIRCLE('',#13351,0.55);
#13351 = AXIS2_PLACEMENT_3D('',#13352,#13353,#13354);
#13352 = CARTESIAN_POINT('',(93.,-59.5,0.));
#13353 = DIRECTION('',(-0.,0.,-1.));
#13354 = DIRECTION('',(-0.,-1.,0.));
#13355 = FACE_BOUND('',#13356,.F.);
#13356 = EDGE_LOOP('',(#13357));
#13357 = ORIENTED_EDGE('',*,*,#13358,.T.);
#13358 = EDGE_CURVE('',#13359,#13359,#13361,.T.);
#13359 = VERTEX_POINT('',#13360);
#13360 = CARTESIAN_POINT('',(83.4,-56.3,0.));
#13361 = CIRCLE('',#13362,0.4);
#13362 = AXIS2_PLACEMENT_3D('',#13363,#13364,#13365);
#13363 = CARTESIAN_POINT('',(83.4,-55.9,0.));
#13364 = DIRECTION('',(-0.,0.,-1.));
#13365 = DIRECTION('',(-0.,-1.,0.));
#13366 = FACE_BOUND('',#13367,.F.);
#13367 = EDGE_LOOP('',(#13368));
#13368 = ORIENTED_EDGE('',*,*,#13369,.T.);
#13369 = EDGE_CURVE('',#13370,#13370,#13372,.T.);
#13370 = VERTEX_POINT('',#13371);
#13371 = CARTESIAN_POINT('',(83.4,-54.3,0.));
#13372 = CIRCLE('',#13373,0.4);
#13373 = AXIS2_PLACEMENT_3D('',#13374,#13375,#13376);
#13374 = CARTESIAN_POINT('',(83.4,-53.9,0.));
#13375 = DIRECTION('',(-0.,0.,-1.));
#13376 = DIRECTION('',(-0.,-1.,0.));
#13377 = FACE_BOUND('',#13378,.F.);
#13378 = EDGE_LOOP('',(#13379));
#13379 = ORIENTED_EDGE('',*,*,#13380,.T.);
#13380 = EDGE_CURVE('',#13381,#13381,#13383,.T.);
#13381 = VERTEX_POINT('',#13382);
#13382 = CARTESIAN_POINT('',(83.3,-51.1,0.));
#13383 = CIRCLE('',#13384,0.4);
#13384 = AXIS2_PLACEMENT_3D('',#13385,#13386,#13387);
#13385 = CARTESIAN_POINT('',(83.3,-50.7,0.));
#13386 = DIRECTION('',(-0.,0.,-1.));
#13387 = DIRECTION('',(-3.552713678801E-14,-1.,0.));
#13388 = FACE_BOUND('',#13389,.F.);
#13389 = EDGE_LOOP('',(#13390));
#13390 = ORIENTED_EDGE('',*,*,#13391,.T.);
#13391 = EDGE_CURVE('',#13392,#13392,#13394,.T.);
#13392 = VERTEX_POINT('',#13393);
#13393 = CARTESIAN_POINT('',(83.3,-49.1,0.));
#13394 = CIRCLE('',#13395,0.4);
#13395 = AXIS2_PLACEMENT_3D('',#13396,#13397,#13398);
#13396 = CARTESIAN_POINT('',(83.3,-48.7,0.));
#13397 = DIRECTION('',(-0.,0.,-1.));
#13398 = DIRECTION('',(-3.552713678801E-14,-1.,0.));
#13399 = FACE_BOUND('',#13400,.F.);
#13400 = EDGE_LOOP('',(#13401));
#13401 = ORIENTED_EDGE('',*,*,#13402,.T.);
#13402 = EDGE_CURVE('',#13403,#13403,#13405,.T.);
#13403 = VERTEX_POINT('',#13404);
#13404 = CARTESIAN_POINT('',(84.8,-46.85,0.));
#13405 = CIRCLE('',#13406,0.15);
#13406 = AXIS2_PLACEMENT_3D('',#13407,#13408,#13409);
#13407 = CARTESIAN_POINT('',(84.8,-46.7,0.));
#13408 = DIRECTION('',(-0.,0.,-1.));
#13409 = DIRECTION('',(-9.473903143469E-14,-1.,0.));
#13410 = FACE_BOUND('',#13411,.F.);
#13411 = EDGE_LOOP('',(#13412));
#13412 = ORIENTED_EDGE('',*,*,#13413,.T.);
#13413 = EDGE_CURVE('',#13414,#13414,#13416,.T.);
#13414 = VERTEX_POINT('',#13415);
#13415 = CARTESIAN_POINT('',(87.8,-49.35,0.));
#13416 = CIRCLE('',#13417,0.15);
#13417 = AXIS2_PLACEMENT_3D('',#13418,#13419,#13420);
#13418 = CARTESIAN_POINT('',(87.8,-49.2,0.));
#13419 = DIRECTION('',(-0.,0.,-1.));
#13420 = DIRECTION('',(-9.473903143469E-14,-1.,0.));
#13421 = FACE_BOUND('',#13422,.F.);
#13422 = EDGE_LOOP('',(#13423));
#13423 = ORIENTED_EDGE('',*,*,#13424,.T.);
#13424 = EDGE_CURVE('',#13425,#13425,#13427,.T.);
#13425 = VERTEX_POINT('',#13426);
#13426 = CARTESIAN_POINT('',(89.9,-51.75,0.));
#13427 = CIRCLE('',#13428,0.15);
#13428 = AXIS2_PLACEMENT_3D('',#13429,#13430,#13431);
#13429 = CARTESIAN_POINT('',(89.9,-51.6,0.));
#13430 = DIRECTION('',(-0.,0.,-1.));
#13431 = DIRECTION('',(-0.,-1.,0.));
#13432 = FACE_BOUND('',#13433,.F.);
#13433 = EDGE_LOOP('',(#13434));
#13434 = ORIENTED_EDGE('',*,*,#13435,.T.);
#13435 = EDGE_CURVE('',#13436,#13436,#13438,.T.);
#13436 = VERTEX_POINT('',#13437);
#13437 = CARTESIAN_POINT('',(91.8,-50.75,0.));
#13438 = CIRCLE('',#13439,0.15);
#13439 = AXIS2_PLACEMENT_3D('',#13440,#13441,#13442);
#13440 = CARTESIAN_POINT('',(91.8,-50.6,0.));
#13441 = DIRECTION('',(-0.,0.,-1.));
#13442 = DIRECTION('',(-9.473903143468E-14,-1.,0.));
#13443 = FACE_BOUND('',#13444,.F.);
#13444 = EDGE_LOOP('',(#13445));
#13445 = ORIENTED_EDGE('',*,*,#13446,.T.);
#13446 = EDGE_CURVE('',#13447,#13447,#13449,.T.);
#13447 = VERTEX_POINT('',#13448);
#13448 = CARTESIAN_POINT('',(91.2,-47.55,0.));
#13449 = CIRCLE('',#13450,0.15);
#13450 = AXIS2_PLACEMENT_3D('',#13451,#13452,#13453);
#13451 = CARTESIAN_POINT('',(91.2,-47.4,0.));
#13452 = DIRECTION('',(-0.,0.,-1.));
#13453 = DIRECTION('',(9.473903143467E-14,-1.,-0.));
#13454 = FACE_BOUND('',#13455,.F.);
#13455 = EDGE_LOOP('',(#13456));
#13456 = ORIENTED_EDGE('',*,*,#13457,.T.);
#13457 = EDGE_CURVE('',#13458,#13458,#13460,.T.);
#13458 = VERTEX_POINT('',#13459);
#13459 = CARTESIAN_POINT('',(97.5,-66.55,0.));
#13460 = CIRCLE('',#13461,0.55);
#13461 = AXIS2_PLACEMENT_3D('',#13462,#13463,#13464);
#13462 = CARTESIAN_POINT('',(97.5,-66.,0.));
#13463 = DIRECTION('',(-0.,0.,-1.));
#13464 = DIRECTION('',(-0.,-1.,0.));
#13465 = FACE_BOUND('',#13466,.F.);
#13466 = EDGE_LOOP('',(#13467));
#13467 = ORIENTED_EDGE('',*,*,#13468,.T.);
#13468 = EDGE_CURVE('',#13469,#13469,#13471,.T.);
#13469 = VERTEX_POINT('',#13470);
#13470 = CARTESIAN_POINT('',(101.3,-66.65,0.));
#13471 = CIRCLE('',#13472,0.55);
#13472 = AXIS2_PLACEMENT_3D('',#13473,#13474,#13475);
#13473 = CARTESIAN_POINT('',(101.3,-66.1,0.));
#13474 = DIRECTION('',(-0.,0.,-1.));
#13475 = DIRECTION('',(-0.,-1.,0.));
#13476 = FACE_BOUND('',#13477,.F.);
#13477 = EDGE_LOOP('',(#13478));
#13478 = ORIENTED_EDGE('',*,*,#13479,.T.);
#13479 = EDGE_CURVE('',#13480,#13480,#13482,.T.);
#13480 = VERTEX_POINT('',#13481);
#13481 = CARTESIAN_POINT('',(97.5,-60.05,0.));
#13482 = CIRCLE('',#13483,0.55);
#13483 = AXIS2_PLACEMENT_3D('',#13484,#13485,#13486);
#13484 = CARTESIAN_POINT('',(97.5,-59.5,0.));
#13485 = DIRECTION('',(-0.,0.,-1.));
#13486 = DIRECTION('',(-0.,-1.,0.));
#13487 = FACE_BOUND('',#13488,.F.);
#13488 = EDGE_LOOP('',(#13489));
#13489 = ORIENTED_EDGE('',*,*,#13490,.T.);
#13490 = EDGE_CURVE('',#13491,#13491,#13493,.T.);
#13491 = VERTEX_POINT('',#13492);
#13492 = CARTESIAN_POINT('',(101.3,-60.15,0.));
#13493 = CIRCLE('',#13494,0.55);
#13494 = AXIS2_PLACEMENT_3D('',#13495,#13496,#13497);
#13495 = CARTESIAN_POINT('',(101.3,-59.6,0.));
#13496 = DIRECTION('',(-0.,0.,-1.));
#13497 = DIRECTION('',(-0.,-1.,0.));
#13498 = FACE_BOUND('',#13499,.F.);
#13499 = EDGE_LOOP('',(#13500));
#13500 = ORIENTED_EDGE('',*,*,#13501,.T.);
#13501 = EDGE_CURVE('',#13502,#13502,#13504,.T.);
#13502 = VERTEX_POINT('',#13503);
#13503 = CARTESIAN_POINT('',(105.8,-66.65,0.));
#13504 = CIRCLE('',#13505,0.55);
#13505 = AXIS2_PLACEMENT_3D('',#13506,#13507,#13508);
#13506 = CARTESIAN_POINT('',(105.8,-66.1,0.));
#13507 = DIRECTION('',(-0.,0.,-1.));
#13508 = DIRECTION('',(-0.,-1.,0.));
#13509 = FACE_BOUND('',#13510,.F.);
#13510 = EDGE_LOOP('',(#13511));
#13511 = ORIENTED_EDGE('',*,*,#13512,.T.);
#13512 = EDGE_CURVE('',#13513,#13513,#13515,.T.);
#13513 = VERTEX_POINT('',#13514);
#13514 = CARTESIAN_POINT('',(105.8,-60.15,0.));
#13515 = CIRCLE('',#13516,0.55);
#13516 = AXIS2_PLACEMENT_3D('',#13517,#13518,#13519);
#13517 = CARTESIAN_POINT('',(105.8,-59.6,0.));
#13518 = DIRECTION('',(-0.,0.,-1.));
#13519 = DIRECTION('',(-0.,-1.,0.));
#13520 = FACE_BOUND('',#13521,.F.);
#13521 = EDGE_LOOP('',(#13522));
#13522 = ORIENTED_EDGE('',*,*,#13523,.T.);
#13523 = EDGE_CURVE('',#13524,#13524,#13526,.T.);
#13524 = VERTEX_POINT('',#13525);
#13525 = CARTESIAN_POINT('',(97.3225,-51.45,0.));
#13526 = CIRCLE('',#13527,0.15);
#13527 = AXIS2_PLACEMENT_3D('',#13528,#13529,#13530);
#13528 = CARTESIAN_POINT('',(97.3225,-51.3,0.));
#13529 = DIRECTION('',(-0.,0.,-1.));
#13530 = DIRECTION('',(9.473903143467E-14,-1.,-0.));
#13531 = FACE_BOUND('',#13532,.F.);
#13532 = EDGE_LOOP('',(#13533));
#13533 = ORIENTED_EDGE('',*,*,#13534,.T.);
#13534 = EDGE_CURVE('',#13535,#13535,#13537,.T.);
#13535 = VERTEX_POINT('',#13536);
#13536 = CARTESIAN_POINT('',(98.0225,-52.05,0.));
#13537 = CIRCLE('',#13538,0.15);
#13538 = AXIS2_PLACEMENT_3D('',#13539,#13540,#13541);
#13539 = CARTESIAN_POINT('',(98.0225,-51.9,0.));
#13540 = DIRECTION('',(-0.,0.,-1.));
#13541 = DIRECTION('',(-9.473903143468E-14,-1.,0.));
#13542 = FACE_BOUND('',#13543,.F.);
#13543 = EDGE_LOOP('',(#13544));
#13544 = ORIENTED_EDGE('',*,*,#13545,.T.);
#13545 = EDGE_CURVE('',#13546,#13546,#13548,.T.);
#13546 = VERTEX_POINT('',#13547);
#13547 = CARTESIAN_POINT('',(101.69,-53.512152,0.));
#13548 = CIRCLE('',#13549,0.15);
#13549 = AXIS2_PLACEMENT_3D('',#13550,#13551,#13552);
#13550 = CARTESIAN_POINT('',(101.69,-53.362152,0.));
#13551 = DIRECTION('',(-0.,0.,-1.));
#13552 = DIRECTION('',(-0.,-1.,0.));
#13553 = FACE_BOUND('',#13554,.F.);
#13554 = EDGE_LOOP('',(#13555));
#13555 = ORIENTED_EDGE('',*,*,#13556,.T.);
#13556 = EDGE_CURVE('',#13557,#13557,#13559,.T.);
#13557 = VERTEX_POINT('',#13558);
#13558 = CARTESIAN_POINT('',(101.38998,-52.363469,0.));
#13559 = CIRCLE('',#13560,0.15);
#13560 = AXIS2_PLACEMENT_3D('',#13561,#13562,#13563);
#13561 = CARTESIAN_POINT('',(101.38998,-52.213469,0.));
#13562 = DIRECTION('',(-0.,0.,-1.));
#13563 = DIRECTION('',(-9.473903143469E-14,-1.,0.));
#13564 = FACE_BOUND('',#13565,.F.);
#13565 = EDGE_LOOP('',(#13566));
#13566 = ORIENTED_EDGE('',*,*,#13567,.T.);
#13567 = EDGE_CURVE('',#13568,#13568,#13570,.T.);
#13568 = VERTEX_POINT('',#13569);
#13569 = CARTESIAN_POINT('',(101.623972,-51.5,0.));
#13570 = CIRCLE('',#13571,0.15);
#13571 = AXIS2_PLACEMENT_3D('',#13572,#13573,#13574);
#13572 = CARTESIAN_POINT('',(101.623972,-51.35,0.));
#13573 = DIRECTION('',(-0.,0.,-1.));
#13574 = DIRECTION('',(-9.473903143468E-14,-1.,0.));
#13575 = FACE_BOUND('',#13576,.F.);
#13576 = EDGE_LOOP('',(#13577));
#13577 = ORIENTED_EDGE('',*,*,#13578,.T.);
#13578 = EDGE_CURVE('',#13579,#13579,#13581,.T.);
#13579 = VERTEX_POINT('',#13580);
#13580 = CARTESIAN_POINT('',(97.8225,-50.05,0.));
#13581 = CIRCLE('',#13582,0.15);
#13582 = AXIS2_PLACEMENT_3D('',#13583,#13584,#13585);
#13583 = CARTESIAN_POINT('',(97.8225,-49.9,0.));
#13584 = DIRECTION('',(-0.,0.,-1.));
#13585 = DIRECTION('',(9.473903143467E-14,-1.,-0.));
#13586 = FACE_BOUND('',#13587,.F.);
#13587 = EDGE_LOOP('',(#13588));
#13588 = ORIENTED_EDGE('',*,*,#13589,.T.);
#13589 = EDGE_CURVE('',#13590,#13590,#13592,.T.);
#13590 = VERTEX_POINT('',#13591);
#13591 = CARTESIAN_POINT('',(98.0225,-48.75,0.));
#13592 = CIRCLE('',#13593,0.15);
#13593 = AXIS2_PLACEMENT_3D('',#13594,#13595,#13596);
#13594 = CARTESIAN_POINT('',(98.0225,-48.6,0.));
#13595 = DIRECTION('',(-0.,0.,-1.));
#13596 = DIRECTION('',(-9.473903143468E-14,-1.,0.));
#13597 = FACE_BOUND('',#13598,.F.);
#13598 = EDGE_LOOP('',(#13599));
#13599 = ORIENTED_EDGE('',*,*,#13600,.T.);
#13600 = EDGE_CURVE('',#13601,#13601,#13603,.T.);
#13601 = VERTEX_POINT('',#13602);
#13602 = CARTESIAN_POINT('',(95.724265,-45.774265,0.));
#13603 = CIRCLE('',#13604,0.15);
#13604 = AXIS2_PLACEMENT_3D('',#13605,#13606,#13607);
#13605 = CARTESIAN_POINT('',(95.724265,-45.624265,0.));
#13606 = DIRECTION('',(-0.,0.,-1.));
#13607 = DIRECTION('',(-0.,-1.,0.));
#13608 = FACE_BOUND('',#13609,.F.);
#13609 = EDGE_LOOP('',(#13610,#13621,#13629,#13638));
#13610 = ORIENTED_EDGE('',*,*,#13611,.T.);
#13611 = EDGE_CURVE('',#13612,#13614,#13616,.T.);
#13612 = VERTEX_POINT('',#13613);
#13613 = CARTESIAN_POINT('',(103.96,-55.52,0.));
#13614 = VERTEX_POINT('',#13615);
#13615 = CARTESIAN_POINT('',(103.96,-56.12,0.));
#13616 = CIRCLE('',#13617,0.3);
#13617 = AXIS2_PLACEMENT_3D('',#13618,#13619,#13620);
#13618 = CARTESIAN_POINT('',(103.96,-55.82,0.));
#13619 = DIRECTION('',(-0.,0.,-1.));
#13620 = DIRECTION('',(-4.736951571734E-14,-1.,0.));
#13621 = ORIENTED_EDGE('',*,*,#13622,.T.);
#13622 = EDGE_CURVE('',#13614,#13623,#13625,.T.);
#13623 = VERTEX_POINT('',#13624);
#13624 = CARTESIAN_POINT('',(102.86,-56.12,0.));
#13625 = LINE('',#13626,#13627);
#13626 = CARTESIAN_POINT('',(51.43,-56.12,0.));
#13627 = VECTOR('',#13628,1.);
#13628 = DIRECTION('',(-1.,0.,0.));
#13629 = ORIENTED_EDGE('',*,*,#13630,.T.);
#13630 = EDGE_CURVE('',#13623,#13631,#13633,.T.);
#13631 = VERTEX_POINT('',#13632);
#13632 = CARTESIAN_POINT('',(102.86,-55.52,0.));
#13633 = CIRCLE('',#13634,0.3);
#13634 = AXIS2_PLACEMENT_3D('',#13635,#13636,#13637);
#13635 = CARTESIAN_POINT('',(102.86,-55.82,0.));
#13636 = DIRECTION('',(-0.,0.,-1.));
#13637 = DIRECTION('',(-4.736951571734E-14,1.,0.));
#13638 = ORIENTED_EDGE('',*,*,#13639,.T.);
#13639 = EDGE_CURVE('',#13631,#13612,#13640,.T.);
#13640 = LINE('',#13641,#13642);
#13641 = CARTESIAN_POINT('',(51.98,-55.52,0.));
#13642 = VECTOR('',#13643,1.);
#13643 = DIRECTION('',(1.,0.,-0.));
#13644 = FACE_BOUND('',#13645,.F.);
#13645 = EDGE_LOOP('',(#13646));
#13646 = ORIENTED_EDGE('',*,*,#13647,.T.);
#13647 = EDGE_CURVE('',#13648,#13648,#13650,.T.);
#13648 = VERTEX_POINT('',#13649);
#13649 = CARTESIAN_POINT('',(103.93,-54.715,0.));
#13650 = CIRCLE('',#13651,0.325);
#13651 = AXIS2_PLACEMENT_3D('',#13652,#13653,#13654);
#13652 = CARTESIAN_POINT('',(103.93,-54.39,0.));
#13653 = DIRECTION('',(-0.,0.,-1.));
#13654 = DIRECTION('',(-0.,-1.,0.));
#13655 = FACE_BOUND('',#13656,.F.);
#13656 = EDGE_LOOP('',(#13657));
#13657 = ORIENTED_EDGE('',*,*,#13658,.T.);
#13658 = EDGE_CURVE('',#13659,#13659,#13661,.T.);
#13659 = VERTEX_POINT('',#13660);
#13660 = CARTESIAN_POINT('',(103.964635,-52.428189,0.));
#13661 = CIRCLE('',#13662,0.15);
#13662 = AXIS2_PLACEMENT_3D('',#13663,#13664,#13665);
#13663 = CARTESIAN_POINT('',(103.964635,-52.278189,0.));
#13664 = DIRECTION('',(-0.,0.,-1.));
#13665 = DIRECTION('',(-0.,-1.,0.));
#13666 = FACE_BOUND('',#13667,.F.);
#13667 = EDGE_LOOP('',(#13668,#13679,#13687,#13696));
#13668 = ORIENTED_EDGE('',*,*,#13669,.T.);
#13669 = EDGE_CURVE('',#13670,#13672,#13674,.T.);
#13670 = VERTEX_POINT('',#13671);
#13671 = CARTESIAN_POINT('',(108.01,-55.52,0.));
#13672 = VERTEX_POINT('',#13673);
#13673 = CARTESIAN_POINT('',(108.01,-56.12,0.));
#13674 = CIRCLE('',#13675,0.3);
#13675 = AXIS2_PLACEMENT_3D('',#13676,#13677,#13678);
#13676 = CARTESIAN_POINT('',(108.01,-55.82,0.));
#13677 = DIRECTION('',(-0.,0.,-1.));
#13678 = DIRECTION('',(4.736951571734E-14,-1.,-0.));
#13679 = ORIENTED_EDGE('',*,*,#13680,.T.);
#13680 = EDGE_CURVE('',#13672,#13681,#13683,.T.);
#13681 = VERTEX_POINT('',#13682);
#13682 = CARTESIAN_POINT('',(107.21,-56.12,0.));
#13683 = LINE('',#13684,#13685);
#13684 = CARTESIAN_POINT('',(53.605,-56.12,0.));
#13685 = VECTOR('',#13686,1.);
#13686 = DIRECTION('',(-1.,0.,0.));
#13687 = ORIENTED_EDGE('',*,*,#13688,.T.);
#13688 = EDGE_CURVE('',#13681,#13689,#13691,.T.);
#13689 = VERTEX_POINT('',#13690);
#13690 = CARTESIAN_POINT('',(107.21,-55.52,0.));
#13691 = CIRCLE('',#13692,0.3);
#13692 = AXIS2_PLACEMENT_3D('',#13693,#13694,#13695);
#13693 = CARTESIAN_POINT('',(107.21,-55.82,0.));
#13694 = DIRECTION('',(-0.,0.,-1.));
#13695 = DIRECTION('',(-4.736951571734E-14,1.,0.));
#13696 = ORIENTED_EDGE('',*,*,#13697,.T.);
#13697 = EDGE_CURVE('',#13689,#13670,#13698,.T.);
#13698 = LINE('',#13699,#13700);
#13699 = CARTESIAN_POINT('',(54.005,-55.52,0.));
#13700 = VECTOR('',#13701,1.);
#13701 = DIRECTION('',(1.,0.,-0.));
#13702 = FACE_BOUND('',#13703,.F.);
#13703 = EDGE_LOOP('',(#13704));
#13704 = ORIENTED_EDGE('',*,*,#13705,.T.);
#13705 = EDGE_CURVE('',#13706,#13706,#13708,.T.);
#13706 = VERTEX_POINT('',#13707);
#13707 = CARTESIAN_POINT('',(104.043386,-50.422558,0.));
#13708 = CIRCLE('',#13709,0.15);
#13709 = AXIS2_PLACEMENT_3D('',#13710,#13711,#13712);
#13710 = CARTESIAN_POINT('',(104.043386,-50.272558,0.));
#13711 = DIRECTION('',(-0.,0.,-1.));
#13712 = DIRECTION('',(-0.,-1.,0.));
#13713 = FACE_BOUND('',#13714,.F.);
#13714 = EDGE_LOOP('',(#13715));
#13715 = ORIENTED_EDGE('',*,*,#13716,.T.);
#13716 = EDGE_CURVE('',#13717,#13717,#13719,.T.);
#13717 = VERTEX_POINT('',#13718);
#13718 = CARTESIAN_POINT('',(103.93,-48.935,0.));
#13719 = CIRCLE('',#13720,0.325);
#13720 = AXIS2_PLACEMENT_3D('',#13721,#13722,#13723);
#13721 = CARTESIAN_POINT('',(103.93,-48.61,0.));
#13722 = DIRECTION('',(-0.,0.,-1.));
#13723 = DIRECTION('',(-0.,-1.,0.));
#13724 = FACE_BOUND('',#13725,.F.);
#13725 = EDGE_LOOP('',(#13726,#13737,#13745,#13754));
#13726 = ORIENTED_EDGE('',*,*,#13727,.T.);
#13727 = EDGE_CURVE('',#13728,#13730,#13732,.T.);
#13728 = VERTEX_POINT('',#13729);
#13729 = CARTESIAN_POINT('',(103.96,-46.88,0.));
#13730 = VERTEX_POINT('',#13731);
#13731 = CARTESIAN_POINT('',(103.96,-47.48,0.));
#13732 = CIRCLE('',#13733,0.3);
#13733 = AXIS2_PLACEMENT_3D('',#13734,#13735,#13736);
#13734 = CARTESIAN_POINT('',(103.96,-47.18,0.));
#13735 = DIRECTION('',(-0.,0.,-1.));
#13736 = DIRECTION('',(-4.736951571734E-14,-1.,0.));
#13737 = ORIENTED_EDGE('',*,*,#13738,.T.);
#13738 = EDGE_CURVE('',#13730,#13739,#13741,.T.);
#13739 = VERTEX_POINT('',#13740);
#13740 = CARTESIAN_POINT('',(102.86,-47.48,0.));
#13741 = LINE('',#13742,#13743);
#13742 = CARTESIAN_POINT('',(51.43,-47.48,0.));
#13743 = VECTOR('',#13744,1.);
#13744 = DIRECTION('',(-1.,0.,0.));
#13745 = ORIENTED_EDGE('',*,*,#13746,.T.);
#13746 = EDGE_CURVE('',#13739,#13747,#13749,.T.);
#13747 = VERTEX_POINT('',#13748);
#13748 = CARTESIAN_POINT('',(102.86,-46.88,0.));
#13749 = CIRCLE('',#13750,0.3);
#13750 = AXIS2_PLACEMENT_3D('',#13751,#13752,#13753);
#13751 = CARTESIAN_POINT('',(102.86,-47.18,0.));
#13752 = DIRECTION('',(-0.,0.,-1.));
#13753 = DIRECTION('',(-4.736951571734E-14,1.,0.));
#13754 = ORIENTED_EDGE('',*,*,#13755,.T.);
#13755 = EDGE_CURVE('',#13747,#13728,#13756,.T.);
#13756 = LINE('',#13757,#13758);
#13757 = CARTESIAN_POINT('',(51.98,-46.88,0.));
#13758 = VECTOR('',#13759,1.);
#13759 = DIRECTION('',(1.,0.,-0.));
#13760 = FACE_BOUND('',#13761,.F.);
#13761 = EDGE_LOOP('',(#13762,#13773,#13781,#13790));
#13762 = ORIENTED_EDGE('',*,*,#13763,.T.);
#13763 = EDGE_CURVE('',#13764,#13766,#13768,.T.);
#13764 = VERTEX_POINT('',#13765);
#13765 = CARTESIAN_POINT('',(108.01,-46.88,0.));
#13766 = VERTEX_POINT('',#13767);
#13767 = CARTESIAN_POINT('',(108.01,-47.48,0.));
#13768 = CIRCLE('',#13769,0.3);
#13769 = AXIS2_PLACEMENT_3D('',#13770,#13771,#13772);
#13770 = CARTESIAN_POINT('',(108.01,-47.18,0.));
#13771 = DIRECTION('',(-0.,0.,-1.));
#13772 = DIRECTION('',(4.736951571734E-14,-1.,-0.));
#13773 = ORIENTED_EDGE('',*,*,#13774,.T.);
#13774 = EDGE_CURVE('',#13766,#13775,#13777,.T.);
#13775 = VERTEX_POINT('',#13776);
#13776 = CARTESIAN_POINT('',(107.21,-47.48,0.));
#13777 = LINE('',#13778,#13779);
#13778 = CARTESIAN_POINT('',(53.605,-47.48,0.));
#13779 = VECTOR('',#13780,1.);
#13780 = DIRECTION('',(-1.,0.,0.));
#13781 = ORIENTED_EDGE('',*,*,#13782,.T.);
#13782 = EDGE_CURVE('',#13775,#13783,#13785,.T.);
#13783 = VERTEX_POINT('',#13784);
#13784 = CARTESIAN_POINT('',(107.21,-46.88,0.));
#13785 = CIRCLE('',#13786,0.3);
#13786 = AXIS2_PLACEMENT_3D('',#13787,#13788,#13789);
#13787 = CARTESIAN_POINT('',(107.21,-47.18,0.));
#13788 = DIRECTION('',(-0.,0.,-1.));
#13789 = DIRECTION('',(-4.736951571734E-14,1.,0.));
#13790 = ORIENTED_EDGE('',*,*,#13791,.T.);
#13791 = EDGE_CURVE('',#13783,#13764,#13792,.T.);
#13792 = LINE('',#13793,#13794);
#13793 = CARTESIAN_POINT('',(54.005,-46.88,0.));
#13794 = VECTOR('',#13795,1.);
#13795 = DIRECTION('',(1.,0.,-0.));
#13796 = FACE_BOUND('',#13797,.F.);
#13797 = EDGE_LOOP('',(#13798));
#13798 = ORIENTED_EDGE('',*,*,#13799,.T.);
#13799 = EDGE_CURVE('',#13800,#13800,#13802,.T.);
#13800 = VERTEX_POINT('',#13801);
#13801 = CARTESIAN_POINT('',(84.7,-43.85,0.));
#13802 = CIRCLE('',#13803,0.15);
#13803 = AXIS2_PLACEMENT_3D('',#13804,#13805,#13806);
#13804 = CARTESIAN_POINT('',(84.7,-43.7,0.));
#13805 = DIRECTION('',(-0.,0.,-1.));
#13806 = DIRECTION('',(9.473903143467E-14,-1.,-0.));
#13807 = FACE_BOUND('',#13808,.F.);
#13808 = EDGE_LOOP('',(#13809));
#13809 = ORIENTED_EDGE('',*,*,#13810,.T.);
#13810 = EDGE_CURVE('',#13811,#13811,#13813,.T.);
#13811 = VERTEX_POINT('',#13812);
#13812 = CARTESIAN_POINT('',(84.3,-42.05,0.));
#13813 = CIRCLE('',#13814,0.15);
#13814 = AXIS2_PLACEMENT_3D('',#13815,#13816,#13817);
#13815 = CARTESIAN_POINT('',(84.3,-41.9,0.));
#13816 = DIRECTION('',(-0.,0.,-1.));
#13817 = DIRECTION('',(-9.473903143468E-14,-1.,0.));
#13818 = FACE_BOUND('',#13819,.F.);
#13819 = EDGE_LOOP('',(#13820));
#13820 = ORIENTED_EDGE('',*,*,#13821,.T.);
#13821 = EDGE_CURVE('',#13822,#13822,#13824,.T.);
#13822 = VERTEX_POINT('',#13823);
#13823 = CARTESIAN_POINT('',(87.6,-39.65,0.));
#13824 = CIRCLE('',#13825,0.15);
#13825 = AXIS2_PLACEMENT_3D('',#13826,#13827,#13828);
#13826 = CARTESIAN_POINT('',(87.6,-39.5,0.));
#13827 = DIRECTION('',(-0.,0.,-1.));
#13828 = DIRECTION('',(-0.,-1.,0.));
#13829 = FACE_BOUND('',#13830,.F.);
#13830 = EDGE_LOOP('',(#13831));
#13831 = ORIENTED_EDGE('',*,*,#13832,.T.);
#13832 = EDGE_CURVE('',#13833,#13833,#13835,.T.);
#13833 = VERTEX_POINT('',#13834);
#13834 = CARTESIAN_POINT('',(88.2,-38.25,0.));
#13835 = CIRCLE('',#13836,0.15);
#13836 = AXIS2_PLACEMENT_3D('',#13837,#13838,#13839);
#13837 = CARTESIAN_POINT('',(88.2,-38.1,0.));
#13838 = DIRECTION('',(-0.,0.,-1.));
#13839 = DIRECTION('',(9.473903143467E-14,-1.,-0.));
#13840 = FACE_BOUND('',#13841,.F.);
#13841 = EDGE_LOOP('',(#13842));
#13842 = ORIENTED_EDGE('',*,*,#13843,.T.);
#13843 = EDGE_CURVE('',#13844,#13844,#13846,.T.);
#13844 = VERTEX_POINT('',#13845);
#13845 = CARTESIAN_POINT('',(88.774265,-36.524265,0.));
#13846 = CIRCLE('',#13847,0.15);
#13847 = AXIS2_PLACEMENT_3D('',#13848,#13849,#13850);
#13848 = CARTESIAN_POINT('',(88.774265,-36.374265,0.));
#13849 = DIRECTION('',(-0.,0.,-1.));
#13850 = DIRECTION('',(-0.,-1.,0.));
#13851 = FACE_BOUND('',#13852,.F.);
#13852 = EDGE_LOOP('',(#13853));
#13853 = ORIENTED_EDGE('',*,*,#13854,.T.);
#13854 = EDGE_CURVE('',#13855,#13855,#13857,.T.);
#13855 = VERTEX_POINT('',#13856);
#13856 = CARTESIAN_POINT('',(87.7,-35.25,0.));
#13857 = CIRCLE('',#13858,0.15);
#13858 = AXIS2_PLACEMENT_3D('',#13859,#13860,#13861);
#13859 = CARTESIAN_POINT('',(87.7,-35.1,0.));
#13860 = DIRECTION('',(-0.,0.,-1.));
#13861 = DIRECTION('',(9.473903143467E-14,-1.,-0.));
#13862 = FACE_BOUND('',#13863,.F.);
#13863 = EDGE_LOOP('',(#13864));
#13864 = ORIENTED_EDGE('',*,*,#13865,.T.);
#13865 = EDGE_CURVE('',#13866,#13866,#13868,.T.);
#13866 = VERTEX_POINT('',#13867);
#13867 = CARTESIAN_POINT('',(95.45,-39.6,0.));
#13868 = CIRCLE('',#13869,0.1);
#13869 = AXIS2_PLACEMENT_3D('',#13870,#13871,#13872);
#13870 = CARTESIAN_POINT('',(95.45,-39.5,0.));
#13871 = DIRECTION('',(-0.,0.,-1.));
#13872 = DIRECTION('',(1.42108547152E-13,-1.,-0.));
#13873 = FACE_BOUND('',#13874,.F.);
#13874 = EDGE_LOOP('',(#13875));
#13875 = ORIENTED_EDGE('',*,*,#13876,.T.);
#13876 = EDGE_CURVE('',#13877,#13877,#13879,.T.);
#13877 = VERTEX_POINT('',#13878);
#13878 = CARTESIAN_POINT('',(94.9,-39.05,0.));
#13879 = CIRCLE('',#13880,1.E-01);
#13880 = AXIS2_PLACEMENT_3D('',#13881,#13882,#13883);
#13881 = CARTESIAN_POINT('',(94.9,-38.95,0.));
#13882 = DIRECTION('',(-0.,0.,-1.));
#13883 = DIRECTION('',(-0.,-1.,0.));
#13884 = FACE_BOUND('',#13885,.F.);
#13885 = EDGE_LOOP('',(#13886));
#13886 = ORIENTED_EDGE('',*,*,#13887,.T.);
#13887 = EDGE_CURVE('',#13888,#13888,#13890,.T.);
#13888 = VERTEX_POINT('',#13889);
#13889 = CARTESIAN_POINT('',(95.45,-38.5,0.));
#13890 = CIRCLE('',#13891,0.1);
#13891 = AXIS2_PLACEMENT_3D('',#13892,#13893,#13894);
#13892 = CARTESIAN_POINT('',(95.45,-38.4,0.));
#13893 = DIRECTION('',(-0.,0.,-1.));
#13894 = DIRECTION('',(1.42108547152E-13,-1.,-0.));
#13895 = FACE_BOUND('',#13896,.F.);
#13896 = EDGE_LOOP('',(#13897));
#13897 = ORIENTED_EDGE('',*,*,#13898,.T.);
#13898 = EDGE_CURVE('',#13899,#13899,#13901,.T.);
#13899 = VERTEX_POINT('',#13900);
#13900 = CARTESIAN_POINT('',(94.9,-37.95,0.));
#13901 = CIRCLE('',#13902,1.E-01);
#13902 = AXIS2_PLACEMENT_3D('',#13903,#13904,#13905);
#13903 = CARTESIAN_POINT('',(94.9,-37.85,0.));
#13904 = DIRECTION('',(-0.,0.,-1.));
#13905 = DIRECTION('',(-0.,-1.,0.));
#13906 = FACE_BOUND('',#13907,.F.);
#13907 = EDGE_LOOP('',(#13908));
#13908 = ORIENTED_EDGE('',*,*,#13909,.T.);
#13909 = EDGE_CURVE('',#13910,#13910,#13912,.T.);
#13910 = VERTEX_POINT('',#13911);
#13911 = CARTESIAN_POINT('',(95.45,-37.4,0.));
#13912 = CIRCLE('',#13913,0.1);
#13913 = AXIS2_PLACEMENT_3D('',#13914,#13915,#13916);
#13914 = CARTESIAN_POINT('',(95.45,-37.3,0.));
#13915 = DIRECTION('',(-0.,0.,-1.));
#13916 = DIRECTION('',(1.42108547152E-13,-1.,-0.));
#13917 = FACE_BOUND('',#13918,.F.);
#13918 = EDGE_LOOP('',(#13919));
#13919 = ORIENTED_EDGE('',*,*,#13920,.T.);
#13920 = EDGE_CURVE('',#13921,#13921,#13923,.T.);
#13921 = VERTEX_POINT('',#13922);
#13922 = CARTESIAN_POINT('',(87.9,-34.05,0.));
#13923 = CIRCLE('',#13924,0.15);
#13924 = AXIS2_PLACEMENT_3D('',#13925,#13926,#13927);
#13925 = CARTESIAN_POINT('',(87.9,-33.9,0.));
#13926 = DIRECTION('',(-0.,0.,-1.));
#13927 = DIRECTION('',(-0.,-1.,0.));
#13928 = FACE_BOUND('',#13929,.F.);
#13929 = EDGE_LOOP('',(#13930));
#13930 = ORIENTED_EDGE('',*,*,#13931,.T.);
#13931 = EDGE_CURVE('',#13932,#13932,#13934,.T.);
#13932 = VERTEX_POINT('',#13933);
#13933 = CARTESIAN_POINT('',(87.7,-29.,0.));
#13934 = CIRCLE('',#13935,0.4);
#13935 = AXIS2_PLACEMENT_3D('',#13936,#13937,#13938);
#13936 = CARTESIAN_POINT('',(87.7,-28.6,0.));
#13937 = DIRECTION('',(-0.,0.,-1.));
#13938 = DIRECTION('',(3.5527136788E-14,-1.,-0.));
#13939 = FACE_BOUND('',#13940,.F.);
#13940 = EDGE_LOOP('',(#13941));
#13941 = ORIENTED_EDGE('',*,*,#13942,.T.);
#13942 = EDGE_CURVE('',#13943,#13943,#13945,.T.);
#13943 = VERTEX_POINT('',#13944);
#13944 = CARTESIAN_POINT('',(91.9,-31.65,0.));
#13945 = CIRCLE('',#13946,0.15);
#13946 = AXIS2_PLACEMENT_3D('',#13947,#13948,#13949);
#13947 = CARTESIAN_POINT('',(91.9,-31.5,0.));
#13948 = DIRECTION('',(-0.,0.,-1.));
#13949 = DIRECTION('',(-0.,-1.,0.));
#13950 = FACE_BOUND('',#13951,.F.);
#13951 = EDGE_LOOP('',(#13952));
#13952 = ORIENTED_EDGE('',*,*,#13953,.T.);
#13953 = EDGE_CURVE('',#13954,#13954,#13956,.T.);
#13954 = VERTEX_POINT('',#13955);
#13955 = CARTESIAN_POINT('',(92.624265,-32.674265,0.));
#13956 = CIRCLE('',#13957,0.15);
#13957 = AXIS2_PLACEMENT_3D('',#13958,#13959,#13960);
#13958 = CARTESIAN_POINT('',(92.624265,-32.524265,0.));
#13959 = DIRECTION('',(-0.,0.,-1.));
#13960 = DIRECTION('',(-9.473903143469E-14,-1.,0.));
#13961 = FACE_BOUND('',#13962,.F.);
#13962 = EDGE_LOOP('',(#13963));
#13963 = ORIENTED_EDGE('',*,*,#13964,.T.);
#13964 = EDGE_CURVE('',#13965,#13965,#13967,.T.);
#13965 = VERTEX_POINT('',#13966);
#13966 = CARTESIAN_POINT('',(89.7,-29.,0.));
#13967 = CIRCLE('',#13968,0.4);
#13968 = AXIS2_PLACEMENT_3D('',#13969,#13970,#13971);
#13969 = CARTESIAN_POINT('',(89.7,-28.6,0.));
#13970 = DIRECTION('',(-0.,0.,-1.));
#13971 = DIRECTION('',(3.5527136788E-14,-1.,-0.));
#13972 = FACE_BOUND('',#13973,.F.);
#13973 = EDGE_LOOP('',(#13974));
#13974 = ORIENTED_EDGE('',*,*,#13975,.T.);
#13975 = EDGE_CURVE('',#13976,#13976,#13978,.T.);
#13976 = VERTEX_POINT('',#13977);
#13977 = CARTESIAN_POINT('',(91.7,-29.,0.));
#13978 = CIRCLE('',#13979,0.4);
#13979 = AXIS2_PLACEMENT_3D('',#13980,#13981,#13982);
#13980 = CARTESIAN_POINT('',(91.7,-28.6,0.));
#13981 = DIRECTION('',(-0.,0.,-1.));
#13982 = DIRECTION('',(3.5527136788E-14,-1.,-0.));
#13983 = FACE_BOUND('',#13984,.F.);
#13984 = EDGE_LOOP('',(#13985));
#13985 = ORIENTED_EDGE('',*,*,#13986,.T.);
#13986 = EDGE_CURVE('',#13987,#13987,#13989,.T.);
#13987 = VERTEX_POINT('',#13988);
#13988 = CARTESIAN_POINT('',(90.7,-25.3,0.));
#13989 = CIRCLE('',#13990,0.4);
#13990 = AXIS2_PLACEMENT_3D('',#13991,#13992,#13993);
#13991 = CARTESIAN_POINT('',(90.7,-24.9,0.));
#13992 = DIRECTION('',(-0.,0.,-1.));
#13993 = DIRECTION('',(3.5527136788E-14,-1.,-0.));
#13994 = FACE_BOUND('',#13995,.F.);
#13995 = EDGE_LOOP('',(#13996));
#13996 = ORIENTED_EDGE('',*,*,#13997,.T.);
#13997 = EDGE_CURVE('',#13998,#13998,#14000,.T.);
#13998 = VERTEX_POINT('',#13999);
#13999 = CARTESIAN_POINT('',(93.7,-29.,0.));
#14000 = CIRCLE('',#14001,0.4);
#14001 = AXIS2_PLACEMENT_3D('',#14002,#14003,#14004);
#14002 = CARTESIAN_POINT('',(93.7,-28.6,0.));
#14003 = DIRECTION('',(-0.,0.,-1.));
#14004 = DIRECTION('',(3.5527136788E-14,-1.,-0.));
#14005 = FACE_BOUND('',#14006,.F.);
#14006 = EDGE_LOOP('',(#14007));
#14007 = ORIENTED_EDGE('',*,*,#14008,.T.);
#14008 = EDGE_CURVE('',#14009,#14009,#14011,.T.);
#14009 = VERTEX_POINT('',#14010);
#14010 = CARTESIAN_POINT('',(92.7,-25.3,0.));
#14011 = CIRCLE('',#14012,0.4);
#14012 = AXIS2_PLACEMENT_3D('',#14013,#14014,#14015);
#14013 = CARTESIAN_POINT('',(92.7,-24.9,0.));
#14014 = DIRECTION('',(-0.,0.,-1.));
#14015 = DIRECTION('',(3.5527136788E-14,-1.,-0.));
#14016 = FACE_BOUND('',#14017,.F.);
#14017 = EDGE_LOOP('',(#14018));
#14018 = ORIENTED_EDGE('',*,*,#14019,.T.);
#14019 = EDGE_CURVE('',#14020,#14020,#14022,.T.);
#14020 = VERTEX_POINT('',#14021);
#14021 = CARTESIAN_POINT('',(94.7,-25.3,0.));
#14022 = CIRCLE('',#14023,0.4);
#14023 = AXIS2_PLACEMENT_3D('',#14024,#14025,#14026);
#14024 = CARTESIAN_POINT('',(94.7,-24.9,0.));
#14025 = DIRECTION('',(-0.,0.,-1.));
#14026 = DIRECTION('',(3.5527136788E-14,-1.,-0.));
#14027 = FACE_BOUND('',#14028,.F.);
#14028 = EDGE_LOOP('',(#14029));
#14029 = ORIENTED_EDGE('',*,*,#14030,.T.);
#14030 = EDGE_CURVE('',#14031,#14031,#14033,.T.);
#14031 = VERTEX_POINT('',#14032);
#14032 = CARTESIAN_POINT('',(96.55,-39.6,0.));
#14033 = CIRCLE('',#14034,1.E-01);
#14034 = AXIS2_PLACEMENT_3D('',#14035,#14036,#14037);
#14035 = CARTESIAN_POINT('',(96.55,-39.5,0.));
#14036 = DIRECTION('',(-0.,0.,-1.));
#14037 = DIRECTION('',(-1.42108547152E-13,-1.,0.));
#14038 = FACE_BOUND('',#14039,.F.);
#14039 = EDGE_LOOP('',(#14040));
#14040 = ORIENTED_EDGE('',*,*,#14041,.T.);
#14041 = EDGE_CURVE('',#14042,#14042,#14044,.T.);
#14042 = VERTEX_POINT('',#14043);
#14043 = CARTESIAN_POINT('',(96.,-39.05,0.));
#14044 = CIRCLE('',#14045,9.999999999999E-02);
#14045 = AXIS2_PLACEMENT_3D('',#14046,#14047,#14048);
#14046 = CARTESIAN_POINT('',(96.,-38.95,0.));
#14047 = DIRECTION('',(-0.,0.,-1.));
#14048 = DIRECTION('',(-0.,-1.,0.));
#14049 = FACE_BOUND('',#14050,.F.);
#14050 = EDGE_LOOP('',(#14051));
#14051 = ORIENTED_EDGE('',*,*,#14052,.T.);
#14052 = EDGE_CURVE('',#14053,#14053,#14055,.T.);
#14053 = VERTEX_POINT('',#14054);
#14054 = CARTESIAN_POINT('',(96.,-37.95,0.));
#14055 = CIRCLE('',#14056,9.999999999999E-02);
#14056 = AXIS2_PLACEMENT_3D('',#14057,#14058,#14059);
#14057 = CARTESIAN_POINT('',(96.,-37.85,0.));
#14058 = DIRECTION('',(-0.,0.,-1.));
#14059 = DIRECTION('',(-0.,-1.,0.));
#14060 = FACE_BOUND('',#14061,.F.);
#14061 = EDGE_LOOP('',(#14062));
#14062 = ORIENTED_EDGE('',*,*,#14063,.T.);
#14063 = EDGE_CURVE('',#14064,#14064,#14066,.T.);
#14064 = VERTEX_POINT('',#14065);
#14065 = CARTESIAN_POINT('',(96.55,-38.5,0.));
#14066 = CIRCLE('',#14067,1.E-01);
#14067 = AXIS2_PLACEMENT_3D('',#14068,#14069,#14070);
#14068 = CARTESIAN_POINT('',(96.55,-38.4,0.));
#14069 = DIRECTION('',(-0.,0.,-1.));
#14070 = DIRECTION('',(-1.42108547152E-13,-1.,0.));
#14071 = FACE_BOUND('',#14072,.F.);
#14072 = EDGE_LOOP('',(#14073));
#14073 = ORIENTED_EDGE('',*,*,#14074,.T.);
#14074 = EDGE_CURVE('',#14075,#14075,#14077,.T.);
#14075 = VERTEX_POINT('',#14076);
#14076 = CARTESIAN_POINT('',(97.1,-39.05,0.));
#14077 = CIRCLE('',#14078,0.1);
#14078 = AXIS2_PLACEMENT_3D('',#14079,#14080,#14081);
#14079 = CARTESIAN_POINT('',(97.1,-38.95,0.));
#14080 = DIRECTION('',(-0.,0.,-1.));
#14081 = DIRECTION('',(-0.,-1.,0.));
#14082 = FACE_BOUND('',#14083,.F.);
#14083 = EDGE_LOOP('',(#14084));
#14084 = ORIENTED_EDGE('',*,*,#14085,.T.);
#14085 = EDGE_CURVE('',#14086,#14086,#14088,.T.);
#14086 = VERTEX_POINT('',#14087);
#14087 = CARTESIAN_POINT('',(97.1,-37.95,0.));
#14088 = CIRCLE('',#14089,0.1);
#14089 = AXIS2_PLACEMENT_3D('',#14090,#14091,#14092);
#14090 = CARTESIAN_POINT('',(97.1,-37.85,0.));
#14091 = DIRECTION('',(-0.,0.,-1.));
#14092 = DIRECTION('',(-0.,-1.,0.));
#14093 = FACE_BOUND('',#14094,.F.);
#14094 = EDGE_LOOP('',(#14095));
#14095 = ORIENTED_EDGE('',*,*,#14096,.T.);
#14096 = EDGE_CURVE('',#14097,#14097,#14099,.T.);
#14097 = VERTEX_POINT('',#14098);
#14098 = CARTESIAN_POINT('',(96.55,-37.4,0.));
#14099 = CIRCLE('',#14100,1.E-01);
#14100 = AXIS2_PLACEMENT_3D('',#14101,#14102,#14103);
#14101 = CARTESIAN_POINT('',(96.55,-37.3,0.));
#14102 = DIRECTION('',(-0.,0.,-1.));
#14103 = DIRECTION('',(-1.42108547152E-13,-1.,0.));
#14104 = FACE_BOUND('',#14105,.F.);
#14105 = EDGE_LOOP('',(#14106));
#14106 = ORIENTED_EDGE('',*,*,#14107,.T.);
#14107 = EDGE_CURVE('',#14108,#14108,#14110,.T.);
#14108 = VERTEX_POINT('',#14109);
#14109 = CARTESIAN_POINT('',(102.,-42.15,0.));
#14110 = CIRCLE('',#14111,0.15);
#14111 = AXIS2_PLACEMENT_3D('',#14112,#14113,#14114);
#14112 = CARTESIAN_POINT('',(102.,-42.,0.));
#14113 = DIRECTION('',(-0.,0.,-1.));
#14114 = DIRECTION('',(-0.,-1.,0.));
#14115 = FACE_BOUND('',#14116,.F.);
#14116 = EDGE_LOOP('',(#14117));
#14117 = ORIENTED_EDGE('',*,*,#14118,.T.);
#14118 = EDGE_CURVE('',#14119,#14119,#14121,.T.);
#14119 = VERTEX_POINT('',#14120);
#14120 = CARTESIAN_POINT('',(107.,-43.6,0.));
#14121 = CIRCLE('',#14122,0.4);
#14122 = AXIS2_PLACEMENT_3D('',#14123,#14124,#14125);
#14123 = CARTESIAN_POINT('',(107.,-43.2,0.));
#14124 = DIRECTION('',(-0.,0.,-1.));
#14125 = DIRECTION('',(-0.,-1.,0.));
#14126 = FACE_BOUND('',#14127,.F.);
#14127 = EDGE_LOOP('',(#14128));
#14128 = ORIENTED_EDGE('',*,*,#14129,.T.);
#14129 = EDGE_CURVE('',#14130,#14130,#14132,.T.);
#14130 = VERTEX_POINT('',#14131);
#14131 = CARTESIAN_POINT('',(107.,-41.6,0.));
#14132 = CIRCLE('',#14133,0.4);
#14133 = AXIS2_PLACEMENT_3D('',#14134,#14135,#14136);
#14134 = CARTESIAN_POINT('',(107.,-41.2,0.));
#14135 = DIRECTION('',(-0.,0.,-1.));
#14136 = DIRECTION('',(-0.,-1.,0.));
#14137 = FACE_BOUND('',#14138,.F.);
#14138 = EDGE_LOOP('',(#14139));
#14139 = ORIENTED_EDGE('',*,*,#14140,.T.);
#14140 = EDGE_CURVE('',#14141,#14141,#14143,.T.);
#14141 = VERTEX_POINT('',#14142);
#14142 = CARTESIAN_POINT('',(105.1,-39.95,0.));
#14143 = CIRCLE('',#14144,0.15);
#14144 = AXIS2_PLACEMENT_3D('',#14145,#14146,#14147);
#14145 = CARTESIAN_POINT('',(105.1,-39.8,0.));
#14146 = DIRECTION('',(-0.,0.,-1.));
#14147 = DIRECTION('',(-0.,-1.,0.));
#14148 = FACE_BOUND('',#14149,.F.);
#14149 = EDGE_LOOP('',(#14150));
#14150 = ORIENTED_EDGE('',*,*,#14151,.T.);
#14151 = EDGE_CURVE('',#14152,#14152,#14154,.T.);
#14152 = VERTEX_POINT('',#14153);
#14153 = CARTESIAN_POINT('',(102.,-36.45,0.));
#14154 = CIRCLE('',#14155,0.15);
#14155 = AXIS2_PLACEMENT_3D('',#14156,#14157,#14158);
#14156 = CARTESIAN_POINT('',(102.,-36.3,0.));
#14157 = DIRECTION('',(-0.,0.,-1.));
#14158 = DIRECTION('',(-0.,-1.,0.));
#14159 = FACE_BOUND('',#14160,.F.);
#14160 = EDGE_LOOP('',(#14161));
#14161 = ORIENTED_EDGE('',*,*,#14162,.T.);
#14162 = EDGE_CURVE('',#14163,#14163,#14165,.T.);
#14163 = VERTEX_POINT('',#14164);
#14164 = CARTESIAN_POINT('',(105.3,-39.15,0.));
#14165 = CIRCLE('',#14166,0.15);
#14166 = AXIS2_PLACEMENT_3D('',#14167,#14168,#14169);
#14167 = CARTESIAN_POINT('',(105.3,-39.,0.));
#14168 = DIRECTION('',(-0.,0.,-1.));
#14169 = DIRECTION('',(-9.473903143469E-14,-1.,0.));
#14170 = FACE_BOUND('',#14171,.F.);
#14171 = EDGE_LOOP('',(#14172));
#14172 = ORIENTED_EDGE('',*,*,#14173,.T.);
#14173 = EDGE_CURVE('',#14174,#14174,#14176,.T.);
#14174 = VERTEX_POINT('',#14175);
#14175 = CARTESIAN_POINT('',(107.8,-37.95,0.));
#14176 = CIRCLE('',#14177,0.15);
#14177 = AXIS2_PLACEMENT_3D('',#14178,#14179,#14180);
#14178 = CARTESIAN_POINT('',(107.8,-37.8,0.));
#14179 = DIRECTION('',(-0.,0.,-1.));
#14180 = DIRECTION('',(-9.473903143469E-14,-1.,0.));
#14181 = FACE_BOUND('',#14182,.F.);
#14182 = EDGE_LOOP('',(#14183));
#14183 = ORIENTED_EDGE('',*,*,#14184,.T.);
#14184 = EDGE_CURVE('',#14185,#14185,#14187,.T.);
#14185 = VERTEX_POINT('',#14186);
#14186 = CARTESIAN_POINT('',(96.9,-30.45,0.));
#14187 = CIRCLE('',#14188,0.15);
#14188 = AXIS2_PLACEMENT_3D('',#14189,#14190,#14191);
#14189 = CARTESIAN_POINT('',(96.9,-30.3,0.));
#14190 = DIRECTION('',(-0.,0.,-1.));
#14191 = DIRECTION('',(-0.,-1.,0.));
#14192 = FACE_BOUND('',#14193,.F.);
#14193 = EDGE_LOOP('',(#14194));
#14194 = ORIENTED_EDGE('',*,*,#14195,.T.);
#14195 = EDGE_CURVE('',#14196,#14196,#14198,.T.);
#14196 = VERTEX_POINT('',#14197);
#14197 = CARTESIAN_POINT('',(95.7,-29.,0.));
#14198 = CIRCLE('',#14199,0.4);
#14199 = AXIS2_PLACEMENT_3D('',#14200,#14201,#14202);
#14200 = CARTESIAN_POINT('',(95.7,-28.6,0.));
#14201 = DIRECTION('',(-0.,0.,-1.));
#14202 = DIRECTION('',(3.5527136788E-14,-1.,-0.));
#14203 = FACE_BOUND('',#14204,.F.);
#14204 = EDGE_LOOP('',(#14205));
#14205 = ORIENTED_EDGE('',*,*,#14206,.T.);
#14206 = EDGE_CURVE('',#14207,#14207,#14209,.T.);
#14207 = VERTEX_POINT('',#14208);
#14208 = CARTESIAN_POINT('',(97.7,-29.,0.));
#14209 = CIRCLE('',#14210,0.4);
#14210 = AXIS2_PLACEMENT_3D('',#14211,#14212,#14213);
#14211 = CARTESIAN_POINT('',(97.7,-28.6,0.));
#14212 = DIRECTION('',(-0.,0.,-1.));
#14213 = DIRECTION('',(3.5527136788E-14,-1.,-0.));
#14214 = FACE_BOUND('',#14215,.F.);
#14215 = EDGE_LOOP('',(#14216));
#14216 = ORIENTED_EDGE('',*,*,#14217,.T.);
#14217 = EDGE_CURVE('',#14218,#14218,#14220,.T.);
#14218 = VERTEX_POINT('',#14219);
#14219 = CARTESIAN_POINT('',(96.7,-25.3,0.));
#14220 = CIRCLE('',#14221,0.4);
#14221 = AXIS2_PLACEMENT_3D('',#14222,#14223,#14224);
#14222 = CARTESIAN_POINT('',(96.7,-24.9,0.));
#14223 = DIRECTION('',(-0.,0.,-1.));
#14224 = DIRECTION('',(3.5527136788E-14,-1.,-0.));
#14225 = FACE_BOUND('',#14226,.F.);
#14226 = EDGE_LOOP('',(#14227));
#14227 = ORIENTED_EDGE('',*,*,#14228,.T.);
#14228 = EDGE_CURVE('',#14229,#14229,#14231,.T.);
#14229 = VERTEX_POINT('',#14230);
#14230 = CARTESIAN_POINT('',(98.7,-25.3,0.));
#14231 = CIRCLE('',#14232,0.4);
#14232 = AXIS2_PLACEMENT_3D('',#14233,#14234,#14235);
#14233 = CARTESIAN_POINT('',(98.7,-24.9,0.));
#14234 = DIRECTION('',(-0.,0.,-1.));
#14235 = DIRECTION('',(3.5527136788E-14,-1.,-0.));
#14236 = FACE_BOUND('',#14237,.F.);
#14237 = EDGE_LOOP('',(#14238));
#14238 = ORIENTED_EDGE('',*,*,#14239,.T.);
#14239 = EDGE_CURVE('',#14240,#14240,#14242,.T.);
#14240 = VERTEX_POINT('',#14241);
#14241 = CARTESIAN_POINT('',(99.7,-29.,0.));
#14242 = CIRCLE('',#14243,0.4);
#14243 = AXIS2_PLACEMENT_3D('',#14244,#14245,#14246);
#14244 = CARTESIAN_POINT('',(99.7,-28.6,0.));
#14245 = DIRECTION('',(-0.,0.,-1.));
#14246 = DIRECTION('',(3.5527136788E-14,-1.,-0.));
#14247 = FACE_BOUND('',#14248,.F.);
#14248 = EDGE_LOOP('',(#14249));
#14249 = ORIENTED_EDGE('',*,*,#14250,.T.);
#14250 = EDGE_CURVE('',#14251,#14251,#14253,.T.);
#14251 = VERTEX_POINT('',#14252);
#14252 = CARTESIAN_POINT('',(101.7,-29.,0.));
#14253 = CIRCLE('',#14254,0.4);
#14254 = AXIS2_PLACEMENT_3D('',#14255,#14256,#14257);
#14255 = CARTESIAN_POINT('',(101.7,-28.6,0.));
#14256 = DIRECTION('',(-0.,0.,-1.));
#14257 = DIRECTION('',(3.5527136788E-14,-1.,-0.));
#14258 = FACE_BOUND('',#14259,.F.);
#14259 = EDGE_LOOP('',(#14260));
#14260 = ORIENTED_EDGE('',*,*,#14261,.T.);
#14261 = EDGE_CURVE('',#14262,#14262,#14264,.T.);
#14262 = VERTEX_POINT('',#14263);
#14263 = CARTESIAN_POINT('',(102.4,-31.55,0.));
#14264 = CIRCLE('',#14265,0.15);
#14265 = AXIS2_PLACEMENT_3D('',#14266,#14267,#14268);
#14266 = CARTESIAN_POINT('',(102.4,-31.4,0.));
#14267 = DIRECTION('',(-0.,0.,-1.));
#14268 = DIRECTION('',(-0.,-1.,0.));
#14269 = FACE_BOUND('',#14270,.F.);
#14270 = EDGE_LOOP('',(#14271));
#14271 = ORIENTED_EDGE('',*,*,#14272,.T.);
#14272 = EDGE_CURVE('',#14273,#14273,#14275,.T.);
#14273 = VERTEX_POINT('',#14274);
#14274 = CARTESIAN_POINT('',(104.9,-28.95,0.));
#14275 = CIRCLE('',#14276,0.15);
#14276 = AXIS2_PLACEMENT_3D('',#14277,#14278,#14279);
#14277 = CARTESIAN_POINT('',(104.9,-28.8,0.));
#14278 = DIRECTION('',(-0.,0.,-1.));
#14279 = DIRECTION('',(-0.,-1.,0.));
#14280 = PLANE('',#14281);
#14281 = AXIS2_PLACEMENT_3D('',#14282,#14283,#14284);
#14282 = CARTESIAN_POINT('',(0.,0.,0.));
#14283 = DIRECTION('',(0.,0.,1.));
#14284 = DIRECTION('',(1.,0.,-0.));
#14285 = ADVANCED_FACE('',(#14286,#14297,#14308,#14319,#14330,#14341,
    #14352,#14363,#14374,#14385,#14396,#14407,#14418,#14429,#14440,
    #14451,#14462,#14473,#14484,#14495,#14506,#14517,#14528,#14539,
    #14550,#14561,#14572,#14583,#14594,#14605,#14616,#14652,#14663,
    #14674,#14710,#14721,#14732,#14768,#14804,#14815,#14826,#14837,
    #14848,#14859,#14870,#14881,#14892,#14903,#14914,#14925,#14936,
    #14947,#14958,#14969,#14980,#14991,#15002,#15013,#15024,#15035,
    #15046,#15057,#15068,#15079,#15090,#15101,#15112,#15123,#15134,
    #15145,#15156,#15167,#15178,#15189,#15200,#15211,#15222,#15233,
    #15244,#15255,#15266,#15277),#15288,.T.);
#14286 = FACE_BOUND('',#14287,.T.);
#14287 = EDGE_LOOP('',(#14288,#14289,#14290,#14296));
#14288 = ORIENTED_EDGE('',*,*,#13189,.F.);
#14289 = ORIENTED_EDGE('',*,*,#13229,.F.);
#14290 = ORIENTED_EDGE('',*,*,#14291,.F.);
#14291 = EDGE_CURVE('',#13252,#13222,#14292,.T.);
#14292 = LINE('',#14293,#14294);
#14293 = CARTESIAN_POINT('',(81.8,-22.65,1.51));
#14294 = VECTOR('',#14295,1.);
#14295 = DIRECTION('',(1.,0.,0.));
#14296 = ORIENTED_EDGE('',*,*,#13251,.F.);
#14297 = FACE_BOUND('',#14298,.T.);
#14298 = EDGE_LOOP('',(#14299));
#14299 = ORIENTED_EDGE('',*,*,#14300,.T.);
#14300 = EDGE_CURVE('',#14301,#14301,#14303,.T.);
#14301 = VERTEX_POINT('',#14302);
#14302 = CARTESIAN_POINT('',(84.2,-66.55,1.51));
#14303 = CIRCLE('',#14304,0.55);
#14304 = AXIS2_PLACEMENT_3D('',#14305,#14306,#14307);
#14305 = CARTESIAN_POINT('',(84.2,-66.,1.51));
#14306 = DIRECTION('',(-0.,0.,-1.));
#14307 = DIRECTION('',(-0.,-1.,0.));
#14308 = FACE_BOUND('',#14309,.T.);
#14309 = EDGE_LOOP('',(#14310));
#14310 = ORIENTED_EDGE('',*,*,#14311,.T.);
#14311 = EDGE_CURVE('',#14312,#14312,#14314,.T.);
#14312 = VERTEX_POINT('',#14313);
#14313 = CARTESIAN_POINT('',(88.7,-66.55,1.51));
#14314 = CIRCLE('',#14315,0.55);
#14315 = AXIS2_PLACEMENT_3D('',#14316,#14317,#14318);
#14316 = CARTESIAN_POINT('',(88.7,-66.,1.51));
#14317 = DIRECTION('',(-0.,0.,-1.));
#14318 = DIRECTION('',(-0.,-1.,0.));
#14319 = FACE_BOUND('',#14320,.T.);
#14320 = EDGE_LOOP('',(#14321));
#14321 = ORIENTED_EDGE('',*,*,#14322,.T.);
#14322 = EDGE_CURVE('',#14323,#14323,#14325,.T.);
#14323 = VERTEX_POINT('',#14324);
#14324 = CARTESIAN_POINT('',(84.2,-60.05,1.51));
#14325 = CIRCLE('',#14326,0.55);
#14326 = AXIS2_PLACEMENT_3D('',#14327,#14328,#14329);
#14327 = CARTESIAN_POINT('',(84.2,-59.5,1.51));
#14328 = DIRECTION('',(-0.,0.,-1.));
#14329 = DIRECTION('',(-0.,-1.,0.));
#14330 = FACE_BOUND('',#14331,.T.);
#14331 = EDGE_LOOP('',(#14332));
#14332 = ORIENTED_EDGE('',*,*,#14333,.T.);
#14333 = EDGE_CURVE('',#14334,#14334,#14336,.T.);
#14334 = VERTEX_POINT('',#14335);
#14335 = CARTESIAN_POINT('',(88.7,-60.05,1.51));
#14336 = CIRCLE('',#14337,0.55);
#14337 = AXIS2_PLACEMENT_3D('',#14338,#14339,#14340);
#14338 = CARTESIAN_POINT('',(88.7,-59.5,1.51));
#14339 = DIRECTION('',(-0.,0.,-1.));
#14340 = DIRECTION('',(-0.,-1.,0.));
#14341 = FACE_BOUND('',#14342,.T.);
#14342 = EDGE_LOOP('',(#14343));
#14343 = ORIENTED_EDGE('',*,*,#14344,.T.);
#14344 = EDGE_CURVE('',#14345,#14345,#14347,.T.);
#14345 = VERTEX_POINT('',#14346);
#14346 = CARTESIAN_POINT('',(93.,-66.55,1.51));
#14347 = CIRCLE('',#14348,0.55);
#14348 = AXIS2_PLACEMENT_3D('',#14349,#14350,#14351);
#14349 = CARTESIAN_POINT('',(93.,-66.,1.51));
#14350 = DIRECTION('',(-0.,0.,-1.));
#14351 = DIRECTION('',(-0.,-1.,0.));
#14352 = FACE_BOUND('',#14353,.T.);
#14353 = EDGE_LOOP('',(#14354));
#14354 = ORIENTED_EDGE('',*,*,#14355,.T.);
#14355 = EDGE_CURVE('',#14356,#14356,#14358,.T.);
#14356 = VERTEX_POINT('',#14357);
#14357 = CARTESIAN_POINT('',(93.,-60.05,1.51));
#14358 = CIRCLE('',#14359,0.55);
#14359 = AXIS2_PLACEMENT_3D('',#14360,#14361,#14362);
#14360 = CARTESIAN_POINT('',(93.,-59.5,1.51));
#14361 = DIRECTION('',(-0.,0.,-1.));
#14362 = DIRECTION('',(-0.,-1.,0.));
#14363 = FACE_BOUND('',#14364,.T.);
#14364 = EDGE_LOOP('',(#14365));
#14365 = ORIENTED_EDGE('',*,*,#14366,.T.);
#14366 = EDGE_CURVE('',#14367,#14367,#14369,.T.);
#14367 = VERTEX_POINT('',#14368);
#14368 = CARTESIAN_POINT('',(83.4,-56.3,1.51));
#14369 = CIRCLE('',#14370,0.4);
#14370 = AXIS2_PLACEMENT_3D('',#14371,#14372,#14373);
#14371 = CARTESIAN_POINT('',(83.4,-55.9,1.51));
#14372 = DIRECTION('',(-0.,0.,-1.));
#14373 = DIRECTION('',(-0.,-1.,0.));
#14374 = FACE_BOUND('',#14375,.T.);
#14375 = EDGE_LOOP('',(#14376));
#14376 = ORIENTED_EDGE('',*,*,#14377,.T.);
#14377 = EDGE_CURVE('',#14378,#14378,#14380,.T.);
#14378 = VERTEX_POINT('',#14379);
#14379 = CARTESIAN_POINT('',(83.4,-54.3,1.51));
#14380 = CIRCLE('',#14381,0.4);
#14381 = AXIS2_PLACEMENT_3D('',#14382,#14383,#14384);
#14382 = CARTESIAN_POINT('',(83.4,-53.9,1.51));
#14383 = DIRECTION('',(-0.,0.,-1.));
#14384 = DIRECTION('',(-0.,-1.,0.));
#14385 = FACE_BOUND('',#14386,.T.);
#14386 = EDGE_LOOP('',(#14387));
#14387 = ORIENTED_EDGE('',*,*,#14388,.T.);
#14388 = EDGE_CURVE('',#14389,#14389,#14391,.T.);
#14389 = VERTEX_POINT('',#14390);
#14390 = CARTESIAN_POINT('',(83.3,-51.1,1.51));
#14391 = CIRCLE('',#14392,0.4);
#14392 = AXIS2_PLACEMENT_3D('',#14393,#14394,#14395);
#14393 = CARTESIAN_POINT('',(83.3,-50.7,1.51));
#14394 = DIRECTION('',(-0.,0.,-1.));
#14395 = DIRECTION('',(-3.552713678801E-14,-1.,0.));
#14396 = FACE_BOUND('',#14397,.T.);
#14397 = EDGE_LOOP('',(#14398));
#14398 = ORIENTED_EDGE('',*,*,#14399,.T.);
#14399 = EDGE_CURVE('',#14400,#14400,#14402,.T.);
#14400 = VERTEX_POINT('',#14401);
#14401 = CARTESIAN_POINT('',(83.3,-49.1,1.51));
#14402 = CIRCLE('',#14403,0.4);
#14403 = AXIS2_PLACEMENT_3D('',#14404,#14405,#14406);
#14404 = CARTESIAN_POINT('',(83.3,-48.7,1.51));
#14405 = DIRECTION('',(-0.,0.,-1.));
#14406 = DIRECTION('',(-3.552713678801E-14,-1.,0.));
#14407 = FACE_BOUND('',#14408,.T.);
#14408 = EDGE_LOOP('',(#14409));
#14409 = ORIENTED_EDGE('',*,*,#14410,.T.);
#14410 = EDGE_CURVE('',#14411,#14411,#14413,.T.);
#14411 = VERTEX_POINT('',#14412);
#14412 = CARTESIAN_POINT('',(84.8,-46.85,1.51));
#14413 = CIRCLE('',#14414,0.15);
#14414 = AXIS2_PLACEMENT_3D('',#14415,#14416,#14417);
#14415 = CARTESIAN_POINT('',(84.8,-46.7,1.51));
#14416 = DIRECTION('',(-0.,0.,-1.));
#14417 = DIRECTION('',(-9.473903143469E-14,-1.,0.));
#14418 = FACE_BOUND('',#14419,.T.);
#14419 = EDGE_LOOP('',(#14420));
#14420 = ORIENTED_EDGE('',*,*,#14421,.T.);
#14421 = EDGE_CURVE('',#14422,#14422,#14424,.T.);
#14422 = VERTEX_POINT('',#14423);
#14423 = CARTESIAN_POINT('',(87.8,-49.35,1.51));
#14424 = CIRCLE('',#14425,0.15);
#14425 = AXIS2_PLACEMENT_3D('',#14426,#14427,#14428);
#14426 = CARTESIAN_POINT('',(87.8,-49.2,1.51));
#14427 = DIRECTION('',(-0.,0.,-1.));
#14428 = DIRECTION('',(-9.473903143469E-14,-1.,0.));
#14429 = FACE_BOUND('',#14430,.T.);
#14430 = EDGE_LOOP('',(#14431));
#14431 = ORIENTED_EDGE('',*,*,#14432,.T.);
#14432 = EDGE_CURVE('',#14433,#14433,#14435,.T.);
#14433 = VERTEX_POINT('',#14434);
#14434 = CARTESIAN_POINT('',(89.9,-51.75,1.51));
#14435 = CIRCLE('',#14436,0.15);
#14436 = AXIS2_PLACEMENT_3D('',#14437,#14438,#14439);
#14437 = CARTESIAN_POINT('',(89.9,-51.6,1.51));
#14438 = DIRECTION('',(-0.,0.,-1.));
#14439 = DIRECTION('',(-0.,-1.,0.));
#14440 = FACE_BOUND('',#14441,.T.);
#14441 = EDGE_LOOP('',(#14442));
#14442 = ORIENTED_EDGE('',*,*,#14443,.T.);
#14443 = EDGE_CURVE('',#14444,#14444,#14446,.T.);
#14444 = VERTEX_POINT('',#14445);
#14445 = CARTESIAN_POINT('',(91.8,-50.75,1.51));
#14446 = CIRCLE('',#14447,0.15);
#14447 = AXIS2_PLACEMENT_3D('',#14448,#14449,#14450);
#14448 = CARTESIAN_POINT('',(91.8,-50.6,1.51));
#14449 = DIRECTION('',(-0.,0.,-1.));
#14450 = DIRECTION('',(-9.473903143468E-14,-1.,0.));
#14451 = FACE_BOUND('',#14452,.T.);
#14452 = EDGE_LOOP('',(#14453));
#14453 = ORIENTED_EDGE('',*,*,#14454,.T.);
#14454 = EDGE_CURVE('',#14455,#14455,#14457,.T.);
#14455 = VERTEX_POINT('',#14456);
#14456 = CARTESIAN_POINT('',(91.2,-47.55,1.51));
#14457 = CIRCLE('',#14458,0.15);
#14458 = AXIS2_PLACEMENT_3D('',#14459,#14460,#14461);
#14459 = CARTESIAN_POINT('',(91.2,-47.4,1.51));
#14460 = DIRECTION('',(-0.,0.,-1.));
#14461 = DIRECTION('',(9.473903143467E-14,-1.,-0.));
#14462 = FACE_BOUND('',#14463,.T.);
#14463 = EDGE_LOOP('',(#14464));
#14464 = ORIENTED_EDGE('',*,*,#14465,.T.);
#14465 = EDGE_CURVE('',#14466,#14466,#14468,.T.);
#14466 = VERTEX_POINT('',#14467);
#14467 = CARTESIAN_POINT('',(97.5,-66.55,1.51));
#14468 = CIRCLE('',#14469,0.55);
#14469 = AXIS2_PLACEMENT_3D('',#14470,#14471,#14472);
#14470 = CARTESIAN_POINT('',(97.5,-66.,1.51));
#14471 = DIRECTION('',(-0.,0.,-1.));
#14472 = DIRECTION('',(-0.,-1.,0.));
#14473 = FACE_BOUND('',#14474,.T.);
#14474 = EDGE_LOOP('',(#14475));
#14475 = ORIENTED_EDGE('',*,*,#14476,.T.);
#14476 = EDGE_CURVE('',#14477,#14477,#14479,.T.);
#14477 = VERTEX_POINT('',#14478);
#14478 = CARTESIAN_POINT('',(101.3,-66.65,1.51));
#14479 = CIRCLE('',#14480,0.55);
#14480 = AXIS2_PLACEMENT_3D('',#14481,#14482,#14483);
#14481 = CARTESIAN_POINT('',(101.3,-66.1,1.51));
#14482 = DIRECTION('',(-0.,0.,-1.));
#14483 = DIRECTION('',(-0.,-1.,0.));
#14484 = FACE_BOUND('',#14485,.T.);
#14485 = EDGE_LOOP('',(#14486));
#14486 = ORIENTED_EDGE('',*,*,#14487,.T.);
#14487 = EDGE_CURVE('',#14488,#14488,#14490,.T.);
#14488 = VERTEX_POINT('',#14489);
#14489 = CARTESIAN_POINT('',(97.5,-60.05,1.51));
#14490 = CIRCLE('',#14491,0.55);
#14491 = AXIS2_PLACEMENT_3D('',#14492,#14493,#14494);
#14492 = CARTESIAN_POINT('',(97.5,-59.5,1.51));
#14493 = DIRECTION('',(-0.,0.,-1.));
#14494 = DIRECTION('',(-0.,-1.,0.));
#14495 = FACE_BOUND('',#14496,.T.);
#14496 = EDGE_LOOP('',(#14497));
#14497 = ORIENTED_EDGE('',*,*,#14498,.T.);
#14498 = EDGE_CURVE('',#14499,#14499,#14501,.T.);
#14499 = VERTEX_POINT('',#14500);
#14500 = CARTESIAN_POINT('',(101.3,-60.15,1.51));
#14501 = CIRCLE('',#14502,0.55);
#14502 = AXIS2_PLACEMENT_3D('',#14503,#14504,#14505);
#14503 = CARTESIAN_POINT('',(101.3,-59.6,1.51));
#14504 = DIRECTION('',(-0.,0.,-1.));
#14505 = DIRECTION('',(-0.,-1.,0.));
#14506 = FACE_BOUND('',#14507,.T.);
#14507 = EDGE_LOOP('',(#14508));
#14508 = ORIENTED_EDGE('',*,*,#14509,.T.);
#14509 = EDGE_CURVE('',#14510,#14510,#14512,.T.);
#14510 = VERTEX_POINT('',#14511);
#14511 = CARTESIAN_POINT('',(105.8,-66.65,1.51));
#14512 = CIRCLE('',#14513,0.55);
#14513 = AXIS2_PLACEMENT_3D('',#14514,#14515,#14516);
#14514 = CARTESIAN_POINT('',(105.8,-66.1,1.51));
#14515 = DIRECTION('',(-0.,0.,-1.));
#14516 = DIRECTION('',(-0.,-1.,0.));
#14517 = FACE_BOUND('',#14518,.T.);
#14518 = EDGE_LOOP('',(#14519));
#14519 = ORIENTED_EDGE('',*,*,#14520,.T.);
#14520 = EDGE_CURVE('',#14521,#14521,#14523,.T.);
#14521 = VERTEX_POINT('',#14522);
#14522 = CARTESIAN_POINT('',(105.8,-60.15,1.51));
#14523 = CIRCLE('',#14524,0.55);
#14524 = AXIS2_PLACEMENT_3D('',#14525,#14526,#14527);
#14525 = CARTESIAN_POINT('',(105.8,-59.6,1.51));
#14526 = DIRECTION('',(-0.,0.,-1.));
#14527 = DIRECTION('',(-0.,-1.,0.));
#14528 = FACE_BOUND('',#14529,.T.);
#14529 = EDGE_LOOP('',(#14530));
#14530 = ORIENTED_EDGE('',*,*,#14531,.T.);
#14531 = EDGE_CURVE('',#14532,#14532,#14534,.T.);
#14532 = VERTEX_POINT('',#14533);
#14533 = CARTESIAN_POINT('',(97.3225,-51.45,1.51));
#14534 = CIRCLE('',#14535,0.15);
#14535 = AXIS2_PLACEMENT_3D('',#14536,#14537,#14538);
#14536 = CARTESIAN_POINT('',(97.3225,-51.3,1.51));
#14537 = DIRECTION('',(-0.,0.,-1.));
#14538 = DIRECTION('',(9.473903143467E-14,-1.,-0.));
#14539 = FACE_BOUND('',#14540,.T.);
#14540 = EDGE_LOOP('',(#14541));
#14541 = ORIENTED_EDGE('',*,*,#14542,.T.);
#14542 = EDGE_CURVE('',#14543,#14543,#14545,.T.);
#14543 = VERTEX_POINT('',#14544);
#14544 = CARTESIAN_POINT('',(98.0225,-52.05,1.51));
#14545 = CIRCLE('',#14546,0.15);
#14546 = AXIS2_PLACEMENT_3D('',#14547,#14548,#14549);
#14547 = CARTESIAN_POINT('',(98.0225,-51.9,1.51));
#14548 = DIRECTION('',(-0.,0.,-1.));
#14549 = DIRECTION('',(-9.473903143468E-14,-1.,0.));
#14550 = FACE_BOUND('',#14551,.T.);
#14551 = EDGE_LOOP('',(#14552));
#14552 = ORIENTED_EDGE('',*,*,#14553,.T.);
#14553 = EDGE_CURVE('',#14554,#14554,#14556,.T.);
#14554 = VERTEX_POINT('',#14555);
#14555 = CARTESIAN_POINT('',(101.69,-53.512152,1.51));
#14556 = CIRCLE('',#14557,0.15);
#14557 = AXIS2_PLACEMENT_3D('',#14558,#14559,#14560);
#14558 = CARTESIAN_POINT('',(101.69,-53.362152,1.51));
#14559 = DIRECTION('',(-0.,0.,-1.));
#14560 = DIRECTION('',(-0.,-1.,0.));
#14561 = FACE_BOUND('',#14562,.T.);
#14562 = EDGE_LOOP('',(#14563));
#14563 = ORIENTED_EDGE('',*,*,#14564,.T.);
#14564 = EDGE_CURVE('',#14565,#14565,#14567,.T.);
#14565 = VERTEX_POINT('',#14566);
#14566 = CARTESIAN_POINT('',(101.38998,-52.363469,1.51));
#14567 = CIRCLE('',#14568,0.15);
#14568 = AXIS2_PLACEMENT_3D('',#14569,#14570,#14571);
#14569 = CARTESIAN_POINT('',(101.38998,-52.213469,1.51));
#14570 = DIRECTION('',(-0.,0.,-1.));
#14571 = DIRECTION('',(-9.473903143469E-14,-1.,0.));
#14572 = FACE_BOUND('',#14573,.T.);
#14573 = EDGE_LOOP('',(#14574));
#14574 = ORIENTED_EDGE('',*,*,#14575,.T.);
#14575 = EDGE_CURVE('',#14576,#14576,#14578,.T.);
#14576 = VERTEX_POINT('',#14577);
#14577 = CARTESIAN_POINT('',(101.623972,-51.5,1.51));
#14578 = CIRCLE('',#14579,0.15);
#14579 = AXIS2_PLACEMENT_3D('',#14580,#14581,#14582);
#14580 = CARTESIAN_POINT('',(101.623972,-51.35,1.51));
#14581 = DIRECTION('',(-0.,0.,-1.));
#14582 = DIRECTION('',(-9.473903143468E-14,-1.,0.));
#14583 = FACE_BOUND('',#14584,.T.);
#14584 = EDGE_LOOP('',(#14585));
#14585 = ORIENTED_EDGE('',*,*,#14586,.T.);
#14586 = EDGE_CURVE('',#14587,#14587,#14589,.T.);
#14587 = VERTEX_POINT('',#14588);
#14588 = CARTESIAN_POINT('',(97.8225,-50.05,1.51));
#14589 = CIRCLE('',#14590,0.15);
#14590 = AXIS2_PLACEMENT_3D('',#14591,#14592,#14593);
#14591 = CARTESIAN_POINT('',(97.8225,-49.9,1.51));
#14592 = DIRECTION('',(-0.,0.,-1.));
#14593 = DIRECTION('',(9.473903143467E-14,-1.,-0.));
#14594 = FACE_BOUND('',#14595,.T.);
#14595 = EDGE_LOOP('',(#14596));
#14596 = ORIENTED_EDGE('',*,*,#14597,.T.);
#14597 = EDGE_CURVE('',#14598,#14598,#14600,.T.);
#14598 = VERTEX_POINT('',#14599);
#14599 = CARTESIAN_POINT('',(98.0225,-48.75,1.51));
#14600 = CIRCLE('',#14601,0.15);
#14601 = AXIS2_PLACEMENT_3D('',#14602,#14603,#14604);
#14602 = CARTESIAN_POINT('',(98.0225,-48.6,1.51));
#14603 = DIRECTION('',(-0.,0.,-1.));
#14604 = DIRECTION('',(-9.473903143468E-14,-1.,0.));
#14605 = FACE_BOUND('',#14606,.T.);
#14606 = EDGE_LOOP('',(#14607));
#14607 = ORIENTED_EDGE('',*,*,#14608,.T.);
#14608 = EDGE_CURVE('',#14609,#14609,#14611,.T.);
#14609 = VERTEX_POINT('',#14610);
#14610 = CARTESIAN_POINT('',(95.724265,-45.774265,1.51));
#14611 = CIRCLE('',#14612,0.15);
#14612 = AXIS2_PLACEMENT_3D('',#14613,#14614,#14615);
#14613 = CARTESIAN_POINT('',(95.724265,-45.624265,1.51));
#14614 = DIRECTION('',(-0.,0.,-1.));
#14615 = DIRECTION('',(-0.,-1.,0.));
#14616 = FACE_BOUND('',#14617,.T.);
#14617 = EDGE_LOOP('',(#14618,#14629,#14637,#14646));
#14618 = ORIENTED_EDGE('',*,*,#14619,.T.);
#14619 = EDGE_CURVE('',#14620,#14622,#14624,.T.);
#14620 = VERTEX_POINT('',#14621);
#14621 = CARTESIAN_POINT('',(103.96,-55.52,1.51));
#14622 = VERTEX_POINT('',#14623);
#14623 = CARTESIAN_POINT('',(103.96,-56.12,1.51));
#14624 = CIRCLE('',#14625,0.3);
#14625 = AXIS2_PLACEMENT_3D('',#14626,#14627,#14628);
#14626 = CARTESIAN_POINT('',(103.96,-55.82,1.51));
#14627 = DIRECTION('',(-0.,0.,-1.));
#14628 = DIRECTION('',(-4.736951571734E-14,-1.,0.));
#14629 = ORIENTED_EDGE('',*,*,#14630,.T.);
#14630 = EDGE_CURVE('',#14622,#14631,#14633,.T.);
#14631 = VERTEX_POINT('',#14632);
#14632 = CARTESIAN_POINT('',(102.86,-56.12,1.51));
#14633 = LINE('',#14634,#14635);
#14634 = CARTESIAN_POINT('',(51.43,-56.12,1.51));
#14635 = VECTOR('',#14636,1.);
#14636 = DIRECTION('',(-1.,0.,0.));
#14637 = ORIENTED_EDGE('',*,*,#14638,.T.);
#14638 = EDGE_CURVE('',#14631,#14639,#14641,.T.);
#14639 = VERTEX_POINT('',#14640);
#14640 = CARTESIAN_POINT('',(102.86,-55.52,1.51));
#14641 = CIRCLE('',#14642,0.3);
#14642 = AXIS2_PLACEMENT_3D('',#14643,#14644,#14645);
#14643 = CARTESIAN_POINT('',(102.86,-55.82,1.51));
#14644 = DIRECTION('',(-0.,0.,-1.));
#14645 = DIRECTION('',(-4.736951571734E-14,1.,0.));
#14646 = ORIENTED_EDGE('',*,*,#14647,.T.);
#14647 = EDGE_CURVE('',#14639,#14620,#14648,.T.);
#14648 = LINE('',#14649,#14650);
#14649 = CARTESIAN_POINT('',(51.98,-55.52,1.51));
#14650 = VECTOR('',#14651,1.);
#14651 = DIRECTION('',(1.,0.,-0.));
#14652 = FACE_BOUND('',#14653,.T.);
#14653 = EDGE_LOOP('',(#14654));
#14654 = ORIENTED_EDGE('',*,*,#14655,.T.);
#14655 = EDGE_CURVE('',#14656,#14656,#14658,.T.);
#14656 = VERTEX_POINT('',#14657);
#14657 = CARTESIAN_POINT('',(103.93,-54.715,1.51));
#14658 = CIRCLE('',#14659,0.325);
#14659 = AXIS2_PLACEMENT_3D('',#14660,#14661,#14662);
#14660 = CARTESIAN_POINT('',(103.93,-54.39,1.51));
#14661 = DIRECTION('',(-0.,0.,-1.));
#14662 = DIRECTION('',(-0.,-1.,0.));
#14663 = FACE_BOUND('',#14664,.T.);
#14664 = EDGE_LOOP('',(#14665));
#14665 = ORIENTED_EDGE('',*,*,#14666,.T.);
#14666 = EDGE_CURVE('',#14667,#14667,#14669,.T.);
#14667 = VERTEX_POINT('',#14668);
#14668 = CARTESIAN_POINT('',(103.964635,-52.428189,1.51));
#14669 = CIRCLE('',#14670,0.15);
#14670 = AXIS2_PLACEMENT_3D('',#14671,#14672,#14673);
#14671 = CARTESIAN_POINT('',(103.964635,-52.278189,1.51));
#14672 = DIRECTION('',(-0.,0.,-1.));
#14673 = DIRECTION('',(-0.,-1.,0.));
#14674 = FACE_BOUND('',#14675,.T.);
#14675 = EDGE_LOOP('',(#14676,#14687,#14695,#14704));
#14676 = ORIENTED_EDGE('',*,*,#14677,.T.);
#14677 = EDGE_CURVE('',#14678,#14680,#14682,.T.);
#14678 = VERTEX_POINT('',#14679);
#14679 = CARTESIAN_POINT('',(108.01,-55.52,1.51));
#14680 = VERTEX_POINT('',#14681);
#14681 = CARTESIAN_POINT('',(108.01,-56.12,1.51));
#14682 = CIRCLE('',#14683,0.3);
#14683 = AXIS2_PLACEMENT_3D('',#14684,#14685,#14686);
#14684 = CARTESIAN_POINT('',(108.01,-55.82,1.51));
#14685 = DIRECTION('',(-0.,0.,-1.));
#14686 = DIRECTION('',(4.736951571734E-14,-1.,-0.));
#14687 = ORIENTED_EDGE('',*,*,#14688,.T.);
#14688 = EDGE_CURVE('',#14680,#14689,#14691,.T.);
#14689 = VERTEX_POINT('',#14690);
#14690 = CARTESIAN_POINT('',(107.21,-56.12,1.51));
#14691 = LINE('',#14692,#14693);
#14692 = CARTESIAN_POINT('',(53.605,-56.12,1.51));
#14693 = VECTOR('',#14694,1.);
#14694 = DIRECTION('',(-1.,0.,0.));
#14695 = ORIENTED_EDGE('',*,*,#14696,.T.);
#14696 = EDGE_CURVE('',#14689,#14697,#14699,.T.);
#14697 = VERTEX_POINT('',#14698);
#14698 = CARTESIAN_POINT('',(107.21,-55.52,1.51));
#14699 = CIRCLE('',#14700,0.3);
#14700 = AXIS2_PLACEMENT_3D('',#14701,#14702,#14703);
#14701 = CARTESIAN_POINT('',(107.21,-55.82,1.51));
#14702 = DIRECTION('',(-0.,0.,-1.));
#14703 = DIRECTION('',(-4.736951571734E-14,1.,0.));
#14704 = ORIENTED_EDGE('',*,*,#14705,.T.);
#14705 = EDGE_CURVE('',#14697,#14678,#14706,.T.);
#14706 = LINE('',#14707,#14708);
#14707 = CARTESIAN_POINT('',(54.005,-55.52,1.51));
#14708 = VECTOR('',#14709,1.);
#14709 = DIRECTION('',(1.,0.,-0.));
#14710 = FACE_BOUND('',#14711,.T.);
#14711 = EDGE_LOOP('',(#14712));
#14712 = ORIENTED_EDGE('',*,*,#14713,.T.);
#14713 = EDGE_CURVE('',#14714,#14714,#14716,.T.);
#14714 = VERTEX_POINT('',#14715);
#14715 = CARTESIAN_POINT('',(104.043386,-50.422558,1.51));
#14716 = CIRCLE('',#14717,0.15);
#14717 = AXIS2_PLACEMENT_3D('',#14718,#14719,#14720);
#14718 = CARTESIAN_POINT('',(104.043386,-50.272558,1.51));
#14719 = DIRECTION('',(-0.,0.,-1.));
#14720 = DIRECTION('',(-0.,-1.,0.));
#14721 = FACE_BOUND('',#14722,.T.);
#14722 = EDGE_LOOP('',(#14723));
#14723 = ORIENTED_EDGE('',*,*,#14724,.T.);
#14724 = EDGE_CURVE('',#14725,#14725,#14727,.T.);
#14725 = VERTEX_POINT('',#14726);
#14726 = CARTESIAN_POINT('',(103.93,-48.935,1.51));
#14727 = CIRCLE('',#14728,0.325);
#14728 = AXIS2_PLACEMENT_3D('',#14729,#14730,#14731);
#14729 = CARTESIAN_POINT('',(103.93,-48.61,1.51));
#14730 = DIRECTION('',(-0.,0.,-1.));
#14731 = DIRECTION('',(-0.,-1.,0.));
#14732 = FACE_BOUND('',#14733,.T.);
#14733 = EDGE_LOOP('',(#14734,#14745,#14753,#14762));
#14734 = ORIENTED_EDGE('',*,*,#14735,.T.);
#14735 = EDGE_CURVE('',#14736,#14738,#14740,.T.);
#14736 = VERTEX_POINT('',#14737);
#14737 = CARTESIAN_POINT('',(103.96,-46.88,1.51));
#14738 = VERTEX_POINT('',#14739);
#14739 = CARTESIAN_POINT('',(103.96,-47.48,1.51));
#14740 = CIRCLE('',#14741,0.3);
#14741 = AXIS2_PLACEMENT_3D('',#14742,#14743,#14744);
#14742 = CARTESIAN_POINT('',(103.96,-47.18,1.51));
#14743 = DIRECTION('',(-0.,0.,-1.));
#14744 = DIRECTION('',(-4.736951571734E-14,-1.,0.));
#14745 = ORIENTED_EDGE('',*,*,#14746,.T.);
#14746 = EDGE_CURVE('',#14738,#14747,#14749,.T.);
#14747 = VERTEX_POINT('',#14748);
#14748 = CARTESIAN_POINT('',(102.86,-47.48,1.51));
#14749 = LINE('',#14750,#14751);
#14750 = CARTESIAN_POINT('',(51.43,-47.48,1.51));
#14751 = VECTOR('',#14752,1.);
#14752 = DIRECTION('',(-1.,0.,0.));
#14753 = ORIENTED_EDGE('',*,*,#14754,.T.);
#14754 = EDGE_CURVE('',#14747,#14755,#14757,.T.);
#14755 = VERTEX_POINT('',#14756);
#14756 = CARTESIAN_POINT('',(102.86,-46.88,1.51));
#14757 = CIRCLE('',#14758,0.3);
#14758 = AXIS2_PLACEMENT_3D('',#14759,#14760,#14761);
#14759 = CARTESIAN_POINT('',(102.86,-47.18,1.51));
#14760 = DIRECTION('',(-0.,0.,-1.));
#14761 = DIRECTION('',(-4.736951571734E-14,1.,0.));
#14762 = ORIENTED_EDGE('',*,*,#14763,.T.);
#14763 = EDGE_CURVE('',#14755,#14736,#14764,.T.);
#14764 = LINE('',#14765,#14766);
#14765 = CARTESIAN_POINT('',(51.98,-46.88,1.51));
#14766 = VECTOR('',#14767,1.);
#14767 = DIRECTION('',(1.,0.,-0.));
#14768 = FACE_BOUND('',#14769,.T.);
#14769 = EDGE_LOOP('',(#14770,#14781,#14789,#14798));
#14770 = ORIENTED_EDGE('',*,*,#14771,.T.);
#14771 = EDGE_CURVE('',#14772,#14774,#14776,.T.);
#14772 = VERTEX_POINT('',#14773);
#14773 = CARTESIAN_POINT('',(108.01,-46.88,1.51));
#14774 = VERTEX_POINT('',#14775);
#14775 = CARTESIAN_POINT('',(108.01,-47.48,1.51));
#14776 = CIRCLE('',#14777,0.3);
#14777 = AXIS2_PLACEMENT_3D('',#14778,#14779,#14780);
#14778 = CARTESIAN_POINT('',(108.01,-47.18,1.51));
#14779 = DIRECTION('',(-0.,0.,-1.));
#14780 = DIRECTION('',(4.736951571734E-14,-1.,-0.));
#14781 = ORIENTED_EDGE('',*,*,#14782,.T.);
#14782 = EDGE_CURVE('',#14774,#14783,#14785,.T.);
#14783 = VERTEX_POINT('',#14784);
#14784 = CARTESIAN_POINT('',(107.21,-47.48,1.51));
#14785 = LINE('',#14786,#14787);
#14786 = CARTESIAN_POINT('',(53.605,-47.48,1.51));
#14787 = VECTOR('',#14788,1.);
#14788 = DIRECTION('',(-1.,0.,0.));
#14789 = ORIENTED_EDGE('',*,*,#14790,.T.);
#14790 = EDGE_CURVE('',#14783,#14791,#14793,.T.);
#14791 = VERTEX_POINT('',#14792);
#14792 = CARTESIAN_POINT('',(107.21,-46.88,1.51));
#14793 = CIRCLE('',#14794,0.3);
#14794 = AXIS2_PLACEMENT_3D('',#14795,#14796,#14797);
#14795 = CARTESIAN_POINT('',(107.21,-47.18,1.51));
#14796 = DIRECTION('',(-0.,0.,-1.));
#14797 = DIRECTION('',(-4.736951571734E-14,1.,0.));
#14798 = ORIENTED_EDGE('',*,*,#14799,.T.);
#14799 = EDGE_CURVE('',#14791,#14772,#14800,.T.);
#14800 = LINE('',#14801,#14802);
#14801 = CARTESIAN_POINT('',(54.005,-46.88,1.51));
#14802 = VECTOR('',#14803,1.);
#14803 = DIRECTION('',(1.,0.,-0.));
#14804 = FACE_BOUND('',#14805,.T.);
#14805 = EDGE_LOOP('',(#14806));
#14806 = ORIENTED_EDGE('',*,*,#14807,.T.);
#14807 = EDGE_CURVE('',#14808,#14808,#14810,.T.);
#14808 = VERTEX_POINT('',#14809);
#14809 = CARTESIAN_POINT('',(84.7,-43.85,1.51));
#14810 = CIRCLE('',#14811,0.15);
#14811 = AXIS2_PLACEMENT_3D('',#14812,#14813,#14814);
#14812 = CARTESIAN_POINT('',(84.7,-43.7,1.51));
#14813 = DIRECTION('',(-0.,0.,-1.));
#14814 = DIRECTION('',(9.473903143467E-14,-1.,-0.));
#14815 = FACE_BOUND('',#14816,.T.);
#14816 = EDGE_LOOP('',(#14817));
#14817 = ORIENTED_EDGE('',*,*,#14818,.T.);
#14818 = EDGE_CURVE('',#14819,#14819,#14821,.T.);
#14819 = VERTEX_POINT('',#14820);
#14820 = CARTESIAN_POINT('',(84.3,-42.05,1.51));
#14821 = CIRCLE('',#14822,0.15);
#14822 = AXIS2_PLACEMENT_3D('',#14823,#14824,#14825);
#14823 = CARTESIAN_POINT('',(84.3,-41.9,1.51));
#14824 = DIRECTION('',(-0.,0.,-1.));
#14825 = DIRECTION('',(-9.473903143468E-14,-1.,0.));
#14826 = FACE_BOUND('',#14827,.T.);
#14827 = EDGE_LOOP('',(#14828));
#14828 = ORIENTED_EDGE('',*,*,#14829,.T.);
#14829 = EDGE_CURVE('',#14830,#14830,#14832,.T.);
#14830 = VERTEX_POINT('',#14831);
#14831 = CARTESIAN_POINT('',(87.6,-39.65,1.51));
#14832 = CIRCLE('',#14833,0.15);
#14833 = AXIS2_PLACEMENT_3D('',#14834,#14835,#14836);
#14834 = CARTESIAN_POINT('',(87.6,-39.5,1.51));
#14835 = DIRECTION('',(-0.,0.,-1.));
#14836 = DIRECTION('',(-0.,-1.,0.));
#14837 = FACE_BOUND('',#14838,.T.);
#14838 = EDGE_LOOP('',(#14839));
#14839 = ORIENTED_EDGE('',*,*,#14840,.T.);
#14840 = EDGE_CURVE('',#14841,#14841,#14843,.T.);
#14841 = VERTEX_POINT('',#14842);
#14842 = CARTESIAN_POINT('',(88.2,-38.25,1.51));
#14843 = CIRCLE('',#14844,0.15);
#14844 = AXIS2_PLACEMENT_3D('',#14845,#14846,#14847);
#14845 = CARTESIAN_POINT('',(88.2,-38.1,1.51));
#14846 = DIRECTION('',(-0.,0.,-1.));
#14847 = DIRECTION('',(9.473903143467E-14,-1.,-0.));
#14848 = FACE_BOUND('',#14849,.T.);
#14849 = EDGE_LOOP('',(#14850));
#14850 = ORIENTED_EDGE('',*,*,#14851,.T.);
#14851 = EDGE_CURVE('',#14852,#14852,#14854,.T.);
#14852 = VERTEX_POINT('',#14853);
#14853 = CARTESIAN_POINT('',(88.774265,-36.524265,1.51));
#14854 = CIRCLE('',#14855,0.15);
#14855 = AXIS2_PLACEMENT_3D('',#14856,#14857,#14858);
#14856 = CARTESIAN_POINT('',(88.774265,-36.374265,1.51));
#14857 = DIRECTION('',(-0.,0.,-1.));
#14858 = DIRECTION('',(-0.,-1.,0.));
#14859 = FACE_BOUND('',#14860,.T.);
#14860 = EDGE_LOOP('',(#14861));
#14861 = ORIENTED_EDGE('',*,*,#14862,.T.);
#14862 = EDGE_CURVE('',#14863,#14863,#14865,.T.);
#14863 = VERTEX_POINT('',#14864);
#14864 = CARTESIAN_POINT('',(87.7,-35.25,1.51));
#14865 = CIRCLE('',#14866,0.15);
#14866 = AXIS2_PLACEMENT_3D('',#14867,#14868,#14869);
#14867 = CARTESIAN_POINT('',(87.7,-35.1,1.51));
#14868 = DIRECTION('',(-0.,0.,-1.));
#14869 = DIRECTION('',(9.473903143467E-14,-1.,-0.));
#14870 = FACE_BOUND('',#14871,.T.);
#14871 = EDGE_LOOP('',(#14872));
#14872 = ORIENTED_EDGE('',*,*,#14873,.T.);
#14873 = EDGE_CURVE('',#14874,#14874,#14876,.T.);
#14874 = VERTEX_POINT('',#14875);
#14875 = CARTESIAN_POINT('',(95.45,-39.6,1.51));
#14876 = CIRCLE('',#14877,0.1);
#14877 = AXIS2_PLACEMENT_3D('',#14878,#14879,#14880);
#14878 = CARTESIAN_POINT('',(95.45,-39.5,1.51));
#14879 = DIRECTION('',(-0.,0.,-1.));
#14880 = DIRECTION('',(1.42108547152E-13,-1.,-0.));
#14881 = FACE_BOUND('',#14882,.T.);
#14882 = EDGE_LOOP('',(#14883));
#14883 = ORIENTED_EDGE('',*,*,#14884,.T.);
#14884 = EDGE_CURVE('',#14885,#14885,#14887,.T.);
#14885 = VERTEX_POINT('',#14886);
#14886 = CARTESIAN_POINT('',(94.9,-39.05,1.51));
#14887 = CIRCLE('',#14888,1.E-01);
#14888 = AXIS2_PLACEMENT_3D('',#14889,#14890,#14891);
#14889 = CARTESIAN_POINT('',(94.9,-38.95,1.51));
#14890 = DIRECTION('',(-0.,0.,-1.));
#14891 = DIRECTION('',(-0.,-1.,0.));
#14892 = FACE_BOUND('',#14893,.T.);
#14893 = EDGE_LOOP('',(#14894));
#14894 = ORIENTED_EDGE('',*,*,#14895,.T.);
#14895 = EDGE_CURVE('',#14896,#14896,#14898,.T.);
#14896 = VERTEX_POINT('',#14897);
#14897 = CARTESIAN_POINT('',(95.45,-38.5,1.51));
#14898 = CIRCLE('',#14899,0.1);
#14899 = AXIS2_PLACEMENT_3D('',#14900,#14901,#14902);
#14900 = CARTESIAN_POINT('',(95.45,-38.4,1.51));
#14901 = DIRECTION('',(-0.,0.,-1.));
#14902 = DIRECTION('',(1.42108547152E-13,-1.,-0.));
#14903 = FACE_BOUND('',#14904,.T.);
#14904 = EDGE_LOOP('',(#14905));
#14905 = ORIENTED_EDGE('',*,*,#14906,.T.);
#14906 = EDGE_CURVE('',#14907,#14907,#14909,.T.);
#14907 = VERTEX_POINT('',#14908);
#14908 = CARTESIAN_POINT('',(94.9,-37.95,1.51));
#14909 = CIRCLE('',#14910,1.E-01);
#14910 = AXIS2_PLACEMENT_3D('',#14911,#14912,#14913);
#14911 = CARTESIAN_POINT('',(94.9,-37.85,1.51));
#14912 = DIRECTION('',(-0.,0.,-1.));
#14913 = DIRECTION('',(-0.,-1.,0.));
#14914 = FACE_BOUND('',#14915,.T.);
#14915 = EDGE_LOOP('',(#14916));
#14916 = ORIENTED_EDGE('',*,*,#14917,.T.);
#14917 = EDGE_CURVE('',#14918,#14918,#14920,.T.);
#14918 = VERTEX_POINT('',#14919);
#14919 = CARTESIAN_POINT('',(95.45,-37.4,1.51));
#14920 = CIRCLE('',#14921,0.1);
#14921 = AXIS2_PLACEMENT_3D('',#14922,#14923,#14924);
#14922 = CARTESIAN_POINT('',(95.45,-37.3,1.51));
#14923 = DIRECTION('',(-0.,0.,-1.));
#14924 = DIRECTION('',(1.42108547152E-13,-1.,-0.));
#14925 = FACE_BOUND('',#14926,.T.);
#14926 = EDGE_LOOP('',(#14927));
#14927 = ORIENTED_EDGE('',*,*,#14928,.T.);
#14928 = EDGE_CURVE('',#14929,#14929,#14931,.T.);
#14929 = VERTEX_POINT('',#14930);
#14930 = CARTESIAN_POINT('',(87.9,-34.05,1.51));
#14931 = CIRCLE('',#14932,0.15);
#14932 = AXIS2_PLACEMENT_3D('',#14933,#14934,#14935);
#14933 = CARTESIAN_POINT('',(87.9,-33.9,1.51));
#14934 = DIRECTION('',(-0.,0.,-1.));
#14935 = DIRECTION('',(-0.,-1.,0.));
#14936 = FACE_BOUND('',#14937,.T.);
#14937 = EDGE_LOOP('',(#14938));
#14938 = ORIENTED_EDGE('',*,*,#14939,.T.);
#14939 = EDGE_CURVE('',#14940,#14940,#14942,.T.);
#14940 = VERTEX_POINT('',#14941);
#14941 = CARTESIAN_POINT('',(87.7,-29.,1.51));
#14942 = CIRCLE('',#14943,0.4);
#14943 = AXIS2_PLACEMENT_3D('',#14944,#14945,#14946);
#14944 = CARTESIAN_POINT('',(87.7,-28.6,1.51));
#14945 = DIRECTION('',(-0.,0.,-1.));
#14946 = DIRECTION('',(3.5527136788E-14,-1.,-0.));
#14947 = FACE_BOUND('',#14948,.T.);
#14948 = EDGE_LOOP('',(#14949));
#14949 = ORIENTED_EDGE('',*,*,#14950,.T.);
#14950 = EDGE_CURVE('',#14951,#14951,#14953,.T.);
#14951 = VERTEX_POINT('',#14952);
#14952 = CARTESIAN_POINT('',(91.9,-31.65,1.51));
#14953 = CIRCLE('',#14954,0.15);
#14954 = AXIS2_PLACEMENT_3D('',#14955,#14956,#14957);
#14955 = CARTESIAN_POINT('',(91.9,-31.5,1.51));
#14956 = DIRECTION('',(-0.,0.,-1.));
#14957 = DIRECTION('',(-0.,-1.,0.));
#14958 = FACE_BOUND('',#14959,.T.);
#14959 = EDGE_LOOP('',(#14960));
#14960 = ORIENTED_EDGE('',*,*,#14961,.T.);
#14961 = EDGE_CURVE('',#14962,#14962,#14964,.T.);
#14962 = VERTEX_POINT('',#14963);
#14963 = CARTESIAN_POINT('',(92.624265,-32.674265,1.51));
#14964 = CIRCLE('',#14965,0.15);
#14965 = AXIS2_PLACEMENT_3D('',#14966,#14967,#14968);
#14966 = CARTESIAN_POINT('',(92.624265,-32.524265,1.51));
#14967 = DIRECTION('',(-0.,0.,-1.));
#14968 = DIRECTION('',(-9.473903143469E-14,-1.,0.));
#14969 = FACE_BOUND('',#14970,.T.);
#14970 = EDGE_LOOP('',(#14971));
#14971 = ORIENTED_EDGE('',*,*,#14972,.T.);
#14972 = EDGE_CURVE('',#14973,#14973,#14975,.T.);
#14973 = VERTEX_POINT('',#14974);
#14974 = CARTESIAN_POINT('',(89.7,-29.,1.51));
#14975 = CIRCLE('',#14976,0.4);
#14976 = AXIS2_PLACEMENT_3D('',#14977,#14978,#14979);
#14977 = CARTESIAN_POINT('',(89.7,-28.6,1.51));
#14978 = DIRECTION('',(-0.,0.,-1.));
#14979 = DIRECTION('',(3.5527136788E-14,-1.,-0.));
#14980 = FACE_BOUND('',#14981,.T.);
#14981 = EDGE_LOOP('',(#14982));
#14982 = ORIENTED_EDGE('',*,*,#14983,.T.);
#14983 = EDGE_CURVE('',#14984,#14984,#14986,.T.);
#14984 = VERTEX_POINT('',#14985);
#14985 = CARTESIAN_POINT('',(91.7,-29.,1.51));
#14986 = CIRCLE('',#14987,0.4);
#14987 = AXIS2_PLACEMENT_3D('',#14988,#14989,#14990);
#14988 = CARTESIAN_POINT('',(91.7,-28.6,1.51));
#14989 = DIRECTION('',(-0.,0.,-1.));
#14990 = DIRECTION('',(3.5527136788E-14,-1.,-0.));
#14991 = FACE_BOUND('',#14992,.T.);
#14992 = EDGE_LOOP('',(#14993));
#14993 = ORIENTED_EDGE('',*,*,#14994,.T.);
#14994 = EDGE_CURVE('',#14995,#14995,#14997,.T.);
#14995 = VERTEX_POINT('',#14996);
#14996 = CARTESIAN_POINT('',(90.7,-25.3,1.51));
#14997 = CIRCLE('',#14998,0.4);
#14998 = AXIS2_PLACEMENT_3D('',#14999,#15000,#15001);
#14999 = CARTESIAN_POINT('',(90.7,-24.9,1.51));
#15000 = DIRECTION('',(-0.,0.,-1.));
#15001 = DIRECTION('',(3.5527136788E-14,-1.,-0.));
#15002 = FACE_BOUND('',#15003,.T.);
#15003 = EDGE_LOOP('',(#15004));
#15004 = ORIENTED_EDGE('',*,*,#15005,.T.);
#15005 = EDGE_CURVE('',#15006,#15006,#15008,.T.);
#15006 = VERTEX_POINT('',#15007);
#15007 = CARTESIAN_POINT('',(93.7,-29.,1.51));
#15008 = CIRCLE('',#15009,0.4);
#15009 = AXIS2_PLACEMENT_3D('',#15010,#15011,#15012);
#15010 = CARTESIAN_POINT('',(93.7,-28.6,1.51));
#15011 = DIRECTION('',(-0.,0.,-1.));
#15012 = DIRECTION('',(3.5527136788E-14,-1.,-0.));
#15013 = FACE_BOUND('',#15014,.T.);
#15014 = EDGE_LOOP('',(#15015));
#15015 = ORIENTED_EDGE('',*,*,#15016,.T.);
#15016 = EDGE_CURVE('',#15017,#15017,#15019,.T.);
#15017 = VERTEX_POINT('',#15018);
#15018 = CARTESIAN_POINT('',(92.7,-25.3,1.51));
#15019 = CIRCLE('',#15020,0.4);
#15020 = AXIS2_PLACEMENT_3D('',#15021,#15022,#15023);
#15021 = CARTESIAN_POINT('',(92.7,-24.9,1.51));
#15022 = DIRECTION('',(-0.,0.,-1.));
#15023 = DIRECTION('',(3.5527136788E-14,-1.,-0.));
#15024 = FACE_BOUND('',#15025,.T.);
#15025 = EDGE_LOOP('',(#15026));
#15026 = ORIENTED_EDGE('',*,*,#15027,.T.);
#15027 = EDGE_CURVE('',#15028,#15028,#15030,.T.);
#15028 = VERTEX_POINT('',#15029);
#15029 = CARTESIAN_POINT('',(94.7,-25.3,1.51));
#15030 = CIRCLE('',#15031,0.4);
#15031 = AXIS2_PLACEMENT_3D('',#15032,#15033,#15034);
#15032 = CARTESIAN_POINT('',(94.7,-24.9,1.51));
#15033 = DIRECTION('',(-0.,0.,-1.));
#15034 = DIRECTION('',(3.5527136788E-14,-1.,-0.));
#15035 = FACE_BOUND('',#15036,.T.);
#15036 = EDGE_LOOP('',(#15037));
#15037 = ORIENTED_EDGE('',*,*,#15038,.T.);
#15038 = EDGE_CURVE('',#15039,#15039,#15041,.T.);
#15039 = VERTEX_POINT('',#15040);
#15040 = CARTESIAN_POINT('',(96.55,-39.6,1.51));
#15041 = CIRCLE('',#15042,1.E-01);
#15042 = AXIS2_PLACEMENT_3D('',#15043,#15044,#15045);
#15043 = CARTESIAN_POINT('',(96.55,-39.5,1.51));
#15044 = DIRECTION('',(-0.,0.,-1.));
#15045 = DIRECTION('',(-1.42108547152E-13,-1.,0.));
#15046 = FACE_BOUND('',#15047,.T.);
#15047 = EDGE_LOOP('',(#15048));
#15048 = ORIENTED_EDGE('',*,*,#15049,.T.);
#15049 = EDGE_CURVE('',#15050,#15050,#15052,.T.);
#15050 = VERTEX_POINT('',#15051);
#15051 = CARTESIAN_POINT('',(96.,-39.05,1.51));
#15052 = CIRCLE('',#15053,9.999999999999E-02);
#15053 = AXIS2_PLACEMENT_3D('',#15054,#15055,#15056);
#15054 = CARTESIAN_POINT('',(96.,-38.95,1.51));
#15055 = DIRECTION('',(-0.,0.,-1.));
#15056 = DIRECTION('',(-0.,-1.,0.));
#15057 = FACE_BOUND('',#15058,.T.);
#15058 = EDGE_LOOP('',(#15059));
#15059 = ORIENTED_EDGE('',*,*,#15060,.T.);
#15060 = EDGE_CURVE('',#15061,#15061,#15063,.T.);
#15061 = VERTEX_POINT('',#15062);
#15062 = CARTESIAN_POINT('',(96.,-37.95,1.51));
#15063 = CIRCLE('',#15064,9.999999999999E-02);
#15064 = AXIS2_PLACEMENT_3D('',#15065,#15066,#15067);
#15065 = CARTESIAN_POINT('',(96.,-37.85,1.51));
#15066 = DIRECTION('',(-0.,0.,-1.));
#15067 = DIRECTION('',(-0.,-1.,0.));
#15068 = FACE_BOUND('',#15069,.T.);
#15069 = EDGE_LOOP('',(#15070));
#15070 = ORIENTED_EDGE('',*,*,#15071,.T.);
#15071 = EDGE_CURVE('',#15072,#15072,#15074,.T.);
#15072 = VERTEX_POINT('',#15073);
#15073 = CARTESIAN_POINT('',(96.55,-38.5,1.51));
#15074 = CIRCLE('',#15075,1.E-01);
#15075 = AXIS2_PLACEMENT_3D('',#15076,#15077,#15078);
#15076 = CARTESIAN_POINT('',(96.55,-38.4,1.51));
#15077 = DIRECTION('',(-0.,0.,-1.));
#15078 = DIRECTION('',(-1.42108547152E-13,-1.,0.));
#15079 = FACE_BOUND('',#15080,.T.);
#15080 = EDGE_LOOP('',(#15081));
#15081 = ORIENTED_EDGE('',*,*,#15082,.T.);
#15082 = EDGE_CURVE('',#15083,#15083,#15085,.T.);
#15083 = VERTEX_POINT('',#15084);
#15084 = CARTESIAN_POINT('',(97.1,-39.05,1.51));
#15085 = CIRCLE('',#15086,0.1);
#15086 = AXIS2_PLACEMENT_3D('',#15087,#15088,#15089);
#15087 = CARTESIAN_POINT('',(97.1,-38.95,1.51));
#15088 = DIRECTION('',(-0.,0.,-1.));
#15089 = DIRECTION('',(-0.,-1.,0.));
#15090 = FACE_BOUND('',#15091,.T.);
#15091 = EDGE_LOOP('',(#15092));
#15092 = ORIENTED_EDGE('',*,*,#15093,.T.);
#15093 = EDGE_CURVE('',#15094,#15094,#15096,.T.);
#15094 = VERTEX_POINT('',#15095);
#15095 = CARTESIAN_POINT('',(97.1,-37.95,1.51));
#15096 = CIRCLE('',#15097,0.1);
#15097 = AXIS2_PLACEMENT_3D('',#15098,#15099,#15100);
#15098 = CARTESIAN_POINT('',(97.1,-37.85,1.51));
#15099 = DIRECTION('',(-0.,0.,-1.));
#15100 = DIRECTION('',(-0.,-1.,0.));
#15101 = FACE_BOUND('',#15102,.T.);
#15102 = EDGE_LOOP('',(#15103));
#15103 = ORIENTED_EDGE('',*,*,#15104,.T.);
#15104 = EDGE_CURVE('',#15105,#15105,#15107,.T.);
#15105 = VERTEX_POINT('',#15106);
#15106 = CARTESIAN_POINT('',(96.55,-37.4,1.51));
#15107 = CIRCLE('',#15108,1.E-01);
#15108 = AXIS2_PLACEMENT_3D('',#15109,#15110,#15111);
#15109 = CARTESIAN_POINT('',(96.55,-37.3,1.51));
#15110 = DIRECTION('',(-0.,0.,-1.));
#15111 = DIRECTION('',(-1.42108547152E-13,-1.,0.));
#15112 = FACE_BOUND('',#15113,.T.);
#15113 = EDGE_LOOP('',(#15114));
#15114 = ORIENTED_EDGE('',*,*,#15115,.T.);
#15115 = EDGE_CURVE('',#15116,#15116,#15118,.T.);
#15116 = VERTEX_POINT('',#15117);
#15117 = CARTESIAN_POINT('',(102.,-42.15,1.51));
#15118 = CIRCLE('',#15119,0.15);
#15119 = AXIS2_PLACEMENT_3D('',#15120,#15121,#15122);
#15120 = CARTESIAN_POINT('',(102.,-42.,1.51));
#15121 = DIRECTION('',(-0.,0.,-1.));
#15122 = DIRECTION('',(-0.,-1.,0.));
#15123 = FACE_BOUND('',#15124,.T.);
#15124 = EDGE_LOOP('',(#15125));
#15125 = ORIENTED_EDGE('',*,*,#15126,.T.);
#15126 = EDGE_CURVE('',#15127,#15127,#15129,.T.);
#15127 = VERTEX_POINT('',#15128);
#15128 = CARTESIAN_POINT('',(107.,-43.6,1.51));
#15129 = CIRCLE('',#15130,0.4);
#15130 = AXIS2_PLACEMENT_3D('',#15131,#15132,#15133);
#15131 = CARTESIAN_POINT('',(107.,-43.2,1.51));
#15132 = DIRECTION('',(-0.,0.,-1.));
#15133 = DIRECTION('',(-0.,-1.,0.));
#15134 = FACE_BOUND('',#15135,.T.);
#15135 = EDGE_LOOP('',(#15136));
#15136 = ORIENTED_EDGE('',*,*,#15137,.T.);
#15137 = EDGE_CURVE('',#15138,#15138,#15140,.T.);
#15138 = VERTEX_POINT('',#15139);
#15139 = CARTESIAN_POINT('',(107.,-41.6,1.51));
#15140 = CIRCLE('',#15141,0.4);
#15141 = AXIS2_PLACEMENT_3D('',#15142,#15143,#15144);
#15142 = CARTESIAN_POINT('',(107.,-41.2,1.51));
#15143 = DIRECTION('',(-0.,0.,-1.));
#15144 = DIRECTION('',(-0.,-1.,0.));
#15145 = FACE_BOUND('',#15146,.T.);
#15146 = EDGE_LOOP('',(#15147));
#15147 = ORIENTED_EDGE('',*,*,#15148,.T.);
#15148 = EDGE_CURVE('',#15149,#15149,#15151,.T.);
#15149 = VERTEX_POINT('',#15150);
#15150 = CARTESIAN_POINT('',(105.1,-39.95,1.51));
#15151 = CIRCLE('',#15152,0.15);
#15152 = AXIS2_PLACEMENT_3D('',#15153,#15154,#15155);
#15153 = CARTESIAN_POINT('',(105.1,-39.8,1.51));
#15154 = DIRECTION('',(-0.,0.,-1.));
#15155 = DIRECTION('',(-0.,-1.,0.));
#15156 = FACE_BOUND('',#15157,.T.);
#15157 = EDGE_LOOP('',(#15158));
#15158 = ORIENTED_EDGE('',*,*,#15159,.T.);
#15159 = EDGE_CURVE('',#15160,#15160,#15162,.T.);
#15160 = VERTEX_POINT('',#15161);
#15161 = CARTESIAN_POINT('',(102.,-36.45,1.51));
#15162 = CIRCLE('',#15163,0.15);
#15163 = AXIS2_PLACEMENT_3D('',#15164,#15165,#15166);
#15164 = CARTESIAN_POINT('',(102.,-36.3,1.51));
#15165 = DIRECTION('',(-0.,0.,-1.));
#15166 = DIRECTION('',(-0.,-1.,0.));
#15167 = FACE_BOUND('',#15168,.T.);
#15168 = EDGE_LOOP('',(#15169));
#15169 = ORIENTED_EDGE('',*,*,#15170,.T.);
#15170 = EDGE_CURVE('',#15171,#15171,#15173,.T.);
#15171 = VERTEX_POINT('',#15172);
#15172 = CARTESIAN_POINT('',(105.3,-39.15,1.51));
#15173 = CIRCLE('',#15174,0.15);
#15174 = AXIS2_PLACEMENT_3D('',#15175,#15176,#15177);
#15175 = CARTESIAN_POINT('',(105.3,-39.,1.51));
#15176 = DIRECTION('',(-0.,0.,-1.));
#15177 = DIRECTION('',(-9.473903143469E-14,-1.,0.));
#15178 = FACE_BOUND('',#15179,.T.);
#15179 = EDGE_LOOP('',(#15180));
#15180 = ORIENTED_EDGE('',*,*,#15181,.T.);
#15181 = EDGE_CURVE('',#15182,#15182,#15184,.T.);
#15182 = VERTEX_POINT('',#15183);
#15183 = CARTESIAN_POINT('',(107.8,-37.95,1.51));
#15184 = CIRCLE('',#15185,0.15);
#15185 = AXIS2_PLACEMENT_3D('',#15186,#15187,#15188);
#15186 = CARTESIAN_POINT('',(107.8,-37.8,1.51));
#15187 = DIRECTION('',(-0.,0.,-1.));
#15188 = DIRECTION('',(-9.473903143469E-14,-1.,0.));
#15189 = FACE_BOUND('',#15190,.T.);
#15190 = EDGE_LOOP('',(#15191));
#15191 = ORIENTED_EDGE('',*,*,#15192,.T.);
#15192 = EDGE_CURVE('',#15193,#15193,#15195,.T.);
#15193 = VERTEX_POINT('',#15194);
#15194 = CARTESIAN_POINT('',(96.9,-30.45,1.51));
#15195 = CIRCLE('',#15196,0.15);
#15196 = AXIS2_PLACEMENT_3D('',#15197,#15198,#15199);
#15197 = CARTESIAN_POINT('',(96.9,-30.3,1.51));
#15198 = DIRECTION('',(-0.,0.,-1.));
#15199 = DIRECTION('',(-0.,-1.,0.));
#15200 = FACE_BOUND('',#15201,.T.);
#15201 = EDGE_LOOP('',(#15202));
#15202 = ORIENTED_EDGE('',*,*,#15203,.T.);
#15203 = EDGE_CURVE('',#15204,#15204,#15206,.T.);
#15204 = VERTEX_POINT('',#15205);
#15205 = CARTESIAN_POINT('',(95.7,-29.,1.51));
#15206 = CIRCLE('',#15207,0.4);
#15207 = AXIS2_PLACEMENT_3D('',#15208,#15209,#15210);
#15208 = CARTESIAN_POINT('',(95.7,-28.6,1.51));
#15209 = DIRECTION('',(-0.,0.,-1.));
#15210 = DIRECTION('',(3.5527136788E-14,-1.,-0.));
#15211 = FACE_BOUND('',#15212,.T.);
#15212 = EDGE_LOOP('',(#15213));
#15213 = ORIENTED_EDGE('',*,*,#15214,.T.);
#15214 = EDGE_CURVE('',#15215,#15215,#15217,.T.);
#15215 = VERTEX_POINT('',#15216);
#15216 = CARTESIAN_POINT('',(97.7,-29.,1.51));
#15217 = CIRCLE('',#15218,0.4);
#15218 = AXIS2_PLACEMENT_3D('',#15219,#15220,#15221);
#15219 = CARTESIAN_POINT('',(97.7,-28.6,1.51));
#15220 = DIRECTION('',(-0.,0.,-1.));
#15221 = DIRECTION('',(3.5527136788E-14,-1.,-0.));
#15222 = FACE_BOUND('',#15223,.T.);
#15223 = EDGE_LOOP('',(#15224));
#15224 = ORIENTED_EDGE('',*,*,#15225,.T.);
#15225 = EDGE_CURVE('',#15226,#15226,#15228,.T.);
#15226 = VERTEX_POINT('',#15227);
#15227 = CARTESIAN_POINT('',(96.7,-25.3,1.51));
#15228 = CIRCLE('',#15229,0.4);
#15229 = AXIS2_PLACEMENT_3D('',#15230,#15231,#15232);
#15230 = CARTESIAN_POINT('',(96.7,-24.9,1.51));
#15231 = DIRECTION('',(-0.,0.,-1.));
#15232 = DIRECTION('',(3.5527136788E-14,-1.,-0.));
#15233 = FACE_BOUND('',#15234,.T.);
#15234 = EDGE_LOOP('',(#15235));
#15235 = ORIENTED_EDGE('',*,*,#15236,.T.);
#15236 = EDGE_CURVE('',#15237,#15237,#15239,.T.);
#15237 = VERTEX_POINT('',#15238);
#15238 = CARTESIAN_POINT('',(98.7,-25.3,1.51));
#15239 = CIRCLE('',#15240,0.4);
#15240 = AXIS2_PLACEMENT_3D('',#15241,#15242,#15243);
#15241 = CARTESIAN_POINT('',(98.7,-24.9,1.51));
#15242 = DIRECTION('',(-0.,0.,-1.));
#15243 = DIRECTION('',(3.5527136788E-14,-1.,-0.));
#15244 = FACE_BOUND('',#15245,.T.);
#15245 = EDGE_LOOP('',(#15246));
#15246 = ORIENTED_EDGE('',*,*,#15247,.T.);
#15247 = EDGE_CURVE('',#15248,#15248,#15250,.T.);
#15248 = VERTEX_POINT('',#15249);
#15249 = CARTESIAN_POINT('',(99.7,-29.,1.51));
#15250 = CIRCLE('',#15251,0.4);
#15251 = AXIS2_PLACEMENT_3D('',#15252,#15253,#15254);
#15252 = CARTESIAN_POINT('',(99.7,-28.6,1.51));
#15253 = DIRECTION('',(-0.,0.,-1.));
#15254 = DIRECTION('',(3.5527136788E-14,-1.,-0.));
#15255 = FACE_BOUND('',#15256,.T.);
#15256 = EDGE_LOOP('',(#15257));
#15257 = ORIENTED_EDGE('',*,*,#15258,.T.);
#15258 = EDGE_CURVE('',#15259,#15259,#15261,.T.);
#15259 = VERTEX_POINT('',#15260);
#15260 = CARTESIAN_POINT('',(101.7,-29.,1.51));
#15261 = CIRCLE('',#15262,0.4);
#15262 = AXIS2_PLACEMENT_3D('',#15263,#15264,#15265);
#15263 = CARTESIAN_POINT('',(101.7,-28.6,1.51));
#15264 = DIRECTION('',(-0.,0.,-1.));
#15265 = DIRECTION('',(3.5527136788E-14,-1.,-0.));
#15266 = FACE_BOUND('',#15267,.T.);
#15267 = EDGE_LOOP('',(#15268));
#15268 = ORIENTED_EDGE('',*,*,#15269,.T.);
#15269 = EDGE_CURVE('',#15270,#15270,#15272,.T.);
#15270 = VERTEX_POINT('',#15271);
#15271 = CARTESIAN_POINT('',(102.4,-31.55,1.51));
#15272 = CIRCLE('',#15273,0.15);
#15273 = AXIS2_PLACEMENT_3D('',#15274,#15275,#15276);
#15274 = CARTESIAN_POINT('',(102.4,-31.4,1.51));
#15275 = DIRECTION('',(-0.,0.,-1.));
#15276 = DIRECTION('',(-0.,-1.,0.));
#15277 = FACE_BOUND('',#15278,.T.);
#15278 = EDGE_LOOP('',(#15279));
#15279 = ORIENTED_EDGE('',*,*,#15280,.T.);
#15280 = EDGE_CURVE('',#15281,#15281,#15283,.T.);
#15281 = VERTEX_POINT('',#15282);
#15282 = CARTESIAN_POINT('',(104.9,-28.95,1.51));
#15283 = CIRCLE('',#15284,0.15);
#15284 = AXIS2_PLACEMENT_3D('',#15285,#15286,#15287);
#15285 = CARTESIAN_POINT('',(104.9,-28.8,1.51));
#15286 = DIRECTION('',(-0.,0.,-1.));
#15287 = DIRECTION('',(-0.,-1.,0.));
#15288 = PLANE('',#15289);
#15289 = AXIS2_PLACEMENT_3D('',#15290,#15291,#15292);
#15290 = CARTESIAN_POINT('',(0.,0.,1.51));
#15291 = DIRECTION('',(0.,0.,1.));
#15292 = DIRECTION('',(1.,0.,-0.));
#15293 = ADVANCED_FACE('',(#15294),#15300,.T.);
#15294 = FACE_BOUND('',#15295,.T.);
#15295 = EDGE_LOOP('',(#15296,#15297,#15298,#15299));
#15296 = ORIENTED_EDGE('',*,*,#13259,.T.);
#15297 = ORIENTED_EDGE('',*,*,#14291,.T.);
#15298 = ORIENTED_EDGE('',*,*,#13219,.F.);
#15299 = ORIENTED_EDGE('',*,*,#13283,.F.);
#15300 = PLANE('',#15301);
#15301 = AXIS2_PLACEMENT_3D('',#15302,#15303,#15304);
#15302 = CARTESIAN_POINT('',(81.8,-22.65,0.));
#15303 = DIRECTION('',(0.,1.,0.));
#15304 = DIRECTION('',(1.,0.,0.));
#15305 = ADVANCED_FACE('',(#15306),#15317,.F.);
#15306 = FACE_BOUND('',#15307,.T.);
#15307 = EDGE_LOOP('',(#15308,#15309,#15315,#15316));
#15308 = ORIENTED_EDGE('',*,*,#13292,.T.);
#15309 = ORIENTED_EDGE('',*,*,#15310,.T.);
#15310 = EDGE_CURVE('',#13293,#14301,#15311,.T.);
#15311 = LINE('',#15312,#15313);
#15312 = CARTESIAN_POINT('',(84.2,-66.55,-4.6E-02));
#15313 = VECTOR('',#15314,1.);
#15314 = DIRECTION('',(0.,0.,1.));
#15315 = ORIENTED_EDGE('',*,*,#14300,.F.);
#15316 = ORIENTED_EDGE('',*,*,#15310,.F.);
#15317 = CYLINDRICAL_SURFACE('',#15318,0.55);
#15318 = AXIS2_PLACEMENT_3D('',#15319,#15320,#15321);
#15319 = CARTESIAN_POINT('',(84.2,-66.,-4.6E-02));
#15320 = DIRECTION('',(-0.,-0.,-1.));
#15321 = DIRECTION('',(-0.,-1.,0.));
#15322 = ADVANCED_FACE('',(#15323),#15334,.F.);
#15323 = FACE_BOUND('',#15324,.T.);
#15324 = EDGE_LOOP('',(#15325,#15326,#15332,#15333));
#15325 = ORIENTED_EDGE('',*,*,#13303,.T.);
#15326 = ORIENTED_EDGE('',*,*,#15327,.T.);
#15327 = EDGE_CURVE('',#13304,#14312,#15328,.T.);
#15328 = LINE('',#15329,#15330);
#15329 = CARTESIAN_POINT('',(88.7,-66.55,-4.6E-02));
#15330 = VECTOR('',#15331,1.);
#15331 = DIRECTION('',(0.,0.,1.));
#15332 = ORIENTED_EDGE('',*,*,#14311,.F.);
#15333 = ORIENTED_EDGE('',*,*,#15327,.F.);
#15334 = CYLINDRICAL_SURFACE('',#15335,0.55);
#15335 = AXIS2_PLACEMENT_3D('',#15336,#15337,#15338);
#15336 = CARTESIAN_POINT('',(88.7,-66.,-4.6E-02));
#15337 = DIRECTION('',(-0.,-0.,-1.));
#15338 = DIRECTION('',(-0.,-1.,0.));
#15339 = ADVANCED_FACE('',(#15340),#15351,.F.);
#15340 = FACE_BOUND('',#15341,.T.);
#15341 = EDGE_LOOP('',(#15342,#15343,#15349,#15350));
#15342 = ORIENTED_EDGE('',*,*,#13314,.T.);
#15343 = ORIENTED_EDGE('',*,*,#15344,.T.);
#15344 = EDGE_CURVE('',#13315,#14323,#15345,.T.);
#15345 = LINE('',#15346,#15347);
#15346 = CARTESIAN_POINT('',(84.2,-60.05,-4.6E-02));
#15347 = VECTOR('',#15348,1.);
#15348 = DIRECTION('',(0.,0.,1.));
#15349 = ORIENTED_EDGE('',*,*,#14322,.F.);
#15350 = ORIENTED_EDGE('',*,*,#15344,.F.);
#15351 = CYLINDRICAL_SURFACE('',#15352,0.55);
#15352 = AXIS2_PLACEMENT_3D('',#15353,#15354,#15355);
#15353 = CARTESIAN_POINT('',(84.2,-59.5,-4.6E-02));
#15354 = DIRECTION('',(-0.,-0.,-1.));
#15355 = DIRECTION('',(-0.,-1.,0.));
#15356 = ADVANCED_FACE('',(#15357),#15368,.F.);
#15357 = FACE_BOUND('',#15358,.T.);
#15358 = EDGE_LOOP('',(#15359,#15360,#15366,#15367));
#15359 = ORIENTED_EDGE('',*,*,#13325,.T.);
#15360 = ORIENTED_EDGE('',*,*,#15361,.T.);
#15361 = EDGE_CURVE('',#13326,#14334,#15362,.T.);
#15362 = LINE('',#15363,#15364);
#15363 = CARTESIAN_POINT('',(88.7,-60.05,-4.6E-02));
#15364 = VECTOR('',#15365,1.);
#15365 = DIRECTION('',(0.,0.,1.));
#15366 = ORIENTED_EDGE('',*,*,#14333,.F.);
#15367 = ORIENTED_EDGE('',*,*,#15361,.F.);
#15368 = CYLINDRICAL_SURFACE('',#15369,0.55);
#15369 = AXIS2_PLACEMENT_3D('',#15370,#15371,#15372);
#15370 = CARTESIAN_POINT('',(88.7,-59.5,-4.6E-02));
#15371 = DIRECTION('',(-0.,-0.,-1.));
#15372 = DIRECTION('',(-0.,-1.,0.));
#15373 = ADVANCED_FACE('',(#15374),#15385,.F.);
#15374 = FACE_BOUND('',#15375,.T.);
#15375 = EDGE_LOOP('',(#15376,#15377,#15383,#15384));
#15376 = ORIENTED_EDGE('',*,*,#13336,.T.);
#15377 = ORIENTED_EDGE('',*,*,#15378,.T.);
#15378 = EDGE_CURVE('',#13337,#14345,#15379,.T.);
#15379 = LINE('',#15380,#15381);
#15380 = CARTESIAN_POINT('',(93.,-66.55,-4.6E-02));
#15381 = VECTOR('',#15382,1.);
#15382 = DIRECTION('',(0.,0.,1.));
#15383 = ORIENTED_EDGE('',*,*,#14344,.F.);
#15384 = ORIENTED_EDGE('',*,*,#15378,.F.);
#15385 = CYLINDRICAL_SURFACE('',#15386,0.55);
#15386 = AXIS2_PLACEMENT_3D('',#15387,#15388,#15389);
#15387 = CARTESIAN_POINT('',(93.,-66.,-4.6E-02));
#15388 = DIRECTION('',(-0.,-0.,-1.));
#15389 = DIRECTION('',(-0.,-1.,0.));
#15390 = ADVANCED_FACE('',(#15391),#15402,.F.);
#15391 = FACE_BOUND('',#15392,.T.);
#15392 = EDGE_LOOP('',(#15393,#15394,#15400,#15401));
#15393 = ORIENTED_EDGE('',*,*,#13347,.T.);
#15394 = ORIENTED_EDGE('',*,*,#15395,.T.);
#15395 = EDGE_CURVE('',#13348,#14356,#15396,.T.);
#15396 = LINE('',#15397,#15398);
#15397 = CARTESIAN_POINT('',(93.,-60.05,-4.6E-02));
#15398 = VECTOR('',#15399,1.);
#15399 = DIRECTION('',(0.,0.,1.));
#15400 = ORIENTED_EDGE('',*,*,#14355,.F.);
#15401 = ORIENTED_EDGE('',*,*,#15395,.F.);
#15402 = CYLINDRICAL_SURFACE('',#15403,0.55);
#15403 = AXIS2_PLACEMENT_3D('',#15404,#15405,#15406);
#15404 = CARTESIAN_POINT('',(93.,-59.5,-4.6E-02));
#15405 = DIRECTION('',(-0.,-0.,-1.));
#15406 = DIRECTION('',(-0.,-1.,0.));
#15407 = ADVANCED_FACE('',(#15408),#15419,.F.);
#15408 = FACE_BOUND('',#15409,.T.);
#15409 = EDGE_LOOP('',(#15410,#15411,#15417,#15418));
#15410 = ORIENTED_EDGE('',*,*,#13358,.T.);
#15411 = ORIENTED_EDGE('',*,*,#15412,.T.);
#15412 = EDGE_CURVE('',#13359,#14367,#15413,.T.);
#15413 = LINE('',#15414,#15415);
#15414 = CARTESIAN_POINT('',(83.4,-56.3,-4.6E-02));
#15415 = VECTOR('',#15416,1.);
#15416 = DIRECTION('',(0.,0.,1.));
#15417 = ORIENTED_EDGE('',*,*,#14366,.F.);
#15418 = ORIENTED_EDGE('',*,*,#15412,.F.);
#15419 = CYLINDRICAL_SURFACE('',#15420,0.4);
#15420 = AXIS2_PLACEMENT_3D('',#15421,#15422,#15423);
#15421 = CARTESIAN_POINT('',(83.4,-55.9,-4.6E-02));
#15422 = DIRECTION('',(-0.,-0.,-1.));
#15423 = DIRECTION('',(-0.,-1.,0.));
#15424 = ADVANCED_FACE('',(#15425),#15436,.F.);
#15425 = FACE_BOUND('',#15426,.T.);
#15426 = EDGE_LOOP('',(#15427,#15428,#15434,#15435));
#15427 = ORIENTED_EDGE('',*,*,#13369,.T.);
#15428 = ORIENTED_EDGE('',*,*,#15429,.T.);
#15429 = EDGE_CURVE('',#13370,#14378,#15430,.T.);
#15430 = LINE('',#15431,#15432);
#15431 = CARTESIAN_POINT('',(83.4,-54.3,-4.6E-02));
#15432 = VECTOR('',#15433,1.);
#15433 = DIRECTION('',(0.,0.,1.));
#15434 = ORIENTED_EDGE('',*,*,#14377,.F.);
#15435 = ORIENTED_EDGE('',*,*,#15429,.F.);
#15436 = CYLINDRICAL_SURFACE('',#15437,0.4);
#15437 = AXIS2_PLACEMENT_3D('',#15438,#15439,#15440);
#15438 = CARTESIAN_POINT('',(83.4,-53.9,-4.6E-02));
#15439 = DIRECTION('',(-0.,-0.,-1.));
#15440 = DIRECTION('',(-0.,-1.,0.));
#15441 = ADVANCED_FACE('',(#15442),#15453,.F.);
#15442 = FACE_BOUND('',#15443,.T.);
#15443 = EDGE_LOOP('',(#15444,#15445,#15451,#15452));
#15444 = ORIENTED_EDGE('',*,*,#13380,.T.);
#15445 = ORIENTED_EDGE('',*,*,#15446,.T.);
#15446 = EDGE_CURVE('',#13381,#14389,#15447,.T.);
#15447 = LINE('',#15448,#15449);
#15448 = CARTESIAN_POINT('',(83.3,-51.1,-4.6E-02));
#15449 = VECTOR('',#15450,1.);
#15450 = DIRECTION('',(0.,0.,1.));
#15451 = ORIENTED_EDGE('',*,*,#14388,.F.);
#15452 = ORIENTED_EDGE('',*,*,#15446,.F.);
#15453 = CYLINDRICAL_SURFACE('',#15454,0.4);
#15454 = AXIS2_PLACEMENT_3D('',#15455,#15456,#15457);
#15455 = CARTESIAN_POINT('',(83.3,-50.7,-4.6E-02));
#15456 = DIRECTION('',(-0.,-0.,-1.));
#15457 = DIRECTION('',(-3.552713678801E-14,-1.,0.));
#15458 = ADVANCED_FACE('',(#15459),#15470,.F.);
#15459 = FACE_BOUND('',#15460,.T.);
#15460 = EDGE_LOOP('',(#15461,#15462,#15468,#15469));
#15461 = ORIENTED_EDGE('',*,*,#13391,.T.);
#15462 = ORIENTED_EDGE('',*,*,#15463,.T.);
#15463 = EDGE_CURVE('',#13392,#14400,#15464,.T.);
#15464 = LINE('',#15465,#15466);
#15465 = CARTESIAN_POINT('',(83.3,-49.1,-4.6E-02));
#15466 = VECTOR('',#15467,1.);
#15467 = DIRECTION('',(0.,0.,1.));
#15468 = ORIENTED_EDGE('',*,*,#14399,.F.);
#15469 = ORIENTED_EDGE('',*,*,#15463,.F.);
#15470 = CYLINDRICAL_SURFACE('',#15471,0.4);
#15471 = AXIS2_PLACEMENT_3D('',#15472,#15473,#15474);
#15472 = CARTESIAN_POINT('',(83.3,-48.7,-4.6E-02));
#15473 = DIRECTION('',(-0.,-0.,-1.));
#15474 = DIRECTION('',(-3.552713678801E-14,-1.,0.));
#15475 = ADVANCED_FACE('',(#15476),#15487,.F.);
#15476 = FACE_BOUND('',#15477,.T.);
#15477 = EDGE_LOOP('',(#15478,#15479,#15485,#15486));
#15478 = ORIENTED_EDGE('',*,*,#13402,.T.);
#15479 = ORIENTED_EDGE('',*,*,#15480,.T.);
#15480 = EDGE_CURVE('',#13403,#14411,#15481,.T.);
#15481 = LINE('',#15482,#15483);
#15482 = CARTESIAN_POINT('',(84.8,-46.85,-3.6E-02));
#15483 = VECTOR('',#15484,1.);
#15484 = DIRECTION('',(0.,0.,1.));
#15485 = ORIENTED_EDGE('',*,*,#14410,.F.);
#15486 = ORIENTED_EDGE('',*,*,#15480,.F.);
#15487 = CYLINDRICAL_SURFACE('',#15488,0.15);
#15488 = AXIS2_PLACEMENT_3D('',#15489,#15490,#15491);
#15489 = CARTESIAN_POINT('',(84.8,-46.7,-3.6E-02));
#15490 = DIRECTION('',(-0.,-0.,-1.));
#15491 = DIRECTION('',(-9.473903143469E-14,-1.,0.));
#15492 = ADVANCED_FACE('',(#15493),#15504,.F.);
#15493 = FACE_BOUND('',#15494,.T.);
#15494 = EDGE_LOOP('',(#15495,#15496,#15502,#15503));
#15495 = ORIENTED_EDGE('',*,*,#13413,.T.);
#15496 = ORIENTED_EDGE('',*,*,#15497,.T.);
#15497 = EDGE_CURVE('',#13414,#14422,#15498,.T.);
#15498 = LINE('',#15499,#15500);
#15499 = CARTESIAN_POINT('',(87.8,-49.35,-3.6E-02));
#15500 = VECTOR('',#15501,1.);
#15501 = DIRECTION('',(0.,0.,1.));
#15502 = ORIENTED_EDGE('',*,*,#14421,.F.);
#15503 = ORIENTED_EDGE('',*,*,#15497,.F.);
#15504 = CYLINDRICAL_SURFACE('',#15505,0.15);
#15505 = AXIS2_PLACEMENT_3D('',#15506,#15507,#15508);
#15506 = CARTESIAN_POINT('',(87.8,-49.2,-3.6E-02));
#15507 = DIRECTION('',(-0.,-0.,-1.));
#15508 = DIRECTION('',(-9.473903143469E-14,-1.,0.));
#15509 = ADVANCED_FACE('',(#15510),#15521,.F.);
#15510 = FACE_BOUND('',#15511,.T.);
#15511 = EDGE_LOOP('',(#15512,#15513,#15519,#15520));
#15512 = ORIENTED_EDGE('',*,*,#13424,.T.);
#15513 = ORIENTED_EDGE('',*,*,#15514,.T.);
#15514 = EDGE_CURVE('',#13425,#14433,#15515,.T.);
#15515 = LINE('',#15516,#15517);
#15516 = CARTESIAN_POINT('',(89.9,-51.75,-3.6E-02));
#15517 = VECTOR('',#15518,1.);
#15518 = DIRECTION('',(0.,0.,1.));
#15519 = ORIENTED_EDGE('',*,*,#14432,.F.);
#15520 = ORIENTED_EDGE('',*,*,#15514,.F.);
#15521 = CYLINDRICAL_SURFACE('',#15522,0.15);
#15522 = AXIS2_PLACEMENT_3D('',#15523,#15524,#15525);
#15523 = CARTESIAN_POINT('',(89.9,-51.6,-3.6E-02));
#15524 = DIRECTION('',(-0.,-0.,-1.));
#15525 = DIRECTION('',(-0.,-1.,0.));
#15526 = ADVANCED_FACE('',(#15527),#15538,.F.);
#15527 = FACE_BOUND('',#15528,.T.);
#15528 = EDGE_LOOP('',(#15529,#15530,#15536,#15537));
#15529 = ORIENTED_EDGE('',*,*,#13435,.T.);
#15530 = ORIENTED_EDGE('',*,*,#15531,.T.);
#15531 = EDGE_CURVE('',#13436,#14444,#15532,.T.);
#15532 = LINE('',#15533,#15534);
#15533 = CARTESIAN_POINT('',(91.8,-50.75,-3.6E-02));
#15534 = VECTOR('',#15535,1.);
#15535 = DIRECTION('',(0.,0.,1.));
#15536 = ORIENTED_EDGE('',*,*,#14443,.F.);
#15537 = ORIENTED_EDGE('',*,*,#15531,.F.);
#15538 = CYLINDRICAL_SURFACE('',#15539,0.15);
#15539 = AXIS2_PLACEMENT_3D('',#15540,#15541,#15542);
#15540 = CARTESIAN_POINT('',(91.8,-50.6,-3.6E-02));
#15541 = DIRECTION('',(-0.,-0.,-1.));
#15542 = DIRECTION('',(-9.473903143468E-14,-1.,0.));
#15543 = ADVANCED_FACE('',(#15544),#15555,.F.);
#15544 = FACE_BOUND('',#15545,.T.);
#15545 = EDGE_LOOP('',(#15546,#15547,#15553,#15554));
#15546 = ORIENTED_EDGE('',*,*,#13446,.T.);
#15547 = ORIENTED_EDGE('',*,*,#15548,.T.);
#15548 = EDGE_CURVE('',#13447,#14455,#15549,.T.);
#15549 = LINE('',#15550,#15551);
#15550 = CARTESIAN_POINT('',(91.2,-47.55,-3.6E-02));
#15551 = VECTOR('',#15552,1.);
#15552 = DIRECTION('',(0.,0.,1.));
#15553 = ORIENTED_EDGE('',*,*,#14454,.F.);
#15554 = ORIENTED_EDGE('',*,*,#15548,.F.);
#15555 = CYLINDRICAL_SURFACE('',#15556,0.15);
#15556 = AXIS2_PLACEMENT_3D('',#15557,#15558,#15559);
#15557 = CARTESIAN_POINT('',(91.2,-47.4,-3.6E-02));
#15558 = DIRECTION('',(-0.,0.,-1.));
#15559 = DIRECTION('',(9.473903143467E-14,-1.,-0.));
#15560 = ADVANCED_FACE('',(#15561),#15572,.F.);
#15561 = FACE_BOUND('',#15562,.T.);
#15562 = EDGE_LOOP('',(#15563,#15564,#15570,#15571));
#15563 = ORIENTED_EDGE('',*,*,#13457,.T.);
#15564 = ORIENTED_EDGE('',*,*,#15565,.T.);
#15565 = EDGE_CURVE('',#13458,#14466,#15566,.T.);
#15566 = LINE('',#15567,#15568);
#15567 = CARTESIAN_POINT('',(97.5,-66.55,-4.6E-02));
#15568 = VECTOR('',#15569,1.);
#15569 = DIRECTION('',(0.,0.,1.));
#15570 = ORIENTED_EDGE('',*,*,#14465,.F.);
#15571 = ORIENTED_EDGE('',*,*,#15565,.F.);
#15572 = CYLINDRICAL_SURFACE('',#15573,0.55);
#15573 = AXIS2_PLACEMENT_3D('',#15574,#15575,#15576);
#15574 = CARTESIAN_POINT('',(97.5,-66.,-4.6E-02));
#15575 = DIRECTION('',(-0.,-0.,-1.));
#15576 = DIRECTION('',(-0.,-1.,0.));
#15577 = ADVANCED_FACE('',(#15578),#15589,.F.);
#15578 = FACE_BOUND('',#15579,.T.);
#15579 = EDGE_LOOP('',(#15580,#15581,#15587,#15588));
#15580 = ORIENTED_EDGE('',*,*,#13468,.T.);
#15581 = ORIENTED_EDGE('',*,*,#15582,.T.);
#15582 = EDGE_CURVE('',#13469,#14477,#15583,.T.);
#15583 = LINE('',#15584,#15585);
#15584 = CARTESIAN_POINT('',(101.3,-66.65,-4.6E-02));
#15585 = VECTOR('',#15586,1.);
#15586 = DIRECTION('',(0.,0.,1.));
#15587 = ORIENTED_EDGE('',*,*,#14476,.F.);
#15588 = ORIENTED_EDGE('',*,*,#15582,.F.);
#15589 = CYLINDRICAL_SURFACE('',#15590,0.55);
#15590 = AXIS2_PLACEMENT_3D('',#15591,#15592,#15593);
#15591 = CARTESIAN_POINT('',(101.3,-66.1,-4.6E-02));
#15592 = DIRECTION('',(-0.,-0.,-1.));
#15593 = DIRECTION('',(-0.,-1.,0.));
#15594 = ADVANCED_FACE('',(#15595),#15606,.F.);
#15595 = FACE_BOUND('',#15596,.T.);
#15596 = EDGE_LOOP('',(#15597,#15598,#15604,#15605));
#15597 = ORIENTED_EDGE('',*,*,#13479,.T.);
#15598 = ORIENTED_EDGE('',*,*,#15599,.T.);
#15599 = EDGE_CURVE('',#13480,#14488,#15600,.T.);
#15600 = LINE('',#15601,#15602);
#15601 = CARTESIAN_POINT('',(97.5,-60.05,-4.6E-02));
#15602 = VECTOR('',#15603,1.);
#15603 = DIRECTION('',(0.,0.,1.));
#15604 = ORIENTED_EDGE('',*,*,#14487,.F.);
#15605 = ORIENTED_EDGE('',*,*,#15599,.F.);
#15606 = CYLINDRICAL_SURFACE('',#15607,0.55);
#15607 = AXIS2_PLACEMENT_3D('',#15608,#15609,#15610);
#15608 = CARTESIAN_POINT('',(97.5,-59.5,-4.6E-02));
#15609 = DIRECTION('',(-0.,-0.,-1.));
#15610 = DIRECTION('',(-0.,-1.,0.));
#15611 = ADVANCED_FACE('',(#15612),#15623,.F.);
#15612 = FACE_BOUND('',#15613,.T.);
#15613 = EDGE_LOOP('',(#15614,#15615,#15621,#15622));
#15614 = ORIENTED_EDGE('',*,*,#13490,.T.);
#15615 = ORIENTED_EDGE('',*,*,#15616,.T.);
#15616 = EDGE_CURVE('',#13491,#14499,#15617,.T.);
#15617 = LINE('',#15618,#15619);
#15618 = CARTESIAN_POINT('',(101.3,-60.15,-4.6E-02));
#15619 = VECTOR('',#15620,1.);
#15620 = DIRECTION('',(0.,0.,1.));
#15621 = ORIENTED_EDGE('',*,*,#14498,.F.);
#15622 = ORIENTED_EDGE('',*,*,#15616,.F.);
#15623 = CYLINDRICAL_SURFACE('',#15624,0.55);
#15624 = AXIS2_PLACEMENT_3D('',#15625,#15626,#15627);
#15625 = CARTESIAN_POINT('',(101.3,-59.6,-4.6E-02));
#15626 = DIRECTION('',(-0.,-0.,-1.));
#15627 = DIRECTION('',(-0.,-1.,0.));
#15628 = ADVANCED_FACE('',(#15629),#15640,.F.);
#15629 = FACE_BOUND('',#15630,.T.);
#15630 = EDGE_LOOP('',(#15631,#15632,#15638,#15639));
#15631 = ORIENTED_EDGE('',*,*,#13501,.T.);
#15632 = ORIENTED_EDGE('',*,*,#15633,.T.);
#15633 = EDGE_CURVE('',#13502,#14510,#15634,.T.);
#15634 = LINE('',#15635,#15636);
#15635 = CARTESIAN_POINT('',(105.8,-66.65,-4.6E-02));
#15636 = VECTOR('',#15637,1.);
#15637 = DIRECTION('',(0.,0.,1.));
#15638 = ORIENTED_EDGE('',*,*,#14509,.F.);
#15639 = ORIENTED_EDGE('',*,*,#15633,.F.);
#15640 = CYLINDRICAL_SURFACE('',#15641,0.55);
#15641 = AXIS2_PLACEMENT_3D('',#15642,#15643,#15644);
#15642 = CARTESIAN_POINT('',(105.8,-66.1,-4.6E-02));
#15643 = DIRECTION('',(-0.,-0.,-1.));
#15644 = DIRECTION('',(-0.,-1.,0.));
#15645 = ADVANCED_FACE('',(#15646),#15657,.F.);
#15646 = FACE_BOUND('',#15647,.T.);
#15647 = EDGE_LOOP('',(#15648,#15649,#15655,#15656));
#15648 = ORIENTED_EDGE('',*,*,#13512,.T.);
#15649 = ORIENTED_EDGE('',*,*,#15650,.T.);
#15650 = EDGE_CURVE('',#13513,#14521,#15651,.T.);
#15651 = LINE('',#15652,#15653);
#15652 = CARTESIAN_POINT('',(105.8,-60.15,-4.6E-02));
#15653 = VECTOR('',#15654,1.);
#15654 = DIRECTION('',(0.,0.,1.));
#15655 = ORIENTED_EDGE('',*,*,#14520,.F.);
#15656 = ORIENTED_EDGE('',*,*,#15650,.F.);
#15657 = CYLINDRICAL_SURFACE('',#15658,0.55);
#15658 = AXIS2_PLACEMENT_3D('',#15659,#15660,#15661);
#15659 = CARTESIAN_POINT('',(105.8,-59.6,-4.6E-02));
#15660 = DIRECTION('',(-0.,-0.,-1.));
#15661 = DIRECTION('',(-0.,-1.,0.));
#15662 = ADVANCED_FACE('',(#15663),#15674,.F.);
#15663 = FACE_BOUND('',#15664,.T.);
#15664 = EDGE_LOOP('',(#15665,#15666,#15672,#15673));
#15665 = ORIENTED_EDGE('',*,*,#13523,.T.);
#15666 = ORIENTED_EDGE('',*,*,#15667,.T.);
#15667 = EDGE_CURVE('',#13524,#14532,#15668,.T.);
#15668 = LINE('',#15669,#15670);
#15669 = CARTESIAN_POINT('',(97.3225,-51.45,-3.6E-02));
#15670 = VECTOR('',#15671,1.);
#15671 = DIRECTION('',(0.,0.,1.));
#15672 = ORIENTED_EDGE('',*,*,#14531,.F.);
#15673 = ORIENTED_EDGE('',*,*,#15667,.F.);
#15674 = CYLINDRICAL_SURFACE('',#15675,0.15);
#15675 = AXIS2_PLACEMENT_3D('',#15676,#15677,#15678);
#15676 = CARTESIAN_POINT('',(97.3225,-51.3,-3.6E-02));
#15677 = DIRECTION('',(-0.,0.,-1.));
#15678 = DIRECTION('',(9.473903143467E-14,-1.,-0.));
#15679 = ADVANCED_FACE('',(#15680),#15691,.F.);
#15680 = FACE_BOUND('',#15681,.T.);
#15681 = EDGE_LOOP('',(#15682,#15683,#15689,#15690));
#15682 = ORIENTED_EDGE('',*,*,#13534,.T.);
#15683 = ORIENTED_EDGE('',*,*,#15684,.T.);
#15684 = EDGE_CURVE('',#13535,#14543,#15685,.T.);
#15685 = LINE('',#15686,#15687);
#15686 = CARTESIAN_POINT('',(98.0225,-52.05,-3.6E-02));
#15687 = VECTOR('',#15688,1.);
#15688 = DIRECTION('',(0.,0.,1.));
#15689 = ORIENTED_EDGE('',*,*,#14542,.F.);
#15690 = ORIENTED_EDGE('',*,*,#15684,.F.);
#15691 = CYLINDRICAL_SURFACE('',#15692,0.15);
#15692 = AXIS2_PLACEMENT_3D('',#15693,#15694,#15695);
#15693 = CARTESIAN_POINT('',(98.0225,-51.9,-3.6E-02));
#15694 = DIRECTION('',(-0.,-0.,-1.));
#15695 = DIRECTION('',(-9.473903143468E-14,-1.,0.));
#15696 = ADVANCED_FACE('',(#15697),#15708,.F.);
#15697 = FACE_BOUND('',#15698,.T.);
#15698 = EDGE_LOOP('',(#15699,#15700,#15706,#15707));
#15699 = ORIENTED_EDGE('',*,*,#13545,.T.);
#15700 = ORIENTED_EDGE('',*,*,#15701,.T.);
#15701 = EDGE_CURVE('',#13546,#14554,#15702,.T.);
#15702 = LINE('',#15703,#15704);
#15703 = CARTESIAN_POINT('',(101.69,-53.512152,-3.6E-02));
#15704 = VECTOR('',#15705,1.);
#15705 = DIRECTION('',(0.,0.,1.));
#15706 = ORIENTED_EDGE('',*,*,#14553,.F.);
#15707 = ORIENTED_EDGE('',*,*,#15701,.F.);
#15708 = CYLINDRICAL_SURFACE('',#15709,0.15);
#15709 = AXIS2_PLACEMENT_3D('',#15710,#15711,#15712);
#15710 = CARTESIAN_POINT('',(101.69,-53.362152,-3.6E-02));
#15711 = DIRECTION('',(-0.,-0.,-1.));
#15712 = DIRECTION('',(-0.,-1.,0.));
#15713 = ADVANCED_FACE('',(#15714),#15725,.F.);
#15714 = FACE_BOUND('',#15715,.T.);
#15715 = EDGE_LOOP('',(#15716,#15717,#15723,#15724));
#15716 = ORIENTED_EDGE('',*,*,#13556,.T.);
#15717 = ORIENTED_EDGE('',*,*,#15718,.T.);
#15718 = EDGE_CURVE('',#13557,#14565,#15719,.T.);
#15719 = LINE('',#15720,#15721);
#15720 = CARTESIAN_POINT('',(101.38998,-52.363469,-3.6E-02));
#15721 = VECTOR('',#15722,1.);
#15722 = DIRECTION('',(0.,0.,1.));
#15723 = ORIENTED_EDGE('',*,*,#14564,.F.);
#15724 = ORIENTED_EDGE('',*,*,#15718,.F.);
#15725 = CYLINDRICAL_SURFACE('',#15726,0.15);
#15726 = AXIS2_PLACEMENT_3D('',#15727,#15728,#15729);
#15727 = CARTESIAN_POINT('',(101.38998,-52.213469,-3.6E-02));
#15728 = DIRECTION('',(-0.,-0.,-1.));
#15729 = DIRECTION('',(-9.473903143469E-14,-1.,0.));
#15730 = ADVANCED_FACE('',(#15731),#15742,.F.);
#15731 = FACE_BOUND('',#15732,.T.);
#15732 = EDGE_LOOP('',(#15733,#15734,#15740,#15741));
#15733 = ORIENTED_EDGE('',*,*,#13567,.T.);
#15734 = ORIENTED_EDGE('',*,*,#15735,.T.);
#15735 = EDGE_CURVE('',#13568,#14576,#15736,.T.);
#15736 = LINE('',#15737,#15738);
#15737 = CARTESIAN_POINT('',(101.623972,-51.5,-3.6E-02));
#15738 = VECTOR('',#15739,1.);
#15739 = DIRECTION('',(0.,0.,1.));
#15740 = ORIENTED_EDGE('',*,*,#14575,.F.);
#15741 = ORIENTED_EDGE('',*,*,#15735,.F.);
#15742 = CYLINDRICAL_SURFACE('',#15743,0.15);
#15743 = AXIS2_PLACEMENT_3D('',#15744,#15745,#15746);
#15744 = CARTESIAN_POINT('',(101.623972,-51.35,-3.6E-02));
#15745 = DIRECTION('',(-0.,-0.,-1.));
#15746 = DIRECTION('',(-9.473903143468E-14,-1.,0.));
#15747 = ADVANCED_FACE('',(#15748),#15759,.F.);
#15748 = FACE_BOUND('',#15749,.T.);
#15749 = EDGE_LOOP('',(#15750,#15751,#15757,#15758));
#15750 = ORIENTED_EDGE('',*,*,#13578,.T.);
#15751 = ORIENTED_EDGE('',*,*,#15752,.T.);
#15752 = EDGE_CURVE('',#13579,#14587,#15753,.T.);
#15753 = LINE('',#15754,#15755);
#15754 = CARTESIAN_POINT('',(97.8225,-50.05,-3.6E-02));
#15755 = VECTOR('',#15756,1.);
#15756 = DIRECTION('',(0.,0.,1.));
#15757 = ORIENTED_EDGE('',*,*,#14586,.F.);
#15758 = ORIENTED_EDGE('',*,*,#15752,.F.);
#15759 = CYLINDRICAL_SURFACE('',#15760,0.15);
#15760 = AXIS2_PLACEMENT_3D('',#15761,#15762,#15763);
#15761 = CARTESIAN_POINT('',(97.8225,-49.9,-3.6E-02));
#15762 = DIRECTION('',(-0.,0.,-1.));
#15763 = DIRECTION('',(9.473903143467E-14,-1.,-0.));
#15764 = ADVANCED_FACE('',(#15765),#15776,.F.);
#15765 = FACE_BOUND('',#15766,.T.);
#15766 = EDGE_LOOP('',(#15767,#15768,#15774,#15775));
#15767 = ORIENTED_EDGE('',*,*,#13589,.T.);
#15768 = ORIENTED_EDGE('',*,*,#15769,.T.);
#15769 = EDGE_CURVE('',#13590,#14598,#15770,.T.);
#15770 = LINE('',#15771,#15772);
#15771 = CARTESIAN_POINT('',(98.0225,-48.75,-3.6E-02));
#15772 = VECTOR('',#15773,1.);
#15773 = DIRECTION('',(0.,0.,1.));
#15774 = ORIENTED_EDGE('',*,*,#14597,.F.);
#15775 = ORIENTED_EDGE('',*,*,#15769,.F.);
#15776 = CYLINDRICAL_SURFACE('',#15777,0.15);
#15777 = AXIS2_PLACEMENT_3D('',#15778,#15779,#15780);
#15778 = CARTESIAN_POINT('',(98.0225,-48.6,-3.6E-02));
#15779 = DIRECTION('',(-0.,-0.,-1.));
#15780 = DIRECTION('',(-9.473903143468E-14,-1.,0.));
#15781 = ADVANCED_FACE('',(#15782),#15793,.F.);
#15782 = FACE_BOUND('',#15783,.T.);
#15783 = EDGE_LOOP('',(#15784,#15785,#15791,#15792));
#15784 = ORIENTED_EDGE('',*,*,#13600,.T.);
#15785 = ORIENTED_EDGE('',*,*,#15786,.T.);
#15786 = EDGE_CURVE('',#13601,#14609,#15787,.T.);
#15787 = LINE('',#15788,#15789);
#15788 = CARTESIAN_POINT('',(95.724265,-45.774265,-3.6E-02));
#15789 = VECTOR('',#15790,1.);
#15790 = DIRECTION('',(0.,0.,1.));
#15791 = ORIENTED_EDGE('',*,*,#14608,.F.);
#15792 = ORIENTED_EDGE('',*,*,#15786,.F.);
#15793 = CYLINDRICAL_SURFACE('',#15794,0.15);
#15794 = AXIS2_PLACEMENT_3D('',#15795,#15796,#15797);
#15795 = CARTESIAN_POINT('',(95.724265,-45.624265,-3.6E-02));
#15796 = DIRECTION('',(-0.,-0.,-1.));
#15797 = DIRECTION('',(-0.,-1.,0.));
#15798 = ADVANCED_FACE('',(#15799),#15815,.F.);
#15799 = FACE_BOUND('',#15800,.T.);
#15800 = EDGE_LOOP('',(#15801,#15802,#15808,#15809));
#15801 = ORIENTED_EDGE('',*,*,#13611,.T.);
#15802 = ORIENTED_EDGE('',*,*,#15803,.T.);
#15803 = EDGE_CURVE('',#13614,#14622,#15804,.T.);
#15804 = LINE('',#15805,#15806);
#15805 = CARTESIAN_POINT('',(103.96,-56.12,-4.6E-02));
#15806 = VECTOR('',#15807,1.);
#15807 = DIRECTION('',(0.,0.,1.));
#15808 = ORIENTED_EDGE('',*,*,#14619,.F.);
#15809 = ORIENTED_EDGE('',*,*,#15810,.F.);
#15810 = EDGE_CURVE('',#13612,#14620,#15811,.T.);
#15811 = LINE('',#15812,#15813);
#15812 = CARTESIAN_POINT('',(103.96,-55.52,-4.6E-02));
#15813 = VECTOR('',#15814,1.);
#15814 = DIRECTION('',(0.,0.,1.));
#15815 = CYLINDRICAL_SURFACE('',#15816,0.3);
#15816 = AXIS2_PLACEMENT_3D('',#15817,#15818,#15819);
#15817 = CARTESIAN_POINT('',(103.96,-55.82,-4.6E-02));
#15818 = DIRECTION('',(-0.,-0.,-1.));
#15819 = DIRECTION('',(-4.736951571734E-14,-1.,0.));
#15820 = ADVANCED_FACE('',(#15821),#15832,.T.);
#15821 = FACE_BOUND('',#15822,.T.);
#15822 = EDGE_LOOP('',(#15823,#15824,#15825,#15826));
#15823 = ORIENTED_EDGE('',*,*,#13639,.T.);
#15824 = ORIENTED_EDGE('',*,*,#15810,.T.);
#15825 = ORIENTED_EDGE('',*,*,#14647,.F.);
#15826 = ORIENTED_EDGE('',*,*,#15827,.F.);
#15827 = EDGE_CURVE('',#13631,#14639,#15828,.T.);
#15828 = LINE('',#15829,#15830);
#15829 = CARTESIAN_POINT('',(102.86,-55.52,-4.6E-02));
#15830 = VECTOR('',#15831,1.);
#15831 = DIRECTION('',(0.,0.,1.));
#15832 = PLANE('',#15833);
#15833 = AXIS2_PLACEMENT_3D('',#15834,#15835,#15836);
#15834 = CARTESIAN_POINT('',(103.96,-55.52,-4.6E-02));
#15835 = DIRECTION('',(0.,-1.,0.));
#15836 = DIRECTION('',(-1.,0.,0.));
#15837 = ADVANCED_FACE('',(#15838),#15849,.F.);
#15838 = FACE_BOUND('',#15839,.T.);
#15839 = EDGE_LOOP('',(#15840,#15841,#15842,#15843));
#15840 = ORIENTED_EDGE('',*,*,#13630,.T.);
#15841 = ORIENTED_EDGE('',*,*,#15827,.T.);
#15842 = ORIENTED_EDGE('',*,*,#14638,.F.);
#15843 = ORIENTED_EDGE('',*,*,#15844,.F.);
#15844 = EDGE_CURVE('',#13623,#14631,#15845,.T.);
#15845 = LINE('',#15846,#15847);
#15846 = CARTESIAN_POINT('',(102.86,-56.12,-4.6E-02));
#15847 = VECTOR('',#15848,1.);
#15848 = DIRECTION('',(0.,0.,1.));
#15849 = CYLINDRICAL_SURFACE('',#15850,0.3);
#15850 = AXIS2_PLACEMENT_3D('',#15851,#15852,#15853);
#15851 = CARTESIAN_POINT('',(102.86,-55.82,-4.6E-02));
#15852 = DIRECTION('',(-0.,-0.,-1.));
#15853 = DIRECTION('',(-4.736951571734E-14,1.,0.));
#15854 = ADVANCED_FACE('',(#15855),#15861,.T.);
#15855 = FACE_BOUND('',#15856,.T.);
#15856 = EDGE_LOOP('',(#15857,#15858,#15859,#15860));
#15857 = ORIENTED_EDGE('',*,*,#13622,.T.);
#15858 = ORIENTED_EDGE('',*,*,#15844,.T.);
#15859 = ORIENTED_EDGE('',*,*,#14630,.F.);
#15860 = ORIENTED_EDGE('',*,*,#15803,.F.);
#15861 = PLANE('',#15862);
#15862 = AXIS2_PLACEMENT_3D('',#15863,#15864,#15865);
#15863 = CARTESIAN_POINT('',(102.86,-56.12,-4.6E-02));
#15864 = DIRECTION('',(0.,1.,0.));
#15865 = DIRECTION('',(1.,0.,0.));
#15866 = ADVANCED_FACE('',(#15867),#15878,.F.);
#15867 = FACE_BOUND('',#15868,.T.);
#15868 = EDGE_LOOP('',(#15869,#15870,#15876,#15877));
#15869 = ORIENTED_EDGE('',*,*,#13647,.T.);
#15870 = ORIENTED_EDGE('',*,*,#15871,.T.);
#15871 = EDGE_CURVE('',#13648,#14656,#15872,.T.);
#15872 = LINE('',#15873,#15874);
#15873 = CARTESIAN_POINT('',(103.93,-54.715,-4.6E-02));
#15874 = VECTOR('',#15875,1.);
#15875 = DIRECTION('',(0.,0.,1.));
#15876 = ORIENTED_EDGE('',*,*,#14655,.F.);
#15877 = ORIENTED_EDGE('',*,*,#15871,.F.);
#15878 = CYLINDRICAL_SURFACE('',#15879,0.325);
#15879 = AXIS2_PLACEMENT_3D('',#15880,#15881,#15882);
#15880 = CARTESIAN_POINT('',(103.93,-54.39,-4.6E-02));
#15881 = DIRECTION('',(-0.,-0.,-1.));
#15882 = DIRECTION('',(-0.,-1.,0.));
#15883 = ADVANCED_FACE('',(#15884),#15895,.F.);
#15884 = FACE_BOUND('',#15885,.T.);
#15885 = EDGE_LOOP('',(#15886,#15887,#15893,#15894));
#15886 = ORIENTED_EDGE('',*,*,#13658,.T.);
#15887 = ORIENTED_EDGE('',*,*,#15888,.T.);
#15888 = EDGE_CURVE('',#13659,#14667,#15889,.T.);
#15889 = LINE('',#15890,#15891);
#15890 = CARTESIAN_POINT('',(103.964635,-52.428189,-3.6E-02));
#15891 = VECTOR('',#15892,1.);
#15892 = DIRECTION('',(0.,0.,1.));
#15893 = ORIENTED_EDGE('',*,*,#14666,.F.);
#15894 = ORIENTED_EDGE('',*,*,#15888,.F.);
#15895 = CYLINDRICAL_SURFACE('',#15896,0.15);
#15896 = AXIS2_PLACEMENT_3D('',#15897,#15898,#15899);
#15897 = CARTESIAN_POINT('',(103.964635,-52.278189,-3.6E-02));
#15898 = DIRECTION('',(-0.,-0.,-1.));
#15899 = DIRECTION('',(-0.,-1.,0.));
#15900 = ADVANCED_FACE('',(#15901),#15917,.F.);
#15901 = FACE_BOUND('',#15902,.T.);
#15902 = EDGE_LOOP('',(#15903,#15904,#15910,#15911));
#15903 = ORIENTED_EDGE('',*,*,#13669,.T.);
#15904 = ORIENTED_EDGE('',*,*,#15905,.T.);
#15905 = EDGE_CURVE('',#13672,#14680,#15906,.T.);
#15906 = LINE('',#15907,#15908);
#15907 = CARTESIAN_POINT('',(108.01,-56.12,-4.6E-02));
#15908 = VECTOR('',#15909,1.);
#15909 = DIRECTION('',(0.,0.,1.));
#15910 = ORIENTED_EDGE('',*,*,#14677,.F.);
#15911 = ORIENTED_EDGE('',*,*,#15912,.F.);
#15912 = EDGE_CURVE('',#13670,#14678,#15913,.T.);
#15913 = LINE('',#15914,#15915);
#15914 = CARTESIAN_POINT('',(108.01,-55.52,-4.6E-02));
#15915 = VECTOR('',#15916,1.);
#15916 = DIRECTION('',(0.,0.,1.));
#15917 = CYLINDRICAL_SURFACE('',#15918,0.3);
#15918 = AXIS2_PLACEMENT_3D('',#15919,#15920,#15921);
#15919 = CARTESIAN_POINT('',(108.01,-55.82,-4.6E-02));
#15920 = DIRECTION('',(-0.,0.,-1.));
#15921 = DIRECTION('',(4.736951571734E-14,-1.,-0.));
#15922 = ADVANCED_FACE('',(#15923),#15934,.T.);
#15923 = FACE_BOUND('',#15924,.T.);
#15924 = EDGE_LOOP('',(#15925,#15926,#15927,#15928));
#15925 = ORIENTED_EDGE('',*,*,#13697,.T.);
#15926 = ORIENTED_EDGE('',*,*,#15912,.T.);
#15927 = ORIENTED_EDGE('',*,*,#14705,.F.);
#15928 = ORIENTED_EDGE('',*,*,#15929,.F.);
#15929 = EDGE_CURVE('',#13689,#14697,#15930,.T.);
#15930 = LINE('',#15931,#15932);
#15931 = CARTESIAN_POINT('',(107.21,-55.52,-4.6E-02));
#15932 = VECTOR('',#15933,1.);
#15933 = DIRECTION('',(0.,0.,1.));
#15934 = PLANE('',#15935);
#15935 = AXIS2_PLACEMENT_3D('',#15936,#15937,#15938);
#15936 = CARTESIAN_POINT('',(108.01,-55.52,-4.6E-02));
#15937 = DIRECTION('',(0.,-1.,0.));
#15938 = DIRECTION('',(-1.,0.,0.));
#15939 = ADVANCED_FACE('',(#15940),#15951,.F.);
#15940 = FACE_BOUND('',#15941,.T.);
#15941 = EDGE_LOOP('',(#15942,#15943,#15944,#15945));
#15942 = ORIENTED_EDGE('',*,*,#13688,.T.);
#15943 = ORIENTED_EDGE('',*,*,#15929,.T.);
#15944 = ORIENTED_EDGE('',*,*,#14696,.F.);
#15945 = ORIENTED_EDGE('',*,*,#15946,.F.);
#15946 = EDGE_CURVE('',#13681,#14689,#15947,.T.);
#15947 = LINE('',#15948,#15949);
#15948 = CARTESIAN_POINT('',(107.21,-56.12,-4.6E-02));
#15949 = VECTOR('',#15950,1.);
#15950 = DIRECTION('',(0.,0.,1.));
#15951 = CYLINDRICAL_SURFACE('',#15952,0.3);
#15952 = AXIS2_PLACEMENT_3D('',#15953,#15954,#15955);
#15953 = CARTESIAN_POINT('',(107.21,-55.82,-4.6E-02));
#15954 = DIRECTION('',(-0.,-0.,-1.));
#15955 = DIRECTION('',(-4.736951571734E-14,1.,0.));
#15956 = ADVANCED_FACE('',(#15957),#15963,.T.);
#15957 = FACE_BOUND('',#15958,.T.);
#15958 = EDGE_LOOP('',(#15959,#15960,#15961,#15962));
#15959 = ORIENTED_EDGE('',*,*,#13680,.T.);
#15960 = ORIENTED_EDGE('',*,*,#15946,.T.);
#15961 = ORIENTED_EDGE('',*,*,#14688,.F.);
#15962 = ORIENTED_EDGE('',*,*,#15905,.F.);
#15963 = PLANE('',#15964);
#15964 = AXIS2_PLACEMENT_3D('',#15965,#15966,#15967);
#15965 = CARTESIAN_POINT('',(107.21,-56.12,-4.6E-02));
#15966 = DIRECTION('',(0.,1.,0.));
#15967 = DIRECTION('',(1.,0.,0.));
#15968 = ADVANCED_FACE('',(#15969),#15980,.F.);
#15969 = FACE_BOUND('',#15970,.T.);
#15970 = EDGE_LOOP('',(#15971,#15972,#15978,#15979));
#15971 = ORIENTED_EDGE('',*,*,#13705,.T.);
#15972 = ORIENTED_EDGE('',*,*,#15973,.T.);
#15973 = EDGE_CURVE('',#13706,#14714,#15974,.T.);
#15974 = LINE('',#15975,#15976);
#15975 = CARTESIAN_POINT('',(104.043386,-50.422558,-3.6E-02));
#15976 = VECTOR('',#15977,1.);
#15977 = DIRECTION('',(0.,0.,1.));
#15978 = ORIENTED_EDGE('',*,*,#14713,.F.);
#15979 = ORIENTED_EDGE('',*,*,#15973,.F.);
#15980 = CYLINDRICAL_SURFACE('',#15981,0.15);
#15981 = AXIS2_PLACEMENT_3D('',#15982,#15983,#15984);
#15982 = CARTESIAN_POINT('',(104.043386,-50.272558,-3.6E-02));
#15983 = DIRECTION('',(-0.,-0.,-1.));
#15984 = DIRECTION('',(-0.,-1.,0.));
#15985 = ADVANCED_FACE('',(#15986),#15997,.F.);
#15986 = FACE_BOUND('',#15987,.T.);
#15987 = EDGE_LOOP('',(#15988,#15989,#15995,#15996));
#15988 = ORIENTED_EDGE('',*,*,#13716,.T.);
#15989 = ORIENTED_EDGE('',*,*,#15990,.T.);
#15990 = EDGE_CURVE('',#13717,#14725,#15991,.T.);
#15991 = LINE('',#15992,#15993);
#15992 = CARTESIAN_POINT('',(103.93,-48.935,-4.6E-02));
#15993 = VECTOR('',#15994,1.);
#15994 = DIRECTION('',(0.,0.,1.));
#15995 = ORIENTED_EDGE('',*,*,#14724,.F.);
#15996 = ORIENTED_EDGE('',*,*,#15990,.F.);
#15997 = CYLINDRICAL_SURFACE('',#15998,0.325);
#15998 = AXIS2_PLACEMENT_3D('',#15999,#16000,#16001);
#15999 = CARTESIAN_POINT('',(103.93,-48.61,-4.6E-02));
#16000 = DIRECTION('',(-0.,-0.,-1.));
#16001 = DIRECTION('',(-0.,-1.,0.));
#16002 = ADVANCED_FACE('',(#16003),#16019,.F.);
#16003 = FACE_BOUND('',#16004,.T.);
#16004 = EDGE_LOOP('',(#16005,#16006,#16012,#16013));
#16005 = ORIENTED_EDGE('',*,*,#13727,.T.);
#16006 = ORIENTED_EDGE('',*,*,#16007,.T.);
#16007 = EDGE_CURVE('',#13730,#14738,#16008,.T.);
#16008 = LINE('',#16009,#16010);
#16009 = CARTESIAN_POINT('',(103.96,-47.48,-4.6E-02));
#16010 = VECTOR('',#16011,1.);
#16011 = DIRECTION('',(0.,0.,1.));
#16012 = ORIENTED_EDGE('',*,*,#14735,.F.);
#16013 = ORIENTED_EDGE('',*,*,#16014,.F.);
#16014 = EDGE_CURVE('',#13728,#14736,#16015,.T.);
#16015 = LINE('',#16016,#16017);
#16016 = CARTESIAN_POINT('',(103.96,-46.88,-4.6E-02));
#16017 = VECTOR('',#16018,1.);
#16018 = DIRECTION('',(0.,0.,1.));
#16019 = CYLINDRICAL_SURFACE('',#16020,0.3);
#16020 = AXIS2_PLACEMENT_3D('',#16021,#16022,#16023);
#16021 = CARTESIAN_POINT('',(103.96,-47.18,-4.6E-02));
#16022 = DIRECTION('',(-0.,-0.,-1.));
#16023 = DIRECTION('',(-4.736951571734E-14,-1.,0.));
#16024 = ADVANCED_FACE('',(#16025),#16036,.T.);
#16025 = FACE_BOUND('',#16026,.T.);
#16026 = EDGE_LOOP('',(#16027,#16028,#16029,#16030));
#16027 = ORIENTED_EDGE('',*,*,#13755,.T.);
#16028 = ORIENTED_EDGE('',*,*,#16014,.T.);
#16029 = ORIENTED_EDGE('',*,*,#14763,.F.);
#16030 = ORIENTED_EDGE('',*,*,#16031,.F.);
#16031 = EDGE_CURVE('',#13747,#14755,#16032,.T.);
#16032 = LINE('',#16033,#16034);
#16033 = CARTESIAN_POINT('',(102.86,-46.88,-4.6E-02));
#16034 = VECTOR('',#16035,1.);
#16035 = DIRECTION('',(0.,0.,1.));
#16036 = PLANE('',#16037);
#16037 = AXIS2_PLACEMENT_3D('',#16038,#16039,#16040);
#16038 = CARTESIAN_POINT('',(103.96,-46.88,-4.6E-02));
#16039 = DIRECTION('',(0.,-1.,0.));
#16040 = DIRECTION('',(-1.,0.,0.));
#16041 = ADVANCED_FACE('',(#16042),#16053,.F.);
#16042 = FACE_BOUND('',#16043,.T.);
#16043 = EDGE_LOOP('',(#16044,#16045,#16046,#16047));
#16044 = ORIENTED_EDGE('',*,*,#13746,.T.);
#16045 = ORIENTED_EDGE('',*,*,#16031,.T.);
#16046 = ORIENTED_EDGE('',*,*,#14754,.F.);
#16047 = ORIENTED_EDGE('',*,*,#16048,.F.);
#16048 = EDGE_CURVE('',#13739,#14747,#16049,.T.);
#16049 = LINE('',#16050,#16051);
#16050 = CARTESIAN_POINT('',(102.86,-47.48,-4.6E-02));
#16051 = VECTOR('',#16052,1.);
#16052 = DIRECTION('',(0.,0.,1.));
#16053 = CYLINDRICAL_SURFACE('',#16054,0.3);
#16054 = AXIS2_PLACEMENT_3D('',#16055,#16056,#16057);
#16055 = CARTESIAN_POINT('',(102.86,-47.18,-4.6E-02));
#16056 = DIRECTION('',(-0.,-0.,-1.));
#16057 = DIRECTION('',(-4.736951571734E-14,1.,0.));
#16058 = ADVANCED_FACE('',(#16059),#16065,.T.);
#16059 = FACE_BOUND('',#16060,.T.);
#16060 = EDGE_LOOP('',(#16061,#16062,#16063,#16064));
#16061 = ORIENTED_EDGE('',*,*,#13738,.T.);
#16062 = ORIENTED_EDGE('',*,*,#16048,.T.);
#16063 = ORIENTED_EDGE('',*,*,#14746,.F.);
#16064 = ORIENTED_EDGE('',*,*,#16007,.F.);
#16065 = PLANE('',#16066);
#16066 = AXIS2_PLACEMENT_3D('',#16067,#16068,#16069);
#16067 = CARTESIAN_POINT('',(102.86,-47.48,-4.6E-02));
#16068 = DIRECTION('',(0.,1.,0.));
#16069 = DIRECTION('',(1.,0.,0.));
#16070 = ADVANCED_FACE('',(#16071),#16087,.F.);
#16071 = FACE_BOUND('',#16072,.T.);
#16072 = EDGE_LOOP('',(#16073,#16074,#16080,#16081));
#16073 = ORIENTED_EDGE('',*,*,#13763,.T.);
#16074 = ORIENTED_EDGE('',*,*,#16075,.T.);
#16075 = EDGE_CURVE('',#13766,#14774,#16076,.T.);
#16076 = LINE('',#16077,#16078);
#16077 = CARTESIAN_POINT('',(108.01,-47.48,-4.6E-02));
#16078 = VECTOR('',#16079,1.);
#16079 = DIRECTION('',(0.,0.,1.));
#16080 = ORIENTED_EDGE('',*,*,#14771,.F.);
#16081 = ORIENTED_EDGE('',*,*,#16082,.F.);
#16082 = EDGE_CURVE('',#13764,#14772,#16083,.T.);
#16083 = LINE('',#16084,#16085);
#16084 = CARTESIAN_POINT('',(108.01,-46.88,-4.6E-02));
#16085 = VECTOR('',#16086,1.);
#16086 = DIRECTION('',(0.,0.,1.));
#16087 = CYLINDRICAL_SURFACE('',#16088,0.3);
#16088 = AXIS2_PLACEMENT_3D('',#16089,#16090,#16091);
#16089 = CARTESIAN_POINT('',(108.01,-47.18,-4.6E-02));
#16090 = DIRECTION('',(-0.,0.,-1.));
#16091 = DIRECTION('',(4.736951571734E-14,-1.,-0.));
#16092 = ADVANCED_FACE('',(#16093),#16104,.T.);
#16093 = FACE_BOUND('',#16094,.T.);
#16094 = EDGE_LOOP('',(#16095,#16096,#16097,#16098));
#16095 = ORIENTED_EDGE('',*,*,#13791,.T.);
#16096 = ORIENTED_EDGE('',*,*,#16082,.T.);
#16097 = ORIENTED_EDGE('',*,*,#14799,.F.);
#16098 = ORIENTED_EDGE('',*,*,#16099,.F.);
#16099 = EDGE_CURVE('',#13783,#14791,#16100,.T.);
#16100 = LINE('',#16101,#16102);
#16101 = CARTESIAN_POINT('',(107.21,-46.88,-4.6E-02));
#16102 = VECTOR('',#16103,1.);
#16103 = DIRECTION('',(0.,0.,1.));
#16104 = PLANE('',#16105);
#16105 = AXIS2_PLACEMENT_3D('',#16106,#16107,#16108);
#16106 = CARTESIAN_POINT('',(108.01,-46.88,-4.6E-02));
#16107 = DIRECTION('',(0.,-1.,0.));
#16108 = DIRECTION('',(-1.,0.,0.));
#16109 = ADVANCED_FACE('',(#16110),#16121,.F.);
#16110 = FACE_BOUND('',#16111,.T.);
#16111 = EDGE_LOOP('',(#16112,#16113,#16114,#16115));
#16112 = ORIENTED_EDGE('',*,*,#13782,.T.);
#16113 = ORIENTED_EDGE('',*,*,#16099,.T.);
#16114 = ORIENTED_EDGE('',*,*,#14790,.F.);
#16115 = ORIENTED_EDGE('',*,*,#16116,.F.);
#16116 = EDGE_CURVE('',#13775,#14783,#16117,.T.);
#16117 = LINE('',#16118,#16119);
#16118 = CARTESIAN_POINT('',(107.21,-47.48,-4.6E-02));
#16119 = VECTOR('',#16120,1.);
#16120 = DIRECTION('',(0.,0.,1.));
#16121 = CYLINDRICAL_SURFACE('',#16122,0.3);
#16122 = AXIS2_PLACEMENT_3D('',#16123,#16124,#16125);
#16123 = CARTESIAN_POINT('',(107.21,-47.18,-4.6E-02));
#16124 = DIRECTION('',(-0.,-0.,-1.));
#16125 = DIRECTION('',(-4.736951571734E-14,1.,0.));
#16126 = ADVANCED_FACE('',(#16127),#16133,.T.);
#16127 = FACE_BOUND('',#16128,.T.);
#16128 = EDGE_LOOP('',(#16129,#16130,#16131,#16132));
#16129 = ORIENTED_EDGE('',*,*,#13774,.T.);
#16130 = ORIENTED_EDGE('',*,*,#16116,.T.);
#16131 = ORIENTED_EDGE('',*,*,#14782,.F.);
#16132 = ORIENTED_EDGE('',*,*,#16075,.F.);
#16133 = PLANE('',#16134);
#16134 = AXIS2_PLACEMENT_3D('',#16135,#16136,#16137);
#16135 = CARTESIAN_POINT('',(107.21,-47.48,-4.6E-02));
#16136 = DIRECTION('',(0.,1.,0.));
#16137 = DIRECTION('',(1.,0.,0.));
#16138 = ADVANCED_FACE('',(#16139),#16150,.F.);
#16139 = FACE_BOUND('',#16140,.T.);
#16140 = EDGE_LOOP('',(#16141,#16142,#16148,#16149));
#16141 = ORIENTED_EDGE('',*,*,#13799,.T.);
#16142 = ORIENTED_EDGE('',*,*,#16143,.T.);
#16143 = EDGE_CURVE('',#13800,#14808,#16144,.T.);
#16144 = LINE('',#16145,#16146);
#16145 = CARTESIAN_POINT('',(84.7,-43.85,-3.6E-02));
#16146 = VECTOR('',#16147,1.);
#16147 = DIRECTION('',(0.,0.,1.));
#16148 = ORIENTED_EDGE('',*,*,#14807,.F.);
#16149 = ORIENTED_EDGE('',*,*,#16143,.F.);
#16150 = CYLINDRICAL_SURFACE('',#16151,0.15);
#16151 = AXIS2_PLACEMENT_3D('',#16152,#16153,#16154);
#16152 = CARTESIAN_POINT('',(84.7,-43.7,-3.6E-02));
#16153 = DIRECTION('',(-0.,0.,-1.));
#16154 = DIRECTION('',(9.473903143467E-14,-1.,-0.));
#16155 = ADVANCED_FACE('',(#16156),#16167,.F.);
#16156 = FACE_BOUND('',#16157,.T.);
#16157 = EDGE_LOOP('',(#16158,#16159,#16165,#16166));
#16158 = ORIENTED_EDGE('',*,*,#13810,.T.);
#16159 = ORIENTED_EDGE('',*,*,#16160,.T.);
#16160 = EDGE_CURVE('',#13811,#14819,#16161,.T.);
#16161 = LINE('',#16162,#16163);
#16162 = CARTESIAN_POINT('',(84.3,-42.05,-3.6E-02));
#16163 = VECTOR('',#16164,1.);
#16164 = DIRECTION('',(0.,0.,1.));
#16165 = ORIENTED_EDGE('',*,*,#14818,.F.);
#16166 = ORIENTED_EDGE('',*,*,#16160,.F.);
#16167 = CYLINDRICAL_SURFACE('',#16168,0.15);
#16168 = AXIS2_PLACEMENT_3D('',#16169,#16170,#16171);
#16169 = CARTESIAN_POINT('',(84.3,-41.9,-3.6E-02));
#16170 = DIRECTION('',(-0.,-0.,-1.));
#16171 = DIRECTION('',(-9.473903143468E-14,-1.,0.));
#16172 = ADVANCED_FACE('',(#16173),#16184,.F.);
#16173 = FACE_BOUND('',#16174,.T.);
#16174 = EDGE_LOOP('',(#16175,#16176,#16182,#16183));
#16175 = ORIENTED_EDGE('',*,*,#13821,.T.);
#16176 = ORIENTED_EDGE('',*,*,#16177,.T.);
#16177 = EDGE_CURVE('',#13822,#14830,#16178,.T.);
#16178 = LINE('',#16179,#16180);
#16179 = CARTESIAN_POINT('',(87.6,-39.65,-3.6E-02));
#16180 = VECTOR('',#16181,1.);
#16181 = DIRECTION('',(0.,0.,1.));
#16182 = ORIENTED_EDGE('',*,*,#14829,.F.);
#16183 = ORIENTED_EDGE('',*,*,#16177,.F.);
#16184 = CYLINDRICAL_SURFACE('',#16185,0.15);
#16185 = AXIS2_PLACEMENT_3D('',#16186,#16187,#16188);
#16186 = CARTESIAN_POINT('',(87.6,-39.5,-3.6E-02));
#16187 = DIRECTION('',(-0.,-0.,-1.));
#16188 = DIRECTION('',(-0.,-1.,0.));
#16189 = ADVANCED_FACE('',(#16190),#16201,.F.);
#16190 = FACE_BOUND('',#16191,.T.);
#16191 = EDGE_LOOP('',(#16192,#16193,#16199,#16200));
#16192 = ORIENTED_EDGE('',*,*,#13832,.T.);
#16193 = ORIENTED_EDGE('',*,*,#16194,.T.);
#16194 = EDGE_CURVE('',#13833,#14841,#16195,.T.);
#16195 = LINE('',#16196,#16197);
#16196 = CARTESIAN_POINT('',(88.2,-38.25,-3.6E-02));
#16197 = VECTOR('',#16198,1.);
#16198 = DIRECTION('',(0.,0.,1.));
#16199 = ORIENTED_EDGE('',*,*,#14840,.F.);
#16200 = ORIENTED_EDGE('',*,*,#16194,.F.);
#16201 = CYLINDRICAL_SURFACE('',#16202,0.15);
#16202 = AXIS2_PLACEMENT_3D('',#16203,#16204,#16205);
#16203 = CARTESIAN_POINT('',(88.2,-38.1,-3.6E-02));
#16204 = DIRECTION('',(-0.,0.,-1.));
#16205 = DIRECTION('',(9.473903143467E-14,-1.,-0.));
#16206 = ADVANCED_FACE('',(#16207),#16218,.F.);
#16207 = FACE_BOUND('',#16208,.T.);
#16208 = EDGE_LOOP('',(#16209,#16210,#16216,#16217));
#16209 = ORIENTED_EDGE('',*,*,#13843,.T.);
#16210 = ORIENTED_EDGE('',*,*,#16211,.T.);
#16211 = EDGE_CURVE('',#13844,#14852,#16212,.T.);
#16212 = LINE('',#16213,#16214);
#16213 = CARTESIAN_POINT('',(88.774265,-36.524265,-3.6E-02));
#16214 = VECTOR('',#16215,1.);
#16215 = DIRECTION('',(0.,0.,1.));
#16216 = ORIENTED_EDGE('',*,*,#14851,.F.);
#16217 = ORIENTED_EDGE('',*,*,#16211,.F.);
#16218 = CYLINDRICAL_SURFACE('',#16219,0.15);
#16219 = AXIS2_PLACEMENT_3D('',#16220,#16221,#16222);
#16220 = CARTESIAN_POINT('',(88.774265,-36.374265,-3.6E-02));
#16221 = DIRECTION('',(-0.,-0.,-1.));
#16222 = DIRECTION('',(-0.,-1.,0.));
#16223 = ADVANCED_FACE('',(#16224),#16235,.F.);
#16224 = FACE_BOUND('',#16225,.T.);
#16225 = EDGE_LOOP('',(#16226,#16227,#16233,#16234));
#16226 = ORIENTED_EDGE('',*,*,#13854,.T.);
#16227 = ORIENTED_EDGE('',*,*,#16228,.T.);
#16228 = EDGE_CURVE('',#13855,#14863,#16229,.T.);
#16229 = LINE('',#16230,#16231);
#16230 = CARTESIAN_POINT('',(87.7,-35.25,-3.6E-02));
#16231 = VECTOR('',#16232,1.);
#16232 = DIRECTION('',(0.,0.,1.));
#16233 = ORIENTED_EDGE('',*,*,#14862,.F.);
#16234 = ORIENTED_EDGE('',*,*,#16228,.F.);
#16235 = CYLINDRICAL_SURFACE('',#16236,0.15);
#16236 = AXIS2_PLACEMENT_3D('',#16237,#16238,#16239);
#16237 = CARTESIAN_POINT('',(87.7,-35.1,-3.6E-02));
#16238 = DIRECTION('',(-0.,0.,-1.));
#16239 = DIRECTION('',(9.473903143467E-14,-1.,-0.));
#16240 = ADVANCED_FACE('',(#16241),#16252,.F.);
#16241 = FACE_BOUND('',#16242,.T.);
#16242 = EDGE_LOOP('',(#16243,#16244,#16250,#16251));
#16243 = ORIENTED_EDGE('',*,*,#13865,.T.);
#16244 = ORIENTED_EDGE('',*,*,#16245,.T.);
#16245 = EDGE_CURVE('',#13866,#14874,#16246,.T.);
#16246 = LINE('',#16247,#16248);
#16247 = CARTESIAN_POINT('',(95.45,-39.6,-4.6E-02));
#16248 = VECTOR('',#16249,1.);
#16249 = DIRECTION('',(0.,0.,1.));
#16250 = ORIENTED_EDGE('',*,*,#14873,.F.);
#16251 = ORIENTED_EDGE('',*,*,#16245,.F.);
#16252 = CYLINDRICAL_SURFACE('',#16253,0.1);
#16253 = AXIS2_PLACEMENT_3D('',#16254,#16255,#16256);
#16254 = CARTESIAN_POINT('',(95.45,-39.5,-4.6E-02));
#16255 = DIRECTION('',(-0.,0.,-1.));
#16256 = DIRECTION('',(1.42108547152E-13,-1.,-0.));
#16257 = ADVANCED_FACE('',(#16258),#16269,.F.);
#16258 = FACE_BOUND('',#16259,.T.);
#16259 = EDGE_LOOP('',(#16260,#16261,#16267,#16268));
#16260 = ORIENTED_EDGE('',*,*,#13876,.T.);
#16261 = ORIENTED_EDGE('',*,*,#16262,.T.);
#16262 = EDGE_CURVE('',#13877,#14885,#16263,.T.);
#16263 = LINE('',#16264,#16265);
#16264 = CARTESIAN_POINT('',(94.9,-39.05,-4.6E-02));
#16265 = VECTOR('',#16266,1.);
#16266 = DIRECTION('',(0.,0.,1.));
#16267 = ORIENTED_EDGE('',*,*,#14884,.F.);
#16268 = ORIENTED_EDGE('',*,*,#16262,.F.);
#16269 = CYLINDRICAL_SURFACE('',#16270,1.E-01);
#16270 = AXIS2_PLACEMENT_3D('',#16271,#16272,#16273);
#16271 = CARTESIAN_POINT('',(94.9,-38.95,-4.6E-02));
#16272 = DIRECTION('',(-0.,-0.,-1.));
#16273 = DIRECTION('',(-0.,-1.,0.));
#16274 = ADVANCED_FACE('',(#16275),#16286,.F.);
#16275 = FACE_BOUND('',#16276,.T.);
#16276 = EDGE_LOOP('',(#16277,#16278,#16284,#16285));
#16277 = ORIENTED_EDGE('',*,*,#13887,.T.);
#16278 = ORIENTED_EDGE('',*,*,#16279,.T.);
#16279 = EDGE_CURVE('',#13888,#14896,#16280,.T.);
#16280 = LINE('',#16281,#16282);
#16281 = CARTESIAN_POINT('',(95.45,-38.5,-4.6E-02));
#16282 = VECTOR('',#16283,1.);
#16283 = DIRECTION('',(0.,0.,1.));
#16284 = ORIENTED_EDGE('',*,*,#14895,.F.);
#16285 = ORIENTED_EDGE('',*,*,#16279,.F.);
#16286 = CYLINDRICAL_SURFACE('',#16287,0.1);
#16287 = AXIS2_PLACEMENT_3D('',#16288,#16289,#16290);
#16288 = CARTESIAN_POINT('',(95.45,-38.4,-4.6E-02));
#16289 = DIRECTION('',(-0.,0.,-1.));
#16290 = DIRECTION('',(1.42108547152E-13,-1.,-0.));
#16291 = ADVANCED_FACE('',(#16292),#16303,.F.);
#16292 = FACE_BOUND('',#16293,.T.);
#16293 = EDGE_LOOP('',(#16294,#16295,#16301,#16302));
#16294 = ORIENTED_EDGE('',*,*,#13898,.T.);
#16295 = ORIENTED_EDGE('',*,*,#16296,.T.);
#16296 = EDGE_CURVE('',#13899,#14907,#16297,.T.);
#16297 = LINE('',#16298,#16299);
#16298 = CARTESIAN_POINT('',(94.9,-37.95,-4.6E-02));
#16299 = VECTOR('',#16300,1.);
#16300 = DIRECTION('',(0.,0.,1.));
#16301 = ORIENTED_EDGE('',*,*,#14906,.F.);
#16302 = ORIENTED_EDGE('',*,*,#16296,.F.);
#16303 = CYLINDRICAL_SURFACE('',#16304,1.E-01);
#16304 = AXIS2_PLACEMENT_3D('',#16305,#16306,#16307);
#16305 = CARTESIAN_POINT('',(94.9,-37.85,-4.6E-02));
#16306 = DIRECTION('',(-0.,-0.,-1.));
#16307 = DIRECTION('',(-0.,-1.,0.));
#16308 = ADVANCED_FACE('',(#16309),#16320,.F.);
#16309 = FACE_BOUND('',#16310,.T.);
#16310 = EDGE_LOOP('',(#16311,#16312,#16318,#16319));
#16311 = ORIENTED_EDGE('',*,*,#13909,.T.);
#16312 = ORIENTED_EDGE('',*,*,#16313,.T.);
#16313 = EDGE_CURVE('',#13910,#14918,#16314,.T.);
#16314 = LINE('',#16315,#16316);
#16315 = CARTESIAN_POINT('',(95.45,-37.4,-4.6E-02));
#16316 = VECTOR('',#16317,1.);
#16317 = DIRECTION('',(0.,0.,1.));
#16318 = ORIENTED_EDGE('',*,*,#14917,.F.);
#16319 = ORIENTED_EDGE('',*,*,#16313,.F.);
#16320 = CYLINDRICAL_SURFACE('',#16321,0.1);
#16321 = AXIS2_PLACEMENT_3D('',#16322,#16323,#16324);
#16322 = CARTESIAN_POINT('',(95.45,-37.3,-4.6E-02));
#16323 = DIRECTION('',(-0.,0.,-1.));
#16324 = DIRECTION('',(1.42108547152E-13,-1.,-0.));
#16325 = ADVANCED_FACE('',(#16326),#16337,.F.);
#16326 = FACE_BOUND('',#16327,.T.);
#16327 = EDGE_LOOP('',(#16328,#16329,#16335,#16336));
#16328 = ORIENTED_EDGE('',*,*,#13920,.T.);
#16329 = ORIENTED_EDGE('',*,*,#16330,.T.);
#16330 = EDGE_CURVE('',#13921,#14929,#16331,.T.);
#16331 = LINE('',#16332,#16333);
#16332 = CARTESIAN_POINT('',(87.9,-34.05,-3.6E-02));
#16333 = VECTOR('',#16334,1.);
#16334 = DIRECTION('',(0.,0.,1.));
#16335 = ORIENTED_EDGE('',*,*,#14928,.F.);
#16336 = ORIENTED_EDGE('',*,*,#16330,.F.);
#16337 = CYLINDRICAL_SURFACE('',#16338,0.15);
#16338 = AXIS2_PLACEMENT_3D('',#16339,#16340,#16341);
#16339 = CARTESIAN_POINT('',(87.9,-33.9,-3.6E-02));
#16340 = DIRECTION('',(-0.,-0.,-1.));
#16341 = DIRECTION('',(-0.,-1.,0.));
#16342 = ADVANCED_FACE('',(#16343),#16354,.F.);
#16343 = FACE_BOUND('',#16344,.T.);
#16344 = EDGE_LOOP('',(#16345,#16346,#16352,#16353));
#16345 = ORIENTED_EDGE('',*,*,#13931,.T.);
#16346 = ORIENTED_EDGE('',*,*,#16347,.T.);
#16347 = EDGE_CURVE('',#13932,#14940,#16348,.T.);
#16348 = LINE('',#16349,#16350);
#16349 = CARTESIAN_POINT('',(87.7,-29.,-4.6E-02));
#16350 = VECTOR('',#16351,1.);
#16351 = DIRECTION('',(0.,0.,1.));
#16352 = ORIENTED_EDGE('',*,*,#14939,.F.);
#16353 = ORIENTED_EDGE('',*,*,#16347,.F.);
#16354 = CYLINDRICAL_SURFACE('',#16355,0.4);
#16355 = AXIS2_PLACEMENT_3D('',#16356,#16357,#16358);
#16356 = CARTESIAN_POINT('',(87.7,-28.6,-4.6E-02));
#16357 = DIRECTION('',(-0.,0.,-1.));
#16358 = DIRECTION('',(3.5527136788E-14,-1.,-0.));
#16359 = ADVANCED_FACE('',(#16360),#16371,.F.);
#16360 = FACE_BOUND('',#16361,.T.);
#16361 = EDGE_LOOP('',(#16362,#16363,#16369,#16370));
#16362 = ORIENTED_EDGE('',*,*,#13942,.T.);
#16363 = ORIENTED_EDGE('',*,*,#16364,.T.);
#16364 = EDGE_CURVE('',#13943,#14951,#16365,.T.);
#16365 = LINE('',#16366,#16367);
#16366 = CARTESIAN_POINT('',(91.9,-31.65,-3.6E-02));
#16367 = VECTOR('',#16368,1.);
#16368 = DIRECTION('',(0.,0.,1.));
#16369 = ORIENTED_EDGE('',*,*,#14950,.F.);
#16370 = ORIENTED_EDGE('',*,*,#16364,.F.);
#16371 = CYLINDRICAL_SURFACE('',#16372,0.15);
#16372 = AXIS2_PLACEMENT_3D('',#16373,#16374,#16375);
#16373 = CARTESIAN_POINT('',(91.9,-31.5,-3.6E-02));
#16374 = DIRECTION('',(-0.,-0.,-1.));
#16375 = DIRECTION('',(-0.,-1.,0.));
#16376 = ADVANCED_FACE('',(#16377),#16388,.F.);
#16377 = FACE_BOUND('',#16378,.T.);
#16378 = EDGE_LOOP('',(#16379,#16380,#16386,#16387));
#16379 = ORIENTED_EDGE('',*,*,#13953,.T.);
#16380 = ORIENTED_EDGE('',*,*,#16381,.T.);
#16381 = EDGE_CURVE('',#13954,#14962,#16382,.T.);
#16382 = LINE('',#16383,#16384);
#16383 = CARTESIAN_POINT('',(92.624265,-32.674265,-3.6E-02));
#16384 = VECTOR('',#16385,1.);
#16385 = DIRECTION('',(0.,0.,1.));
#16386 = ORIENTED_EDGE('',*,*,#14961,.F.);
#16387 = ORIENTED_EDGE('',*,*,#16381,.F.);
#16388 = CYLINDRICAL_SURFACE('',#16389,0.15);
#16389 = AXIS2_PLACEMENT_3D('',#16390,#16391,#16392);
#16390 = CARTESIAN_POINT('',(92.624265,-32.524265,-3.6E-02));
#16391 = DIRECTION('',(-0.,-0.,-1.));
#16392 = DIRECTION('',(-9.473903143469E-14,-1.,0.));
#16393 = ADVANCED_FACE('',(#16394),#16405,.F.);
#16394 = FACE_BOUND('',#16395,.T.);
#16395 = EDGE_LOOP('',(#16396,#16397,#16403,#16404));
#16396 = ORIENTED_EDGE('',*,*,#13964,.T.);
#16397 = ORIENTED_EDGE('',*,*,#16398,.T.);
#16398 = EDGE_CURVE('',#13965,#14973,#16399,.T.);
#16399 = LINE('',#16400,#16401);
#16400 = CARTESIAN_POINT('',(89.7,-29.,-4.6E-02));
#16401 = VECTOR('',#16402,1.);
#16402 = DIRECTION('',(0.,0.,1.));
#16403 = ORIENTED_EDGE('',*,*,#14972,.F.);
#16404 = ORIENTED_EDGE('',*,*,#16398,.F.);
#16405 = CYLINDRICAL_SURFACE('',#16406,0.4);
#16406 = AXIS2_PLACEMENT_3D('',#16407,#16408,#16409);
#16407 = CARTESIAN_POINT('',(89.7,-28.6,-4.6E-02));
#16408 = DIRECTION('',(-0.,0.,-1.));
#16409 = DIRECTION('',(3.5527136788E-14,-1.,-0.));
#16410 = ADVANCED_FACE('',(#16411),#16422,.F.);
#16411 = FACE_BOUND('',#16412,.T.);
#16412 = EDGE_LOOP('',(#16413,#16414,#16420,#16421));
#16413 = ORIENTED_EDGE('',*,*,#13975,.T.);
#16414 = ORIENTED_EDGE('',*,*,#16415,.T.);
#16415 = EDGE_CURVE('',#13976,#14984,#16416,.T.);
#16416 = LINE('',#16417,#16418);
#16417 = CARTESIAN_POINT('',(91.7,-29.,-4.6E-02));
#16418 = VECTOR('',#16419,1.);
#16419 = DIRECTION('',(0.,0.,1.));
#16420 = ORIENTED_EDGE('',*,*,#14983,.F.);
#16421 = ORIENTED_EDGE('',*,*,#16415,.F.);
#16422 = CYLINDRICAL_SURFACE('',#16423,0.4);
#16423 = AXIS2_PLACEMENT_3D('',#16424,#16425,#16426);
#16424 = CARTESIAN_POINT('',(91.7,-28.6,-4.6E-02));
#16425 = DIRECTION('',(-0.,0.,-1.));
#16426 = DIRECTION('',(3.5527136788E-14,-1.,-0.));
#16427 = ADVANCED_FACE('',(#16428),#16439,.F.);
#16428 = FACE_BOUND('',#16429,.T.);
#16429 = EDGE_LOOP('',(#16430,#16431,#16437,#16438));
#16430 = ORIENTED_EDGE('',*,*,#13986,.T.);
#16431 = ORIENTED_EDGE('',*,*,#16432,.T.);
#16432 = EDGE_CURVE('',#13987,#14995,#16433,.T.);
#16433 = LINE('',#16434,#16435);
#16434 = CARTESIAN_POINT('',(90.7,-25.3,-4.6E-02));
#16435 = VECTOR('',#16436,1.);
#16436 = DIRECTION('',(0.,0.,1.));
#16437 = ORIENTED_EDGE('',*,*,#14994,.F.);
#16438 = ORIENTED_EDGE('',*,*,#16432,.F.);
#16439 = CYLINDRICAL_SURFACE('',#16440,0.4);
#16440 = AXIS2_PLACEMENT_3D('',#16441,#16442,#16443);
#16441 = CARTESIAN_POINT('',(90.7,-24.9,-4.6E-02));
#16442 = DIRECTION('',(-0.,0.,-1.));
#16443 = DIRECTION('',(3.5527136788E-14,-1.,-0.));
#16444 = ADVANCED_FACE('',(#16445),#16456,.F.);
#16445 = FACE_BOUND('',#16446,.T.);
#16446 = EDGE_LOOP('',(#16447,#16448,#16454,#16455));
#16447 = ORIENTED_EDGE('',*,*,#13997,.T.);
#16448 = ORIENTED_EDGE('',*,*,#16449,.T.);
#16449 = EDGE_CURVE('',#13998,#15006,#16450,.T.);
#16450 = LINE('',#16451,#16452);
#16451 = CARTESIAN_POINT('',(93.7,-29.,-4.6E-02));
#16452 = VECTOR('',#16453,1.);
#16453 = DIRECTION('',(0.,0.,1.));
#16454 = ORIENTED_EDGE('',*,*,#15005,.F.);
#16455 = ORIENTED_EDGE('',*,*,#16449,.F.);
#16456 = CYLINDRICAL_SURFACE('',#16457,0.4);
#16457 = AXIS2_PLACEMENT_3D('',#16458,#16459,#16460);
#16458 = CARTESIAN_POINT('',(93.7,-28.6,-4.6E-02));
#16459 = DIRECTION('',(-0.,0.,-1.));
#16460 = DIRECTION('',(3.5527136788E-14,-1.,-0.));
#16461 = ADVANCED_FACE('',(#16462),#16473,.F.);
#16462 = FACE_BOUND('',#16463,.T.);
#16463 = EDGE_LOOP('',(#16464,#16465,#16471,#16472));
#16464 = ORIENTED_EDGE('',*,*,#14008,.T.);
#16465 = ORIENTED_EDGE('',*,*,#16466,.T.);
#16466 = EDGE_CURVE('',#14009,#15017,#16467,.T.);
#16467 = LINE('',#16468,#16469);
#16468 = CARTESIAN_POINT('',(92.7,-25.3,-4.6E-02));
#16469 = VECTOR('',#16470,1.);
#16470 = DIRECTION('',(0.,0.,1.));
#16471 = ORIENTED_EDGE('',*,*,#15016,.F.);
#16472 = ORIENTED_EDGE('',*,*,#16466,.F.);
#16473 = CYLINDRICAL_SURFACE('',#16474,0.4);
#16474 = AXIS2_PLACEMENT_3D('',#16475,#16476,#16477);
#16475 = CARTESIAN_POINT('',(92.7,-24.9,-4.6E-02));
#16476 = DIRECTION('',(-0.,0.,-1.));
#16477 = DIRECTION('',(3.5527136788E-14,-1.,-0.));
#16478 = ADVANCED_FACE('',(#16479),#16490,.F.);
#16479 = FACE_BOUND('',#16480,.T.);
#16480 = EDGE_LOOP('',(#16481,#16482,#16488,#16489));
#16481 = ORIENTED_EDGE('',*,*,#14019,.T.);
#16482 = ORIENTED_EDGE('',*,*,#16483,.T.);
#16483 = EDGE_CURVE('',#14020,#15028,#16484,.T.);
#16484 = LINE('',#16485,#16486);
#16485 = CARTESIAN_POINT('',(94.7,-25.3,-4.6E-02));
#16486 = VECTOR('',#16487,1.);
#16487 = DIRECTION('',(0.,0.,1.));
#16488 = ORIENTED_EDGE('',*,*,#15027,.F.);
#16489 = ORIENTED_EDGE('',*,*,#16483,.F.);
#16490 = CYLINDRICAL_SURFACE('',#16491,0.4);
#16491 = AXIS2_PLACEMENT_3D('',#16492,#16493,#16494);
#16492 = CARTESIAN_POINT('',(94.7,-24.9,-4.6E-02));
#16493 = DIRECTION('',(-0.,0.,-1.));
#16494 = DIRECTION('',(3.5527136788E-14,-1.,-0.));
#16495 = ADVANCED_FACE('',(#16496),#16507,.F.);
#16496 = FACE_BOUND('',#16497,.T.);
#16497 = EDGE_LOOP('',(#16498,#16499,#16505,#16506));
#16498 = ORIENTED_EDGE('',*,*,#14030,.T.);
#16499 = ORIENTED_EDGE('',*,*,#16500,.T.);
#16500 = EDGE_CURVE('',#14031,#15039,#16501,.T.);
#16501 = LINE('',#16502,#16503);
#16502 = CARTESIAN_POINT('',(96.55,-39.6,-4.6E-02));
#16503 = VECTOR('',#16504,1.);
#16504 = DIRECTION('',(0.,0.,1.));
#16505 = ORIENTED_EDGE('',*,*,#15038,.F.);
#16506 = ORIENTED_EDGE('',*,*,#16500,.F.);
#16507 = CYLINDRICAL_SURFACE('',#16508,1.E-01);
#16508 = AXIS2_PLACEMENT_3D('',#16509,#16510,#16511);
#16509 = CARTESIAN_POINT('',(96.55,-39.5,-4.6E-02));
#16510 = DIRECTION('',(-0.,-0.,-1.));
#16511 = DIRECTION('',(-1.42108547152E-13,-1.,0.));
#16512 = ADVANCED_FACE('',(#16513),#16524,.F.);
#16513 = FACE_BOUND('',#16514,.T.);
#16514 = EDGE_LOOP('',(#16515,#16516,#16522,#16523));
#16515 = ORIENTED_EDGE('',*,*,#14041,.T.);
#16516 = ORIENTED_EDGE('',*,*,#16517,.T.);
#16517 = EDGE_CURVE('',#14042,#15050,#16518,.T.);
#16518 = LINE('',#16519,#16520);
#16519 = CARTESIAN_POINT('',(96.,-39.05,-4.6E-02));
#16520 = VECTOR('',#16521,1.);
#16521 = DIRECTION('',(0.,0.,1.));
#16522 = ORIENTED_EDGE('',*,*,#15049,.F.);
#16523 = ORIENTED_EDGE('',*,*,#16517,.F.);
#16524 = CYLINDRICAL_SURFACE('',#16525,9.999999999999E-02);
#16525 = AXIS2_PLACEMENT_3D('',#16526,#16527,#16528);
#16526 = CARTESIAN_POINT('',(96.,-38.95,-4.6E-02));
#16527 = DIRECTION('',(-0.,-0.,-1.));
#16528 = DIRECTION('',(-0.,-1.,0.));
#16529 = ADVANCED_FACE('',(#16530),#16541,.F.);
#16530 = FACE_BOUND('',#16531,.T.);
#16531 = EDGE_LOOP('',(#16532,#16533,#16539,#16540));
#16532 = ORIENTED_EDGE('',*,*,#14052,.T.);
#16533 = ORIENTED_EDGE('',*,*,#16534,.T.);
#16534 = EDGE_CURVE('',#14053,#15061,#16535,.T.);
#16535 = LINE('',#16536,#16537);
#16536 = CARTESIAN_POINT('',(96.,-37.95,-4.6E-02));
#16537 = VECTOR('',#16538,1.);
#16538 = DIRECTION('',(0.,0.,1.));
#16539 = ORIENTED_EDGE('',*,*,#15060,.F.);
#16540 = ORIENTED_EDGE('',*,*,#16534,.F.);
#16541 = CYLINDRICAL_SURFACE('',#16542,9.999999999999E-02);
#16542 = AXIS2_PLACEMENT_3D('',#16543,#16544,#16545);
#16543 = CARTESIAN_POINT('',(96.,-37.85,-4.6E-02));
#16544 = DIRECTION('',(-0.,-0.,-1.));
#16545 = DIRECTION('',(-0.,-1.,0.));
#16546 = ADVANCED_FACE('',(#16547),#16558,.F.);
#16547 = FACE_BOUND('',#16548,.T.);
#16548 = EDGE_LOOP('',(#16549,#16550,#16556,#16557));
#16549 = ORIENTED_EDGE('',*,*,#14063,.T.);
#16550 = ORIENTED_EDGE('',*,*,#16551,.T.);
#16551 = EDGE_CURVE('',#14064,#15072,#16552,.T.);
#16552 = LINE('',#16553,#16554);
#16553 = CARTESIAN_POINT('',(96.55,-38.5,-4.6E-02));
#16554 = VECTOR('',#16555,1.);
#16555 = DIRECTION('',(0.,0.,1.));
#16556 = ORIENTED_EDGE('',*,*,#15071,.F.);
#16557 = ORIENTED_EDGE('',*,*,#16551,.F.);
#16558 = CYLINDRICAL_SURFACE('',#16559,1.E-01);
#16559 = AXIS2_PLACEMENT_3D('',#16560,#16561,#16562);
#16560 = CARTESIAN_POINT('',(96.55,-38.4,-4.6E-02));
#16561 = DIRECTION('',(-0.,-0.,-1.));
#16562 = DIRECTION('',(-1.42108547152E-13,-1.,0.));
#16563 = ADVANCED_FACE('',(#16564),#16575,.F.);
#16564 = FACE_BOUND('',#16565,.T.);
#16565 = EDGE_LOOP('',(#16566,#16567,#16573,#16574));
#16566 = ORIENTED_EDGE('',*,*,#14074,.T.);
#16567 = ORIENTED_EDGE('',*,*,#16568,.T.);
#16568 = EDGE_CURVE('',#14075,#15083,#16569,.T.);
#16569 = LINE('',#16570,#16571);
#16570 = CARTESIAN_POINT('',(97.1,-39.05,-4.6E-02));
#16571 = VECTOR('',#16572,1.);
#16572 = DIRECTION('',(0.,0.,1.));
#16573 = ORIENTED_EDGE('',*,*,#15082,.F.);
#16574 = ORIENTED_EDGE('',*,*,#16568,.F.);
#16575 = CYLINDRICAL_SURFACE('',#16576,0.1);
#16576 = AXIS2_PLACEMENT_3D('',#16577,#16578,#16579);
#16577 = CARTESIAN_POINT('',(97.1,-38.95,-4.6E-02));
#16578 = DIRECTION('',(-0.,-0.,-1.));
#16579 = DIRECTION('',(-0.,-1.,0.));
#16580 = ADVANCED_FACE('',(#16581),#16592,.F.);
#16581 = FACE_BOUND('',#16582,.T.);
#16582 = EDGE_LOOP('',(#16583,#16584,#16590,#16591));
#16583 = ORIENTED_EDGE('',*,*,#14085,.T.);
#16584 = ORIENTED_EDGE('',*,*,#16585,.T.);
#16585 = EDGE_CURVE('',#14086,#15094,#16586,.T.);
#16586 = LINE('',#16587,#16588);
#16587 = CARTESIAN_POINT('',(97.1,-37.95,-4.6E-02));
#16588 = VECTOR('',#16589,1.);
#16589 = DIRECTION('',(0.,0.,1.));
#16590 = ORIENTED_EDGE('',*,*,#15093,.F.);
#16591 = ORIENTED_EDGE('',*,*,#16585,.F.);
#16592 = CYLINDRICAL_SURFACE('',#16593,0.1);
#16593 = AXIS2_PLACEMENT_3D('',#16594,#16595,#16596);
#16594 = CARTESIAN_POINT('',(97.1,-37.85,-4.6E-02));
#16595 = DIRECTION('',(-0.,-0.,-1.));
#16596 = DIRECTION('',(-0.,-1.,0.));
#16597 = ADVANCED_FACE('',(#16598),#16609,.F.);
#16598 = FACE_BOUND('',#16599,.T.);
#16599 = EDGE_LOOP('',(#16600,#16601,#16607,#16608));
#16600 = ORIENTED_EDGE('',*,*,#14096,.T.);
#16601 = ORIENTED_EDGE('',*,*,#16602,.T.);
#16602 = EDGE_CURVE('',#14097,#15105,#16603,.T.);
#16603 = LINE('',#16604,#16605);
#16604 = CARTESIAN_POINT('',(96.55,-37.4,-4.6E-02));
#16605 = VECTOR('',#16606,1.);
#16606 = DIRECTION('',(0.,0.,1.));
#16607 = ORIENTED_EDGE('',*,*,#15104,.F.);
#16608 = ORIENTED_EDGE('',*,*,#16602,.F.);
#16609 = CYLINDRICAL_SURFACE('',#16610,1.E-01);
#16610 = AXIS2_PLACEMENT_3D('',#16611,#16612,#16613);
#16611 = CARTESIAN_POINT('',(96.55,-37.3,-4.6E-02));
#16612 = DIRECTION('',(-0.,-0.,-1.));
#16613 = DIRECTION('',(-1.42108547152E-13,-1.,0.));
#16614 = ADVANCED_FACE('',(#16615),#16626,.F.);
#16615 = FACE_BOUND('',#16616,.T.);
#16616 = EDGE_LOOP('',(#16617,#16618,#16624,#16625));
#16617 = ORIENTED_EDGE('',*,*,#14107,.T.);
#16618 = ORIENTED_EDGE('',*,*,#16619,.T.);
#16619 = EDGE_CURVE('',#14108,#15116,#16620,.T.);
#16620 = LINE('',#16621,#16622);
#16621 = CARTESIAN_POINT('',(102.,-42.15,-3.6E-02));
#16622 = VECTOR('',#16623,1.);
#16623 = DIRECTION('',(0.,0.,1.));
#16624 = ORIENTED_EDGE('',*,*,#15115,.F.);
#16625 = ORIENTED_EDGE('',*,*,#16619,.F.);
#16626 = CYLINDRICAL_SURFACE('',#16627,0.15);
#16627 = AXIS2_PLACEMENT_3D('',#16628,#16629,#16630);
#16628 = CARTESIAN_POINT('',(102.,-42.,-3.6E-02));
#16629 = DIRECTION('',(-0.,-0.,-1.));
#16630 = DIRECTION('',(-0.,-1.,0.));
#16631 = ADVANCED_FACE('',(#16632),#16643,.F.);
#16632 = FACE_BOUND('',#16633,.T.);
#16633 = EDGE_LOOP('',(#16634,#16635,#16641,#16642));
#16634 = ORIENTED_EDGE('',*,*,#14118,.T.);
#16635 = ORIENTED_EDGE('',*,*,#16636,.T.);
#16636 = EDGE_CURVE('',#14119,#15127,#16637,.T.);
#16637 = LINE('',#16638,#16639);
#16638 = CARTESIAN_POINT('',(107.,-43.6,-4.6E-02));
#16639 = VECTOR('',#16640,1.);
#16640 = DIRECTION('',(0.,0.,1.));
#16641 = ORIENTED_EDGE('',*,*,#15126,.F.);
#16642 = ORIENTED_EDGE('',*,*,#16636,.F.);
#16643 = CYLINDRICAL_SURFACE('',#16644,0.4);
#16644 = AXIS2_PLACEMENT_3D('',#16645,#16646,#16647);
#16645 = CARTESIAN_POINT('',(107.,-43.2,-4.6E-02));
#16646 = DIRECTION('',(-0.,-0.,-1.));
#16647 = DIRECTION('',(-0.,-1.,0.));
#16648 = ADVANCED_FACE('',(#16649),#16660,.F.);
#16649 = FACE_BOUND('',#16650,.T.);
#16650 = EDGE_LOOP('',(#16651,#16652,#16658,#16659));
#16651 = ORIENTED_EDGE('',*,*,#14129,.T.);
#16652 = ORIENTED_EDGE('',*,*,#16653,.T.);
#16653 = EDGE_CURVE('',#14130,#15138,#16654,.T.);
#16654 = LINE('',#16655,#16656);
#16655 = CARTESIAN_POINT('',(107.,-41.6,-4.6E-02));
#16656 = VECTOR('',#16657,1.);
#16657 = DIRECTION('',(0.,0.,1.));
#16658 = ORIENTED_EDGE('',*,*,#15137,.F.);
#16659 = ORIENTED_EDGE('',*,*,#16653,.F.);
#16660 = CYLINDRICAL_SURFACE('',#16661,0.4);
#16661 = AXIS2_PLACEMENT_3D('',#16662,#16663,#16664);
#16662 = CARTESIAN_POINT('',(107.,-41.2,-4.6E-02));
#16663 = DIRECTION('',(-0.,-0.,-1.));
#16664 = DIRECTION('',(-0.,-1.,0.));
#16665 = ADVANCED_FACE('',(#16666),#16677,.F.);
#16666 = FACE_BOUND('',#16667,.T.);
#16667 = EDGE_LOOP('',(#16668,#16669,#16675,#16676));
#16668 = ORIENTED_EDGE('',*,*,#14140,.T.);
#16669 = ORIENTED_EDGE('',*,*,#16670,.T.);
#16670 = EDGE_CURVE('',#14141,#15149,#16671,.T.);
#16671 = LINE('',#16672,#16673);
#16672 = CARTESIAN_POINT('',(105.1,-39.95,-3.6E-02));
#16673 = VECTOR('',#16674,1.);
#16674 = DIRECTION('',(0.,0.,1.));
#16675 = ORIENTED_EDGE('',*,*,#15148,.F.);
#16676 = ORIENTED_EDGE('',*,*,#16670,.F.);
#16677 = CYLINDRICAL_SURFACE('',#16678,0.15);
#16678 = AXIS2_PLACEMENT_3D('',#16679,#16680,#16681);
#16679 = CARTESIAN_POINT('',(105.1,-39.8,-3.6E-02));
#16680 = DIRECTION('',(-0.,-0.,-1.));
#16681 = DIRECTION('',(-0.,-1.,0.));
#16682 = ADVANCED_FACE('',(#16683),#16694,.F.);
#16683 = FACE_BOUND('',#16684,.T.);
#16684 = EDGE_LOOP('',(#16685,#16686,#16692,#16693));
#16685 = ORIENTED_EDGE('',*,*,#14151,.T.);
#16686 = ORIENTED_EDGE('',*,*,#16687,.T.);
#16687 = EDGE_CURVE('',#14152,#15160,#16688,.T.);
#16688 = LINE('',#16689,#16690);
#16689 = CARTESIAN_POINT('',(102.,-36.45,-3.6E-02));
#16690 = VECTOR('',#16691,1.);
#16691 = DIRECTION('',(0.,0.,1.));
#16692 = ORIENTED_EDGE('',*,*,#15159,.F.);
#16693 = ORIENTED_EDGE('',*,*,#16687,.F.);
#16694 = CYLINDRICAL_SURFACE('',#16695,0.15);
#16695 = AXIS2_PLACEMENT_3D('',#16696,#16697,#16698);
#16696 = CARTESIAN_POINT('',(102.,-36.3,-3.6E-02));
#16697 = DIRECTION('',(-0.,-0.,-1.));
#16698 = DIRECTION('',(-0.,-1.,0.));
#16699 = ADVANCED_FACE('',(#16700),#16711,.F.);
#16700 = FACE_BOUND('',#16701,.T.);
#16701 = EDGE_LOOP('',(#16702,#16703,#16709,#16710));
#16702 = ORIENTED_EDGE('',*,*,#14162,.T.);
#16703 = ORIENTED_EDGE('',*,*,#16704,.T.);
#16704 = EDGE_CURVE('',#14163,#15171,#16705,.T.);
#16705 = LINE('',#16706,#16707);
#16706 = CARTESIAN_POINT('',(105.3,-39.15,-3.6E-02));
#16707 = VECTOR('',#16708,1.);
#16708 = DIRECTION('',(0.,0.,1.));
#16709 = ORIENTED_EDGE('',*,*,#15170,.F.);
#16710 = ORIENTED_EDGE('',*,*,#16704,.F.);
#16711 = CYLINDRICAL_SURFACE('',#16712,0.15);
#16712 = AXIS2_PLACEMENT_3D('',#16713,#16714,#16715);
#16713 = CARTESIAN_POINT('',(105.3,-39.,-3.6E-02));
#16714 = DIRECTION('',(-0.,-0.,-1.));
#16715 = DIRECTION('',(-9.473903143469E-14,-1.,0.));
#16716 = ADVANCED_FACE('',(#16717),#16728,.F.);
#16717 = FACE_BOUND('',#16718,.T.);
#16718 = EDGE_LOOP('',(#16719,#16720,#16726,#16727));
#16719 = ORIENTED_EDGE('',*,*,#14173,.T.);
#16720 = ORIENTED_EDGE('',*,*,#16721,.T.);
#16721 = EDGE_CURVE('',#14174,#15182,#16722,.T.);
#16722 = LINE('',#16723,#16724);
#16723 = CARTESIAN_POINT('',(107.8,-37.95,-3.6E-02));
#16724 = VECTOR('',#16725,1.);
#16725 = DIRECTION('',(0.,0.,1.));
#16726 = ORIENTED_EDGE('',*,*,#15181,.F.);
#16727 = ORIENTED_EDGE('',*,*,#16721,.F.);
#16728 = CYLINDRICAL_SURFACE('',#16729,0.15);
#16729 = AXIS2_PLACEMENT_3D('',#16730,#16731,#16732);
#16730 = CARTESIAN_POINT('',(107.8,-37.8,-3.6E-02));
#16731 = DIRECTION('',(-0.,-0.,-1.));
#16732 = DIRECTION('',(-9.473903143469E-14,-1.,0.));
#16733 = ADVANCED_FACE('',(#16734),#16745,.F.);
#16734 = FACE_BOUND('',#16735,.T.);
#16735 = EDGE_LOOP('',(#16736,#16737,#16743,#16744));
#16736 = ORIENTED_EDGE('',*,*,#14184,.T.);
#16737 = ORIENTED_EDGE('',*,*,#16738,.T.);
#16738 = EDGE_CURVE('',#14185,#15193,#16739,.T.);
#16739 = LINE('',#16740,#16741);
#16740 = CARTESIAN_POINT('',(96.9,-30.45,-3.6E-02));
#16741 = VECTOR('',#16742,1.);
#16742 = DIRECTION('',(0.,0.,1.));
#16743 = ORIENTED_EDGE('',*,*,#15192,.F.);
#16744 = ORIENTED_EDGE('',*,*,#16738,.F.);
#16745 = CYLINDRICAL_SURFACE('',#16746,0.15);
#16746 = AXIS2_PLACEMENT_3D('',#16747,#16748,#16749);
#16747 = CARTESIAN_POINT('',(96.9,-30.3,-3.6E-02));
#16748 = DIRECTION('',(-0.,-0.,-1.));
#16749 = DIRECTION('',(-0.,-1.,0.));
#16750 = ADVANCED_FACE('',(#16751),#16762,.F.);
#16751 = FACE_BOUND('',#16752,.T.);
#16752 = EDGE_LOOP('',(#16753,#16754,#16760,#16761));
#16753 = ORIENTED_EDGE('',*,*,#14195,.T.);
#16754 = ORIENTED_EDGE('',*,*,#16755,.T.);
#16755 = EDGE_CURVE('',#14196,#15204,#16756,.T.);
#16756 = LINE('',#16757,#16758);
#16757 = CARTESIAN_POINT('',(95.7,-29.,-4.6E-02));
#16758 = VECTOR('',#16759,1.);
#16759 = DIRECTION('',(0.,0.,1.));
#16760 = ORIENTED_EDGE('',*,*,#15203,.F.);
#16761 = ORIENTED_EDGE('',*,*,#16755,.F.);
#16762 = CYLINDRICAL_SURFACE('',#16763,0.4);
#16763 = AXIS2_PLACEMENT_3D('',#16764,#16765,#16766);
#16764 = CARTESIAN_POINT('',(95.7,-28.6,-4.6E-02));
#16765 = DIRECTION('',(-0.,0.,-1.));
#16766 = DIRECTION('',(3.5527136788E-14,-1.,-0.));
#16767 = ADVANCED_FACE('',(#16768),#16779,.F.);
#16768 = FACE_BOUND('',#16769,.T.);
#16769 = EDGE_LOOP('',(#16770,#16771,#16777,#16778));
#16770 = ORIENTED_EDGE('',*,*,#14206,.T.);
#16771 = ORIENTED_EDGE('',*,*,#16772,.T.);
#16772 = EDGE_CURVE('',#14207,#15215,#16773,.T.);
#16773 = LINE('',#16774,#16775);
#16774 = CARTESIAN_POINT('',(97.7,-29.,-4.6E-02));
#16775 = VECTOR('',#16776,1.);
#16776 = DIRECTION('',(0.,0.,1.));
#16777 = ORIENTED_EDGE('',*,*,#15214,.F.);
#16778 = ORIENTED_EDGE('',*,*,#16772,.F.);
#16779 = CYLINDRICAL_SURFACE('',#16780,0.4);
#16780 = AXIS2_PLACEMENT_3D('',#16781,#16782,#16783);
#16781 = CARTESIAN_POINT('',(97.7,-28.6,-4.6E-02));
#16782 = DIRECTION('',(-0.,0.,-1.));
#16783 = DIRECTION('',(3.5527136788E-14,-1.,-0.));
#16784 = ADVANCED_FACE('',(#16785),#16796,.F.);
#16785 = FACE_BOUND('',#16786,.T.);
#16786 = EDGE_LOOP('',(#16787,#16788,#16794,#16795));
#16787 = ORIENTED_EDGE('',*,*,#14217,.T.);
#16788 = ORIENTED_EDGE('',*,*,#16789,.T.);
#16789 = EDGE_CURVE('',#14218,#15226,#16790,.T.);
#16790 = LINE('',#16791,#16792);
#16791 = CARTESIAN_POINT('',(96.7,-25.3,-4.6E-02));
#16792 = VECTOR('',#16793,1.);
#16793 = DIRECTION('',(0.,0.,1.));
#16794 = ORIENTED_EDGE('',*,*,#15225,.F.);
#16795 = ORIENTED_EDGE('',*,*,#16789,.F.);
#16796 = CYLINDRICAL_SURFACE('',#16797,0.4);
#16797 = AXIS2_PLACEMENT_3D('',#16798,#16799,#16800);
#16798 = CARTESIAN_POINT('',(96.7,-24.9,-4.6E-02));
#16799 = DIRECTION('',(-0.,0.,-1.));
#16800 = DIRECTION('',(3.5527136788E-14,-1.,-0.));
#16801 = ADVANCED_FACE('',(#16802),#16813,.F.);
#16802 = FACE_BOUND('',#16803,.T.);
#16803 = EDGE_LOOP('',(#16804,#16805,#16811,#16812));
#16804 = ORIENTED_EDGE('',*,*,#14228,.T.);
#16805 = ORIENTED_EDGE('',*,*,#16806,.T.);
#16806 = EDGE_CURVE('',#14229,#15237,#16807,.T.);
#16807 = LINE('',#16808,#16809);
#16808 = CARTESIAN_POINT('',(98.7,-25.3,-4.6E-02));
#16809 = VECTOR('',#16810,1.);
#16810 = DIRECTION('',(0.,0.,1.));
#16811 = ORIENTED_EDGE('',*,*,#15236,.F.);
#16812 = ORIENTED_EDGE('',*,*,#16806,.F.);
#16813 = CYLINDRICAL_SURFACE('',#16814,0.4);
#16814 = AXIS2_PLACEMENT_3D('',#16815,#16816,#16817);
#16815 = CARTESIAN_POINT('',(98.7,-24.9,-4.6E-02));
#16816 = DIRECTION('',(-0.,0.,-1.));
#16817 = DIRECTION('',(3.5527136788E-14,-1.,-0.));
#16818 = ADVANCED_FACE('',(#16819),#16830,.F.);
#16819 = FACE_BOUND('',#16820,.T.);
#16820 = EDGE_LOOP('',(#16821,#16822,#16828,#16829));
#16821 = ORIENTED_EDGE('',*,*,#14239,.T.);
#16822 = ORIENTED_EDGE('',*,*,#16823,.T.);
#16823 = EDGE_CURVE('',#14240,#15248,#16824,.T.);
#16824 = LINE('',#16825,#16826);
#16825 = CARTESIAN_POINT('',(99.7,-29.,-4.6E-02));
#16826 = VECTOR('',#16827,1.);
#16827 = DIRECTION('',(0.,0.,1.));
#16828 = ORIENTED_EDGE('',*,*,#15247,.F.);
#16829 = ORIENTED_EDGE('',*,*,#16823,.F.);
#16830 = CYLINDRICAL_SURFACE('',#16831,0.4);
#16831 = AXIS2_PLACEMENT_3D('',#16832,#16833,#16834);
#16832 = CARTESIAN_POINT('',(99.7,-28.6,-4.6E-02));
#16833 = DIRECTION('',(-0.,0.,-1.));
#16834 = DIRECTION('',(3.5527136788E-14,-1.,-0.));
#16835 = ADVANCED_FACE('',(#16836),#16847,.F.);
#16836 = FACE_BOUND('',#16837,.T.);
#16837 = EDGE_LOOP('',(#16838,#16839,#16845,#16846));
#16838 = ORIENTED_EDGE('',*,*,#14250,.T.);
#16839 = ORIENTED_EDGE('',*,*,#16840,.T.);
#16840 = EDGE_CURVE('',#14251,#15259,#16841,.T.);
#16841 = LINE('',#16842,#16843);
#16842 = CARTESIAN_POINT('',(101.7,-29.,-4.6E-02));
#16843 = VECTOR('',#16844,1.);
#16844 = DIRECTION('',(0.,0.,1.));
#16845 = ORIENTED_EDGE('',*,*,#15258,.F.);
#16846 = ORIENTED_EDGE('',*,*,#16840,.F.);
#16847 = CYLINDRICAL_SURFACE('',#16848,0.4);
#16848 = AXIS2_PLACEMENT_3D('',#16849,#16850,#16851);
#16849 = CARTESIAN_POINT('',(101.7,-28.6,-4.6E-02));
#16850 = DIRECTION('',(-0.,0.,-1.));
#16851 = DIRECTION('',(3.5527136788E-14,-1.,-0.));
#16852 = ADVANCED_FACE('',(#16853),#16864,.F.);
#16853 = FACE_BOUND('',#16854,.T.);
#16854 = EDGE_LOOP('',(#16855,#16856,#16862,#16863));
#16855 = ORIENTED_EDGE('',*,*,#14261,.T.);
#16856 = ORIENTED_EDGE('',*,*,#16857,.T.);
#16857 = EDGE_CURVE('',#14262,#15270,#16858,.T.);
#16858 = LINE('',#16859,#16860);
#16859 = CARTESIAN_POINT('',(102.4,-31.55,-3.6E-02));
#16860 = VECTOR('',#16861,1.);
#16861 = DIRECTION('',(0.,0.,1.));
#16862 = ORIENTED_EDGE('',*,*,#15269,.F.);
#16863 = ORIENTED_EDGE('',*,*,#16857,.F.);
#16864 = CYLINDRICAL_SURFACE('',#16865,0.15);
#16865 = AXIS2_PLACEMENT_3D('',#16866,#16867,#16868);
#16866 = CARTESIAN_POINT('',(102.4,-31.4,-3.6E-02));
#16867 = DIRECTION('',(-0.,-0.,-1.));
#16868 = DIRECTION('',(-0.,-1.,0.));
#16869 = ADVANCED_FACE('',(#16870),#16881,.F.);
#16870 = FACE_BOUND('',#16871,.T.);
#16871 = EDGE_LOOP('',(#16872,#16873,#16879,#16880));
#16872 = ORIENTED_EDGE('',*,*,#14272,.T.);
#16873 = ORIENTED_EDGE('',*,*,#16874,.T.);
#16874 = EDGE_CURVE('',#14273,#15281,#16875,.T.);
#16875 = LINE('',#16876,#16877);
#16876 = CARTESIAN_POINT('',(104.9,-28.95,-3.6E-02));
#16877 = VECTOR('',#16878,1.);
#16878 = DIRECTION('',(0.,0.,1.));
#16879 = ORIENTED_EDGE('',*,*,#15280,.F.);
#16880 = ORIENTED_EDGE('',*,*,#16874,.F.);
#16881 = CYLINDRICAL_SURFACE('',#16882,0.15);
#16882 = AXIS2_PLACEMENT_3D('',#16883,#16884,#16885);
#16883 = CARTESIAN_POINT('',(104.9,-28.8,-3.6E-02));
#16884 = DIRECTION('',(-0.,-0.,-1.));
#16885 = DIRECTION('',(-0.,-1.,0.));
#16886 = ( GEOMETRIC_REPRESENTATION_CONTEXT(3) 
GLOBAL_UNCERTAINTY_ASSIGNED_CONTEXT((#16890)) 
GLOBAL_UNIT_ASSIGNED_CONTEXT((#16887,#16888,#16889)) 
REPRESENTATION_CONTEXT('Context #1',
  '3D Context with UNIT and UNCERTAINTY') );
#16887 = ( LENGTH_UNIT() NAMED_UNIT(*) SI_UNIT(.MILLI.,.METRE.) );
#16888 = ( NAMED_UNIT(*) PLANE_ANGLE_UNIT() SI_UNIT($,.RADIAN.) );
#16889 = ( NAMED_UNIT(*) SI_UNIT($,.STERADIAN.) SOLID_ANGLE_UNIT() );
#16890 = UNCERTAINTY_MEASURE_WITH_UNIT(LENGTH_MEASURE(1.E-07),#16887,
  'distance_accuracy_value','confusion accuracy');
#16891 = CONTEXT_DEPENDENT_SHAPE_REPRESENTATION(#16892,#16894);
#16892 = ( REPRESENTATION_RELATIONSHIP('','',#13172,#10) 
REPRESENTATION_RELATIONSHIP_WITH_TRANSFORMATION(#16893) 
SHAPE_REPRESENTATION_RELATIONSHIP() );
#16893 = ITEM_DEFINED_TRANSFORMATION('','',#11,#27);
#16894 = PRODUCT_DEFINITION_SHAPE('Placement','Placement of an item',
  #16895);
#16895 = NEXT_ASSEMBLY_USAGE_OCCURRENCE('4','=>[0:1:1:5]','',#5,#13167,$
  );
#16896 = PRODUCT_RELATED_PRODUCT_CATEGORY('part',$,(#13169));
#16897 = MECHANICAL_DESIGN_GEOMETRIC_PRESENTATION_REPRESENTATION('',(
    #16898),#12518);
#16898 = STYLED_ITEM('color',(#16899),#11771);
#16899 = PRESENTATION_STYLE_ASSIGNMENT((#16900));
#16900 = SURFACE_STYLE_USAGE(.BOTH.,#16901);
#16901 = SURFACE_SIDE_STYLE('',(#16902,#16906));
#16902 = SURFACE_STYLE_FILL_AREA(#16903);
#16903 = FILL_AREA_STYLE('',(#16904));
#16904 = FILL_AREA_STYLE_COLOUR('',#16905);
#16905 = COLOUR_RGB('',0.313304153717,0.484529207832,0.410020903123);
#16906 = SURFACE_STYLE_RENDERING_WITH_PROPERTIES(.NORMAL_SHADING.,#16905
  ,(#16907));
#16907 = SURFACE_STYLE_TRANSPARENT(0.170000016689);
#16908 = MECHANICAL_DESIGN_GEOMETRIC_PRESENTATION_REPRESENTATION('',(
    #16909,#16919,#16928,#16937,#16946,#16955,#16964,#16973,#16982,
    #16991,#17000,#17009,#17018,#17027,#17036,#17045,#17054,#17063,
    #17072,#17081,#17090,#17099,#17108,#17117,#17126,#17135,#17144,
    #17153,#17162,#17171,#17180,#17189,#17198,#17207,#17216,#17225,
    #17234,#17243,#17252,#17261,#17270,#17279,#17288,#17297,#17306,
    #17315,#17324,#17333,#17342,#17351,#17360,#17369,#17378,#17387,
    #17396,#17405,#17414,#17423,#17432,#17441,#17450,#17459,#17468,
    #17477,#17486,#17495,#17504,#17513,#17522,#17531,#17540,#17549,
    #17558,#17567,#17576,#17585,#17594,#17603,#17612,#17621,#17630,
    #17639,#17648,#17657,#17666,#17675,#17684,#17693,#17702,#17711,
    #17720,#17729,#17738,#17747,#17756,#17765,#17774,#17783,#17792,
    #17801,#17810,#17819,#17828,#17837,#17846,#17855,#17864,#17873,
    #17882,#17891,#17900,#17909,#17918,#17927,#17936,#17945,#17954),
  #11750);
#16909 = STYLED_ITEM('color',(#16910),#47);
#16910 = PRESENTATION_STYLE_ASSIGNMENT((#16911));
#16911 = SURFACE_STYLE_USAGE(.BOTH.,#16912);
#16912 = SURFACE_SIDE_STYLE('',(#16913,#16917));
#16913 = SURFACE_STYLE_FILL_AREA(#16914);
#16914 = FILL_AREA_STYLE('',(#16915));
#16915 = FILL_AREA_STYLE_COLOUR('',#16916);
#16916 = DRAUGHTING_PRE_DEFINED_COLOUR('white');
#16917 = SURFACE_STYLE_RENDERING_WITH_PROPERTIES(.NORMAL_SHADING.,#16916
  ,(#16918));
#16918 = SURFACE_STYLE_TRANSPARENT(0.100000023842);
#16919 = STYLED_ITEM('color',(#16920),#91);
#16920 = PRESENTATION_STYLE_ASSIGNMENT((#16921));
#16921 = SURFACE_STYLE_USAGE(.BOTH.,#16922);
#16922 = SURFACE_SIDE_STYLE('',(#16923,#16926));
#16923 = SURFACE_STYLE_FILL_AREA(#16924);
#16924 = FILL_AREA_STYLE('',(#16925));
#16925 = FILL_AREA_STYLE_COLOUR('',#16916);
#16926 = SURFACE_STYLE_RENDERING_WITH_PROPERTIES(.NORMAL_SHADING.,#16916
  ,(#16927));
#16927 = SURFACE_STYLE_TRANSPARENT(0.100000023842);
#16928 = STYLED_ITEM('color',(#16929),#135);
#16929 = PRESENTATION_STYLE_ASSIGNMENT((#16930));
#16930 = SURFACE_STYLE_USAGE(.BOTH.,#16931);
#16931 = SURFACE_SIDE_STYLE('',(#16932,#16935));
#16932 = SURFACE_STYLE_FILL_AREA(#16933);
#16933 = FILL_AREA_STYLE('',(#16934));
#16934 = FILL_AREA_STYLE_COLOUR('',#16916);
#16935 = SURFACE_STYLE_RENDERING_WITH_PROPERTIES(.NORMAL_SHADING.,#16916
  ,(#16936));
#16936 = SURFACE_STYLE_TRANSPARENT(0.100000023842);
#16937 = STYLED_ITEM('color',(#16938),#179);
#16938 = PRESENTATION_STYLE_ASSIGNMENT((#16939));
#16939 = SURFACE_STYLE_USAGE(.BOTH.,#16940);
#16940 = SURFACE_SIDE_STYLE('',(#16941,#16944));
#16941 = SURFACE_STYLE_FILL_AREA(#16942);
#16942 = FILL_AREA_STYLE('',(#16943));
#16943 = FILL_AREA_STYLE_COLOUR('',#16916);
#16944 = SURFACE_STYLE_RENDERING_WITH_PROPERTIES(.NORMAL_SHADING.,#16916
  ,(#16945));
#16945 = SURFACE_STYLE_TRANSPARENT(0.100000023842);
#16946 = STYLED_ITEM('color',(#16947),#231);
#16947 = PRESENTATION_STYLE_ASSIGNMENT((#16948));
#16948 = SURFACE_STYLE_USAGE(.BOTH.,#16949);
#16949 = SURFACE_SIDE_STYLE('',(#16950,#16953));
#16950 = SURFACE_STYLE_FILL_AREA(#16951);
#16951 = FILL_AREA_STYLE('',(#16952));
#16952 = FILL_AREA_STYLE_COLOUR('',#16916);
#16953 = SURFACE_STYLE_RENDERING_WITH_PROPERTIES(.NORMAL_SHADING.,#16916
  ,(#16954));
#16954 = SURFACE_STYLE_TRANSPARENT(0.100000023842);
#16955 = STYLED_ITEM('color',(#16956),#283);
#16956 = PRESENTATION_STYLE_ASSIGNMENT((#16957));
#16957 = SURFACE_STYLE_USAGE(.BOTH.,#16958);
#16958 = SURFACE_SIDE_STYLE('',(#16959,#16962));
#16959 = SURFACE_STYLE_FILL_AREA(#16960);
#16960 = FILL_AREA_STYLE('',(#16961));
#16961 = FILL_AREA_STYLE_COLOUR('',#16916);
#16962 = SURFACE_STYLE_RENDERING_WITH_PROPERTIES(.NORMAL_SHADING.,#16916
  ,(#16963));
#16963 = SURFACE_STYLE_TRANSPARENT(0.100000023842);
#16964 = STYLED_ITEM('color',(#16965),#335);
#16965 = PRESENTATION_STYLE_ASSIGNMENT((#16966));
#16966 = SURFACE_STYLE_USAGE(.BOTH.,#16967);
#16967 = SURFACE_SIDE_STYLE('',(#16968,#16971));
#16968 = SURFACE_STYLE_FILL_AREA(#16969);
#16969 = FILL_AREA_STYLE('',(#16970));
#16970 = FILL_AREA_STYLE_COLOUR('',#16916);
#16971 = SURFACE_STYLE_RENDERING_WITH_PROPERTIES(.NORMAL_SHADING.,#16916
  ,(#16972));
#16972 = SURFACE_STYLE_TRANSPARENT(0.100000023842);
#16973 = STYLED_ITEM('color',(#16974),#387);
#16974 = PRESENTATION_STYLE_ASSIGNMENT((#16975));
#16975 = SURFACE_STYLE_USAGE(.BOTH.,#16976);
#16976 = SURFACE_SIDE_STYLE('',(#16977,#16980));
#16977 = SURFACE_STYLE_FILL_AREA(#16978);
#16978 = FILL_AREA_STYLE('',(#16979));
#16979 = FILL_AREA_STYLE_COLOUR('',#16916);
#16980 = SURFACE_STYLE_RENDERING_WITH_PROPERTIES(.NORMAL_SHADING.,#16916
  ,(#16981));
#16981 = SURFACE_STYLE_TRANSPARENT(0.100000023842);
#16982 = STYLED_ITEM('color',(#16983),#439);
#16983 = PRESENTATION_STYLE_ASSIGNMENT((#16984));
#16984 = SURFACE_STYLE_USAGE(.BOTH.,#16985);
#16985 = SURFACE_SIDE_STYLE('',(#16986,#16989));
#16986 = SURFACE_STYLE_FILL_AREA(#16987);
#16987 = FILL_AREA_STYLE('',(#16988));
#16988 = FILL_AREA_STYLE_COLOUR('',#16916);
#16989 = SURFACE_STYLE_RENDERING_WITH_PROPERTIES(.NORMAL_SHADING.,#16916
  ,(#16990));
#16990 = SURFACE_STYLE_TRANSPARENT(0.100000023842);
#16991 = STYLED_ITEM('color',(#16992),#491);
#16992 = PRESENTATION_STYLE_ASSIGNMENT((#16993));
#16993 = SURFACE_STYLE_USAGE(.BOTH.,#16994);
#16994 = SURFACE_SIDE_STYLE('',(#16995,#16998));
#16995 = SURFACE_STYLE_FILL_AREA(#16996);
#16996 = FILL_AREA_STYLE('',(#16997));
#16997 = FILL_AREA_STYLE_COLOUR('',#16916);
#16998 = SURFACE_STYLE_RENDERING_WITH_PROPERTIES(.NORMAL_SHADING.,#16916
  ,(#16999));
#16999 = SURFACE_STYLE_TRANSPARENT(0.100000023842);
#17000 = STYLED_ITEM('color',(#17001),#771);
#17001 = PRESENTATION_STYLE_ASSIGNMENT((#17002));
#17002 = SURFACE_STYLE_USAGE(.BOTH.,#17003);
#17003 = SURFACE_SIDE_STYLE('',(#17004,#17007));
#17004 = SURFACE_STYLE_FILL_AREA(#17005);
#17005 = FILL_AREA_STYLE('',(#17006));
#17006 = FILL_AREA_STYLE_COLOUR('',#16916);
#17007 = SURFACE_STYLE_RENDERING_WITH_PROPERTIES(.NORMAL_SHADING.,#16916
  ,(#17008));
#17008 = SURFACE_STYLE_TRANSPARENT(0.100000023842);
#17009 = STYLED_ITEM('color',(#17010),#890);
#17010 = PRESENTATION_STYLE_ASSIGNMENT((#17011));
#17011 = SURFACE_STYLE_USAGE(.BOTH.,#17012);
#17012 = SURFACE_SIDE_STYLE('',(#17013,#17016));
#17013 = SURFACE_STYLE_FILL_AREA(#17014);
#17014 = FILL_AREA_STYLE('',(#17015));
#17015 = FILL_AREA_STYLE_COLOUR('',#16916);
#17016 = SURFACE_STYLE_RENDERING_WITH_PROPERTIES(.NORMAL_SHADING.,#16916
  ,(#17017));
#17017 = SURFACE_STYLE_TRANSPARENT(0.100000023842);
#17018 = STYLED_ITEM('color',(#17019),#1126);
#17019 = PRESENTATION_STYLE_ASSIGNMENT((#17020));
#17020 = SURFACE_STYLE_USAGE(.BOTH.,#17021);
#17021 = SURFACE_SIDE_STYLE('',(#17022,#17025));
#17022 = SURFACE_STYLE_FILL_AREA(#17023);
#17023 = FILL_AREA_STYLE('',(#17024));
#17024 = FILL_AREA_STYLE_COLOUR('',#16916);
#17025 = SURFACE_STYLE_RENDERING_WITH_PROPERTIES(.NORMAL_SHADING.,#16916
  ,(#17026));
#17026 = SURFACE_STYLE_TRANSPARENT(0.100000023842);
#17027 = STYLED_ITEM('color',(#17028),#1170);
#17028 = PRESENTATION_STYLE_ASSIGNMENT((#17029));
#17029 = SURFACE_STYLE_USAGE(.BOTH.,#17030);
#17030 = SURFACE_SIDE_STYLE('',(#17031,#17034));
#17031 = SURFACE_STYLE_FILL_AREA(#17032);
#17032 = FILL_AREA_STYLE('',(#17033));
#17033 = FILL_AREA_STYLE_COLOUR('',#16916);
#17034 = SURFACE_STYLE_RENDERING_WITH_PROPERTIES(.NORMAL_SHADING.,#16916
  ,(#17035));
#17035 = SURFACE_STYLE_TRANSPARENT(0.100000023842);
#17036 = STYLED_ITEM('color',(#17037),#1214);
#17037 = PRESENTATION_STYLE_ASSIGNMENT((#17038));
#17038 = SURFACE_STYLE_USAGE(.BOTH.,#17039);
#17039 = SURFACE_SIDE_STYLE('',(#17040,#17043));
#17040 = SURFACE_STYLE_FILL_AREA(#17041);
#17041 = FILL_AREA_STYLE('',(#17042));
#17042 = FILL_AREA_STYLE_COLOUR('',#16916);
#17043 = SURFACE_STYLE_RENDERING_WITH_PROPERTIES(.NORMAL_SHADING.,#16916
  ,(#17044));
#17044 = SURFACE_STYLE_TRANSPARENT(0.100000023842);
#17045 = STYLED_ITEM('color',(#17046),#1258);
#17046 = PRESENTATION_STYLE_ASSIGNMENT((#17047));
#17047 = SURFACE_STYLE_USAGE(.BOTH.,#17048);
#17048 = SURFACE_SIDE_STYLE('',(#17049,#17052));
#17049 = SURFACE_STYLE_FILL_AREA(#17050);
#17050 = FILL_AREA_STYLE('',(#17051));
#17051 = FILL_AREA_STYLE_COLOUR('',#16916);
#17052 = SURFACE_STYLE_RENDERING_WITH_PROPERTIES(.NORMAL_SHADING.,#16916
  ,(#17053));
#17053 = SURFACE_STYLE_TRANSPARENT(0.100000023842);
#17054 = STYLED_ITEM('color',(#17055),#1432);
#17055 = PRESENTATION_STYLE_ASSIGNMENT((#17056));
#17056 = SURFACE_STYLE_USAGE(.BOTH.,#17057);
#17057 = SURFACE_SIDE_STYLE('',(#17058,#17061));
#17058 = SURFACE_STYLE_FILL_AREA(#17059);
#17059 = FILL_AREA_STYLE('',(#17060));
#17060 = FILL_AREA_STYLE_COLOUR('',#16916);
#17061 = SURFACE_STYLE_RENDERING_WITH_PROPERTIES(.NORMAL_SHADING.,#16916
  ,(#17062));
#17062 = SURFACE_STYLE_TRANSPARENT(0.100000023842);
#17063 = STYLED_ITEM('color',(#17064),#1557);
#17064 = PRESENTATION_STYLE_ASSIGNMENT((#17065));
#17065 = SURFACE_STYLE_USAGE(.BOTH.,#17066);
#17066 = SURFACE_SIDE_STYLE('',(#17067,#17070));
#17067 = SURFACE_STYLE_FILL_AREA(#17068);
#17068 = FILL_AREA_STYLE('',(#17069));
#17069 = FILL_AREA_STYLE_COLOUR('',#16916);
#17070 = SURFACE_STYLE_RENDERING_WITH_PROPERTIES(.NORMAL_SHADING.,#16916
  ,(#17071));
#17071 = SURFACE_STYLE_TRANSPARENT(0.100000023842);
#17072 = STYLED_ITEM('color',(#17073),#1651);
#17073 = PRESENTATION_STYLE_ASSIGNMENT((#17074));
#17074 = SURFACE_STYLE_USAGE(.BOTH.,#17075);
#17075 = SURFACE_SIDE_STYLE('',(#17076,#17079));
#17076 = SURFACE_STYLE_FILL_AREA(#17077);
#17077 = FILL_AREA_STYLE('',(#17078));
#17078 = FILL_AREA_STYLE_COLOUR('',#16916);
#17079 = SURFACE_STYLE_RENDERING_WITH_PROPERTIES(.NORMAL_SHADING.,#16916
  ,(#17080));
#17080 = SURFACE_STYLE_TRANSPARENT(0.100000023842);
#17081 = STYLED_ITEM('color',(#17082),#1763);
#17082 = PRESENTATION_STYLE_ASSIGNMENT((#17083));
#17083 = SURFACE_STYLE_USAGE(.BOTH.,#17084);
#17084 = SURFACE_SIDE_STYLE('',(#17085,#17088));
#17085 = SURFACE_STYLE_FILL_AREA(#17086);
#17086 = FILL_AREA_STYLE('',(#17087));
#17087 = FILL_AREA_STYLE_COLOUR('',#16916);
#17088 = SURFACE_STYLE_RENDERING_WITH_PROPERTIES(.NORMAL_SHADING.,#16916
  ,(#17089));
#17089 = SURFACE_STYLE_TRANSPARENT(0.100000023842);
#17090 = STYLED_ITEM('color',(#17091),#1807);
#17091 = PRESENTATION_STYLE_ASSIGNMENT((#17092));
#17092 = SURFACE_STYLE_USAGE(.BOTH.,#17093);
#17093 = SURFACE_SIDE_STYLE('',(#17094,#17097));
#17094 = SURFACE_STYLE_FILL_AREA(#17095);
#17095 = FILL_AREA_STYLE('',(#17096));
#17096 = FILL_AREA_STYLE_COLOUR('',#16916);
#17097 = SURFACE_STYLE_RENDERING_WITH_PROPERTIES(.NORMAL_SHADING.,#16916
  ,(#17098));
#17098 = SURFACE_STYLE_TRANSPARENT(0.100000023842);
#17099 = STYLED_ITEM('color',(#17100),#1850);
#17100 = PRESENTATION_STYLE_ASSIGNMENT((#17101));
#17101 = SURFACE_STYLE_USAGE(.BOTH.,#17102);
#17102 = SURFACE_SIDE_STYLE('',(#17103,#17106));
#17103 = SURFACE_STYLE_FILL_AREA(#17104);
#17104 = FILL_AREA_STYLE('',(#17105));
#17105 = FILL_AREA_STYLE_COLOUR('',#16916);
#17106 = SURFACE_STYLE_RENDERING_WITH_PROPERTIES(.NORMAL_SHADING.,#16916
  ,(#17107));
#17107 = SURFACE_STYLE_TRANSPARENT(0.100000023842);
#17108 = STYLED_ITEM('color',(#17109),#1894);
#17109 = PRESENTATION_STYLE_ASSIGNMENT((#17110));
#17110 = SURFACE_STYLE_USAGE(.BOTH.,#17111);
#17111 = SURFACE_SIDE_STYLE('',(#17112,#17115));
#17112 = SURFACE_STYLE_FILL_AREA(#17113);
#17113 = FILL_AREA_STYLE('',(#17114));
#17114 = FILL_AREA_STYLE_COLOUR('',#16916);
#17115 = SURFACE_STYLE_RENDERING_WITH_PROPERTIES(.NORMAL_SHADING.,#16916
  ,(#17116));
#17116 = SURFACE_STYLE_TRANSPARENT(0.100000023842);
#17117 = STYLED_ITEM('color',(#17118),#1938);
#17118 = PRESENTATION_STYLE_ASSIGNMENT((#17119));
#17119 = SURFACE_STYLE_USAGE(.BOTH.,#17120);
#17120 = SURFACE_SIDE_STYLE('',(#17121,#17124));
#17121 = SURFACE_STYLE_FILL_AREA(#17122);
#17122 = FILL_AREA_STYLE('',(#17123));
#17123 = FILL_AREA_STYLE_COLOUR('',#16916);
#17124 = SURFACE_STYLE_RENDERING_WITH_PROPERTIES(.NORMAL_SHADING.,#16916
  ,(#17125));
#17125 = SURFACE_STYLE_TRANSPARENT(0.100000023842);
#17126 = STYLED_ITEM('color',(#17127),#2040);
#17127 = PRESENTATION_STYLE_ASSIGNMENT((#17128));
#17128 = SURFACE_STYLE_USAGE(.BOTH.,#17129);
#17129 = SURFACE_SIDE_STYLE('',(#17130,#17133));
#17130 = SURFACE_STYLE_FILL_AREA(#17131);
#17131 = FILL_AREA_STYLE('',(#17132));
#17132 = FILL_AREA_STYLE_COLOUR('',#16916);
#17133 = SURFACE_STYLE_RENDERING_WITH_PROPERTIES(.NORMAL_SHADING.,#16916
  ,(#17134));
#17134 = SURFACE_STYLE_TRANSPARENT(0.100000023842);
#17135 = STYLED_ITEM('color',(#17136),#2263);
#17136 = PRESENTATION_STYLE_ASSIGNMENT((#17137));
#17137 = SURFACE_STYLE_USAGE(.BOTH.,#17138);
#17138 = SURFACE_SIDE_STYLE('',(#17139,#17142));
#17139 = SURFACE_STYLE_FILL_AREA(#17140);
#17140 = FILL_AREA_STYLE('',(#17141));
#17141 = FILL_AREA_STYLE_COLOUR('',#16916);
#17142 = SURFACE_STYLE_RENDERING_WITH_PROPERTIES(.NORMAL_SHADING.,#16916
  ,(#17143));
#17143 = SURFACE_STYLE_TRANSPARENT(0.100000023842);
#17144 = STYLED_ITEM('color',(#17145),#2472);
#17145 = PRESENTATION_STYLE_ASSIGNMENT((#17146));
#17146 = SURFACE_STYLE_USAGE(.BOTH.,#17147);
#17147 = SURFACE_SIDE_STYLE('',(#17148,#17151));
#17148 = SURFACE_STYLE_FILL_AREA(#17149);
#17149 = FILL_AREA_STYLE('',(#17150));
#17150 = FILL_AREA_STYLE_COLOUR('',#16916);
#17151 = SURFACE_STYLE_RENDERING_WITH_PROPERTIES(.NORMAL_SHADING.,#16916
  ,(#17152));
#17152 = SURFACE_STYLE_TRANSPARENT(0.100000023842);
#17153 = STYLED_ITEM('color',(#17154),#2632);
#17154 = PRESENTATION_STYLE_ASSIGNMENT((#17155));
#17155 = SURFACE_STYLE_USAGE(.BOTH.,#17156);
#17156 = SURFACE_SIDE_STYLE('',(#17157,#17160));
#17157 = SURFACE_STYLE_FILL_AREA(#17158);
#17158 = FILL_AREA_STYLE('',(#17159));
#17159 = FILL_AREA_STYLE_COLOUR('',#16916);
#17160 = SURFACE_STYLE_RENDERING_WITH_PROPERTIES(.NORMAL_SHADING.,#16916
  ,(#17161));
#17161 = SURFACE_STYLE_TRANSPARENT(0.100000023842);
#17162 = STYLED_ITEM('color',(#17163),#2893);
#17163 = PRESENTATION_STYLE_ASSIGNMENT((#17164));
#17164 = SURFACE_STYLE_USAGE(.BOTH.,#17165);
#17165 = SURFACE_SIDE_STYLE('',(#17166,#17169));
#17166 = SURFACE_STYLE_FILL_AREA(#17167);
#17167 = FILL_AREA_STYLE('',(#17168));
#17168 = FILL_AREA_STYLE_COLOUR('',#16916);
#17169 = SURFACE_STYLE_RENDERING_WITH_PROPERTIES(.NORMAL_SHADING.,#16916
  ,(#17170));
#17170 = SURFACE_STYLE_TRANSPARENT(0.100000023842);
#17171 = STYLED_ITEM('color',(#17172),#3046);
#17172 = PRESENTATION_STYLE_ASSIGNMENT((#17173));
#17173 = SURFACE_STYLE_USAGE(.BOTH.,#17174);
#17174 = SURFACE_SIDE_STYLE('',(#17175,#17178));
#17175 = SURFACE_STYLE_FILL_AREA(#17176);
#17176 = FILL_AREA_STYLE('',(#17177));
#17177 = FILL_AREA_STYLE_COLOUR('',#16916);
#17178 = SURFACE_STYLE_RENDERING_WITH_PROPERTIES(.NORMAL_SHADING.,#16916
  ,(#17179));
#17179 = SURFACE_STYLE_TRANSPARENT(0.100000023842);
#17180 = STYLED_ITEM('color',(#17181),#3098);
#17181 = PRESENTATION_STYLE_ASSIGNMENT((#17182));
#17182 = SURFACE_STYLE_USAGE(.BOTH.,#17183);
#17183 = SURFACE_SIDE_STYLE('',(#17184,#17187));
#17184 = SURFACE_STYLE_FILL_AREA(#17185);
#17185 = FILL_AREA_STYLE('',(#17186));
#17186 = FILL_AREA_STYLE_COLOUR('',#16916);
#17187 = SURFACE_STYLE_RENDERING_WITH_PROPERTIES(.NORMAL_SHADING.,#16916
  ,(#17188));
#17188 = SURFACE_STYLE_TRANSPARENT(0.100000023842);
#17189 = STYLED_ITEM('color',(#17190),#3150);
#17190 = PRESENTATION_STYLE_ASSIGNMENT((#17191));
#17191 = SURFACE_STYLE_USAGE(.BOTH.,#17192);
#17192 = SURFACE_SIDE_STYLE('',(#17193,#17196));
#17193 = SURFACE_STYLE_FILL_AREA(#17194);
#17194 = FILL_AREA_STYLE('',(#17195));
#17195 = FILL_AREA_STYLE_COLOUR('',#16916);
#17196 = SURFACE_STYLE_RENDERING_WITH_PROPERTIES(.NORMAL_SHADING.,#16916
  ,(#17197));
#17197 = SURFACE_STYLE_TRANSPARENT(0.100000023842);
#17198 = STYLED_ITEM('color',(#17199),#3219);
#17199 = PRESENTATION_STYLE_ASSIGNMENT((#17200));
#17200 = SURFACE_STYLE_USAGE(.BOTH.,#17201);
#17201 = SURFACE_SIDE_STYLE('',(#17202,#17205));
#17202 = SURFACE_STYLE_FILL_AREA(#17203);
#17203 = FILL_AREA_STYLE('',(#17204));
#17204 = FILL_AREA_STYLE_COLOUR('',#16916);
#17205 = SURFACE_STYLE_RENDERING_WITH_PROPERTIES(.NORMAL_SHADING.,#16916
  ,(#17206));
#17206 = SURFACE_STYLE_TRANSPARENT(0.100000023842);
#17207 = STYLED_ITEM('color',(#17208),#3295);
#17208 = PRESENTATION_STYLE_ASSIGNMENT((#17209));
#17209 = SURFACE_STYLE_USAGE(.BOTH.,#17210);
#17210 = SURFACE_SIDE_STYLE('',(#17211,#17214));
#17211 = SURFACE_STYLE_FILL_AREA(#17212);
#17212 = FILL_AREA_STYLE('',(#17213));
#17213 = FILL_AREA_STYLE_COLOUR('',#16916);
#17214 = SURFACE_STYLE_RENDERING_WITH_PROPERTIES(.NORMAL_SHADING.,#16916
  ,(#17215));
#17215 = SURFACE_STYLE_TRANSPARENT(0.100000023842);
#17216 = STYLED_ITEM('color',(#17217),#3517);
#17217 = PRESENTATION_STYLE_ASSIGNMENT((#17218));
#17218 = SURFACE_STYLE_USAGE(.BOTH.,#17219);
#17219 = SURFACE_SIDE_STYLE('',(#17220,#17223));
#17220 = SURFACE_STYLE_FILL_AREA(#17221);
#17221 = FILL_AREA_STYLE('',(#17222));
#17222 = FILL_AREA_STYLE_COLOUR('',#16916);
#17223 = SURFACE_STYLE_RENDERING_WITH_PROPERTIES(.NORMAL_SHADING.,#16916
  ,(#17224));
#17224 = SURFACE_STYLE_TRANSPARENT(0.100000023842);
#17225 = STYLED_ITEM('color',(#17226),#3643);
#17226 = PRESENTATION_STYLE_ASSIGNMENT((#17227));
#17227 = SURFACE_STYLE_USAGE(.BOTH.,#17228);
#17228 = SURFACE_SIDE_STYLE('',(#17229,#17232));
#17229 = SURFACE_STYLE_FILL_AREA(#17230);
#17230 = FILL_AREA_STYLE('',(#17231));
#17231 = FILL_AREA_STYLE_COLOUR('',#16916);
#17232 = SURFACE_STYLE_RENDERING_WITH_PROPERTIES(.NORMAL_SHADING.,#16916
  ,(#17233));
#17233 = SURFACE_STYLE_TRANSPARENT(0.100000023842);
#17234 = STYLED_ITEM('color',(#17235),#3785);
#17235 = PRESENTATION_STYLE_ASSIGNMENT((#17236));
#17236 = SURFACE_STYLE_USAGE(.BOTH.,#17237);
#17237 = SURFACE_SIDE_STYLE('',(#17238,#17241));
#17238 = SURFACE_STYLE_FILL_AREA(#17239);
#17239 = FILL_AREA_STYLE('',(#17240));
#17240 = FILL_AREA_STYLE_COLOUR('',#16916);
#17241 = SURFACE_STYLE_RENDERING_WITH_PROPERTIES(.NORMAL_SHADING.,#16916
  ,(#17242));
#17242 = SURFACE_STYLE_TRANSPARENT(0.100000023842);
#17243 = STYLED_ITEM('color',(#17244),#3829);
#17244 = PRESENTATION_STYLE_ASSIGNMENT((#17245));
#17245 = SURFACE_STYLE_USAGE(.BOTH.,#17246);
#17246 = SURFACE_SIDE_STYLE('',(#17247,#17250));
#17247 = SURFACE_STYLE_FILL_AREA(#17248);
#17248 = FILL_AREA_STYLE('',(#17249));
#17249 = FILL_AREA_STYLE_COLOUR('',#16916);
#17250 = SURFACE_STYLE_RENDERING_WITH_PROPERTIES(.NORMAL_SHADING.,#16916
  ,(#17251));
#17251 = SURFACE_STYLE_TRANSPARENT(0.100000023842);
#17252 = STYLED_ITEM('color',(#17253),#3873);
#17253 = PRESENTATION_STYLE_ASSIGNMENT((#17254));
#17254 = SURFACE_STYLE_USAGE(.BOTH.,#17255);
#17255 = SURFACE_SIDE_STYLE('',(#17256,#17259));
#17256 = SURFACE_STYLE_FILL_AREA(#17257);
#17257 = FILL_AREA_STYLE('',(#17258));
#17258 = FILL_AREA_STYLE_COLOUR('',#16916);
#17259 = SURFACE_STYLE_RENDERING_WITH_PROPERTIES(.NORMAL_SHADING.,#16916
  ,(#17260));
#17260 = SURFACE_STYLE_TRANSPARENT(0.100000023842);
#17261 = STYLED_ITEM('color',(#17262),#4087);
#17262 = PRESENTATION_STYLE_ASSIGNMENT((#17263));
#17263 = SURFACE_STYLE_USAGE(.BOTH.,#17264);
#17264 = SURFACE_SIDE_STYLE('',(#17265,#17268));
#17265 = SURFACE_STYLE_FILL_AREA(#17266);
#17266 = FILL_AREA_STYLE('',(#17267));
#17267 = FILL_AREA_STYLE_COLOUR('',#16916);
#17268 = SURFACE_STYLE_RENDERING_WITH_PROPERTIES(.NORMAL_SHADING.,#16916
  ,(#17269));
#17269 = SURFACE_STYLE_TRANSPARENT(0.100000023842);
#17270 = STYLED_ITEM('color',(#17271),#4255);
#17271 = PRESENTATION_STYLE_ASSIGNMENT((#17272));
#17272 = SURFACE_STYLE_USAGE(.BOTH.,#17273);
#17273 = SURFACE_SIDE_STYLE('',(#17274,#17277));
#17274 = SURFACE_STYLE_FILL_AREA(#17275);
#17275 = FILL_AREA_STYLE('',(#17276));
#17276 = FILL_AREA_STYLE_COLOUR('',#16916);
#17277 = SURFACE_STYLE_RENDERING_WITH_PROPERTIES(.NORMAL_SHADING.,#16916
  ,(#17278));
#17278 = SURFACE_STYLE_TRANSPARENT(0.100000023842);
#17279 = STYLED_ITEM('color',(#17280),#4457);
#17280 = PRESENTATION_STYLE_ASSIGNMENT((#17281));
#17281 = SURFACE_STYLE_USAGE(.BOTH.,#17282);
#17282 = SURFACE_SIDE_STYLE('',(#17283,#17286));
#17283 = SURFACE_STYLE_FILL_AREA(#17284);
#17284 = FILL_AREA_STYLE('',(#17285));
#17285 = FILL_AREA_STYLE_COLOUR('',#16916);
#17286 = SURFACE_STYLE_RENDERING_WITH_PROPERTIES(.NORMAL_SHADING.,#16916
  ,(#17287));
#17287 = SURFACE_STYLE_TRANSPARENT(0.100000023842);
#17288 = STYLED_ITEM('color',(#17289),#4625);
#17289 = PRESENTATION_STYLE_ASSIGNMENT((#17290));
#17290 = SURFACE_STYLE_USAGE(.BOTH.,#17291);
#17291 = SURFACE_SIDE_STYLE('',(#17292,#17295));
#17292 = SURFACE_STYLE_FILL_AREA(#17293);
#17293 = FILL_AREA_STYLE('',(#17294));
#17294 = FILL_AREA_STYLE_COLOUR('',#16916);
#17295 = SURFACE_STYLE_RENDERING_WITH_PROPERTIES(.NORMAL_SHADING.,#16916
  ,(#17296));
#17296 = SURFACE_STYLE_TRANSPARENT(0.100000023842);
#17297 = STYLED_ITEM('color',(#17298),#4677);
#17298 = PRESENTATION_STYLE_ASSIGNMENT((#17299));
#17299 = SURFACE_STYLE_USAGE(.BOTH.,#17300);
#17300 = SURFACE_SIDE_STYLE('',(#17301,#17304));
#17301 = SURFACE_STYLE_FILL_AREA(#17302);
#17302 = FILL_AREA_STYLE('',(#17303));
#17303 = FILL_AREA_STYLE_COLOUR('',#16916);
#17304 = SURFACE_STYLE_RENDERING_WITH_PROPERTIES(.NORMAL_SHADING.,#16916
  ,(#17305));
#17305 = SURFACE_STYLE_TRANSPARENT(0.100000023842);
#17306 = STYLED_ITEM('color',(#17307),#4729);
#17307 = PRESENTATION_STYLE_ASSIGNMENT((#17308));
#17308 = SURFACE_STYLE_USAGE(.BOTH.,#17309);
#17309 = SURFACE_SIDE_STYLE('',(#17310,#17313));
#17310 = SURFACE_STYLE_FILL_AREA(#17311);
#17311 = FILL_AREA_STYLE('',(#17312));
#17312 = FILL_AREA_STYLE_COLOUR('',#16916);
#17313 = SURFACE_STYLE_RENDERING_WITH_PROPERTIES(.NORMAL_SHADING.,#16916
  ,(#17314));
#17314 = SURFACE_STYLE_TRANSPARENT(0.100000023842);
#17315 = STYLED_ITEM('color',(#17316),#4773);
#17316 = PRESENTATION_STYLE_ASSIGNMENT((#17317));
#17317 = SURFACE_STYLE_USAGE(.BOTH.,#17318);
#17318 = SURFACE_SIDE_STYLE('',(#17319,#17322));
#17319 = SURFACE_STYLE_FILL_AREA(#17320);
#17320 = FILL_AREA_STYLE('',(#17321));
#17321 = FILL_AREA_STYLE_COLOUR('',#16916);
#17322 = SURFACE_STYLE_RENDERING_WITH_PROPERTIES(.NORMAL_SHADING.,#16916
  ,(#17323));
#17323 = SURFACE_STYLE_TRANSPARENT(0.100000023842);
#17324 = STYLED_ITEM('color',(#17325),#4817);
#17325 = PRESENTATION_STYLE_ASSIGNMENT((#17326));
#17326 = SURFACE_STYLE_USAGE(.BOTH.,#17327);
#17327 = SURFACE_SIDE_STYLE('',(#17328,#17331));
#17328 = SURFACE_STYLE_FILL_AREA(#17329);
#17329 = FILL_AREA_STYLE('',(#17330));
#17330 = FILL_AREA_STYLE_COLOUR('',#16916);
#17331 = SURFACE_STYLE_RENDERING_WITH_PROPERTIES(.NORMAL_SHADING.,#16916
  ,(#17332));
#17332 = SURFACE_STYLE_TRANSPARENT(0.100000023842);
#17333 = STYLED_ITEM('color',(#17334),#4885);
#17334 = PRESENTATION_STYLE_ASSIGNMENT((#17335));
#17335 = SURFACE_STYLE_USAGE(.BOTH.,#17336);
#17336 = SURFACE_SIDE_STYLE('',(#17337,#17340));
#17337 = SURFACE_STYLE_FILL_AREA(#17338);
#17338 = FILL_AREA_STYLE('',(#17339));
#17339 = FILL_AREA_STYLE_COLOUR('',#16916);
#17340 = SURFACE_STYLE_RENDERING_WITH_PROPERTIES(.NORMAL_SHADING.,#16916
  ,(#17341));
#17341 = SURFACE_STYLE_TRANSPARENT(0.100000023842);
#17342 = STYLED_ITEM('color',(#17343),#4979);
#17343 = PRESENTATION_STYLE_ASSIGNMENT((#17344));
#17344 = SURFACE_STYLE_USAGE(.BOTH.,#17345);
#17345 = SURFACE_SIDE_STYLE('',(#17346,#17349));
#17346 = SURFACE_STYLE_FILL_AREA(#17347);
#17347 = FILL_AREA_STYLE('',(#17348));
#17348 = FILL_AREA_STYLE_COLOUR('',#16916);
#17349 = SURFACE_STYLE_RENDERING_WITH_PROPERTIES(.NORMAL_SHADING.,#16916
  ,(#17350));
#17350 = SURFACE_STYLE_TRANSPARENT(0.100000023842);
#17351 = STYLED_ITEM('color',(#17352),#5023);
#17352 = PRESENTATION_STYLE_ASSIGNMENT((#17353));
#17353 = SURFACE_STYLE_USAGE(.BOTH.,#17354);
#17354 = SURFACE_SIDE_STYLE('',(#17355,#17358));
#17355 = SURFACE_STYLE_FILL_AREA(#17356);
#17356 = FILL_AREA_STYLE('',(#17357));
#17357 = FILL_AREA_STYLE_COLOUR('',#16916);
#17358 = SURFACE_STYLE_RENDERING_WITH_PROPERTIES(.NORMAL_SHADING.,#16916
  ,(#17359));
#17359 = SURFACE_STYLE_TRANSPARENT(0.100000023842);
#17360 = STYLED_ITEM('color',(#17361),#5067);
#17361 = PRESENTATION_STYLE_ASSIGNMENT((#17362));
#17362 = SURFACE_STYLE_USAGE(.BOTH.,#17363);
#17363 = SURFACE_SIDE_STYLE('',(#17364,#17367));
#17364 = SURFACE_STYLE_FILL_AREA(#17365);
#17365 = FILL_AREA_STYLE('',(#17366));
#17366 = FILL_AREA_STYLE_COLOUR('',#16916);
#17367 = SURFACE_STYLE_RENDERING_WITH_PROPERTIES(.NORMAL_SHADING.,#16916
  ,(#17368));
#17368 = SURFACE_STYLE_TRANSPARENT(0.100000023842);
#17369 = STYLED_ITEM('color',(#17370),#5184);
#17370 = PRESENTATION_STYLE_ASSIGNMENT((#17371));
#17371 = SURFACE_STYLE_USAGE(.BOTH.,#17372);
#17372 = SURFACE_SIDE_STYLE('',(#17373,#17376));
#17373 = SURFACE_STYLE_FILL_AREA(#17374);
#17374 = FILL_AREA_STYLE('',(#17375));
#17375 = FILL_AREA_STYLE_COLOUR('',#16916);
#17376 = SURFACE_STYLE_RENDERING_WITH_PROPERTIES(.NORMAL_SHADING.,#16916
  ,(#17377));
#17377 = SURFACE_STYLE_TRANSPARENT(0.100000023842);
#17378 = STYLED_ITEM('color',(#17379),#5286);
#17379 = PRESENTATION_STYLE_ASSIGNMENT((#17380));
#17380 = SURFACE_STYLE_USAGE(.BOTH.,#17381);
#17381 = SURFACE_SIDE_STYLE('',(#17382,#17385));
#17382 = SURFACE_STYLE_FILL_AREA(#17383);
#17383 = FILL_AREA_STYLE('',(#17384));
#17384 = FILL_AREA_STYLE_COLOUR('',#16916);
#17385 = SURFACE_STYLE_RENDERING_WITH_PROPERTIES(.NORMAL_SHADING.,#16916
  ,(#17386));
#17386 = SURFACE_STYLE_TRANSPARENT(0.100000023842);
#17387 = STYLED_ITEM('color',(#17388),#5330);
#17388 = PRESENTATION_STYLE_ASSIGNMENT((#17389));
#17389 = SURFACE_STYLE_USAGE(.BOTH.,#17390);
#17390 = SURFACE_SIDE_STYLE('',(#17391,#17394));
#17391 = SURFACE_STYLE_FILL_AREA(#17392);
#17392 = FILL_AREA_STYLE('',(#17393));
#17393 = FILL_AREA_STYLE_COLOUR('',#16916);
#17394 = SURFACE_STYLE_RENDERING_WITH_PROPERTIES(.NORMAL_SHADING.,#16916
  ,(#17395));
#17395 = SURFACE_STYLE_TRANSPARENT(0.100000023842);
#17396 = STYLED_ITEM('color',(#17397),#5442);
#17397 = PRESENTATION_STYLE_ASSIGNMENT((#17398));
#17398 = SURFACE_STYLE_USAGE(.BOTH.,#17399);
#17399 = SURFACE_SIDE_STYLE('',(#17400,#17403));
#17400 = SURFACE_STYLE_FILL_AREA(#17401);
#17401 = FILL_AREA_STYLE('',(#17402));
#17402 = FILL_AREA_STYLE_COLOUR('',#16916);
#17403 = SURFACE_STYLE_RENDERING_WITH_PROPERTIES(.NORMAL_SHADING.,#16916
  ,(#17404));
#17404 = SURFACE_STYLE_TRANSPARENT(0.100000023842);
#17405 = STYLED_ITEM('color',(#17406),#5510);
#17406 = PRESENTATION_STYLE_ASSIGNMENT((#17407));
#17407 = SURFACE_STYLE_USAGE(.BOTH.,#17408);
#17408 = SURFACE_SIDE_STYLE('',(#17409,#17412));
#17409 = SURFACE_STYLE_FILL_AREA(#17410);
#17410 = FILL_AREA_STYLE('',(#17411));
#17411 = FILL_AREA_STYLE_COLOUR('',#16916);
#17412 = SURFACE_STYLE_RENDERING_WITH_PROPERTIES(.NORMAL_SHADING.,#16916
  ,(#17413));
#17413 = SURFACE_STYLE_TRANSPARENT(0.100000023842);
#17414 = STYLED_ITEM('color',(#17415),#5621);
#17415 = PRESENTATION_STYLE_ASSIGNMENT((#17416));
#17416 = SURFACE_STYLE_USAGE(.BOTH.,#17417);
#17417 = SURFACE_SIDE_STYLE('',(#17418,#17421));
#17418 = SURFACE_STYLE_FILL_AREA(#17419);
#17419 = FILL_AREA_STYLE('',(#17420));
#17420 = FILL_AREA_STYLE_COLOUR('',#16916);
#17421 = SURFACE_STYLE_RENDERING_WITH_PROPERTIES(.NORMAL_SHADING.,#16916
  ,(#17422));
#17422 = SURFACE_STYLE_TRANSPARENT(0.100000023842);
#17423 = STYLED_ITEM('color',(#17424),#5834);
#17424 = PRESENTATION_STYLE_ASSIGNMENT((#17425));
#17425 = SURFACE_STYLE_USAGE(.BOTH.,#17426);
#17426 = SURFACE_SIDE_STYLE('',(#17427,#17430));
#17427 = SURFACE_STYLE_FILL_AREA(#17428);
#17428 = FILL_AREA_STYLE('',(#17429));
#17429 = FILL_AREA_STYLE_COLOUR('',#16916);
#17430 = SURFACE_STYLE_RENDERING_WITH_PROPERTIES(.NORMAL_SHADING.,#16916
  ,(#17431));
#17431 = SURFACE_STYLE_TRANSPARENT(0.100000023842);
#17432 = STYLED_ITEM('color',(#17433),#5878);
#17433 = PRESENTATION_STYLE_ASSIGNMENT((#17434));
#17434 = SURFACE_STYLE_USAGE(.BOTH.,#17435);
#17435 = SURFACE_SIDE_STYLE('',(#17436,#17439));
#17436 = SURFACE_STYLE_FILL_AREA(#17437);
#17437 = FILL_AREA_STYLE('',(#17438));
#17438 = FILL_AREA_STYLE_COLOUR('',#16916);
#17439 = SURFACE_STYLE_RENDERING_WITH_PROPERTIES(.NORMAL_SHADING.,#16916
  ,(#17440));
#17440 = SURFACE_STYLE_TRANSPARENT(0.100000023842);
#17441 = STYLED_ITEM('color',(#17442),#5995);
#17442 = PRESENTATION_STYLE_ASSIGNMENT((#17443));
#17443 = SURFACE_STYLE_USAGE(.BOTH.,#17444);
#17444 = SURFACE_SIDE_STYLE('',(#17445,#17448));
#17445 = SURFACE_STYLE_FILL_AREA(#17446);
#17446 = FILL_AREA_STYLE('',(#17447));
#17447 = FILL_AREA_STYLE_COLOUR('',#16916);
#17448 = SURFACE_STYLE_RENDERING_WITH_PROPERTIES(.NORMAL_SHADING.,#16916
  ,(#17449));
#17449 = SURFACE_STYLE_TRANSPARENT(0.100000023842);
#17450 = STYLED_ITEM('color',(#17451),#6097);
#17451 = PRESENTATION_STYLE_ASSIGNMENT((#17452));
#17452 = SURFACE_STYLE_USAGE(.BOTH.,#17453);
#17453 = SURFACE_SIDE_STYLE('',(#17454,#17457));
#17454 = SURFACE_STYLE_FILL_AREA(#17455);
#17455 = FILL_AREA_STYLE('',(#17456));
#17456 = FILL_AREA_STYLE_COLOUR('',#16916);
#17457 = SURFACE_STYLE_RENDERING_WITH_PROPERTIES(.NORMAL_SHADING.,#16916
  ,(#17458));
#17458 = SURFACE_STYLE_TRANSPARENT(0.100000023842);
#17459 = STYLED_ITEM('color',(#17460),#6257);
#17460 = PRESENTATION_STYLE_ASSIGNMENT((#17461));
#17461 = SURFACE_STYLE_USAGE(.BOTH.,#17462);
#17462 = SURFACE_SIDE_STYLE('',(#17463,#17466));
#17463 = SURFACE_STYLE_FILL_AREA(#17464);
#17464 = FILL_AREA_STYLE('',(#17465));
#17465 = FILL_AREA_STYLE_COLOUR('',#16916);
#17466 = SURFACE_STYLE_RENDERING_WITH_PROPERTIES(.NORMAL_SHADING.,#16916
  ,(#17467));
#17467 = SURFACE_STYLE_TRANSPARENT(0.100000023842);
#17468 = STYLED_ITEM('color',(#17469),#6465);
#17469 = PRESENTATION_STYLE_ASSIGNMENT((#17470));
#17470 = SURFACE_STYLE_USAGE(.BOTH.,#17471);
#17471 = SURFACE_SIDE_STYLE('',(#17472,#17475));
#17472 = SURFACE_STYLE_FILL_AREA(#17473);
#17473 = FILL_AREA_STYLE('',(#17474));
#17474 = FILL_AREA_STYLE_COLOUR('',#16916);
#17475 = SURFACE_STYLE_RENDERING_WITH_PROPERTIES(.NORMAL_SHADING.,#16916
  ,(#17476));
#17476 = SURFACE_STYLE_TRANSPARENT(0.100000023842);
#17477 = STYLED_ITEM('color',(#17478),#6590);
#17478 = PRESENTATION_STYLE_ASSIGNMENT((#17479));
#17479 = SURFACE_STYLE_USAGE(.BOTH.,#17480);
#17480 = SURFACE_SIDE_STYLE('',(#17481,#17484));
#17481 = SURFACE_STYLE_FILL_AREA(#17482);
#17482 = FILL_AREA_STYLE('',(#17483));
#17483 = FILL_AREA_STYLE_COLOUR('',#16916);
#17484 = SURFACE_STYLE_RENDERING_WITH_PROPERTIES(.NORMAL_SHADING.,#16916
  ,(#17485));
#17485 = SURFACE_STYLE_TRANSPARENT(0.100000023842);
#17486 = STYLED_ITEM('color',(#17487),#6634);
#17487 = PRESENTATION_STYLE_ASSIGNMENT((#17488));
#17488 = SURFACE_STYLE_USAGE(.BOTH.,#17489);
#17489 = SURFACE_SIDE_STYLE('',(#17490,#17493));
#17490 = SURFACE_STYLE_FILL_AREA(#17491);
#17491 = FILL_AREA_STYLE('',(#17492));
#17492 = FILL_AREA_STYLE_COLOUR('',#16916);
#17493 = SURFACE_STYLE_RENDERING_WITH_PROPERTIES(.NORMAL_SHADING.,#16916
  ,(#17494));
#17494 = SURFACE_STYLE_TRANSPARENT(0.100000023842);
#17495 = STYLED_ITEM('color',(#17496),#6783);
#17496 = PRESENTATION_STYLE_ASSIGNMENT((#17497));
#17497 = SURFACE_STYLE_USAGE(.BOTH.,#17498);
#17498 = SURFACE_SIDE_STYLE('',(#17499,#17502));
#17499 = SURFACE_STYLE_FILL_AREA(#17500);
#17500 = FILL_AREA_STYLE('',(#17501));
#17501 = FILL_AREA_STYLE_COLOUR('',#16916);
#17502 = SURFACE_STYLE_RENDERING_WITH_PROPERTIES(.NORMAL_SHADING.,#16916
  ,(#17503));
#17503 = SURFACE_STYLE_TRANSPARENT(0.100000023842);
#17504 = STYLED_ITEM('color',(#17505),#6827);
#17505 = PRESENTATION_STYLE_ASSIGNMENT((#17506));
#17506 = SURFACE_STYLE_USAGE(.BOTH.,#17507);
#17507 = SURFACE_SIDE_STYLE('',(#17508,#17511));
#17508 = SURFACE_STYLE_FILL_AREA(#17509);
#17509 = FILL_AREA_STYLE('',(#17510));
#17510 = FILL_AREA_STYLE_COLOUR('',#16916);
#17511 = SURFACE_STYLE_RENDERING_WITH_PROPERTIES(.NORMAL_SHADING.,#16916
  ,(#17512));
#17512 = SURFACE_STYLE_TRANSPARENT(0.100000023842);
#17513 = STYLED_ITEM('color',(#17514),#6871);
#17514 = PRESENTATION_STYLE_ASSIGNMENT((#17515));
#17515 = SURFACE_STYLE_USAGE(.BOTH.,#17516);
#17516 = SURFACE_SIDE_STYLE('',(#17517,#17520));
#17517 = SURFACE_STYLE_FILL_AREA(#17518);
#17518 = FILL_AREA_STYLE('',(#17519));
#17519 = FILL_AREA_STYLE_COLOUR('',#16916);
#17520 = SURFACE_STYLE_RENDERING_WITH_PROPERTIES(.NORMAL_SHADING.,#16916
  ,(#17521));
#17521 = SURFACE_STYLE_TRANSPARENT(0.100000023842);
#17522 = STYLED_ITEM('color',(#17523),#7053);
#17523 = PRESENTATION_STYLE_ASSIGNMENT((#17524));
#17524 = SURFACE_STYLE_USAGE(.BOTH.,#17525);
#17525 = SURFACE_SIDE_STYLE('',(#17526,#17529));
#17526 = SURFACE_STYLE_FILL_AREA(#17527);
#17527 = FILL_AREA_STYLE('',(#17528));
#17528 = FILL_AREA_STYLE_COLOUR('',#16916);
#17529 = SURFACE_STYLE_RENDERING_WITH_PROPERTIES(.NORMAL_SHADING.,#16916
  ,(#17530));
#17530 = SURFACE_STYLE_TRANSPARENT(0.100000023842);
#17531 = STYLED_ITEM('color',(#17532),#7213);
#17532 = PRESENTATION_STYLE_ASSIGNMENT((#17533));
#17533 = SURFACE_STYLE_USAGE(.BOTH.,#17534);
#17534 = SURFACE_SIDE_STYLE('',(#17535,#17538));
#17535 = SURFACE_STYLE_FILL_AREA(#17536);
#17536 = FILL_AREA_STYLE('',(#17537));
#17537 = FILL_AREA_STYLE_COLOUR('',#16916);
#17538 = SURFACE_STYLE_RENDERING_WITH_PROPERTIES(.NORMAL_SHADING.,#16916
  ,(#17539));
#17539 = SURFACE_STYLE_TRANSPARENT(0.100000023842);
#17540 = STYLED_ITEM('color',(#17541),#7430);
#17541 = PRESENTATION_STYLE_ASSIGNMENT((#17542));
#17542 = SURFACE_STYLE_USAGE(.BOTH.,#17543);
#17543 = SURFACE_SIDE_STYLE('',(#17544,#17547));
#17544 = SURFACE_STYLE_FILL_AREA(#17545);
#17545 = FILL_AREA_STYLE('',(#17546));
#17546 = FILL_AREA_STYLE_COLOUR('',#16916);
#17547 = SURFACE_STYLE_RENDERING_WITH_PROPERTIES(.NORMAL_SHADING.,#16916
  ,(#17548));
#17548 = SURFACE_STYLE_TRANSPARENT(0.100000023842);
#17549 = STYLED_ITEM('color',(#17550),#7474);
#17550 = PRESENTATION_STYLE_ASSIGNMENT((#17551));
#17551 = SURFACE_STYLE_USAGE(.BOTH.,#17552);
#17552 = SURFACE_SIDE_STYLE('',(#17553,#17556));
#17553 = SURFACE_STYLE_FILL_AREA(#17554);
#17554 = FILL_AREA_STYLE('',(#17555));
#17555 = FILL_AREA_STYLE_COLOUR('',#16916);
#17556 = SURFACE_STYLE_RENDERING_WITH_PROPERTIES(.NORMAL_SHADING.,#16916
  ,(#17557));
#17557 = SURFACE_STYLE_TRANSPARENT(0.100000023842);
#17558 = STYLED_ITEM('color',(#17559),#7518);
#17559 = PRESENTATION_STYLE_ASSIGNMENT((#17560));
#17560 = SURFACE_STYLE_USAGE(.BOTH.,#17561);
#17561 = SURFACE_SIDE_STYLE('',(#17562,#17565));
#17562 = SURFACE_STYLE_FILL_AREA(#17563);
#17563 = FILL_AREA_STYLE('',(#17564));
#17564 = FILL_AREA_STYLE_COLOUR('',#16916);
#17565 = SURFACE_STYLE_RENDERING_WITH_PROPERTIES(.NORMAL_SHADING.,#16916
  ,(#17566));
#17566 = SURFACE_STYLE_TRANSPARENT(0.100000023842);
#17567 = STYLED_ITEM('color',(#17568),#7620);
#17568 = PRESENTATION_STYLE_ASSIGNMENT((#17569));
#17569 = SURFACE_STYLE_USAGE(.BOTH.,#17570);
#17570 = SURFACE_SIDE_STYLE('',(#17571,#17574));
#17571 = SURFACE_STYLE_FILL_AREA(#17572);
#17572 = FILL_AREA_STYLE('',(#17573));
#17573 = FILL_AREA_STYLE_COLOUR('',#16916);
#17574 = SURFACE_STYLE_RENDERING_WITH_PROPERTIES(.NORMAL_SHADING.,#16916
  ,(#17575));
#17575 = SURFACE_STYLE_TRANSPARENT(0.100000023842);
#17576 = STYLED_ITEM('color',(#17577),#7689);
#17577 = PRESENTATION_STYLE_ASSIGNMENT((#17578));
#17578 = SURFACE_STYLE_USAGE(.BOTH.,#17579);
#17579 = SURFACE_SIDE_STYLE('',(#17580,#17583));
#17580 = SURFACE_STYLE_FILL_AREA(#17581);
#17581 = FILL_AREA_STYLE('',(#17582));
#17582 = FILL_AREA_STYLE_COLOUR('',#16916);
#17583 = SURFACE_STYLE_RENDERING_WITH_PROPERTIES(.NORMAL_SHADING.,#16916
  ,(#17584));
#17584 = SURFACE_STYLE_TRANSPARENT(0.100000023842);
#17585 = STYLED_ITEM('color',(#17586),#7841);
#17586 = PRESENTATION_STYLE_ASSIGNMENT((#17587));
#17587 = SURFACE_STYLE_USAGE(.BOTH.,#17588);
#17588 = SURFACE_SIDE_STYLE('',(#17589,#17592));
#17589 = SURFACE_STYLE_FILL_AREA(#17590);
#17590 = FILL_AREA_STYLE('',(#17591));
#17591 = FILL_AREA_STYLE_COLOUR('',#16916);
#17592 = SURFACE_STYLE_RENDERING_WITH_PROPERTIES(.NORMAL_SHADING.,#16916
  ,(#17593));
#17593 = SURFACE_STYLE_TRANSPARENT(0.100000023842);
#17594 = STYLED_ITEM('color',(#17595),#7893);
#17595 = PRESENTATION_STYLE_ASSIGNMENT((#17596));
#17596 = SURFACE_STYLE_USAGE(.BOTH.,#17597);
#17597 = SURFACE_SIDE_STYLE('',(#17598,#17601));
#17598 = SURFACE_STYLE_FILL_AREA(#17599);
#17599 = FILL_AREA_STYLE('',(#17600));
#17600 = FILL_AREA_STYLE_COLOUR('',#16916);
#17601 = SURFACE_STYLE_RENDERING_WITH_PROPERTIES(.NORMAL_SHADING.,#16916
  ,(#17602));
#17602 = SURFACE_STYLE_TRANSPARENT(0.100000023842);
#17603 = STYLED_ITEM('color',(#17604),#7945);
#17604 = PRESENTATION_STYLE_ASSIGNMENT((#17605));
#17605 = SURFACE_STYLE_USAGE(.BOTH.,#17606);
#17606 = SURFACE_SIDE_STYLE('',(#17607,#17610));
#17607 = SURFACE_STYLE_FILL_AREA(#17608);
#17608 = FILL_AREA_STYLE('',(#17609));
#17609 = FILL_AREA_STYLE_COLOUR('',#16916);
#17610 = SURFACE_STYLE_RENDERING_WITH_PROPERTIES(.NORMAL_SHADING.,#16916
  ,(#17611));
#17611 = SURFACE_STYLE_TRANSPARENT(0.100000023842);
#17612 = STYLED_ITEM('color',(#17613),#8021);
#17613 = PRESENTATION_STYLE_ASSIGNMENT((#17614));
#17614 = SURFACE_STYLE_USAGE(.BOTH.,#17615);
#17615 = SURFACE_SIDE_STYLE('',(#17616,#17619));
#17616 = SURFACE_STYLE_FILL_AREA(#17617);
#17617 = FILL_AREA_STYLE('',(#17618));
#17618 = FILL_AREA_STYLE_COLOUR('',#16916);
#17619 = SURFACE_STYLE_RENDERING_WITH_PROPERTIES(.NORMAL_SHADING.,#16916
  ,(#17620));
#17620 = SURFACE_STYLE_TRANSPARENT(0.100000023842);
#17621 = STYLED_ITEM('color',(#17622),#8073);
#17622 = PRESENTATION_STYLE_ASSIGNMENT((#17623));
#17623 = SURFACE_STYLE_USAGE(.BOTH.,#17624);
#17624 = SURFACE_SIDE_STYLE('',(#17625,#17628));
#17625 = SURFACE_STYLE_FILL_AREA(#17626);
#17626 = FILL_AREA_STYLE('',(#17627));
#17627 = FILL_AREA_STYLE_COLOUR('',#16916);
#17628 = SURFACE_STYLE_RENDERING_WITH_PROPERTIES(.NORMAL_SHADING.,#16916
  ,(#17629));
#17629 = SURFACE_STYLE_TRANSPARENT(0.100000023842);
#17630 = STYLED_ITEM('color',(#17631),#8125);
#17631 = PRESENTATION_STYLE_ASSIGNMENT((#17632));
#17632 = SURFACE_STYLE_USAGE(.BOTH.,#17633);
#17633 = SURFACE_SIDE_STYLE('',(#17634,#17637));
#17634 = SURFACE_STYLE_FILL_AREA(#17635);
#17635 = FILL_AREA_STYLE('',(#17636));
#17636 = FILL_AREA_STYLE_COLOUR('',#16916);
#17637 = SURFACE_STYLE_RENDERING_WITH_PROPERTIES(.NORMAL_SHADING.,#16916
  ,(#17638));
#17638 = SURFACE_STYLE_TRANSPARENT(0.100000023842);
#17639 = STYLED_ITEM('color',(#17640),#8277);
#17640 = PRESENTATION_STYLE_ASSIGNMENT((#17641));
#17641 = SURFACE_STYLE_USAGE(.BOTH.,#17642);
#17642 = SURFACE_SIDE_STYLE('',(#17643,#17646));
#17643 = SURFACE_STYLE_FILL_AREA(#17644);
#17644 = FILL_AREA_STYLE('',(#17645));
#17645 = FILL_AREA_STYLE_COLOUR('',#16916);
#17646 = SURFACE_STYLE_RENDERING_WITH_PROPERTIES(.NORMAL_SHADING.,#16916
  ,(#17647));
#17647 = SURFACE_STYLE_TRANSPARENT(0.100000023842);
#17648 = STYLED_ITEM('color',(#17649),#8321);
#17649 = PRESENTATION_STYLE_ASSIGNMENT((#17650));
#17650 = SURFACE_STYLE_USAGE(.BOTH.,#17651);
#17651 = SURFACE_SIDE_STYLE('',(#17652,#17655));
#17652 = SURFACE_STYLE_FILL_AREA(#17653);
#17653 = FILL_AREA_STYLE('',(#17654));
#17654 = FILL_AREA_STYLE_COLOUR('',#16916);
#17655 = SURFACE_STYLE_RENDERING_WITH_PROPERTIES(.NORMAL_SHADING.,#16916
  ,(#17656));
#17656 = SURFACE_STYLE_TRANSPARENT(0.100000023842);
#17657 = STYLED_ITEM('color',(#17658),#8455);
#17658 = PRESENTATION_STYLE_ASSIGNMENT((#17659));
#17659 = SURFACE_STYLE_USAGE(.BOTH.,#17660);
#17660 = SURFACE_SIDE_STYLE('',(#17661,#17664));
#17661 = SURFACE_STYLE_FILL_AREA(#17662);
#17662 = FILL_AREA_STYLE('',(#17663));
#17663 = FILL_AREA_STYLE_COLOUR('',#16916);
#17664 = SURFACE_STYLE_RENDERING_WITH_PROPERTIES(.NORMAL_SHADING.,#16916
  ,(#17665));
#17665 = SURFACE_STYLE_TRANSPARENT(0.100000023842);
#17666 = STYLED_ITEM('color',(#17667),#8499);
#17667 = PRESENTATION_STYLE_ASSIGNMENT((#17668));
#17668 = SURFACE_STYLE_USAGE(.BOTH.,#17669);
#17669 = SURFACE_SIDE_STYLE('',(#17670,#17673));
#17670 = SURFACE_STYLE_FILL_AREA(#17671);
#17671 = FILL_AREA_STYLE('',(#17672));
#17672 = FILL_AREA_STYLE_COLOUR('',#16916);
#17673 = SURFACE_STYLE_RENDERING_WITH_PROPERTIES(.NORMAL_SHADING.,#16916
  ,(#17674));
#17674 = SURFACE_STYLE_TRANSPARENT(0.100000023842);
#17675 = STYLED_ITEM('color',(#17676),#8542);
#17676 = PRESENTATION_STYLE_ASSIGNMENT((#17677));
#17677 = SURFACE_STYLE_USAGE(.BOTH.,#17678);
#17678 = SURFACE_SIDE_STYLE('',(#17679,#17682));
#17679 = SURFACE_STYLE_FILL_AREA(#17680);
#17680 = FILL_AREA_STYLE('',(#17681));
#17681 = FILL_AREA_STYLE_COLOUR('',#16916);
#17682 = SURFACE_STYLE_RENDERING_WITH_PROPERTIES(.NORMAL_SHADING.,#16916
  ,(#17683));
#17683 = SURFACE_STYLE_TRANSPARENT(0.100000023842);
#17684 = STYLED_ITEM('color',(#17685),#8702);
#17685 = PRESENTATION_STYLE_ASSIGNMENT((#17686));
#17686 = SURFACE_STYLE_USAGE(.BOTH.,#17687);
#17687 = SURFACE_SIDE_STYLE('',(#17688,#17691));
#17688 = SURFACE_STYLE_FILL_AREA(#17689);
#17689 = FILL_AREA_STYLE('',(#17690));
#17690 = FILL_AREA_STYLE_COLOUR('',#16916);
#17691 = SURFACE_STYLE_RENDERING_WITH_PROPERTIES(.NORMAL_SHADING.,#16916
  ,(#17692));
#17692 = SURFACE_STYLE_TRANSPARENT(0.100000023842);
#17693 = STYLED_ITEM('color',(#17694),#8904);
#17694 = PRESENTATION_STYLE_ASSIGNMENT((#17695));
#17695 = SURFACE_STYLE_USAGE(.BOTH.,#17696);
#17696 = SURFACE_SIDE_STYLE('',(#17697,#17700));
#17697 = SURFACE_STYLE_FILL_AREA(#17698);
#17698 = FILL_AREA_STYLE('',(#17699));
#17699 = FILL_AREA_STYLE_COLOUR('',#16916);
#17700 = SURFACE_STYLE_RENDERING_WITH_PROPERTIES(.NORMAL_SHADING.,#16916
  ,(#17701));
#17701 = SURFACE_STYLE_TRANSPARENT(0.100000023842);
#17702 = STYLED_ITEM('color',(#17703),#8998);
#17703 = PRESENTATION_STYLE_ASSIGNMENT((#17704));
#17704 = SURFACE_STYLE_USAGE(.BOTH.,#17705);
#17705 = SURFACE_SIDE_STYLE('',(#17706,#17709));
#17706 = SURFACE_STYLE_FILL_AREA(#17707);
#17707 = FILL_AREA_STYLE('',(#17708));
#17708 = FILL_AREA_STYLE_COLOUR('',#16916);
#17709 = SURFACE_STYLE_RENDERING_WITH_PROPERTIES(.NORMAL_SHADING.,#16916
  ,(#17710));
#17710 = SURFACE_STYLE_TRANSPARENT(0.100000023842);
#17711 = STYLED_ITEM('color',(#17712),#9176);
#17712 = PRESENTATION_STYLE_ASSIGNMENT((#17713));
#17713 = SURFACE_STYLE_USAGE(.BOTH.,#17714);
#17714 = SURFACE_SIDE_STYLE('',(#17715,#17718));
#17715 = SURFACE_STYLE_FILL_AREA(#17716);
#17716 = FILL_AREA_STYLE('',(#17717));
#17717 = FILL_AREA_STYLE_COLOUR('',#16916);
#17718 = SURFACE_STYLE_RENDERING_WITH_PROPERTIES(.NORMAL_SHADING.,#16916
  ,(#17719));
#17719 = SURFACE_STYLE_TRANSPARENT(0.100000023842);
#17720 = STYLED_ITEM('color',(#17721),#9220);
#17721 = PRESENTATION_STYLE_ASSIGNMENT((#17722));
#17722 = SURFACE_STYLE_USAGE(.BOTH.,#17723);
#17723 = SURFACE_SIDE_STYLE('',(#17724,#17727));
#17724 = SURFACE_STYLE_FILL_AREA(#17725);
#17725 = FILL_AREA_STYLE('',(#17726));
#17726 = FILL_AREA_STYLE_COLOUR('',#16916);
#17727 = SURFACE_STYLE_RENDERING_WITH_PROPERTIES(.NORMAL_SHADING.,#16916
  ,(#17728));
#17728 = SURFACE_STYLE_TRANSPARENT(0.100000023842);
#17729 = STYLED_ITEM('color',(#17730),#9272);
#17730 = PRESENTATION_STYLE_ASSIGNMENT((#17731));
#17731 = SURFACE_STYLE_USAGE(.BOTH.,#17732);
#17732 = SURFACE_SIDE_STYLE('',(#17733,#17736));
#17733 = SURFACE_STYLE_FILL_AREA(#17734);
#17734 = FILL_AREA_STYLE('',(#17735));
#17735 = FILL_AREA_STYLE_COLOUR('',#16916);
#17736 = SURFACE_STYLE_RENDERING_WITH_PROPERTIES(.NORMAL_SHADING.,#16916
  ,(#17737));
#17737 = SURFACE_STYLE_TRANSPARENT(0.100000023842);
#17738 = STYLED_ITEM('color',(#17739),#9324);
#17739 = PRESENTATION_STYLE_ASSIGNMENT((#17740));
#17740 = SURFACE_STYLE_USAGE(.BOTH.,#17741);
#17741 = SURFACE_SIDE_STYLE('',(#17742,#17745));
#17742 = SURFACE_STYLE_FILL_AREA(#17743);
#17743 = FILL_AREA_STYLE('',(#17744));
#17744 = FILL_AREA_STYLE_COLOUR('',#16916);
#17745 = SURFACE_STYLE_RENDERING_WITH_PROPERTIES(.NORMAL_SHADING.,#16916
  ,(#17746));
#17746 = SURFACE_STYLE_TRANSPARENT(0.100000023842);
#17747 = STYLED_ITEM('color',(#17748),#9526);
#17748 = PRESENTATION_STYLE_ASSIGNMENT((#17749));
#17749 = SURFACE_STYLE_USAGE(.BOTH.,#17750);
#17750 = SURFACE_SIDE_STYLE('',(#17751,#17754));
#17751 = SURFACE_STYLE_FILL_AREA(#17752);
#17752 = FILL_AREA_STYLE('',(#17753));
#17753 = FILL_AREA_STYLE_COLOUR('',#16916);
#17754 = SURFACE_STYLE_RENDERING_WITH_PROPERTIES(.NORMAL_SHADING.,#16916
  ,(#17755));
#17755 = SURFACE_STYLE_TRANSPARENT(0.100000023842);
#17756 = STYLED_ITEM('color',(#17757),#9628);
#17757 = PRESENTATION_STYLE_ASSIGNMENT((#17758));
#17758 = SURFACE_STYLE_USAGE(.BOTH.,#17759);
#17759 = SURFACE_SIDE_STYLE('',(#17760,#17763));
#17760 = SURFACE_STYLE_FILL_AREA(#17761);
#17761 = FILL_AREA_STYLE('',(#17762));
#17762 = FILL_AREA_STYLE_COLOUR('',#16916);
#17763 = SURFACE_STYLE_RENDERING_WITH_PROPERTIES(.NORMAL_SHADING.,#16916
  ,(#17764));
#17764 = SURFACE_STYLE_TRANSPARENT(0.100000023842);
#17765 = STYLED_ITEM('color',(#17766),#9740);
#17766 = PRESENTATION_STYLE_ASSIGNMENT((#17767));
#17767 = SURFACE_STYLE_USAGE(.BOTH.,#17768);
#17768 = SURFACE_SIDE_STYLE('',(#17769,#17772));
#17769 = SURFACE_STYLE_FILL_AREA(#17770);
#17770 = FILL_AREA_STYLE('',(#17771));
#17771 = FILL_AREA_STYLE_COLOUR('',#16916);
#17772 = SURFACE_STYLE_RENDERING_WITH_PROPERTIES(.NORMAL_SHADING.,#16916
  ,(#17773));
#17773 = SURFACE_STYLE_TRANSPARENT(0.100000023842);
#17774 = STYLED_ITEM('color',(#17775),#9809);
#17775 = PRESENTATION_STYLE_ASSIGNMENT((#17776));
#17776 = SURFACE_STYLE_USAGE(.BOTH.,#17777);
#17777 = SURFACE_SIDE_STYLE('',(#17778,#17781));
#17778 = SURFACE_STYLE_FILL_AREA(#17779);
#17779 = FILL_AREA_STYLE('',(#17780));
#17780 = FILL_AREA_STYLE_COLOUR('',#16916);
#17781 = SURFACE_STYLE_RENDERING_WITH_PROPERTIES(.NORMAL_SHADING.,#16916
  ,(#17782));
#17782 = SURFACE_STYLE_TRANSPARENT(0.100000023842);
#17783 = STYLED_ITEM('color',(#17784),#9951);
#17784 = PRESENTATION_STYLE_ASSIGNMENT((#17785));
#17785 = SURFACE_STYLE_USAGE(.BOTH.,#17786);
#17786 = SURFACE_SIDE_STYLE('',(#17787,#17790));
#17787 = SURFACE_STYLE_FILL_AREA(#17788);
#17788 = FILL_AREA_STYLE('',(#17789));
#17789 = FILL_AREA_STYLE_COLOUR('',#16916);
#17790 = SURFACE_STYLE_RENDERING_WITH_PROPERTIES(.NORMAL_SHADING.,#16916
  ,(#17791));
#17791 = SURFACE_STYLE_TRANSPARENT(0.100000023842);
#17792 = STYLED_ITEM('color',(#17793),#10118);
#17793 = PRESENTATION_STYLE_ASSIGNMENT((#17794));
#17794 = SURFACE_STYLE_USAGE(.BOTH.,#17795);
#17795 = SURFACE_SIDE_STYLE('',(#17796,#17799));
#17796 = SURFACE_STYLE_FILL_AREA(#17797);
#17797 = FILL_AREA_STYLE('',(#17798));
#17798 = FILL_AREA_STYLE_COLOUR('',#16916);
#17799 = SURFACE_STYLE_RENDERING_WITH_PROPERTIES(.NORMAL_SHADING.,#16916
  ,(#17800));
#17800 = SURFACE_STYLE_TRANSPARENT(0.100000023842);
#17801 = STYLED_ITEM('color',(#17802),#10289);
#17802 = PRESENTATION_STYLE_ASSIGNMENT((#17803));
#17803 = SURFACE_STYLE_USAGE(.BOTH.,#17804);
#17804 = SURFACE_SIDE_STYLE('',(#17805,#17808));
#17805 = SURFACE_STYLE_FILL_AREA(#17806);
#17806 = FILL_AREA_STYLE('',(#17807));
#17807 = FILL_AREA_STYLE_COLOUR('',#16916);
#17808 = SURFACE_STYLE_RENDERING_WITH_PROPERTIES(.NORMAL_SHADING.,#16916
  ,(#17809));
#17809 = SURFACE_STYLE_TRANSPARENT(0.100000023842);
#17810 = STYLED_ITEM('color',(#17811),#10341);
#17811 = PRESENTATION_STYLE_ASSIGNMENT((#17812));
#17812 = SURFACE_STYLE_USAGE(.BOTH.,#17813);
#17813 = SURFACE_SIDE_STYLE('',(#17814,#17817));
#17814 = SURFACE_STYLE_FILL_AREA(#17815);
#17815 = FILL_AREA_STYLE('',(#17816));
#17816 = FILL_AREA_STYLE_COLOUR('',#16916);
#17817 = SURFACE_STYLE_RENDERING_WITH_PROPERTIES(.NORMAL_SHADING.,#16916
  ,(#17818));
#17818 = SURFACE_STYLE_TRANSPARENT(0.100000023842);
#17819 = STYLED_ITEM('color',(#17820),#10393);
#17820 = PRESENTATION_STYLE_ASSIGNMENT((#17821));
#17821 = SURFACE_STYLE_USAGE(.BOTH.,#17822);
#17822 = SURFACE_SIDE_STYLE('',(#17823,#17826));
#17823 = SURFACE_STYLE_FILL_AREA(#17824);
#17824 = FILL_AREA_STYLE('',(#17825));
#17825 = FILL_AREA_STYLE_COLOUR('',#16916);
#17826 = SURFACE_STYLE_RENDERING_WITH_PROPERTIES(.NORMAL_SHADING.,#16916
  ,(#17827));
#17827 = SURFACE_STYLE_TRANSPARENT(0.100000023842);
#17828 = STYLED_ITEM('color',(#17829),#10478);
#17829 = PRESENTATION_STYLE_ASSIGNMENT((#17830));
#17830 = SURFACE_STYLE_USAGE(.BOTH.,#17831);
#17831 = SURFACE_SIDE_STYLE('',(#17832,#17835));
#17832 = SURFACE_STYLE_FILL_AREA(#17833);
#17833 = FILL_AREA_STYLE('',(#17834));
#17834 = FILL_AREA_STYLE_COLOUR('',#16916);
#17835 = SURFACE_STYLE_RENDERING_WITH_PROPERTIES(.NORMAL_SHADING.,#16916
  ,(#17836));
#17836 = SURFACE_STYLE_TRANSPARENT(0.100000023842);
#17837 = STYLED_ITEM('color',(#17838),#10530);
#17838 = PRESENTATION_STYLE_ASSIGNMENT((#17839));
#17839 = SURFACE_STYLE_USAGE(.BOTH.,#17840);
#17840 = SURFACE_SIDE_STYLE('',(#17841,#17844));
#17841 = SURFACE_STYLE_FILL_AREA(#17842);
#17842 = FILL_AREA_STYLE('',(#17843));
#17843 = FILL_AREA_STYLE_COLOUR('',#16916);
#17844 = SURFACE_STYLE_RENDERING_WITH_PROPERTIES(.NORMAL_SHADING.,#16916
  ,(#17845));
#17845 = SURFACE_STYLE_TRANSPARENT(0.100000023842);
#17846 = STYLED_ITEM('color',(#17847),#10582);
#17847 = PRESENTATION_STYLE_ASSIGNMENT((#17848));
#17848 = SURFACE_STYLE_USAGE(.BOTH.,#17849);
#17849 = SURFACE_SIDE_STYLE('',(#17850,#17853));
#17850 = SURFACE_STYLE_FILL_AREA(#17851);
#17851 = FILL_AREA_STYLE('',(#17852));
#17852 = FILL_AREA_STYLE_COLOUR('',#16916);
#17853 = SURFACE_STYLE_RENDERING_WITH_PROPERTIES(.NORMAL_SHADING.,#16916
  ,(#17854));
#17854 = SURFACE_STYLE_TRANSPARENT(0.100000023842);
#17855 = STYLED_ITEM('color',(#17856),#10724);
#17856 = PRESENTATION_STYLE_ASSIGNMENT((#17857));
#17857 = SURFACE_STYLE_USAGE(.BOTH.,#17858);
#17858 = SURFACE_SIDE_STYLE('',(#17859,#17862));
#17859 = SURFACE_STYLE_FILL_AREA(#17860);
#17860 = FILL_AREA_STYLE('',(#17861));
#17861 = FILL_AREA_STYLE_COLOUR('',#16916);
#17862 = SURFACE_STYLE_RENDERING_WITH_PROPERTIES(.NORMAL_SHADING.,#16916
  ,(#17863));
#17863 = SURFACE_STYLE_TRANSPARENT(0.100000023842);
#17864 = STYLED_ITEM('color',(#17865),#10792);
#17865 = PRESENTATION_STYLE_ASSIGNMENT((#17866));
#17866 = SURFACE_STYLE_USAGE(.BOTH.,#17867);
#17867 = SURFACE_SIDE_STYLE('',(#17868,#17871));
#17868 = SURFACE_STYLE_FILL_AREA(#17869);
#17869 = FILL_AREA_STYLE('',(#17870));
#17870 = FILL_AREA_STYLE_COLOUR('',#16916);
#17871 = SURFACE_STYLE_RENDERING_WITH_PROPERTIES(.NORMAL_SHADING.,#16916
  ,(#17872));
#17872 = SURFACE_STYLE_TRANSPARENT(0.100000023842);
#17873 = STYLED_ITEM('color',(#17874),#10886);
#17874 = PRESENTATION_STYLE_ASSIGNMENT((#17875));
#17875 = SURFACE_STYLE_USAGE(.BOTH.,#17876);
#17876 = SURFACE_SIDE_STYLE('',(#17877,#17880));
#17877 = SURFACE_STYLE_FILL_AREA(#17878);
#17878 = FILL_AREA_STYLE('',(#17879));
#17879 = FILL_AREA_STYLE_COLOUR('',#16916);
#17880 = SURFACE_STYLE_RENDERING_WITH_PROPERTIES(.NORMAL_SHADING.,#16916
  ,(#17881));
#17881 = SURFACE_STYLE_TRANSPARENT(0.100000023842);
#17882 = STYLED_ITEM('color',(#17883),#10963);
#17883 = PRESENTATION_STYLE_ASSIGNMENT((#17884));
#17884 = SURFACE_STYLE_USAGE(.BOTH.,#17885);
#17885 = SURFACE_SIDE_STYLE('',(#17886,#17889));
#17886 = SURFACE_STYLE_FILL_AREA(#17887);
#17887 = FILL_AREA_STYLE('',(#17888));
#17888 = FILL_AREA_STYLE_COLOUR('',#16916);
#17889 = SURFACE_STYLE_RENDERING_WITH_PROPERTIES(.NORMAL_SHADING.,#16916
  ,(#17890));
#17890 = SURFACE_STYLE_TRANSPARENT(0.100000023842);
#17891 = STYLED_ITEM('color',(#17892),#11075);
#17892 = PRESENTATION_STYLE_ASSIGNMENT((#17893));
#17893 = SURFACE_STYLE_USAGE(.BOTH.,#17894);
#17894 = SURFACE_SIDE_STYLE('',(#17895,#17898));
#17895 = SURFACE_STYLE_FILL_AREA(#17896);
#17896 = FILL_AREA_STYLE('',(#17897));
#17897 = FILL_AREA_STYLE_COLOUR('',#16916);
#17898 = SURFACE_STYLE_RENDERING_WITH_PROPERTIES(.NORMAL_SHADING.,#16916
  ,(#17899));
#17899 = SURFACE_STYLE_TRANSPARENT(0.100000023842);
#17900 = STYLED_ITEM('color',(#17901),#11127);
#17901 = PRESENTATION_STYLE_ASSIGNMENT((#17902));
#17902 = SURFACE_STYLE_USAGE(.BOTH.,#17903);
#17903 = SURFACE_SIDE_STYLE('',(#17904,#17907));
#17904 = SURFACE_STYLE_FILL_AREA(#17905);
#17905 = FILL_AREA_STYLE('',(#17906));
#17906 = FILL_AREA_STYLE_COLOUR('',#16916);
#17907 = SURFACE_STYLE_RENDERING_WITH_PROPERTIES(.NORMAL_SHADING.,#16916
  ,(#17908));
#17908 = SURFACE_STYLE_TRANSPARENT(0.100000023842);
#17909 = STYLED_ITEM('color',(#17910),#11179);
#17910 = PRESENTATION_STYLE_ASSIGNMENT((#17911));
#17911 = SURFACE_STYLE_USAGE(.BOTH.,#17912);
#17912 = SURFACE_SIDE_STYLE('',(#17913,#17916));
#17913 = SURFACE_STYLE_FILL_AREA(#17914);
#17914 = FILL_AREA_STYLE('',(#17915));
#17915 = FILL_AREA_STYLE_COLOUR('',#16916);
#17916 = SURFACE_STYLE_RENDERING_WITH_PROPERTIES(.NORMAL_SHADING.,#16916
  ,(#17917));
#17917 = SURFACE_STYLE_TRANSPARENT(0.100000023842);
#17918 = STYLED_ITEM('color',(#17919),#11231);
#17919 = PRESENTATION_STYLE_ASSIGNMENT((#17920));
#17920 = SURFACE_STYLE_USAGE(.BOTH.,#17921);
#17921 = SURFACE_SIDE_STYLE('',(#17922,#17925));
#17922 = SURFACE_STYLE_FILL_AREA(#17923);
#17923 = FILL_AREA_STYLE('',(#17924));
#17924 = FILL_AREA_STYLE_COLOUR('',#16916);
#17925 = SURFACE_STYLE_RENDERING_WITH_PROPERTIES(.NORMAL_SHADING.,#16916
  ,(#17926));
#17926 = SURFACE_STYLE_TRANSPARENT(0.100000023842);
#17927 = STYLED_ITEM('color',(#17928),#11283);
#17928 = PRESENTATION_STYLE_ASSIGNMENT((#17929));
#17929 = SURFACE_STYLE_USAGE(.BOTH.,#17930);
#17930 = SURFACE_SIDE_STYLE('',(#17931,#17934));
#17931 = SURFACE_STYLE_FILL_AREA(#17932);
#17932 = FILL_AREA_STYLE('',(#17933));
#17933 = FILL_AREA_STYLE_COLOUR('',#16916);
#17934 = SURFACE_STYLE_RENDERING_WITH_PROPERTIES(.NORMAL_SHADING.,#16916
  ,(#17935));
#17935 = SURFACE_STYLE_TRANSPARENT(0.100000023842);
#17936 = STYLED_ITEM('color',(#17937),#11360);
#17937 = PRESENTATION_STYLE_ASSIGNMENT((#17938));
#17938 = SURFACE_STYLE_USAGE(.BOTH.,#17939);
#17939 = SURFACE_SIDE_STYLE('',(#17940,#17943));
#17940 = SURFACE_STYLE_FILL_AREA(#17941);
#17941 = FILL_AREA_STYLE('',(#17942));
#17942 = FILL_AREA_STYLE_COLOUR('',#16916);
#17943 = SURFACE_STYLE_RENDERING_WITH_PROPERTIES(.NORMAL_SHADING.,#16916
  ,(#17944));
#17944 = SURFACE_STYLE_TRANSPARENT(0.100000023842);
#17945 = STYLED_ITEM('color',(#17946),#11472);
#17946 = PRESENTATION_STYLE_ASSIGNMENT((#17947));
#17947 = SURFACE_STYLE_USAGE(.BOTH.,#17948);
#17948 = SURFACE_SIDE_STYLE('',(#17949,#17952));
#17949 = SURFACE_STYLE_FILL_AREA(#17950);
#17950 = FILL_AREA_STYLE('',(#17951));
#17951 = FILL_AREA_STYLE_COLOUR('',#16916);
#17952 = SURFACE_STYLE_RENDERING_WITH_PROPERTIES(.NORMAL_SHADING.,#16916
  ,(#17953));
#17953 = SURFACE_STYLE_TRANSPARENT(0.100000023842);
#17954 = STYLED_ITEM('color',(#17955),#11550);
#17955 = PRESENTATION_STYLE_ASSIGNMENT((#17956));
#17956 = SURFACE_STYLE_USAGE(.BOTH.,#17957);
#17957 = SURFACE_SIDE_STYLE('',(#17958,#17961));
#17958 = SURFACE_STYLE_FILL_AREA(#17959);
#17959 = FILL_AREA_STYLE('',(#17960));
#17960 = FILL_AREA_STYLE_COLOUR('',#16916);
#17961 = SURFACE_STYLE_RENDERING_WITH_PROPERTIES(.NORMAL_SHADING.,#16916
  ,(#17962));
#17962 = SURFACE_STYLE_TRANSPARENT(0.100000023842);
#17963 = MECHANICAL_DESIGN_GEOMETRIC_PRESENTATION_REPRESENTATION('',(
    #17964),#13154);
#17964 = STYLED_ITEM('color',(#17965),#12539);
#17965 = PRESENTATION_STYLE_ASSIGNMENT((#17966));
#17966 = SURFACE_STYLE_USAGE(.BOTH.,#17967);
#17967 = SURFACE_SIDE_STYLE('',(#17968,#17971));
#17968 = SURFACE_STYLE_FILL_AREA(#17969);
#17969 = FILL_AREA_STYLE('',(#17970));
#17970 = FILL_AREA_STYLE_COLOUR('',#16905);
#17971 = SURFACE_STYLE_RENDERING_WITH_PROPERTIES(.NORMAL_SHADING.,#16905
  ,(#17972));
#17972 = SURFACE_STYLE_TRANSPARENT(0.170000016689);
#17973 = MECHANICAL_DESIGN_GEOMETRIC_PRESENTATION_REPRESENTATION('',(
    #17974),#16886);
#17974 = STYLED_ITEM('color',(#17975),#13173);
#17975 = PRESENTATION_STYLE_ASSIGNMENT((#17976));
#17976 = SURFACE_STYLE_USAGE(.BOTH.,#17977);
#17977 = SURFACE_SIDE_STYLE('',(#17978));
#17978 = SURFACE_STYLE_FILL_AREA(#17979);
#17979 = FILL_AREA_STYLE('',(#17980));
#17980 = FILL_AREA_STYLE_COLOUR('',#17981);
#17981 = COLOUR_RGB('',0.583831500637,0.583831500637,0.583831500637);
ENDSEC;
END-ISO-10303-21;
