ISO-10303-21;
HEADER;
/* Generated by software containing ST-Developer
 * from STEP Tools, Inc. (www.steptools.com) 
 */
/* OPTION: using custom renumber hook */

FILE_DESCRIPTION(
/* description */ ('STEP AP242 Edition 2',
'CAx-IF Rec.Pracs.---Representation and Presentation of Product Manufa
cturing Information (PMI)---4.0---2014-10-13',
'CAx-IF Rec.Pracs.---3D Tessellated Geometry---0.4---2014-09-14','2;1',
'CAx-IF Rec.Pracs.---User Defined Attributes---1.5---2016-08-15'),
/* implementation_level */ '2;1');

FILE_NAME(
/* name */ 'keeb (1) - Part 28',
/* time_stamp */ '2026-08-15T11:07:52Z',
/* author */ (''),
/* organization */ (''),
/* preprocessor_version */ 'ST-DEVELOPER v20',
/* originating_system */ 'ONSHAPE BY PTC INC, 1.219',
/* authorisation */ '  ');

FILE_SCHEMA (('AP242_MANAGED_MODEL_BASED_3D_ENGINEERING_MIM_LF { 1 0 10303 442 3 1 4 }'));
ENDSEC;

DATA;
#10=SHAPE_REPRESENTATION_RELATIONSHIP('','',#6859,#11);
#11=ADVANCED_BREP_SHAPE_REPRESENTATION('',(#6857),#10649);
#12=CIRCLE('',#7079,0.00179040272942384);
#13=CIRCLE('',#7080,0.00179040272942384);
#14=CIRCLE('',#7160,0.00167806599101113);
#15=CIRCLE('',#7161,0.00167806599101113);
#16=CIRCLE('',#7164,0.00162824150418167);
#17=CIRCLE('',#7165,0.00162824150418167);
#18=CIRCLE('',#7167,0.00202814960695097);
#19=CIRCLE('',#7168,0.00202814960695097);
#20=CIRCLE('',#7170,0.00223134806253164);
#21=CIRCLE('',#7171,0.00223134806253164);
#22=CIRCLE('',#7173,0.00182148649932612);
#23=CIRCLE('',#7174,0.00182148649932612);
#24=CIRCLE('',#7176,0.00191179281650378);
#25=CIRCLE('',#7177,0.00191179281650378);
#26=CIRCLE('',#7179,0.00192463773767599);
#27=CIRCLE('',#7180,0.00192463773767599);
#28=CIRCLE('',#7182,0.00205012620436867);
#29=CIRCLE('',#7183,0.00205012620436867);
#30=CIRCLE('',#7185,0.00168340092081737);
#31=CIRCLE('',#7186,0.00168340092081737);
#32=CIRCLE('',#7188,0.0017848947716102);
#33=CIRCLE('',#7189,0.0017848947716102);
#34=CIRCLE('',#7191,0.00204249966026748);
#35=CIRCLE('',#7192,0.00204249966026748);
#36=CIRCLE('',#7194,0.00183891663543015);
#37=CIRCLE('',#7195,0.00183891663543015);
#38=CIRCLE('',#7197,0.00189954764932325);
#39=CIRCLE('',#7198,0.00189954764932325);
#40=CIRCLE('',#7200,0.00182005330492618);
#41=CIRCLE('',#7201,0.00182005330492618);
#42=CYLINDRICAL_SURFACE('',#7078,0.00179040272942384);
#43=CYLINDRICAL_SURFACE('',#7159,0.00167806599101113);
#44=CYLINDRICAL_SURFACE('',#7163,0.00162824150418167);
#45=CYLINDRICAL_SURFACE('',#7166,0.00202814960695097);
#46=CYLINDRICAL_SURFACE('',#7169,0.00223134806253164);
#47=CYLINDRICAL_SURFACE('',#7172,0.00182148649932612);
#48=CYLINDRICAL_SURFACE('',#7175,0.00191179281650378);
#49=CYLINDRICAL_SURFACE('',#7178,0.00192463773767599);
#50=CYLINDRICAL_SURFACE('',#7181,0.00205012620436867);
#51=CYLINDRICAL_SURFACE('',#7184,0.00168340092081737);
#52=CYLINDRICAL_SURFACE('',#7187,0.0017848947716102);
#53=CYLINDRICAL_SURFACE('',#7190,0.00204249966026748);
#54=CYLINDRICAL_SURFACE('',#7193,0.00183891663543015);
#55=CYLINDRICAL_SURFACE('',#7196,0.00189954764932325);
#56=CYLINDRICAL_SURFACE('',#7199,0.00182005330492618);
#57=ORIENTED_EDGE('',*,*,#1901,.F.);
#58=ORIENTED_EDGE('',*,*,#1902,.F.);
#59=ORIENTED_EDGE('',*,*,#1903,.T.);
#60=ORIENTED_EDGE('',*,*,#1904,.T.);
#61=ORIENTED_EDGE('',*,*,#1905,.T.);
#62=ORIENTED_EDGE('',*,*,#1906,.F.);
#63=ORIENTED_EDGE('',*,*,#1907,.F.);
#64=ORIENTED_EDGE('',*,*,#1902,.T.);
#65=ORIENTED_EDGE('',*,*,#1908,.T.);
#66=ORIENTED_EDGE('',*,*,#1909,.F.);
#67=ORIENTED_EDGE('',*,*,#1910,.F.);
#68=ORIENTED_EDGE('',*,*,#1906,.T.);
#69=ORIENTED_EDGE('',*,*,#1911,.F.);
#70=ORIENTED_EDGE('',*,*,#1912,.F.);
#71=ORIENTED_EDGE('',*,*,#1913,.T.);
#72=ORIENTED_EDGE('',*,*,#1914,.T.);
#73=ORIENTED_EDGE('',*,*,#1915,.T.);
#74=ORIENTED_EDGE('',*,*,#1916,.F.);
#75=ORIENTED_EDGE('',*,*,#1917,.F.);
#76=ORIENTED_EDGE('',*,*,#1912,.T.);
#77=ORIENTED_EDGE('',*,*,#1918,.T.);
#78=ORIENTED_EDGE('',*,*,#1919,.F.);
#79=ORIENTED_EDGE('',*,*,#1920,.F.);
#80=ORIENTED_EDGE('',*,*,#1916,.T.);
#81=ORIENTED_EDGE('',*,*,#1921,.F.);
#82=ORIENTED_EDGE('',*,*,#1922,.F.);
#83=ORIENTED_EDGE('',*,*,#1923,.T.);
#84=ORIENTED_EDGE('',*,*,#1924,.T.);
#85=ORIENTED_EDGE('',*,*,#1925,.T.);
#86=ORIENTED_EDGE('',*,*,#1926,.F.);
#87=ORIENTED_EDGE('',*,*,#1927,.F.);
#88=ORIENTED_EDGE('',*,*,#1922,.T.);
#89=ORIENTED_EDGE('',*,*,#1928,.T.);
#90=ORIENTED_EDGE('',*,*,#1929,.F.);
#91=ORIENTED_EDGE('',*,*,#1930,.F.);
#92=ORIENTED_EDGE('',*,*,#1926,.T.);
#93=ORIENTED_EDGE('',*,*,#1931,.F.);
#94=ORIENTED_EDGE('',*,*,#1932,.F.);
#95=ORIENTED_EDGE('',*,*,#1933,.T.);
#96=ORIENTED_EDGE('',*,*,#1934,.T.);
#97=ORIENTED_EDGE('',*,*,#1935,.T.);
#98=ORIENTED_EDGE('',*,*,#1936,.F.);
#99=ORIENTED_EDGE('',*,*,#1937,.F.);
#100=ORIENTED_EDGE('',*,*,#1932,.T.);
#101=ORIENTED_EDGE('',*,*,#1938,.T.);
#102=ORIENTED_EDGE('',*,*,#1939,.F.);
#103=ORIENTED_EDGE('',*,*,#1940,.F.);
#104=ORIENTED_EDGE('',*,*,#1936,.T.);
#105=ORIENTED_EDGE('',*,*,#1941,.F.);
#106=ORIENTED_EDGE('',*,*,#1942,.F.);
#107=ORIENTED_EDGE('',*,*,#1943,.T.);
#108=ORIENTED_EDGE('',*,*,#1944,.T.);
#109=ORIENTED_EDGE('',*,*,#1945,.T.);
#110=ORIENTED_EDGE('',*,*,#1946,.F.);
#111=ORIENTED_EDGE('',*,*,#1947,.F.);
#112=ORIENTED_EDGE('',*,*,#1942,.T.);
#113=ORIENTED_EDGE('',*,*,#1948,.T.);
#114=ORIENTED_EDGE('',*,*,#1949,.F.);
#115=ORIENTED_EDGE('',*,*,#1950,.F.);
#116=ORIENTED_EDGE('',*,*,#1946,.T.);
#117=ORIENTED_EDGE('',*,*,#1951,.F.);
#118=ORIENTED_EDGE('',*,*,#1952,.F.);
#119=ORIENTED_EDGE('',*,*,#1953,.T.);
#120=ORIENTED_EDGE('',*,*,#1954,.T.);
#121=ORIENTED_EDGE('',*,*,#1955,.T.);
#122=ORIENTED_EDGE('',*,*,#1956,.F.);
#123=ORIENTED_EDGE('',*,*,#1957,.F.);
#124=ORIENTED_EDGE('',*,*,#1952,.T.);
#125=ORIENTED_EDGE('',*,*,#1958,.T.);
#126=ORIENTED_EDGE('',*,*,#1959,.F.);
#127=ORIENTED_EDGE('',*,*,#1960,.F.);
#128=ORIENTED_EDGE('',*,*,#1956,.T.);
#129=ORIENTED_EDGE('',*,*,#1961,.F.);
#130=ORIENTED_EDGE('',*,*,#1962,.F.);
#131=ORIENTED_EDGE('',*,*,#1963,.T.);
#132=ORIENTED_EDGE('',*,*,#1964,.T.);
#133=ORIENTED_EDGE('',*,*,#1965,.T.);
#134=ORIENTED_EDGE('',*,*,#1966,.F.);
#135=ORIENTED_EDGE('',*,*,#1967,.F.);
#136=ORIENTED_EDGE('',*,*,#1962,.T.);
#137=ORIENTED_EDGE('',*,*,#1968,.T.);
#138=ORIENTED_EDGE('',*,*,#1969,.F.);
#139=ORIENTED_EDGE('',*,*,#1970,.F.);
#140=ORIENTED_EDGE('',*,*,#1966,.T.);
#141=ORIENTED_EDGE('',*,*,#1971,.F.);
#142=ORIENTED_EDGE('',*,*,#1972,.F.);
#143=ORIENTED_EDGE('',*,*,#1973,.T.);
#144=ORIENTED_EDGE('',*,*,#1974,.T.);
#145=ORIENTED_EDGE('',*,*,#1975,.T.);
#146=ORIENTED_EDGE('',*,*,#1976,.F.);
#147=ORIENTED_EDGE('',*,*,#1977,.F.);
#148=ORIENTED_EDGE('',*,*,#1972,.T.);
#149=ORIENTED_EDGE('',*,*,#1978,.T.);
#150=ORIENTED_EDGE('',*,*,#1979,.F.);
#151=ORIENTED_EDGE('',*,*,#1980,.F.);
#152=ORIENTED_EDGE('',*,*,#1976,.T.);
#153=ORIENTED_EDGE('',*,*,#1981,.F.);
#154=ORIENTED_EDGE('',*,*,#1982,.F.);
#155=ORIENTED_EDGE('',*,*,#1983,.T.);
#156=ORIENTED_EDGE('',*,*,#1984,.T.);
#157=ORIENTED_EDGE('',*,*,#1985,.T.);
#158=ORIENTED_EDGE('',*,*,#1986,.F.);
#159=ORIENTED_EDGE('',*,*,#1987,.F.);
#160=ORIENTED_EDGE('',*,*,#1982,.T.);
#161=ORIENTED_EDGE('',*,*,#1988,.T.);
#162=ORIENTED_EDGE('',*,*,#1989,.F.);
#163=ORIENTED_EDGE('',*,*,#1990,.F.);
#164=ORIENTED_EDGE('',*,*,#1986,.T.);
#165=ORIENTED_EDGE('',*,*,#1991,.F.);
#166=ORIENTED_EDGE('',*,*,#1992,.F.);
#167=ORIENTED_EDGE('',*,*,#1993,.T.);
#168=ORIENTED_EDGE('',*,*,#1994,.T.);
#169=ORIENTED_EDGE('',*,*,#1995,.T.);
#170=ORIENTED_EDGE('',*,*,#1996,.F.);
#171=ORIENTED_EDGE('',*,*,#1997,.F.);
#172=ORIENTED_EDGE('',*,*,#1992,.T.);
#173=ORIENTED_EDGE('',*,*,#1998,.T.);
#174=ORIENTED_EDGE('',*,*,#1999,.F.);
#175=ORIENTED_EDGE('',*,*,#2000,.F.);
#176=ORIENTED_EDGE('',*,*,#1996,.T.);
#177=ORIENTED_EDGE('',*,*,#2001,.F.);
#178=ORIENTED_EDGE('',*,*,#2002,.F.);
#179=ORIENTED_EDGE('',*,*,#2003,.T.);
#180=ORIENTED_EDGE('',*,*,#2004,.T.);
#181=ORIENTED_EDGE('',*,*,#2005,.T.);
#182=ORIENTED_EDGE('',*,*,#2006,.F.);
#183=ORIENTED_EDGE('',*,*,#2007,.F.);
#184=ORIENTED_EDGE('',*,*,#2002,.T.);
#185=ORIENTED_EDGE('',*,*,#2008,.T.);
#186=ORIENTED_EDGE('',*,*,#2009,.F.);
#187=ORIENTED_EDGE('',*,*,#2010,.F.);
#188=ORIENTED_EDGE('',*,*,#2006,.T.);
#189=ORIENTED_EDGE('',*,*,#2011,.F.);
#190=ORIENTED_EDGE('',*,*,#2012,.F.);
#191=ORIENTED_EDGE('',*,*,#2013,.T.);
#192=ORIENTED_EDGE('',*,*,#2014,.T.);
#193=ORIENTED_EDGE('',*,*,#2015,.T.);
#194=ORIENTED_EDGE('',*,*,#2016,.F.);
#195=ORIENTED_EDGE('',*,*,#2017,.F.);
#196=ORIENTED_EDGE('',*,*,#2012,.T.);
#197=ORIENTED_EDGE('',*,*,#2018,.T.);
#198=ORIENTED_EDGE('',*,*,#2019,.F.);
#199=ORIENTED_EDGE('',*,*,#2020,.F.);
#200=ORIENTED_EDGE('',*,*,#2016,.T.);
#201=ORIENTED_EDGE('',*,*,#2021,.F.);
#202=ORIENTED_EDGE('',*,*,#2022,.F.);
#203=ORIENTED_EDGE('',*,*,#2023,.T.);
#204=ORIENTED_EDGE('',*,*,#2024,.T.);
#205=ORIENTED_EDGE('',*,*,#2025,.T.);
#206=ORIENTED_EDGE('',*,*,#2026,.F.);
#207=ORIENTED_EDGE('',*,*,#2027,.F.);
#208=ORIENTED_EDGE('',*,*,#2022,.T.);
#209=ORIENTED_EDGE('',*,*,#2028,.T.);
#210=ORIENTED_EDGE('',*,*,#2029,.F.);
#211=ORIENTED_EDGE('',*,*,#2030,.F.);
#212=ORIENTED_EDGE('',*,*,#2026,.T.);
#213=ORIENTED_EDGE('',*,*,#2031,.F.);
#214=ORIENTED_EDGE('',*,*,#2032,.F.);
#215=ORIENTED_EDGE('',*,*,#2033,.T.);
#216=ORIENTED_EDGE('',*,*,#2034,.T.);
#217=ORIENTED_EDGE('',*,*,#2035,.T.);
#218=ORIENTED_EDGE('',*,*,#2036,.F.);
#219=ORIENTED_EDGE('',*,*,#2037,.F.);
#220=ORIENTED_EDGE('',*,*,#2032,.T.);
#221=ORIENTED_EDGE('',*,*,#2038,.T.);
#222=ORIENTED_EDGE('',*,*,#2039,.F.);
#223=ORIENTED_EDGE('',*,*,#2040,.F.);
#224=ORIENTED_EDGE('',*,*,#2036,.T.);
#225=ORIENTED_EDGE('',*,*,#2041,.F.);
#226=ORIENTED_EDGE('',*,*,#2042,.F.);
#227=ORIENTED_EDGE('',*,*,#2043,.T.);
#228=ORIENTED_EDGE('',*,*,#2044,.T.);
#229=ORIENTED_EDGE('',*,*,#2045,.T.);
#230=ORIENTED_EDGE('',*,*,#2046,.F.);
#231=ORIENTED_EDGE('',*,*,#2047,.F.);
#232=ORIENTED_EDGE('',*,*,#2042,.T.);
#233=ORIENTED_EDGE('',*,*,#2048,.T.);
#234=ORIENTED_EDGE('',*,*,#2049,.F.);
#235=ORIENTED_EDGE('',*,*,#2050,.F.);
#236=ORIENTED_EDGE('',*,*,#2046,.T.);
#237=ORIENTED_EDGE('',*,*,#2051,.F.);
#238=ORIENTED_EDGE('',*,*,#2052,.F.);
#239=ORIENTED_EDGE('',*,*,#2053,.T.);
#240=ORIENTED_EDGE('',*,*,#2054,.T.);
#241=ORIENTED_EDGE('',*,*,#2055,.T.);
#242=ORIENTED_EDGE('',*,*,#2056,.F.);
#243=ORIENTED_EDGE('',*,*,#2057,.F.);
#244=ORIENTED_EDGE('',*,*,#2052,.T.);
#245=ORIENTED_EDGE('',*,*,#2058,.T.);
#246=ORIENTED_EDGE('',*,*,#2059,.F.);
#247=ORIENTED_EDGE('',*,*,#2060,.F.);
#248=ORIENTED_EDGE('',*,*,#2056,.T.);
#249=ORIENTED_EDGE('',*,*,#2061,.F.);
#250=ORIENTED_EDGE('',*,*,#2062,.F.);
#251=ORIENTED_EDGE('',*,*,#2063,.T.);
#252=ORIENTED_EDGE('',*,*,#2064,.T.);
#253=ORIENTED_EDGE('',*,*,#2065,.F.);
#254=ORIENTED_EDGE('',*,*,#2066,.F.);
#255=ORIENTED_EDGE('',*,*,#2067,.T.);
#256=ORIENTED_EDGE('',*,*,#2062,.T.);
#257=ORIENTED_EDGE('',*,*,#2068,.F.);
#258=ORIENTED_EDGE('',*,*,#2069,.F.);
#259=ORIENTED_EDGE('',*,*,#2070,.T.);
#260=ORIENTED_EDGE('',*,*,#2066,.T.);
#261=ORIENTED_EDGE('',*,*,#2071,.F.);
#262=ORIENTED_EDGE('',*,*,#2072,.F.);
#263=ORIENTED_EDGE('',*,*,#2073,.T.);
#264=ORIENTED_EDGE('',*,*,#2074,.T.);
#265=ORIENTED_EDGE('',*,*,#2075,.T.);
#266=ORIENTED_EDGE('',*,*,#2076,.F.);
#267=ORIENTED_EDGE('',*,*,#2077,.F.);
#268=ORIENTED_EDGE('',*,*,#2072,.T.);
#269=ORIENTED_EDGE('',*,*,#2078,.T.);
#270=ORIENTED_EDGE('',*,*,#2079,.F.);
#271=ORIENTED_EDGE('',*,*,#2080,.F.);
#272=ORIENTED_EDGE('',*,*,#2076,.T.);
#273=ORIENTED_EDGE('',*,*,#2081,.F.);
#274=ORIENTED_EDGE('',*,*,#2082,.F.);
#275=ORIENTED_EDGE('',*,*,#2083,.T.);
#276=ORIENTED_EDGE('',*,*,#2084,.T.);
#277=ORIENTED_EDGE('',*,*,#2085,.T.);
#278=ORIENTED_EDGE('',*,*,#2086,.F.);
#279=ORIENTED_EDGE('',*,*,#2087,.F.);
#280=ORIENTED_EDGE('',*,*,#2082,.T.);
#281=ORIENTED_EDGE('',*,*,#2088,.T.);
#282=ORIENTED_EDGE('',*,*,#2089,.F.);
#283=ORIENTED_EDGE('',*,*,#2090,.F.);
#284=ORIENTED_EDGE('',*,*,#2086,.T.);
#285=ORIENTED_EDGE('',*,*,#2091,.F.);
#286=ORIENTED_EDGE('',*,*,#2092,.F.);
#287=ORIENTED_EDGE('',*,*,#2093,.T.);
#288=ORIENTED_EDGE('',*,*,#2094,.T.);
#289=ORIENTED_EDGE('',*,*,#2095,.T.);
#290=ORIENTED_EDGE('',*,*,#2096,.F.);
#291=ORIENTED_EDGE('',*,*,#2097,.F.);
#292=ORIENTED_EDGE('',*,*,#2092,.T.);
#293=ORIENTED_EDGE('',*,*,#2098,.T.);
#294=ORIENTED_EDGE('',*,*,#2099,.F.);
#295=ORIENTED_EDGE('',*,*,#2100,.F.);
#296=ORIENTED_EDGE('',*,*,#2096,.T.);
#297=ORIENTED_EDGE('',*,*,#2101,.F.);
#298=ORIENTED_EDGE('',*,*,#2102,.F.);
#299=ORIENTED_EDGE('',*,*,#2103,.T.);
#300=ORIENTED_EDGE('',*,*,#2104,.T.);
#301=ORIENTED_EDGE('',*,*,#2105,.T.);
#302=ORIENTED_EDGE('',*,*,#2106,.F.);
#303=ORIENTED_EDGE('',*,*,#2107,.F.);
#304=ORIENTED_EDGE('',*,*,#2102,.T.);
#305=ORIENTED_EDGE('',*,*,#2108,.T.);
#306=ORIENTED_EDGE('',*,*,#2109,.F.);
#307=ORIENTED_EDGE('',*,*,#2110,.F.);
#308=ORIENTED_EDGE('',*,*,#2106,.T.);
#309=ORIENTED_EDGE('',*,*,#2111,.F.);
#310=ORIENTED_EDGE('',*,*,#2112,.F.);
#311=ORIENTED_EDGE('',*,*,#2113,.T.);
#312=ORIENTED_EDGE('',*,*,#2114,.T.);
#313=ORIENTED_EDGE('',*,*,#2115,.T.);
#314=ORIENTED_EDGE('',*,*,#2116,.F.);
#315=ORIENTED_EDGE('',*,*,#2117,.F.);
#316=ORIENTED_EDGE('',*,*,#2112,.T.);
#317=ORIENTED_EDGE('',*,*,#2118,.T.);
#318=ORIENTED_EDGE('',*,*,#2119,.F.);
#319=ORIENTED_EDGE('',*,*,#2120,.F.);
#320=ORIENTED_EDGE('',*,*,#2116,.T.);
#321=ORIENTED_EDGE('',*,*,#2121,.F.);
#322=ORIENTED_EDGE('',*,*,#2122,.F.);
#323=ORIENTED_EDGE('',*,*,#2123,.T.);
#324=ORIENTED_EDGE('',*,*,#2124,.T.);
#325=ORIENTED_EDGE('',*,*,#2125,.T.);
#326=ORIENTED_EDGE('',*,*,#2126,.F.);
#327=ORIENTED_EDGE('',*,*,#2127,.F.);
#328=ORIENTED_EDGE('',*,*,#2122,.T.);
#329=ORIENTED_EDGE('',*,*,#2128,.T.);
#330=ORIENTED_EDGE('',*,*,#2129,.F.);
#331=ORIENTED_EDGE('',*,*,#2130,.F.);
#332=ORIENTED_EDGE('',*,*,#2126,.T.);
#333=ORIENTED_EDGE('',*,*,#2131,.F.);
#334=ORIENTED_EDGE('',*,*,#2132,.F.);
#335=ORIENTED_EDGE('',*,*,#2133,.T.);
#336=ORIENTED_EDGE('',*,*,#2134,.T.);
#337=ORIENTED_EDGE('',*,*,#2135,.T.);
#338=ORIENTED_EDGE('',*,*,#2136,.F.);
#339=ORIENTED_EDGE('',*,*,#2137,.F.);
#340=ORIENTED_EDGE('',*,*,#2132,.T.);
#341=ORIENTED_EDGE('',*,*,#2138,.T.);
#342=ORIENTED_EDGE('',*,*,#2139,.F.);
#343=ORIENTED_EDGE('',*,*,#2140,.F.);
#344=ORIENTED_EDGE('',*,*,#2136,.T.);
#345=ORIENTED_EDGE('',*,*,#2141,.F.);
#346=ORIENTED_EDGE('',*,*,#2142,.F.);
#347=ORIENTED_EDGE('',*,*,#2143,.T.);
#348=ORIENTED_EDGE('',*,*,#2144,.T.);
#349=ORIENTED_EDGE('',*,*,#2145,.T.);
#350=ORIENTED_EDGE('',*,*,#2146,.F.);
#351=ORIENTED_EDGE('',*,*,#2147,.F.);
#352=ORIENTED_EDGE('',*,*,#2142,.T.);
#353=ORIENTED_EDGE('',*,*,#2148,.T.);
#354=ORIENTED_EDGE('',*,*,#2149,.F.);
#355=ORIENTED_EDGE('',*,*,#2150,.F.);
#356=ORIENTED_EDGE('',*,*,#2146,.T.);
#357=ORIENTED_EDGE('',*,*,#2151,.F.);
#358=ORIENTED_EDGE('',*,*,#2152,.F.);
#359=ORIENTED_EDGE('',*,*,#2153,.T.);
#360=ORIENTED_EDGE('',*,*,#2154,.T.);
#361=ORIENTED_EDGE('',*,*,#2155,.T.);
#362=ORIENTED_EDGE('',*,*,#2156,.F.);
#363=ORIENTED_EDGE('',*,*,#2157,.F.);
#364=ORIENTED_EDGE('',*,*,#2152,.T.);
#365=ORIENTED_EDGE('',*,*,#2158,.T.);
#366=ORIENTED_EDGE('',*,*,#2159,.F.);
#367=ORIENTED_EDGE('',*,*,#2160,.F.);
#368=ORIENTED_EDGE('',*,*,#2156,.T.);
#369=ORIENTED_EDGE('',*,*,#2161,.F.);
#370=ORIENTED_EDGE('',*,*,#2162,.F.);
#371=ORIENTED_EDGE('',*,*,#2163,.T.);
#372=ORIENTED_EDGE('',*,*,#2164,.T.);
#373=ORIENTED_EDGE('',*,*,#2165,.T.);
#374=ORIENTED_EDGE('',*,*,#2166,.F.);
#375=ORIENTED_EDGE('',*,*,#2167,.F.);
#376=ORIENTED_EDGE('',*,*,#2162,.T.);
#377=ORIENTED_EDGE('',*,*,#2168,.T.);
#378=ORIENTED_EDGE('',*,*,#2169,.F.);
#379=ORIENTED_EDGE('',*,*,#2170,.F.);
#380=ORIENTED_EDGE('',*,*,#2166,.T.);
#381=ORIENTED_EDGE('',*,*,#2171,.F.);
#382=ORIENTED_EDGE('',*,*,#2172,.F.);
#383=ORIENTED_EDGE('',*,*,#2173,.T.);
#384=ORIENTED_EDGE('',*,*,#2174,.T.);
#385=ORIENTED_EDGE('',*,*,#2175,.T.);
#386=ORIENTED_EDGE('',*,*,#2176,.F.);
#387=ORIENTED_EDGE('',*,*,#2177,.F.);
#388=ORIENTED_EDGE('',*,*,#2172,.T.);
#389=ORIENTED_EDGE('',*,*,#2178,.T.);
#390=ORIENTED_EDGE('',*,*,#2179,.F.);
#391=ORIENTED_EDGE('',*,*,#2180,.F.);
#392=ORIENTED_EDGE('',*,*,#2176,.T.);
#393=ORIENTED_EDGE('',*,*,#2181,.F.);
#394=ORIENTED_EDGE('',*,*,#2182,.F.);
#395=ORIENTED_EDGE('',*,*,#2183,.T.);
#396=ORIENTED_EDGE('',*,*,#2184,.T.);
#397=ORIENTED_EDGE('',*,*,#2185,.T.);
#398=ORIENTED_EDGE('',*,*,#2186,.F.);
#399=ORIENTED_EDGE('',*,*,#2187,.F.);
#400=ORIENTED_EDGE('',*,*,#2182,.T.);
#401=ORIENTED_EDGE('',*,*,#2188,.T.);
#402=ORIENTED_EDGE('',*,*,#2189,.F.);
#403=ORIENTED_EDGE('',*,*,#2190,.F.);
#404=ORIENTED_EDGE('',*,*,#2186,.T.);
#405=ORIENTED_EDGE('',*,*,#2191,.F.);
#406=ORIENTED_EDGE('',*,*,#2192,.F.);
#407=ORIENTED_EDGE('',*,*,#2193,.T.);
#408=ORIENTED_EDGE('',*,*,#2194,.T.);
#409=ORIENTED_EDGE('',*,*,#2195,.T.);
#410=ORIENTED_EDGE('',*,*,#2196,.F.);
#411=ORIENTED_EDGE('',*,*,#2197,.F.);
#412=ORIENTED_EDGE('',*,*,#2192,.T.);
#413=ORIENTED_EDGE('',*,*,#2198,.T.);
#414=ORIENTED_EDGE('',*,*,#2199,.F.);
#415=ORIENTED_EDGE('',*,*,#2200,.F.);
#416=ORIENTED_EDGE('',*,*,#2196,.T.);
#417=ORIENTED_EDGE('',*,*,#2201,.F.);
#418=ORIENTED_EDGE('',*,*,#2202,.F.);
#419=ORIENTED_EDGE('',*,*,#2203,.T.);
#420=ORIENTED_EDGE('',*,*,#2204,.T.);
#421=ORIENTED_EDGE('',*,*,#2205,.T.);
#422=ORIENTED_EDGE('',*,*,#2206,.F.);
#423=ORIENTED_EDGE('',*,*,#2207,.F.);
#424=ORIENTED_EDGE('',*,*,#2202,.T.);
#425=ORIENTED_EDGE('',*,*,#2208,.T.);
#426=ORIENTED_EDGE('',*,*,#2209,.F.);
#427=ORIENTED_EDGE('',*,*,#2210,.F.);
#428=ORIENTED_EDGE('',*,*,#2206,.T.);
#429=ORIENTED_EDGE('',*,*,#2211,.F.);
#430=ORIENTED_EDGE('',*,*,#2212,.F.);
#431=ORIENTED_EDGE('',*,*,#2213,.T.);
#432=ORIENTED_EDGE('',*,*,#2214,.T.);
#433=ORIENTED_EDGE('',*,*,#2215,.T.);
#434=ORIENTED_EDGE('',*,*,#2216,.F.);
#435=ORIENTED_EDGE('',*,*,#2217,.F.);
#436=ORIENTED_EDGE('',*,*,#2212,.T.);
#437=ORIENTED_EDGE('',*,*,#2218,.T.);
#438=ORIENTED_EDGE('',*,*,#2219,.F.);
#439=ORIENTED_EDGE('',*,*,#2220,.F.);
#440=ORIENTED_EDGE('',*,*,#2216,.T.);
#441=ORIENTED_EDGE('',*,*,#2221,.F.);
#442=ORIENTED_EDGE('',*,*,#2222,.F.);
#443=ORIENTED_EDGE('',*,*,#2223,.T.);
#444=ORIENTED_EDGE('',*,*,#2224,.T.);
#445=ORIENTED_EDGE('',*,*,#2225,.T.);
#446=ORIENTED_EDGE('',*,*,#2226,.F.);
#447=ORIENTED_EDGE('',*,*,#2227,.F.);
#448=ORIENTED_EDGE('',*,*,#2222,.T.);
#449=ORIENTED_EDGE('',*,*,#2228,.T.);
#450=ORIENTED_EDGE('',*,*,#2229,.F.);
#451=ORIENTED_EDGE('',*,*,#2230,.F.);
#452=ORIENTED_EDGE('',*,*,#2226,.T.);
#453=ORIENTED_EDGE('',*,*,#2231,.F.);
#454=ORIENTED_EDGE('',*,*,#2232,.F.);
#455=ORIENTED_EDGE('',*,*,#2233,.T.);
#456=ORIENTED_EDGE('',*,*,#2234,.T.);
#457=ORIENTED_EDGE('',*,*,#2235,.T.);
#458=ORIENTED_EDGE('',*,*,#2236,.F.);
#459=ORIENTED_EDGE('',*,*,#2237,.F.);
#460=ORIENTED_EDGE('',*,*,#2232,.T.);
#461=ORIENTED_EDGE('',*,*,#2238,.T.);
#462=ORIENTED_EDGE('',*,*,#2239,.F.);
#463=ORIENTED_EDGE('',*,*,#2240,.F.);
#464=ORIENTED_EDGE('',*,*,#2236,.T.);
#465=ORIENTED_EDGE('',*,*,#2241,.F.);
#466=ORIENTED_EDGE('',*,*,#2242,.F.);
#467=ORIENTED_EDGE('',*,*,#2243,.T.);
#468=ORIENTED_EDGE('',*,*,#2244,.T.);
#469=ORIENTED_EDGE('',*,*,#2245,.T.);
#470=ORIENTED_EDGE('',*,*,#2246,.F.);
#471=ORIENTED_EDGE('',*,*,#2247,.F.);
#472=ORIENTED_EDGE('',*,*,#2242,.T.);
#473=ORIENTED_EDGE('',*,*,#2248,.T.);
#474=ORIENTED_EDGE('',*,*,#2249,.F.);
#475=ORIENTED_EDGE('',*,*,#2250,.F.);
#476=ORIENTED_EDGE('',*,*,#2246,.T.);
#477=ORIENTED_EDGE('',*,*,#2251,.F.);
#478=ORIENTED_EDGE('',*,*,#2252,.F.);
#479=ORIENTED_EDGE('',*,*,#2253,.T.);
#480=ORIENTED_EDGE('',*,*,#2254,.T.);
#481=ORIENTED_EDGE('',*,*,#2255,.T.);
#482=ORIENTED_EDGE('',*,*,#2256,.F.);
#483=ORIENTED_EDGE('',*,*,#2257,.F.);
#484=ORIENTED_EDGE('',*,*,#2252,.T.);
#485=ORIENTED_EDGE('',*,*,#2258,.T.);
#486=ORIENTED_EDGE('',*,*,#2259,.F.);
#487=ORIENTED_EDGE('',*,*,#2260,.F.);
#488=ORIENTED_EDGE('',*,*,#2256,.T.);
#489=ORIENTED_EDGE('',*,*,#2261,.F.);
#490=ORIENTED_EDGE('',*,*,#2262,.F.);
#491=ORIENTED_EDGE('',*,*,#2263,.T.);
#492=ORIENTED_EDGE('',*,*,#2264,.T.);
#493=ORIENTED_EDGE('',*,*,#2265,.T.);
#494=ORIENTED_EDGE('',*,*,#2266,.F.);
#495=ORIENTED_EDGE('',*,*,#2267,.F.);
#496=ORIENTED_EDGE('',*,*,#2262,.T.);
#497=ORIENTED_EDGE('',*,*,#2268,.T.);
#498=ORIENTED_EDGE('',*,*,#2269,.F.);
#499=ORIENTED_EDGE('',*,*,#2270,.F.);
#500=ORIENTED_EDGE('',*,*,#2266,.T.);
#501=ORIENTED_EDGE('',*,*,#2271,.F.);
#502=ORIENTED_EDGE('',*,*,#2272,.F.);
#503=ORIENTED_EDGE('',*,*,#2273,.T.);
#504=ORIENTED_EDGE('',*,*,#2274,.T.);
#505=ORIENTED_EDGE('',*,*,#2275,.T.);
#506=ORIENTED_EDGE('',*,*,#2276,.F.);
#507=ORIENTED_EDGE('',*,*,#2277,.F.);
#508=ORIENTED_EDGE('',*,*,#2272,.T.);
#509=ORIENTED_EDGE('',*,*,#2278,.T.);
#510=ORIENTED_EDGE('',*,*,#2279,.F.);
#511=ORIENTED_EDGE('',*,*,#2280,.F.);
#512=ORIENTED_EDGE('',*,*,#2276,.T.);
#513=ORIENTED_EDGE('',*,*,#2281,.F.);
#514=ORIENTED_EDGE('',*,*,#2282,.F.);
#515=ORIENTED_EDGE('',*,*,#2283,.T.);
#516=ORIENTED_EDGE('',*,*,#2284,.T.);
#517=ORIENTED_EDGE('',*,*,#2285,.T.);
#518=ORIENTED_EDGE('',*,*,#2286,.F.);
#519=ORIENTED_EDGE('',*,*,#2287,.F.);
#520=ORIENTED_EDGE('',*,*,#2282,.T.);
#521=ORIENTED_EDGE('',*,*,#2288,.T.);
#522=ORIENTED_EDGE('',*,*,#2289,.F.);
#523=ORIENTED_EDGE('',*,*,#2290,.F.);
#524=ORIENTED_EDGE('',*,*,#2286,.T.);
#525=ORIENTED_EDGE('',*,*,#2291,.F.);
#526=ORIENTED_EDGE('',*,*,#2292,.F.);
#527=ORIENTED_EDGE('',*,*,#2293,.T.);
#528=ORIENTED_EDGE('',*,*,#2294,.T.);
#529=ORIENTED_EDGE('',*,*,#2295,.T.);
#530=ORIENTED_EDGE('',*,*,#2296,.F.);
#531=ORIENTED_EDGE('',*,*,#2297,.F.);
#532=ORIENTED_EDGE('',*,*,#2292,.T.);
#533=ORIENTED_EDGE('',*,*,#2298,.T.);
#534=ORIENTED_EDGE('',*,*,#2299,.F.);
#535=ORIENTED_EDGE('',*,*,#2300,.F.);
#536=ORIENTED_EDGE('',*,*,#2296,.T.);
#537=ORIENTED_EDGE('',*,*,#2301,.F.);
#538=ORIENTED_EDGE('',*,*,#2302,.F.);
#539=ORIENTED_EDGE('',*,*,#2303,.T.);
#540=ORIENTED_EDGE('',*,*,#2304,.T.);
#541=ORIENTED_EDGE('',*,*,#2305,.T.);
#542=ORIENTED_EDGE('',*,*,#2306,.F.);
#543=ORIENTED_EDGE('',*,*,#2307,.F.);
#544=ORIENTED_EDGE('',*,*,#2302,.T.);
#545=ORIENTED_EDGE('',*,*,#2308,.T.);
#546=ORIENTED_EDGE('',*,*,#2309,.F.);
#547=ORIENTED_EDGE('',*,*,#2310,.F.);
#548=ORIENTED_EDGE('',*,*,#2306,.T.);
#549=ORIENTED_EDGE('',*,*,#2311,.F.);
#550=ORIENTED_EDGE('',*,*,#2312,.F.);
#551=ORIENTED_EDGE('',*,*,#2313,.T.);
#552=ORIENTED_EDGE('',*,*,#2314,.T.);
#553=ORIENTED_EDGE('',*,*,#2315,.T.);
#554=ORIENTED_EDGE('',*,*,#2316,.F.);
#555=ORIENTED_EDGE('',*,*,#2317,.F.);
#556=ORIENTED_EDGE('',*,*,#2312,.T.);
#557=ORIENTED_EDGE('',*,*,#2318,.T.);
#558=ORIENTED_EDGE('',*,*,#2319,.F.);
#559=ORIENTED_EDGE('',*,*,#2320,.F.);
#560=ORIENTED_EDGE('',*,*,#2316,.T.);
#561=ORIENTED_EDGE('',*,*,#2321,.F.);
#562=ORIENTED_EDGE('',*,*,#2322,.F.);
#563=ORIENTED_EDGE('',*,*,#2323,.T.);
#564=ORIENTED_EDGE('',*,*,#2324,.T.);
#565=ORIENTED_EDGE('',*,*,#2325,.T.);
#566=ORIENTED_EDGE('',*,*,#2326,.F.);
#567=ORIENTED_EDGE('',*,*,#2327,.F.);
#568=ORIENTED_EDGE('',*,*,#2322,.T.);
#569=ORIENTED_EDGE('',*,*,#2328,.T.);
#570=ORIENTED_EDGE('',*,*,#2329,.F.);
#571=ORIENTED_EDGE('',*,*,#2330,.F.);
#572=ORIENTED_EDGE('',*,*,#2326,.T.);
#573=ORIENTED_EDGE('',*,*,#2331,.F.);
#574=ORIENTED_EDGE('',*,*,#2332,.F.);
#575=ORIENTED_EDGE('',*,*,#2333,.T.);
#576=ORIENTED_EDGE('',*,*,#2334,.T.);
#577=ORIENTED_EDGE('',*,*,#2335,.T.);
#578=ORIENTED_EDGE('',*,*,#2336,.F.);
#579=ORIENTED_EDGE('',*,*,#2337,.F.);
#580=ORIENTED_EDGE('',*,*,#2332,.T.);
#581=ORIENTED_EDGE('',*,*,#2338,.T.);
#582=ORIENTED_EDGE('',*,*,#2339,.F.);
#583=ORIENTED_EDGE('',*,*,#2340,.F.);
#584=ORIENTED_EDGE('',*,*,#2336,.T.);
#585=ORIENTED_EDGE('',*,*,#2341,.F.);
#586=ORIENTED_EDGE('',*,*,#2342,.F.);
#587=ORIENTED_EDGE('',*,*,#2343,.T.);
#588=ORIENTED_EDGE('',*,*,#2344,.T.);
#589=ORIENTED_EDGE('',*,*,#2345,.T.);
#590=ORIENTED_EDGE('',*,*,#2346,.F.);
#591=ORIENTED_EDGE('',*,*,#2347,.F.);
#592=ORIENTED_EDGE('',*,*,#2342,.T.);
#593=ORIENTED_EDGE('',*,*,#2348,.T.);
#594=ORIENTED_EDGE('',*,*,#2349,.F.);
#595=ORIENTED_EDGE('',*,*,#2350,.F.);
#596=ORIENTED_EDGE('',*,*,#2346,.T.);
#597=ORIENTED_EDGE('',*,*,#2351,.F.);
#598=ORIENTED_EDGE('',*,*,#2352,.F.);
#599=ORIENTED_EDGE('',*,*,#2353,.T.);
#600=ORIENTED_EDGE('',*,*,#2354,.T.);
#601=ORIENTED_EDGE('',*,*,#2355,.T.);
#602=ORIENTED_EDGE('',*,*,#2356,.F.);
#603=ORIENTED_EDGE('',*,*,#2357,.F.);
#604=ORIENTED_EDGE('',*,*,#2352,.T.);
#605=ORIENTED_EDGE('',*,*,#2358,.T.);
#606=ORIENTED_EDGE('',*,*,#2359,.F.);
#607=ORIENTED_EDGE('',*,*,#2360,.F.);
#608=ORIENTED_EDGE('',*,*,#2356,.T.);
#609=ORIENTED_EDGE('',*,*,#2361,.F.);
#610=ORIENTED_EDGE('',*,*,#2362,.F.);
#611=ORIENTED_EDGE('',*,*,#2363,.T.);
#612=ORIENTED_EDGE('',*,*,#2364,.T.);
#613=ORIENTED_EDGE('',*,*,#2365,.T.);
#614=ORIENTED_EDGE('',*,*,#2366,.F.);
#615=ORIENTED_EDGE('',*,*,#2367,.F.);
#616=ORIENTED_EDGE('',*,*,#2362,.T.);
#617=ORIENTED_EDGE('',*,*,#2368,.T.);
#618=ORIENTED_EDGE('',*,*,#2369,.F.);
#619=ORIENTED_EDGE('',*,*,#2370,.F.);
#620=ORIENTED_EDGE('',*,*,#2366,.T.);
#621=ORIENTED_EDGE('',*,*,#2371,.F.);
#622=ORIENTED_EDGE('',*,*,#2372,.F.);
#623=ORIENTED_EDGE('',*,*,#2373,.T.);
#624=ORIENTED_EDGE('',*,*,#2374,.T.);
#625=ORIENTED_EDGE('',*,*,#2375,.T.);
#626=ORIENTED_EDGE('',*,*,#2376,.F.);
#627=ORIENTED_EDGE('',*,*,#2377,.F.);
#628=ORIENTED_EDGE('',*,*,#2372,.T.);
#629=ORIENTED_EDGE('',*,*,#2378,.T.);
#630=ORIENTED_EDGE('',*,*,#2379,.F.);
#631=ORIENTED_EDGE('',*,*,#2380,.F.);
#632=ORIENTED_EDGE('',*,*,#2376,.T.);
#633=ORIENTED_EDGE('',*,*,#2381,.F.);
#634=ORIENTED_EDGE('',*,*,#2382,.F.);
#635=ORIENTED_EDGE('',*,*,#2383,.T.);
#636=ORIENTED_EDGE('',*,*,#2384,.T.);
#637=ORIENTED_EDGE('',*,*,#2385,.T.);
#638=ORIENTED_EDGE('',*,*,#2386,.F.);
#639=ORIENTED_EDGE('',*,*,#2387,.F.);
#640=ORIENTED_EDGE('',*,*,#2382,.T.);
#641=ORIENTED_EDGE('',*,*,#2388,.T.);
#642=ORIENTED_EDGE('',*,*,#2389,.F.);
#643=ORIENTED_EDGE('',*,*,#2390,.F.);
#644=ORIENTED_EDGE('',*,*,#2386,.T.);
#645=ORIENTED_EDGE('',*,*,#2391,.F.);
#646=ORIENTED_EDGE('',*,*,#2392,.F.);
#647=ORIENTED_EDGE('',*,*,#2393,.T.);
#648=ORIENTED_EDGE('',*,*,#2394,.T.);
#649=ORIENTED_EDGE('',*,*,#2395,.T.);
#650=ORIENTED_EDGE('',*,*,#2396,.F.);
#651=ORIENTED_EDGE('',*,*,#2397,.F.);
#652=ORIENTED_EDGE('',*,*,#2392,.T.);
#653=ORIENTED_EDGE('',*,*,#2398,.T.);
#654=ORIENTED_EDGE('',*,*,#2399,.F.);
#655=ORIENTED_EDGE('',*,*,#2400,.F.);
#656=ORIENTED_EDGE('',*,*,#2396,.T.);
#657=ORIENTED_EDGE('',*,*,#2401,.F.);
#658=ORIENTED_EDGE('',*,*,#2402,.F.);
#659=ORIENTED_EDGE('',*,*,#2403,.T.);
#660=ORIENTED_EDGE('',*,*,#2404,.T.);
#661=ORIENTED_EDGE('',*,*,#2405,.T.);
#662=ORIENTED_EDGE('',*,*,#2406,.F.);
#663=ORIENTED_EDGE('',*,*,#2407,.F.);
#664=ORIENTED_EDGE('',*,*,#2402,.T.);
#665=ORIENTED_EDGE('',*,*,#2408,.T.);
#666=ORIENTED_EDGE('',*,*,#2409,.F.);
#667=ORIENTED_EDGE('',*,*,#2410,.F.);
#668=ORIENTED_EDGE('',*,*,#2406,.T.);
#669=ORIENTED_EDGE('',*,*,#2411,.F.);
#670=ORIENTED_EDGE('',*,*,#2412,.F.);
#671=ORIENTED_EDGE('',*,*,#2413,.T.);
#672=ORIENTED_EDGE('',*,*,#2414,.T.);
#673=ORIENTED_EDGE('',*,*,#2415,.T.);
#674=ORIENTED_EDGE('',*,*,#2416,.F.);
#675=ORIENTED_EDGE('',*,*,#2417,.F.);
#676=ORIENTED_EDGE('',*,*,#2412,.T.);
#677=ORIENTED_EDGE('',*,*,#2418,.T.);
#678=ORIENTED_EDGE('',*,*,#2419,.F.);
#679=ORIENTED_EDGE('',*,*,#2420,.F.);
#680=ORIENTED_EDGE('',*,*,#2416,.T.);
#681=ORIENTED_EDGE('',*,*,#2421,.F.);
#682=ORIENTED_EDGE('',*,*,#2422,.F.);
#683=ORIENTED_EDGE('',*,*,#2423,.T.);
#684=ORIENTED_EDGE('',*,*,#2424,.T.);
#685=ORIENTED_EDGE('',*,*,#2425,.T.);
#686=ORIENTED_EDGE('',*,*,#2426,.F.);
#687=ORIENTED_EDGE('',*,*,#2427,.F.);
#688=ORIENTED_EDGE('',*,*,#2422,.T.);
#689=ORIENTED_EDGE('',*,*,#2428,.T.);
#690=ORIENTED_EDGE('',*,*,#2429,.F.);
#691=ORIENTED_EDGE('',*,*,#2430,.F.);
#692=ORIENTED_EDGE('',*,*,#2426,.T.);
#693=ORIENTED_EDGE('',*,*,#2431,.F.);
#694=ORIENTED_EDGE('',*,*,#2432,.F.);
#695=ORIENTED_EDGE('',*,*,#2433,.T.);
#696=ORIENTED_EDGE('',*,*,#2434,.T.);
#697=ORIENTED_EDGE('',*,*,#2435,.T.);
#698=ORIENTED_EDGE('',*,*,#2436,.F.);
#699=ORIENTED_EDGE('',*,*,#2437,.F.);
#700=ORIENTED_EDGE('',*,*,#2432,.T.);
#701=ORIENTED_EDGE('',*,*,#2438,.T.);
#702=ORIENTED_EDGE('',*,*,#2439,.F.);
#703=ORIENTED_EDGE('',*,*,#2440,.F.);
#704=ORIENTED_EDGE('',*,*,#2436,.T.);
#705=ORIENTED_EDGE('',*,*,#2441,.F.);
#706=ORIENTED_EDGE('',*,*,#2442,.F.);
#707=ORIENTED_EDGE('',*,*,#2443,.T.);
#708=ORIENTED_EDGE('',*,*,#2444,.T.);
#709=ORIENTED_EDGE('',*,*,#2445,.T.);
#710=ORIENTED_EDGE('',*,*,#2446,.F.);
#711=ORIENTED_EDGE('',*,*,#2447,.F.);
#712=ORIENTED_EDGE('',*,*,#2442,.T.);
#713=ORIENTED_EDGE('',*,*,#2448,.T.);
#714=ORIENTED_EDGE('',*,*,#2449,.F.);
#715=ORIENTED_EDGE('',*,*,#2450,.F.);
#716=ORIENTED_EDGE('',*,*,#2446,.T.);
#717=ORIENTED_EDGE('',*,*,#2451,.F.);
#718=ORIENTED_EDGE('',*,*,#2452,.F.);
#719=ORIENTED_EDGE('',*,*,#2453,.T.);
#720=ORIENTED_EDGE('',*,*,#2454,.T.);
#721=ORIENTED_EDGE('',*,*,#2455,.T.);
#722=ORIENTED_EDGE('',*,*,#2456,.F.);
#723=ORIENTED_EDGE('',*,*,#2457,.F.);
#724=ORIENTED_EDGE('',*,*,#2452,.T.);
#725=ORIENTED_EDGE('',*,*,#2458,.T.);
#726=ORIENTED_EDGE('',*,*,#2459,.F.);
#727=ORIENTED_EDGE('',*,*,#2460,.F.);
#728=ORIENTED_EDGE('',*,*,#2456,.T.);
#729=ORIENTED_EDGE('',*,*,#2461,.F.);
#730=ORIENTED_EDGE('',*,*,#2462,.F.);
#731=ORIENTED_EDGE('',*,*,#2463,.T.);
#732=ORIENTED_EDGE('',*,*,#2464,.T.);
#733=ORIENTED_EDGE('',*,*,#2465,.T.);
#734=ORIENTED_EDGE('',*,*,#2466,.F.);
#735=ORIENTED_EDGE('',*,*,#2467,.F.);
#736=ORIENTED_EDGE('',*,*,#2462,.T.);
#737=ORIENTED_EDGE('',*,*,#2468,.T.);
#738=ORIENTED_EDGE('',*,*,#2469,.F.);
#739=ORIENTED_EDGE('',*,*,#2470,.F.);
#740=ORIENTED_EDGE('',*,*,#2466,.T.);
#741=ORIENTED_EDGE('',*,*,#2471,.F.);
#742=ORIENTED_EDGE('',*,*,#2472,.F.);
#743=ORIENTED_EDGE('',*,*,#2473,.T.);
#744=ORIENTED_EDGE('',*,*,#2474,.T.);
#745=ORIENTED_EDGE('',*,*,#2475,.T.);
#746=ORIENTED_EDGE('',*,*,#2476,.F.);
#747=ORIENTED_EDGE('',*,*,#2477,.F.);
#748=ORIENTED_EDGE('',*,*,#2472,.T.);
#749=ORIENTED_EDGE('',*,*,#2478,.T.);
#750=ORIENTED_EDGE('',*,*,#2479,.F.);
#751=ORIENTED_EDGE('',*,*,#2480,.F.);
#752=ORIENTED_EDGE('',*,*,#2476,.T.);
#753=ORIENTED_EDGE('',*,*,#2481,.F.);
#754=ORIENTED_EDGE('',*,*,#2482,.F.);
#755=ORIENTED_EDGE('',*,*,#2483,.T.);
#756=ORIENTED_EDGE('',*,*,#2484,.T.);
#757=ORIENTED_EDGE('',*,*,#2485,.T.);
#758=ORIENTED_EDGE('',*,*,#2486,.F.);
#759=ORIENTED_EDGE('',*,*,#2487,.F.);
#760=ORIENTED_EDGE('',*,*,#2482,.T.);
#761=ORIENTED_EDGE('',*,*,#2488,.T.);
#762=ORIENTED_EDGE('',*,*,#2489,.F.);
#763=ORIENTED_EDGE('',*,*,#2490,.F.);
#764=ORIENTED_EDGE('',*,*,#2486,.T.);
#765=ORIENTED_EDGE('',*,*,#2491,.F.);
#766=ORIENTED_EDGE('',*,*,#2492,.F.);
#767=ORIENTED_EDGE('',*,*,#2493,.T.);
#768=ORIENTED_EDGE('',*,*,#2494,.T.);
#769=ORIENTED_EDGE('',*,*,#2495,.T.);
#770=ORIENTED_EDGE('',*,*,#2496,.F.);
#771=ORIENTED_EDGE('',*,*,#2497,.F.);
#772=ORIENTED_EDGE('',*,*,#2492,.T.);
#773=ORIENTED_EDGE('',*,*,#2498,.T.);
#774=ORIENTED_EDGE('',*,*,#2499,.F.);
#775=ORIENTED_EDGE('',*,*,#2500,.F.);
#776=ORIENTED_EDGE('',*,*,#2496,.T.);
#777=ORIENTED_EDGE('',*,*,#2501,.F.);
#778=ORIENTED_EDGE('',*,*,#2502,.F.);
#779=ORIENTED_EDGE('',*,*,#2503,.T.);
#780=ORIENTED_EDGE('',*,*,#2504,.T.);
#781=ORIENTED_EDGE('',*,*,#2505,.T.);
#782=ORIENTED_EDGE('',*,*,#2506,.F.);
#783=ORIENTED_EDGE('',*,*,#2507,.F.);
#784=ORIENTED_EDGE('',*,*,#2502,.T.);
#785=ORIENTED_EDGE('',*,*,#2508,.T.);
#786=ORIENTED_EDGE('',*,*,#2509,.F.);
#787=ORIENTED_EDGE('',*,*,#2510,.F.);
#788=ORIENTED_EDGE('',*,*,#2506,.T.);
#789=ORIENTED_EDGE('',*,*,#2511,.F.);
#790=ORIENTED_EDGE('',*,*,#2512,.F.);
#791=ORIENTED_EDGE('',*,*,#2513,.T.);
#792=ORIENTED_EDGE('',*,*,#2514,.T.);
#793=ORIENTED_EDGE('',*,*,#2515,.T.);
#794=ORIENTED_EDGE('',*,*,#2516,.F.);
#795=ORIENTED_EDGE('',*,*,#2517,.F.);
#796=ORIENTED_EDGE('',*,*,#2512,.T.);
#797=ORIENTED_EDGE('',*,*,#2518,.T.);
#798=ORIENTED_EDGE('',*,*,#2519,.F.);
#799=ORIENTED_EDGE('',*,*,#2520,.F.);
#800=ORIENTED_EDGE('',*,*,#2516,.T.);
#801=ORIENTED_EDGE('',*,*,#2521,.F.);
#802=ORIENTED_EDGE('',*,*,#2522,.F.);
#803=ORIENTED_EDGE('',*,*,#2523,.T.);
#804=ORIENTED_EDGE('',*,*,#2524,.T.);
#805=ORIENTED_EDGE('',*,*,#2525,.T.);
#806=ORIENTED_EDGE('',*,*,#2526,.F.);
#807=ORIENTED_EDGE('',*,*,#2527,.F.);
#808=ORIENTED_EDGE('',*,*,#2522,.T.);
#809=ORIENTED_EDGE('',*,*,#2528,.T.);
#810=ORIENTED_EDGE('',*,*,#2529,.F.);
#811=ORIENTED_EDGE('',*,*,#2530,.F.);
#812=ORIENTED_EDGE('',*,*,#2526,.T.);
#813=ORIENTED_EDGE('',*,*,#2531,.F.);
#814=ORIENTED_EDGE('',*,*,#2532,.F.);
#815=ORIENTED_EDGE('',*,*,#2533,.T.);
#816=ORIENTED_EDGE('',*,*,#2534,.T.);
#817=ORIENTED_EDGE('',*,*,#2535,.T.);
#818=ORIENTED_EDGE('',*,*,#2536,.F.);
#819=ORIENTED_EDGE('',*,*,#2537,.F.);
#820=ORIENTED_EDGE('',*,*,#2532,.T.);
#821=ORIENTED_EDGE('',*,*,#2538,.T.);
#822=ORIENTED_EDGE('',*,*,#2539,.F.);
#823=ORIENTED_EDGE('',*,*,#2540,.F.);
#824=ORIENTED_EDGE('',*,*,#2536,.T.);
#825=ORIENTED_EDGE('',*,*,#2541,.F.);
#826=ORIENTED_EDGE('',*,*,#2542,.F.);
#827=ORIENTED_EDGE('',*,*,#2543,.T.);
#828=ORIENTED_EDGE('',*,*,#2544,.T.);
#829=ORIENTED_EDGE('',*,*,#2545,.T.);
#830=ORIENTED_EDGE('',*,*,#2546,.F.);
#831=ORIENTED_EDGE('',*,*,#2547,.F.);
#832=ORIENTED_EDGE('',*,*,#2542,.T.);
#833=ORIENTED_EDGE('',*,*,#2548,.T.);
#834=ORIENTED_EDGE('',*,*,#2549,.F.);
#835=ORIENTED_EDGE('',*,*,#2550,.F.);
#836=ORIENTED_EDGE('',*,*,#2546,.T.);
#837=ORIENTED_EDGE('',*,*,#2551,.F.);
#838=ORIENTED_EDGE('',*,*,#2552,.F.);
#839=ORIENTED_EDGE('',*,*,#2553,.T.);
#840=ORIENTED_EDGE('',*,*,#2554,.T.);
#841=ORIENTED_EDGE('',*,*,#2555,.T.);
#842=ORIENTED_EDGE('',*,*,#2556,.F.);
#843=ORIENTED_EDGE('',*,*,#2557,.F.);
#844=ORIENTED_EDGE('',*,*,#2552,.T.);
#845=ORIENTED_EDGE('',*,*,#2558,.T.);
#846=ORIENTED_EDGE('',*,*,#2559,.F.);
#847=ORIENTED_EDGE('',*,*,#2560,.F.);
#848=ORIENTED_EDGE('',*,*,#2556,.T.);
#849=ORIENTED_EDGE('',*,*,#2561,.F.);
#850=ORIENTED_EDGE('',*,*,#2562,.F.);
#851=ORIENTED_EDGE('',*,*,#2563,.T.);
#852=ORIENTED_EDGE('',*,*,#2564,.T.);
#853=ORIENTED_EDGE('',*,*,#2565,.T.);
#854=ORIENTED_EDGE('',*,*,#2566,.F.);
#855=ORIENTED_EDGE('',*,*,#2567,.F.);
#856=ORIENTED_EDGE('',*,*,#2562,.T.);
#857=ORIENTED_EDGE('',*,*,#2568,.T.);
#858=ORIENTED_EDGE('',*,*,#2569,.F.);
#859=ORIENTED_EDGE('',*,*,#2570,.F.);
#860=ORIENTED_EDGE('',*,*,#2566,.T.);
#861=ORIENTED_EDGE('',*,*,#2571,.F.);
#862=ORIENTED_EDGE('',*,*,#2572,.F.);
#863=ORIENTED_EDGE('',*,*,#2573,.T.);
#864=ORIENTED_EDGE('',*,*,#2574,.T.);
#865=ORIENTED_EDGE('',*,*,#2575,.T.);
#866=ORIENTED_EDGE('',*,*,#2576,.F.);
#867=ORIENTED_EDGE('',*,*,#2577,.F.);
#868=ORIENTED_EDGE('',*,*,#2572,.T.);
#869=ORIENTED_EDGE('',*,*,#2578,.T.);
#870=ORIENTED_EDGE('',*,*,#2579,.F.);
#871=ORIENTED_EDGE('',*,*,#2580,.F.);
#872=ORIENTED_EDGE('',*,*,#2576,.T.);
#873=ORIENTED_EDGE('',*,*,#2581,.F.);
#874=ORIENTED_EDGE('',*,*,#2582,.F.);
#875=ORIENTED_EDGE('',*,*,#2583,.T.);
#876=ORIENTED_EDGE('',*,*,#2584,.T.);
#877=ORIENTED_EDGE('',*,*,#2585,.T.);
#878=ORIENTED_EDGE('',*,*,#2586,.F.);
#879=ORIENTED_EDGE('',*,*,#2587,.F.);
#880=ORIENTED_EDGE('',*,*,#2582,.T.);
#881=ORIENTED_EDGE('',*,*,#2588,.T.);
#882=ORIENTED_EDGE('',*,*,#2589,.F.);
#883=ORIENTED_EDGE('',*,*,#2590,.F.);
#884=ORIENTED_EDGE('',*,*,#2586,.T.);
#885=ORIENTED_EDGE('',*,*,#2591,.F.);
#886=ORIENTED_EDGE('',*,*,#2592,.F.);
#887=ORIENTED_EDGE('',*,*,#2593,.T.);
#888=ORIENTED_EDGE('',*,*,#2594,.T.);
#889=ORIENTED_EDGE('',*,*,#2595,.T.);
#890=ORIENTED_EDGE('',*,*,#2596,.F.);
#891=ORIENTED_EDGE('',*,*,#2597,.F.);
#892=ORIENTED_EDGE('',*,*,#2592,.T.);
#893=ORIENTED_EDGE('',*,*,#2598,.T.);
#894=ORIENTED_EDGE('',*,*,#2599,.F.);
#895=ORIENTED_EDGE('',*,*,#2600,.F.);
#896=ORIENTED_EDGE('',*,*,#2596,.T.);
#897=ORIENTED_EDGE('',*,*,#2601,.F.);
#898=ORIENTED_EDGE('',*,*,#2602,.F.);
#899=ORIENTED_EDGE('',*,*,#2603,.T.);
#900=ORIENTED_EDGE('',*,*,#2604,.T.);
#901=ORIENTED_EDGE('',*,*,#2605,.T.);
#902=ORIENTED_EDGE('',*,*,#2606,.F.);
#903=ORIENTED_EDGE('',*,*,#2607,.F.);
#904=ORIENTED_EDGE('',*,*,#2602,.T.);
#905=ORIENTED_EDGE('',*,*,#2608,.T.);
#906=ORIENTED_EDGE('',*,*,#2609,.F.);
#907=ORIENTED_EDGE('',*,*,#2610,.F.);
#908=ORIENTED_EDGE('',*,*,#2606,.T.);
#909=ORIENTED_EDGE('',*,*,#2611,.F.);
#910=ORIENTED_EDGE('',*,*,#2612,.F.);
#911=ORIENTED_EDGE('',*,*,#2613,.T.);
#912=ORIENTED_EDGE('',*,*,#2614,.T.);
#913=ORIENTED_EDGE('',*,*,#2615,.T.);
#914=ORIENTED_EDGE('',*,*,#2616,.F.);
#915=ORIENTED_EDGE('',*,*,#2617,.F.);
#916=ORIENTED_EDGE('',*,*,#2612,.T.);
#917=ORIENTED_EDGE('',*,*,#2618,.T.);
#918=ORIENTED_EDGE('',*,*,#2619,.F.);
#919=ORIENTED_EDGE('',*,*,#2620,.F.);
#920=ORIENTED_EDGE('',*,*,#2616,.T.);
#921=ORIENTED_EDGE('',*,*,#2621,.F.);
#922=ORIENTED_EDGE('',*,*,#2622,.F.);
#923=ORIENTED_EDGE('',*,*,#2623,.T.);
#924=ORIENTED_EDGE('',*,*,#2619,.T.);
#925=ORIENTED_EDGE('',*,*,#2624,.F.);
#926=ORIENTED_EDGE('',*,*,#2625,.F.);
#927=ORIENTED_EDGE('',*,*,#2626,.T.);
#928=ORIENTED_EDGE('',*,*,#2627,.T.);
#929=ORIENTED_EDGE('',*,*,#2628,.T.);
#930=ORIENTED_EDGE('',*,*,#2629,.F.);
#931=ORIENTED_EDGE('',*,*,#2630,.F.);
#932=ORIENTED_EDGE('',*,*,#2625,.T.);
#933=ORIENTED_EDGE('',*,*,#2631,.F.);
#934=ORIENTED_EDGE('',*,*,#2632,.F.);
#935=ORIENTED_EDGE('',*,*,#2633,.T.);
#936=ORIENTED_EDGE('',*,*,#2629,.T.);
#937=ORIENTED_EDGE('',*,*,#2634,.F.);
#938=ORIENTED_EDGE('',*,*,#2635,.F.);
#939=ORIENTED_EDGE('',*,*,#2636,.T.);
#940=ORIENTED_EDGE('',*,*,#2632,.T.);
#941=ORIENTED_EDGE('',*,*,#2637,.F.);
#942=ORIENTED_EDGE('',*,*,#2638,.F.);
#943=ORIENTED_EDGE('',*,*,#2639,.T.);
#944=ORIENTED_EDGE('',*,*,#2640,.T.);
#945=ORIENTED_EDGE('',*,*,#2641,.T.);
#946=ORIENTED_EDGE('',*,*,#2642,.F.);
#947=ORIENTED_EDGE('',*,*,#2643,.F.);
#948=ORIENTED_EDGE('',*,*,#2638,.T.);
#949=ORIENTED_EDGE('',*,*,#2644,.T.);
#950=ORIENTED_EDGE('',*,*,#2645,.F.);
#951=ORIENTED_EDGE('',*,*,#2646,.F.);
#952=ORIENTED_EDGE('',*,*,#2642,.T.);
#953=ORIENTED_EDGE('',*,*,#2647,.F.);
#954=ORIENTED_EDGE('',*,*,#1914,.F.);
#955=ORIENTED_EDGE('',*,*,#2648,.T.);
#956=ORIENTED_EDGE('',*,*,#1919,.T.);
#957=ORIENTED_EDGE('',*,*,#2649,.F.);
#958=ORIENTED_EDGE('',*,*,#1924,.F.);
#959=ORIENTED_EDGE('',*,*,#2650,.T.);
#960=ORIENTED_EDGE('',*,*,#1929,.T.);
#961=ORIENTED_EDGE('',*,*,#2651,.F.);
#962=ORIENTED_EDGE('',*,*,#1934,.F.);
#963=ORIENTED_EDGE('',*,*,#2652,.T.);
#964=ORIENTED_EDGE('',*,*,#1939,.T.);
#965=ORIENTED_EDGE('',*,*,#2653,.F.);
#966=ORIENTED_EDGE('',*,*,#1944,.F.);
#967=ORIENTED_EDGE('',*,*,#2654,.T.);
#968=ORIENTED_EDGE('',*,*,#1949,.T.);
#969=ORIENTED_EDGE('',*,*,#2655,.F.);
#970=ORIENTED_EDGE('',*,*,#1954,.F.);
#971=ORIENTED_EDGE('',*,*,#2656,.T.);
#972=ORIENTED_EDGE('',*,*,#1959,.T.);
#973=ORIENTED_EDGE('',*,*,#2657,.F.);
#974=ORIENTED_EDGE('',*,*,#1964,.F.);
#975=ORIENTED_EDGE('',*,*,#2658,.T.);
#976=ORIENTED_EDGE('',*,*,#1969,.T.);
#977=ORIENTED_EDGE('',*,*,#2659,.F.);
#978=ORIENTED_EDGE('',*,*,#1974,.F.);
#979=ORIENTED_EDGE('',*,*,#2660,.T.);
#980=ORIENTED_EDGE('',*,*,#1979,.T.);
#981=ORIENTED_EDGE('',*,*,#2661,.F.);
#982=ORIENTED_EDGE('',*,*,#1984,.F.);
#983=ORIENTED_EDGE('',*,*,#2662,.T.);
#984=ORIENTED_EDGE('',*,*,#1989,.T.);
#985=ORIENTED_EDGE('',*,*,#2663,.F.);
#986=ORIENTED_EDGE('',*,*,#1994,.F.);
#987=ORIENTED_EDGE('',*,*,#2664,.T.);
#988=ORIENTED_EDGE('',*,*,#1999,.T.);
#989=ORIENTED_EDGE('',*,*,#2665,.F.);
#990=ORIENTED_EDGE('',*,*,#2004,.F.);
#991=ORIENTED_EDGE('',*,*,#2666,.T.);
#992=ORIENTED_EDGE('',*,*,#2009,.T.);
#993=ORIENTED_EDGE('',*,*,#2667,.F.);
#994=ORIENTED_EDGE('',*,*,#2014,.F.);
#995=ORIENTED_EDGE('',*,*,#2668,.T.);
#996=ORIENTED_EDGE('',*,*,#2019,.T.);
#997=ORIENTED_EDGE('',*,*,#2669,.F.);
#998=ORIENTED_EDGE('',*,*,#2024,.F.);
#999=ORIENTED_EDGE('',*,*,#2670,.T.);
#1000=ORIENTED_EDGE('',*,*,#2029,.T.);
#1001=ORIENTED_EDGE('',*,*,#2671,.F.);
#1002=ORIENTED_EDGE('',*,*,#2034,.F.);
#1003=ORIENTED_EDGE('',*,*,#2672,.T.);
#1004=ORIENTED_EDGE('',*,*,#2039,.T.);
#1005=ORIENTED_EDGE('',*,*,#2673,.F.);
#1006=ORIENTED_EDGE('',*,*,#2044,.F.);
#1007=ORIENTED_EDGE('',*,*,#2674,.T.);
#1008=ORIENTED_EDGE('',*,*,#2049,.T.);
#1009=ORIENTED_EDGE('',*,*,#2675,.F.);
#1010=ORIENTED_EDGE('',*,*,#2054,.F.);
#1011=ORIENTED_EDGE('',*,*,#2676,.T.);
#1012=ORIENTED_EDGE('',*,*,#2059,.T.);
#1013=ORIENTED_EDGE('',*,*,#2677,.F.);
#1014=ORIENTED_EDGE('',*,*,#2064,.F.);
#1015=ORIENTED_EDGE('',*,*,#2678,.T.);
#1016=ORIENTED_EDGE('',*,*,#2069,.T.);
#1017=ORIENTED_EDGE('',*,*,#2679,.F.);
#1018=ORIENTED_EDGE('',*,*,#2074,.F.);
#1019=ORIENTED_EDGE('',*,*,#2680,.T.);
#1020=ORIENTED_EDGE('',*,*,#2079,.T.);
#1021=ORIENTED_EDGE('',*,*,#2681,.F.);
#1022=ORIENTED_EDGE('',*,*,#2084,.F.);
#1023=ORIENTED_EDGE('',*,*,#2682,.T.);
#1024=ORIENTED_EDGE('',*,*,#2089,.T.);
#1025=ORIENTED_EDGE('',*,*,#2683,.F.);
#1026=ORIENTED_EDGE('',*,*,#2094,.F.);
#1027=ORIENTED_EDGE('',*,*,#2684,.T.);
#1028=ORIENTED_EDGE('',*,*,#2099,.T.);
#1029=ORIENTED_EDGE('',*,*,#2685,.F.);
#1030=ORIENTED_EDGE('',*,*,#2104,.F.);
#1031=ORIENTED_EDGE('',*,*,#2686,.T.);
#1032=ORIENTED_EDGE('',*,*,#2109,.T.);
#1033=ORIENTED_EDGE('',*,*,#2687,.F.);
#1034=ORIENTED_EDGE('',*,*,#2114,.F.);
#1035=ORIENTED_EDGE('',*,*,#2688,.T.);
#1036=ORIENTED_EDGE('',*,*,#2119,.T.);
#1037=ORIENTED_EDGE('',*,*,#2689,.F.);
#1038=ORIENTED_EDGE('',*,*,#2124,.F.);
#1039=ORIENTED_EDGE('',*,*,#2690,.T.);
#1040=ORIENTED_EDGE('',*,*,#2129,.T.);
#1041=ORIENTED_EDGE('',*,*,#2691,.F.);
#1042=ORIENTED_EDGE('',*,*,#2134,.F.);
#1043=ORIENTED_EDGE('',*,*,#2692,.T.);
#1044=ORIENTED_EDGE('',*,*,#2139,.T.);
#1045=ORIENTED_EDGE('',*,*,#2693,.F.);
#1046=ORIENTED_EDGE('',*,*,#2144,.F.);
#1047=ORIENTED_EDGE('',*,*,#2694,.T.);
#1048=ORIENTED_EDGE('',*,*,#2149,.T.);
#1049=ORIENTED_EDGE('',*,*,#2695,.F.);
#1050=ORIENTED_EDGE('',*,*,#2154,.F.);
#1051=ORIENTED_EDGE('',*,*,#2696,.T.);
#1052=ORIENTED_EDGE('',*,*,#2159,.T.);
#1053=ORIENTED_EDGE('',*,*,#2697,.F.);
#1054=ORIENTED_EDGE('',*,*,#2164,.F.);
#1055=ORIENTED_EDGE('',*,*,#2698,.T.);
#1056=ORIENTED_EDGE('',*,*,#2169,.T.);
#1057=ORIENTED_EDGE('',*,*,#2699,.F.);
#1058=ORIENTED_EDGE('',*,*,#2174,.F.);
#1059=ORIENTED_EDGE('',*,*,#2700,.T.);
#1060=ORIENTED_EDGE('',*,*,#2179,.T.);
#1061=ORIENTED_EDGE('',*,*,#2701,.F.);
#1062=ORIENTED_EDGE('',*,*,#2184,.F.);
#1063=ORIENTED_EDGE('',*,*,#2702,.T.);
#1064=ORIENTED_EDGE('',*,*,#2189,.T.);
#1065=ORIENTED_EDGE('',*,*,#2703,.F.);
#1066=ORIENTED_EDGE('',*,*,#2194,.F.);
#1067=ORIENTED_EDGE('',*,*,#2704,.T.);
#1068=ORIENTED_EDGE('',*,*,#2199,.T.);
#1069=ORIENTED_EDGE('',*,*,#2705,.F.);
#1070=ORIENTED_EDGE('',*,*,#2204,.F.);
#1071=ORIENTED_EDGE('',*,*,#2706,.T.);
#1072=ORIENTED_EDGE('',*,*,#2209,.T.);
#1073=ORIENTED_EDGE('',*,*,#2707,.F.);
#1074=ORIENTED_EDGE('',*,*,#2214,.F.);
#1075=ORIENTED_EDGE('',*,*,#2708,.T.);
#1076=ORIENTED_EDGE('',*,*,#2219,.T.);
#1077=ORIENTED_EDGE('',*,*,#2709,.F.);
#1078=ORIENTED_EDGE('',*,*,#2224,.F.);
#1079=ORIENTED_EDGE('',*,*,#2710,.T.);
#1080=ORIENTED_EDGE('',*,*,#2229,.T.);
#1081=ORIENTED_EDGE('',*,*,#2711,.F.);
#1082=ORIENTED_EDGE('',*,*,#2234,.F.);
#1083=ORIENTED_EDGE('',*,*,#2712,.T.);
#1084=ORIENTED_EDGE('',*,*,#2239,.T.);
#1085=ORIENTED_EDGE('',*,*,#2713,.F.);
#1086=ORIENTED_EDGE('',*,*,#2244,.F.);
#1087=ORIENTED_EDGE('',*,*,#2714,.T.);
#1088=ORIENTED_EDGE('',*,*,#2249,.T.);
#1089=ORIENTED_EDGE('',*,*,#2715,.F.);
#1090=ORIENTED_EDGE('',*,*,#2254,.F.);
#1091=ORIENTED_EDGE('',*,*,#2716,.T.);
#1092=ORIENTED_EDGE('',*,*,#2259,.T.);
#1093=ORIENTED_EDGE('',*,*,#2717,.F.);
#1094=ORIENTED_EDGE('',*,*,#2264,.F.);
#1095=ORIENTED_EDGE('',*,*,#2718,.T.);
#1096=ORIENTED_EDGE('',*,*,#2269,.T.);
#1097=ORIENTED_EDGE('',*,*,#2719,.F.);
#1098=ORIENTED_EDGE('',*,*,#2274,.F.);
#1099=ORIENTED_EDGE('',*,*,#2720,.T.);
#1100=ORIENTED_EDGE('',*,*,#2279,.T.);
#1101=ORIENTED_EDGE('',*,*,#2721,.F.);
#1102=ORIENTED_EDGE('',*,*,#2284,.F.);
#1103=ORIENTED_EDGE('',*,*,#2722,.T.);
#1104=ORIENTED_EDGE('',*,*,#2289,.T.);
#1105=ORIENTED_EDGE('',*,*,#2723,.F.);
#1106=ORIENTED_EDGE('',*,*,#2294,.F.);
#1107=ORIENTED_EDGE('',*,*,#2724,.T.);
#1108=ORIENTED_EDGE('',*,*,#2299,.T.);
#1109=ORIENTED_EDGE('',*,*,#2725,.F.);
#1110=ORIENTED_EDGE('',*,*,#2304,.F.);
#1111=ORIENTED_EDGE('',*,*,#2726,.T.);
#1112=ORIENTED_EDGE('',*,*,#2309,.T.);
#1113=ORIENTED_EDGE('',*,*,#2727,.F.);
#1114=ORIENTED_EDGE('',*,*,#2314,.F.);
#1115=ORIENTED_EDGE('',*,*,#2728,.T.);
#1116=ORIENTED_EDGE('',*,*,#2319,.T.);
#1117=ORIENTED_EDGE('',*,*,#2729,.F.);
#1118=ORIENTED_EDGE('',*,*,#2324,.F.);
#1119=ORIENTED_EDGE('',*,*,#2730,.T.);
#1120=ORIENTED_EDGE('',*,*,#2329,.T.);
#1121=ORIENTED_EDGE('',*,*,#2731,.F.);
#1122=ORIENTED_EDGE('',*,*,#2334,.F.);
#1123=ORIENTED_EDGE('',*,*,#2732,.T.);
#1124=ORIENTED_EDGE('',*,*,#2339,.T.);
#1125=ORIENTED_EDGE('',*,*,#2733,.F.);
#1126=ORIENTED_EDGE('',*,*,#2344,.F.);
#1127=ORIENTED_EDGE('',*,*,#2734,.T.);
#1128=ORIENTED_EDGE('',*,*,#2349,.T.);
#1129=ORIENTED_EDGE('',*,*,#2735,.F.);
#1130=ORIENTED_EDGE('',*,*,#2354,.F.);
#1131=ORIENTED_EDGE('',*,*,#2736,.T.);
#1132=ORIENTED_EDGE('',*,*,#2359,.T.);
#1133=ORIENTED_EDGE('',*,*,#2737,.F.);
#1134=ORIENTED_EDGE('',*,*,#2364,.F.);
#1135=ORIENTED_EDGE('',*,*,#2738,.T.);
#1136=ORIENTED_EDGE('',*,*,#2369,.T.);
#1137=ORIENTED_EDGE('',*,*,#2739,.F.);
#1138=ORIENTED_EDGE('',*,*,#2374,.F.);
#1139=ORIENTED_EDGE('',*,*,#2740,.T.);
#1140=ORIENTED_EDGE('',*,*,#2379,.T.);
#1141=ORIENTED_EDGE('',*,*,#2741,.F.);
#1142=ORIENTED_EDGE('',*,*,#2384,.F.);
#1143=ORIENTED_EDGE('',*,*,#2742,.T.);
#1144=ORIENTED_EDGE('',*,*,#2389,.T.);
#1145=ORIENTED_EDGE('',*,*,#2743,.F.);
#1146=ORIENTED_EDGE('',*,*,#2394,.F.);
#1147=ORIENTED_EDGE('',*,*,#2744,.T.);
#1148=ORIENTED_EDGE('',*,*,#2399,.T.);
#1149=ORIENTED_EDGE('',*,*,#2745,.F.);
#1150=ORIENTED_EDGE('',*,*,#2404,.F.);
#1151=ORIENTED_EDGE('',*,*,#2746,.T.);
#1152=ORIENTED_EDGE('',*,*,#2409,.T.);
#1153=ORIENTED_EDGE('',*,*,#2747,.F.);
#1154=ORIENTED_EDGE('',*,*,#2414,.F.);
#1155=ORIENTED_EDGE('',*,*,#2748,.T.);
#1156=ORIENTED_EDGE('',*,*,#2419,.T.);
#1157=ORIENTED_EDGE('',*,*,#2749,.F.);
#1158=ORIENTED_EDGE('',*,*,#2424,.F.);
#1159=ORIENTED_EDGE('',*,*,#2750,.T.);
#1160=ORIENTED_EDGE('',*,*,#2429,.T.);
#1161=ORIENTED_EDGE('',*,*,#2751,.F.);
#1162=ORIENTED_EDGE('',*,*,#2434,.F.);
#1163=ORIENTED_EDGE('',*,*,#2752,.T.);
#1164=ORIENTED_EDGE('',*,*,#2439,.T.);
#1165=ORIENTED_EDGE('',*,*,#2753,.F.);
#1166=ORIENTED_EDGE('',*,*,#2444,.F.);
#1167=ORIENTED_EDGE('',*,*,#2754,.T.);
#1168=ORIENTED_EDGE('',*,*,#2449,.T.);
#1169=ORIENTED_EDGE('',*,*,#2755,.F.);
#1170=ORIENTED_EDGE('',*,*,#2454,.F.);
#1171=ORIENTED_EDGE('',*,*,#2756,.T.);
#1172=ORIENTED_EDGE('',*,*,#2459,.T.);
#1173=ORIENTED_EDGE('',*,*,#2757,.F.);
#1174=ORIENTED_EDGE('',*,*,#2464,.F.);
#1175=ORIENTED_EDGE('',*,*,#2758,.T.);
#1176=ORIENTED_EDGE('',*,*,#2469,.T.);
#1177=ORIENTED_EDGE('',*,*,#2759,.F.);
#1178=ORIENTED_EDGE('',*,*,#2474,.F.);
#1179=ORIENTED_EDGE('',*,*,#2760,.T.);
#1180=ORIENTED_EDGE('',*,*,#2479,.T.);
#1181=ORIENTED_EDGE('',*,*,#2761,.F.);
#1182=ORIENTED_EDGE('',*,*,#2484,.F.);
#1183=ORIENTED_EDGE('',*,*,#2762,.T.);
#1184=ORIENTED_EDGE('',*,*,#2489,.T.);
#1185=ORIENTED_EDGE('',*,*,#2763,.F.);
#1186=ORIENTED_EDGE('',*,*,#2494,.F.);
#1187=ORIENTED_EDGE('',*,*,#2764,.T.);
#1188=ORIENTED_EDGE('',*,*,#2499,.T.);
#1189=ORIENTED_EDGE('',*,*,#2765,.F.);
#1190=ORIENTED_EDGE('',*,*,#2504,.F.);
#1191=ORIENTED_EDGE('',*,*,#2766,.T.);
#1192=ORIENTED_EDGE('',*,*,#2509,.T.);
#1193=ORIENTED_EDGE('',*,*,#2767,.F.);
#1194=ORIENTED_EDGE('',*,*,#2514,.F.);
#1195=ORIENTED_EDGE('',*,*,#2768,.T.);
#1196=ORIENTED_EDGE('',*,*,#2519,.T.);
#1197=ORIENTED_EDGE('',*,*,#2769,.F.);
#1198=ORIENTED_EDGE('',*,*,#2524,.F.);
#1199=ORIENTED_EDGE('',*,*,#2770,.T.);
#1200=ORIENTED_EDGE('',*,*,#2529,.T.);
#1201=ORIENTED_EDGE('',*,*,#2771,.F.);
#1202=ORIENTED_EDGE('',*,*,#2534,.F.);
#1203=ORIENTED_EDGE('',*,*,#2772,.T.);
#1204=ORIENTED_EDGE('',*,*,#2539,.T.);
#1205=ORIENTED_EDGE('',*,*,#2773,.F.);
#1206=ORIENTED_EDGE('',*,*,#2544,.F.);
#1207=ORIENTED_EDGE('',*,*,#2774,.T.);
#1208=ORIENTED_EDGE('',*,*,#2549,.T.);
#1209=ORIENTED_EDGE('',*,*,#2775,.F.);
#1210=ORIENTED_EDGE('',*,*,#2554,.F.);
#1211=ORIENTED_EDGE('',*,*,#2776,.T.);
#1212=ORIENTED_EDGE('',*,*,#2559,.T.);
#1213=ORIENTED_EDGE('',*,*,#2777,.F.);
#1214=ORIENTED_EDGE('',*,*,#2564,.F.);
#1215=ORIENTED_EDGE('',*,*,#2778,.T.);
#1216=ORIENTED_EDGE('',*,*,#2569,.T.);
#1217=ORIENTED_EDGE('',*,*,#2779,.F.);
#1218=ORIENTED_EDGE('',*,*,#2574,.F.);
#1219=ORIENTED_EDGE('',*,*,#2780,.T.);
#1220=ORIENTED_EDGE('',*,*,#2579,.T.);
#1221=ORIENTED_EDGE('',*,*,#2781,.F.);
#1222=ORIENTED_EDGE('',*,*,#2584,.F.);
#1223=ORIENTED_EDGE('',*,*,#2782,.T.);
#1224=ORIENTED_EDGE('',*,*,#2589,.T.);
#1225=ORIENTED_EDGE('',*,*,#2783,.F.);
#1226=ORIENTED_EDGE('',*,*,#2594,.F.);
#1227=ORIENTED_EDGE('',*,*,#2784,.T.);
#1228=ORIENTED_EDGE('',*,*,#2599,.T.);
#1229=ORIENTED_EDGE('',*,*,#2785,.F.);
#1230=ORIENTED_EDGE('',*,*,#2604,.F.);
#1231=ORIENTED_EDGE('',*,*,#2786,.T.);
#1232=ORIENTED_EDGE('',*,*,#2609,.T.);
#1233=ORIENTED_EDGE('',*,*,#2787,.F.);
#1234=ORIENTED_EDGE('',*,*,#2614,.F.);
#1235=ORIENTED_EDGE('',*,*,#2788,.T.);
#1236=ORIENTED_EDGE('',*,*,#2622,.T.);
#1237=ORIENTED_EDGE('',*,*,#2789,.T.);
#1238=ORIENTED_EDGE('',*,*,#2627,.F.);
#1239=ORIENTED_EDGE('',*,*,#2790,.F.);
#1240=ORIENTED_EDGE('',*,*,#2635,.T.);
#1241=ORIENTED_EDGE('',*,*,#2791,.T.);
#1242=ORIENTED_EDGE('',*,*,#2792,.F.);
#1243=ORIENTED_EDGE('',*,*,#2793,.F.);
#1244=ORIENTED_EDGE('',*,*,#2640,.F.);
#1245=ORIENTED_EDGE('',*,*,#2794,.T.);
#1246=ORIENTED_EDGE('',*,*,#2645,.T.);
#1247=ORIENTED_EDGE('',*,*,#2795,.T.);
#1248=ORIENTED_EDGE('',*,*,#2796,.F.);
#1249=ORIENTED_EDGE('',*,*,#2797,.T.);
#1250=ORIENTED_EDGE('',*,*,#2798,.F.);
#1251=ORIENTED_EDGE('',*,*,#2799,.T.);
#1252=ORIENTED_EDGE('',*,*,#2800,.F.);
#1253=ORIENTED_EDGE('',*,*,#2801,.T.);
#1254=ORIENTED_EDGE('',*,*,#2802,.F.);
#1255=ORIENTED_EDGE('',*,*,#2803,.T.);
#1256=ORIENTED_EDGE('',*,*,#2804,.F.);
#1257=ORIENTED_EDGE('',*,*,#2805,.T.);
#1258=ORIENTED_EDGE('',*,*,#2806,.F.);
#1259=ORIENTED_EDGE('',*,*,#2807,.T.);
#1260=ORIENTED_EDGE('',*,*,#2808,.F.);
#1261=ORIENTED_EDGE('',*,*,#2809,.T.);
#1262=ORIENTED_EDGE('',*,*,#2810,.F.);
#1263=ORIENTED_EDGE('',*,*,#2811,.T.);
#1264=ORIENTED_EDGE('',*,*,#2812,.F.);
#1265=ORIENTED_EDGE('',*,*,#2813,.T.);
#1266=ORIENTED_EDGE('',*,*,#2814,.F.);
#1267=ORIENTED_EDGE('',*,*,#2815,.T.);
#1268=ORIENTED_EDGE('',*,*,#2816,.F.);
#1269=ORIENTED_EDGE('',*,*,#2817,.T.);
#1270=ORIENTED_EDGE('',*,*,#2818,.F.);
#1271=ORIENTED_EDGE('',*,*,#2819,.T.);
#1272=ORIENTED_EDGE('',*,*,#2820,.F.);
#1273=ORIENTED_EDGE('',*,*,#2821,.F.);
#1274=ORIENTED_EDGE('',*,*,#1904,.F.);
#1275=ORIENTED_EDGE('',*,*,#2822,.T.);
#1276=ORIENTED_EDGE('',*,*,#1909,.T.);
#1277=ORIENTED_EDGE('',*,*,#2819,.F.);
#1278=ORIENTED_EDGE('',*,*,#2817,.F.);
#1279=ORIENTED_EDGE('',*,*,#2815,.F.);
#1280=ORIENTED_EDGE('',*,*,#2813,.F.);
#1281=ORIENTED_EDGE('',*,*,#2811,.F.);
#1282=ORIENTED_EDGE('',*,*,#2809,.F.);
#1283=ORIENTED_EDGE('',*,*,#2807,.F.);
#1284=ORIENTED_EDGE('',*,*,#2805,.F.);
#1285=ORIENTED_EDGE('',*,*,#2803,.F.);
#1286=ORIENTED_EDGE('',*,*,#2801,.F.);
#1287=ORIENTED_EDGE('',*,*,#2799,.F.);
#1288=ORIENTED_EDGE('',*,*,#2797,.F.);
#1289=ORIENTED_EDGE('',*,*,#2795,.F.);
#1290=ORIENTED_EDGE('',*,*,#2639,.F.);
#1291=ORIENTED_EDGE('',*,*,#2643,.T.);
#1292=ORIENTED_EDGE('',*,*,#2646,.T.);
#1293=ORIENTED_EDGE('',*,*,#2794,.F.);
#1294=ORIENTED_EDGE('',*,*,#2791,.F.);
#1295=ORIENTED_EDGE('',*,*,#2626,.F.);
#1296=ORIENTED_EDGE('',*,*,#2630,.T.);
#1297=ORIENTED_EDGE('',*,*,#2633,.F.);
#1298=ORIENTED_EDGE('',*,*,#2636,.F.);
#1299=ORIENTED_EDGE('',*,*,#2790,.T.);
#1300=ORIENTED_EDGE('',*,*,#2613,.F.);
#1301=ORIENTED_EDGE('',*,*,#2617,.T.);
#1302=ORIENTED_EDGE('',*,*,#2620,.T.);
#1303=ORIENTED_EDGE('',*,*,#2623,.F.);
#1304=ORIENTED_EDGE('',*,*,#2788,.F.);
#1305=ORIENTED_EDGE('',*,*,#2603,.F.);
#1306=ORIENTED_EDGE('',*,*,#2607,.T.);
#1307=ORIENTED_EDGE('',*,*,#2610,.T.);
#1308=ORIENTED_EDGE('',*,*,#2786,.F.);
#1309=ORIENTED_EDGE('',*,*,#2593,.F.);
#1310=ORIENTED_EDGE('',*,*,#2597,.T.);
#1311=ORIENTED_EDGE('',*,*,#2600,.T.);
#1312=ORIENTED_EDGE('',*,*,#2784,.F.);
#1313=ORIENTED_EDGE('',*,*,#2583,.F.);
#1314=ORIENTED_EDGE('',*,*,#2587,.T.);
#1315=ORIENTED_EDGE('',*,*,#2590,.T.);
#1316=ORIENTED_EDGE('',*,*,#2782,.F.);
#1317=ORIENTED_EDGE('',*,*,#2573,.F.);
#1318=ORIENTED_EDGE('',*,*,#2577,.T.);
#1319=ORIENTED_EDGE('',*,*,#2580,.T.);
#1320=ORIENTED_EDGE('',*,*,#2780,.F.);
#1321=ORIENTED_EDGE('',*,*,#2563,.F.);
#1322=ORIENTED_EDGE('',*,*,#2567,.T.);
#1323=ORIENTED_EDGE('',*,*,#2570,.T.);
#1324=ORIENTED_EDGE('',*,*,#2778,.F.);
#1325=ORIENTED_EDGE('',*,*,#2553,.F.);
#1326=ORIENTED_EDGE('',*,*,#2557,.T.);
#1327=ORIENTED_EDGE('',*,*,#2560,.T.);
#1328=ORIENTED_EDGE('',*,*,#2776,.F.);
#1329=ORIENTED_EDGE('',*,*,#2543,.F.);
#1330=ORIENTED_EDGE('',*,*,#2547,.T.);
#1331=ORIENTED_EDGE('',*,*,#2550,.T.);
#1332=ORIENTED_EDGE('',*,*,#2774,.F.);
#1333=ORIENTED_EDGE('',*,*,#2533,.F.);
#1334=ORIENTED_EDGE('',*,*,#2537,.T.);
#1335=ORIENTED_EDGE('',*,*,#2540,.T.);
#1336=ORIENTED_EDGE('',*,*,#2772,.F.);
#1337=ORIENTED_EDGE('',*,*,#2523,.F.);
#1338=ORIENTED_EDGE('',*,*,#2527,.T.);
#1339=ORIENTED_EDGE('',*,*,#2530,.T.);
#1340=ORIENTED_EDGE('',*,*,#2770,.F.);
#1341=ORIENTED_EDGE('',*,*,#2513,.F.);
#1342=ORIENTED_EDGE('',*,*,#2517,.T.);
#1343=ORIENTED_EDGE('',*,*,#2520,.T.);
#1344=ORIENTED_EDGE('',*,*,#2768,.F.);
#1345=ORIENTED_EDGE('',*,*,#2503,.F.);
#1346=ORIENTED_EDGE('',*,*,#2507,.T.);
#1347=ORIENTED_EDGE('',*,*,#2510,.T.);
#1348=ORIENTED_EDGE('',*,*,#2766,.F.);
#1349=ORIENTED_EDGE('',*,*,#2493,.F.);
#1350=ORIENTED_EDGE('',*,*,#2497,.T.);
#1351=ORIENTED_EDGE('',*,*,#2500,.T.);
#1352=ORIENTED_EDGE('',*,*,#2764,.F.);
#1353=ORIENTED_EDGE('',*,*,#2483,.F.);
#1354=ORIENTED_EDGE('',*,*,#2487,.T.);
#1355=ORIENTED_EDGE('',*,*,#2490,.T.);
#1356=ORIENTED_EDGE('',*,*,#2762,.F.);
#1357=ORIENTED_EDGE('',*,*,#2473,.F.);
#1358=ORIENTED_EDGE('',*,*,#2477,.T.);
#1359=ORIENTED_EDGE('',*,*,#2480,.T.);
#1360=ORIENTED_EDGE('',*,*,#2760,.F.);
#1361=ORIENTED_EDGE('',*,*,#2463,.F.);
#1362=ORIENTED_EDGE('',*,*,#2467,.T.);
#1363=ORIENTED_EDGE('',*,*,#2470,.T.);
#1364=ORIENTED_EDGE('',*,*,#2758,.F.);
#1365=ORIENTED_EDGE('',*,*,#2453,.F.);
#1366=ORIENTED_EDGE('',*,*,#2457,.T.);
#1367=ORIENTED_EDGE('',*,*,#2460,.T.);
#1368=ORIENTED_EDGE('',*,*,#2756,.F.);
#1369=ORIENTED_EDGE('',*,*,#2443,.F.);
#1370=ORIENTED_EDGE('',*,*,#2447,.T.);
#1371=ORIENTED_EDGE('',*,*,#2450,.T.);
#1372=ORIENTED_EDGE('',*,*,#2754,.F.);
#1373=ORIENTED_EDGE('',*,*,#2433,.F.);
#1374=ORIENTED_EDGE('',*,*,#2437,.T.);
#1375=ORIENTED_EDGE('',*,*,#2440,.T.);
#1376=ORIENTED_EDGE('',*,*,#2752,.F.);
#1377=ORIENTED_EDGE('',*,*,#2423,.F.);
#1378=ORIENTED_EDGE('',*,*,#2427,.T.);
#1379=ORIENTED_EDGE('',*,*,#2430,.T.);
#1380=ORIENTED_EDGE('',*,*,#2750,.F.);
#1381=ORIENTED_EDGE('',*,*,#2413,.F.);
#1382=ORIENTED_EDGE('',*,*,#2417,.T.);
#1383=ORIENTED_EDGE('',*,*,#2420,.T.);
#1384=ORIENTED_EDGE('',*,*,#2748,.F.);
#1385=ORIENTED_EDGE('',*,*,#2403,.F.);
#1386=ORIENTED_EDGE('',*,*,#2407,.T.);
#1387=ORIENTED_EDGE('',*,*,#2410,.T.);
#1388=ORIENTED_EDGE('',*,*,#2746,.F.);
#1389=ORIENTED_EDGE('',*,*,#2393,.F.);
#1390=ORIENTED_EDGE('',*,*,#2397,.T.);
#1391=ORIENTED_EDGE('',*,*,#2400,.T.);
#1392=ORIENTED_EDGE('',*,*,#2744,.F.);
#1393=ORIENTED_EDGE('',*,*,#2383,.F.);
#1394=ORIENTED_EDGE('',*,*,#2387,.T.);
#1395=ORIENTED_EDGE('',*,*,#2390,.T.);
#1396=ORIENTED_EDGE('',*,*,#2742,.F.);
#1397=ORIENTED_EDGE('',*,*,#2373,.F.);
#1398=ORIENTED_EDGE('',*,*,#2377,.T.);
#1399=ORIENTED_EDGE('',*,*,#2380,.T.);
#1400=ORIENTED_EDGE('',*,*,#2740,.F.);
#1401=ORIENTED_EDGE('',*,*,#2363,.F.);
#1402=ORIENTED_EDGE('',*,*,#2367,.T.);
#1403=ORIENTED_EDGE('',*,*,#2370,.T.);
#1404=ORIENTED_EDGE('',*,*,#2738,.F.);
#1405=ORIENTED_EDGE('',*,*,#2353,.F.);
#1406=ORIENTED_EDGE('',*,*,#2357,.T.);
#1407=ORIENTED_EDGE('',*,*,#2360,.T.);
#1408=ORIENTED_EDGE('',*,*,#2736,.F.);
#1409=ORIENTED_EDGE('',*,*,#2343,.F.);
#1410=ORIENTED_EDGE('',*,*,#2347,.T.);
#1411=ORIENTED_EDGE('',*,*,#2350,.T.);
#1412=ORIENTED_EDGE('',*,*,#2734,.F.);
#1413=ORIENTED_EDGE('',*,*,#2333,.F.);
#1414=ORIENTED_EDGE('',*,*,#2337,.T.);
#1415=ORIENTED_EDGE('',*,*,#2340,.T.);
#1416=ORIENTED_EDGE('',*,*,#2732,.F.);
#1417=ORIENTED_EDGE('',*,*,#2323,.F.);
#1418=ORIENTED_EDGE('',*,*,#2327,.T.);
#1419=ORIENTED_EDGE('',*,*,#2330,.T.);
#1420=ORIENTED_EDGE('',*,*,#2730,.F.);
#1421=ORIENTED_EDGE('',*,*,#2313,.F.);
#1422=ORIENTED_EDGE('',*,*,#2317,.T.);
#1423=ORIENTED_EDGE('',*,*,#2320,.T.);
#1424=ORIENTED_EDGE('',*,*,#2728,.F.);
#1425=ORIENTED_EDGE('',*,*,#2303,.F.);
#1426=ORIENTED_EDGE('',*,*,#2307,.T.);
#1427=ORIENTED_EDGE('',*,*,#2310,.T.);
#1428=ORIENTED_EDGE('',*,*,#2726,.F.);
#1429=ORIENTED_EDGE('',*,*,#2293,.F.);
#1430=ORIENTED_EDGE('',*,*,#2297,.T.);
#1431=ORIENTED_EDGE('',*,*,#2300,.T.);
#1432=ORIENTED_EDGE('',*,*,#2724,.F.);
#1433=ORIENTED_EDGE('',*,*,#2283,.F.);
#1434=ORIENTED_EDGE('',*,*,#2287,.T.);
#1435=ORIENTED_EDGE('',*,*,#2290,.T.);
#1436=ORIENTED_EDGE('',*,*,#2722,.F.);
#1437=ORIENTED_EDGE('',*,*,#2273,.F.);
#1438=ORIENTED_EDGE('',*,*,#2277,.T.);
#1439=ORIENTED_EDGE('',*,*,#2280,.T.);
#1440=ORIENTED_EDGE('',*,*,#2720,.F.);
#1441=ORIENTED_EDGE('',*,*,#2263,.F.);
#1442=ORIENTED_EDGE('',*,*,#2267,.T.);
#1443=ORIENTED_EDGE('',*,*,#2270,.T.);
#1444=ORIENTED_EDGE('',*,*,#2718,.F.);
#1445=ORIENTED_EDGE('',*,*,#2253,.F.);
#1446=ORIENTED_EDGE('',*,*,#2257,.T.);
#1447=ORIENTED_EDGE('',*,*,#2260,.T.);
#1448=ORIENTED_EDGE('',*,*,#2716,.F.);
#1449=ORIENTED_EDGE('',*,*,#2243,.F.);
#1450=ORIENTED_EDGE('',*,*,#2247,.T.);
#1451=ORIENTED_EDGE('',*,*,#2250,.T.);
#1452=ORIENTED_EDGE('',*,*,#2714,.F.);
#1453=ORIENTED_EDGE('',*,*,#2233,.F.);
#1454=ORIENTED_EDGE('',*,*,#2237,.T.);
#1455=ORIENTED_EDGE('',*,*,#2240,.T.);
#1456=ORIENTED_EDGE('',*,*,#2712,.F.);
#1457=ORIENTED_EDGE('',*,*,#2223,.F.);
#1458=ORIENTED_EDGE('',*,*,#2227,.T.);
#1459=ORIENTED_EDGE('',*,*,#2230,.T.);
#1460=ORIENTED_EDGE('',*,*,#2710,.F.);
#1461=ORIENTED_EDGE('',*,*,#2213,.F.);
#1462=ORIENTED_EDGE('',*,*,#2217,.T.);
#1463=ORIENTED_EDGE('',*,*,#2220,.T.);
#1464=ORIENTED_EDGE('',*,*,#2708,.F.);
#1465=ORIENTED_EDGE('',*,*,#2203,.F.);
#1466=ORIENTED_EDGE('',*,*,#2207,.T.);
#1467=ORIENTED_EDGE('',*,*,#2210,.T.);
#1468=ORIENTED_EDGE('',*,*,#2706,.F.);
#1469=ORIENTED_EDGE('',*,*,#2193,.F.);
#1470=ORIENTED_EDGE('',*,*,#2197,.T.);
#1471=ORIENTED_EDGE('',*,*,#2200,.T.);
#1472=ORIENTED_EDGE('',*,*,#2704,.F.);
#1473=ORIENTED_EDGE('',*,*,#2183,.F.);
#1474=ORIENTED_EDGE('',*,*,#2187,.T.);
#1475=ORIENTED_EDGE('',*,*,#2190,.T.);
#1476=ORIENTED_EDGE('',*,*,#2702,.F.);
#1477=ORIENTED_EDGE('',*,*,#2173,.F.);
#1478=ORIENTED_EDGE('',*,*,#2177,.T.);
#1479=ORIENTED_EDGE('',*,*,#2180,.T.);
#1480=ORIENTED_EDGE('',*,*,#2700,.F.);
#1481=ORIENTED_EDGE('',*,*,#2163,.F.);
#1482=ORIENTED_EDGE('',*,*,#2167,.T.);
#1483=ORIENTED_EDGE('',*,*,#2170,.T.);
#1484=ORIENTED_EDGE('',*,*,#2698,.F.);
#1485=ORIENTED_EDGE('',*,*,#2153,.F.);
#1486=ORIENTED_EDGE('',*,*,#2157,.T.);
#1487=ORIENTED_EDGE('',*,*,#2160,.T.);
#1488=ORIENTED_EDGE('',*,*,#2696,.F.);
#1489=ORIENTED_EDGE('',*,*,#2143,.F.);
#1490=ORIENTED_EDGE('',*,*,#2147,.T.);
#1491=ORIENTED_EDGE('',*,*,#2150,.T.);
#1492=ORIENTED_EDGE('',*,*,#2694,.F.);
#1493=ORIENTED_EDGE('',*,*,#2133,.F.);
#1494=ORIENTED_EDGE('',*,*,#2137,.T.);
#1495=ORIENTED_EDGE('',*,*,#2140,.T.);
#1496=ORIENTED_EDGE('',*,*,#2692,.F.);
#1497=ORIENTED_EDGE('',*,*,#2123,.F.);
#1498=ORIENTED_EDGE('',*,*,#2127,.T.);
#1499=ORIENTED_EDGE('',*,*,#2130,.T.);
#1500=ORIENTED_EDGE('',*,*,#2690,.F.);
#1501=ORIENTED_EDGE('',*,*,#2113,.F.);
#1502=ORIENTED_EDGE('',*,*,#2117,.T.);
#1503=ORIENTED_EDGE('',*,*,#2120,.T.);
#1504=ORIENTED_EDGE('',*,*,#2688,.F.);
#1505=ORIENTED_EDGE('',*,*,#2103,.F.);
#1506=ORIENTED_EDGE('',*,*,#2107,.T.);
#1507=ORIENTED_EDGE('',*,*,#2110,.T.);
#1508=ORIENTED_EDGE('',*,*,#2686,.F.);
#1509=ORIENTED_EDGE('',*,*,#2093,.F.);
#1510=ORIENTED_EDGE('',*,*,#2097,.T.);
#1511=ORIENTED_EDGE('',*,*,#2100,.T.);
#1512=ORIENTED_EDGE('',*,*,#2684,.F.);
#1513=ORIENTED_EDGE('',*,*,#2083,.F.);
#1514=ORIENTED_EDGE('',*,*,#2087,.T.);
#1515=ORIENTED_EDGE('',*,*,#2090,.T.);
#1516=ORIENTED_EDGE('',*,*,#2682,.F.);
#1517=ORIENTED_EDGE('',*,*,#2073,.F.);
#1518=ORIENTED_EDGE('',*,*,#2077,.T.);
#1519=ORIENTED_EDGE('',*,*,#2080,.T.);
#1520=ORIENTED_EDGE('',*,*,#2680,.F.);
#1521=ORIENTED_EDGE('',*,*,#2063,.F.);
#1522=ORIENTED_EDGE('',*,*,#2067,.F.);
#1523=ORIENTED_EDGE('',*,*,#2070,.F.);
#1524=ORIENTED_EDGE('',*,*,#2678,.F.);
#1525=ORIENTED_EDGE('',*,*,#2053,.F.);
#1526=ORIENTED_EDGE('',*,*,#2057,.T.);
#1527=ORIENTED_EDGE('',*,*,#2060,.T.);
#1528=ORIENTED_EDGE('',*,*,#2676,.F.);
#1529=ORIENTED_EDGE('',*,*,#2043,.F.);
#1530=ORIENTED_EDGE('',*,*,#2047,.T.);
#1531=ORIENTED_EDGE('',*,*,#2050,.T.);
#1532=ORIENTED_EDGE('',*,*,#2674,.F.);
#1533=ORIENTED_EDGE('',*,*,#2033,.F.);
#1534=ORIENTED_EDGE('',*,*,#2037,.T.);
#1535=ORIENTED_EDGE('',*,*,#2040,.T.);
#1536=ORIENTED_EDGE('',*,*,#2672,.F.);
#1537=ORIENTED_EDGE('',*,*,#2023,.F.);
#1538=ORIENTED_EDGE('',*,*,#2027,.T.);
#1539=ORIENTED_EDGE('',*,*,#2030,.T.);
#1540=ORIENTED_EDGE('',*,*,#2670,.F.);
#1541=ORIENTED_EDGE('',*,*,#2013,.F.);
#1542=ORIENTED_EDGE('',*,*,#2017,.T.);
#1543=ORIENTED_EDGE('',*,*,#2020,.T.);
#1544=ORIENTED_EDGE('',*,*,#2668,.F.);
#1545=ORIENTED_EDGE('',*,*,#2003,.F.);
#1546=ORIENTED_EDGE('',*,*,#2007,.T.);
#1547=ORIENTED_EDGE('',*,*,#2010,.T.);
#1548=ORIENTED_EDGE('',*,*,#2666,.F.);
#1549=ORIENTED_EDGE('',*,*,#1993,.F.);
#1550=ORIENTED_EDGE('',*,*,#1997,.T.);
#1551=ORIENTED_EDGE('',*,*,#2000,.T.);
#1552=ORIENTED_EDGE('',*,*,#2664,.F.);
#1553=ORIENTED_EDGE('',*,*,#1983,.F.);
#1554=ORIENTED_EDGE('',*,*,#1987,.T.);
#1555=ORIENTED_EDGE('',*,*,#1990,.T.);
#1556=ORIENTED_EDGE('',*,*,#2662,.F.);
#1557=ORIENTED_EDGE('',*,*,#1973,.F.);
#1558=ORIENTED_EDGE('',*,*,#1977,.T.);
#1559=ORIENTED_EDGE('',*,*,#1980,.T.);
#1560=ORIENTED_EDGE('',*,*,#2660,.F.);
#1561=ORIENTED_EDGE('',*,*,#1963,.F.);
#1562=ORIENTED_EDGE('',*,*,#1967,.T.);
#1563=ORIENTED_EDGE('',*,*,#1970,.T.);
#1564=ORIENTED_EDGE('',*,*,#2658,.F.);
#1565=ORIENTED_EDGE('',*,*,#1953,.F.);
#1566=ORIENTED_EDGE('',*,*,#1957,.T.);
#1567=ORIENTED_EDGE('',*,*,#1960,.T.);
#1568=ORIENTED_EDGE('',*,*,#2656,.F.);
#1569=ORIENTED_EDGE('',*,*,#1943,.F.);
#1570=ORIENTED_EDGE('',*,*,#1947,.T.);
#1571=ORIENTED_EDGE('',*,*,#1950,.T.);
#1572=ORIENTED_EDGE('',*,*,#2654,.F.);
#1573=ORIENTED_EDGE('',*,*,#1933,.F.);
#1574=ORIENTED_EDGE('',*,*,#1937,.T.);
#1575=ORIENTED_EDGE('',*,*,#1940,.T.);
#1576=ORIENTED_EDGE('',*,*,#2652,.F.);
#1577=ORIENTED_EDGE('',*,*,#1923,.F.);
#1578=ORIENTED_EDGE('',*,*,#1927,.T.);
#1579=ORIENTED_EDGE('',*,*,#1930,.T.);
#1580=ORIENTED_EDGE('',*,*,#2650,.F.);
#1581=ORIENTED_EDGE('',*,*,#1913,.F.);
#1582=ORIENTED_EDGE('',*,*,#1917,.T.);
#1583=ORIENTED_EDGE('',*,*,#1920,.T.);
#1584=ORIENTED_EDGE('',*,*,#2648,.F.);
#1585=ORIENTED_EDGE('',*,*,#1903,.F.);
#1586=ORIENTED_EDGE('',*,*,#1907,.T.);
#1587=ORIENTED_EDGE('',*,*,#1910,.T.);
#1588=ORIENTED_EDGE('',*,*,#2822,.F.);
#1589=ORIENTED_EDGE('',*,*,#2820,.T.);
#1590=ORIENTED_EDGE('',*,*,#2818,.T.);
#1591=ORIENTED_EDGE('',*,*,#2816,.T.);
#1592=ORIENTED_EDGE('',*,*,#2814,.T.);
#1593=ORIENTED_EDGE('',*,*,#2812,.T.);
#1594=ORIENTED_EDGE('',*,*,#2810,.T.);
#1595=ORIENTED_EDGE('',*,*,#2808,.T.);
#1596=ORIENTED_EDGE('',*,*,#2806,.T.);
#1597=ORIENTED_EDGE('',*,*,#2804,.T.);
#1598=ORIENTED_EDGE('',*,*,#2802,.T.);
#1599=ORIENTED_EDGE('',*,*,#2800,.T.);
#1600=ORIENTED_EDGE('',*,*,#2798,.T.);
#1601=ORIENTED_EDGE('',*,*,#2796,.T.);
#1602=ORIENTED_EDGE('',*,*,#2637,.T.);
#1603=ORIENTED_EDGE('',*,*,#2793,.T.);
#1604=ORIENTED_EDGE('',*,*,#2644,.F.);
#1605=ORIENTED_EDGE('',*,*,#2641,.F.);
#1606=ORIENTED_EDGE('',*,*,#2792,.T.);
#1607=ORIENTED_EDGE('',*,*,#2624,.T.);
#1608=ORIENTED_EDGE('',*,*,#2789,.F.);
#1609=ORIENTED_EDGE('',*,*,#2634,.T.);
#1610=ORIENTED_EDGE('',*,*,#2631,.T.);
#1611=ORIENTED_EDGE('',*,*,#2628,.F.);
#1612=ORIENTED_EDGE('',*,*,#2611,.T.);
#1613=ORIENTED_EDGE('',*,*,#2787,.T.);
#1614=ORIENTED_EDGE('',*,*,#2621,.T.);
#1615=ORIENTED_EDGE('',*,*,#2618,.F.);
#1616=ORIENTED_EDGE('',*,*,#2615,.F.);
#1617=ORIENTED_EDGE('',*,*,#2601,.T.);
#1618=ORIENTED_EDGE('',*,*,#2785,.T.);
#1619=ORIENTED_EDGE('',*,*,#2608,.F.);
#1620=ORIENTED_EDGE('',*,*,#2605,.F.);
#1621=ORIENTED_EDGE('',*,*,#2591,.T.);
#1622=ORIENTED_EDGE('',*,*,#2783,.T.);
#1623=ORIENTED_EDGE('',*,*,#2598,.F.);
#1624=ORIENTED_EDGE('',*,*,#2595,.F.);
#1625=ORIENTED_EDGE('',*,*,#2581,.T.);
#1626=ORIENTED_EDGE('',*,*,#2781,.T.);
#1627=ORIENTED_EDGE('',*,*,#2588,.F.);
#1628=ORIENTED_EDGE('',*,*,#2585,.F.);
#1629=ORIENTED_EDGE('',*,*,#2571,.T.);
#1630=ORIENTED_EDGE('',*,*,#2779,.T.);
#1631=ORIENTED_EDGE('',*,*,#2578,.F.);
#1632=ORIENTED_EDGE('',*,*,#2575,.F.);
#1633=ORIENTED_EDGE('',*,*,#2561,.T.);
#1634=ORIENTED_EDGE('',*,*,#2777,.T.);
#1635=ORIENTED_EDGE('',*,*,#2568,.F.);
#1636=ORIENTED_EDGE('',*,*,#2565,.F.);
#1637=ORIENTED_EDGE('',*,*,#2551,.T.);
#1638=ORIENTED_EDGE('',*,*,#2775,.T.);
#1639=ORIENTED_EDGE('',*,*,#2558,.F.);
#1640=ORIENTED_EDGE('',*,*,#2555,.F.);
#1641=ORIENTED_EDGE('',*,*,#2541,.T.);
#1642=ORIENTED_EDGE('',*,*,#2773,.T.);
#1643=ORIENTED_EDGE('',*,*,#2548,.F.);
#1644=ORIENTED_EDGE('',*,*,#2545,.F.);
#1645=ORIENTED_EDGE('',*,*,#2531,.T.);
#1646=ORIENTED_EDGE('',*,*,#2771,.T.);
#1647=ORIENTED_EDGE('',*,*,#2538,.F.);
#1648=ORIENTED_EDGE('',*,*,#2535,.F.);
#1649=ORIENTED_EDGE('',*,*,#2521,.T.);
#1650=ORIENTED_EDGE('',*,*,#2769,.T.);
#1651=ORIENTED_EDGE('',*,*,#2528,.F.);
#1652=ORIENTED_EDGE('',*,*,#2525,.F.);
#1653=ORIENTED_EDGE('',*,*,#2511,.T.);
#1654=ORIENTED_EDGE('',*,*,#2767,.T.);
#1655=ORIENTED_EDGE('',*,*,#2518,.F.);
#1656=ORIENTED_EDGE('',*,*,#2515,.F.);
#1657=ORIENTED_EDGE('',*,*,#2501,.T.);
#1658=ORIENTED_EDGE('',*,*,#2765,.T.);
#1659=ORIENTED_EDGE('',*,*,#2508,.F.);
#1660=ORIENTED_EDGE('',*,*,#2505,.F.);
#1661=ORIENTED_EDGE('',*,*,#2491,.T.);
#1662=ORIENTED_EDGE('',*,*,#2763,.T.);
#1663=ORIENTED_EDGE('',*,*,#2498,.F.);
#1664=ORIENTED_EDGE('',*,*,#2495,.F.);
#1665=ORIENTED_EDGE('',*,*,#2481,.T.);
#1666=ORIENTED_EDGE('',*,*,#2761,.T.);
#1667=ORIENTED_EDGE('',*,*,#2488,.F.);
#1668=ORIENTED_EDGE('',*,*,#2485,.F.);
#1669=ORIENTED_EDGE('',*,*,#2471,.T.);
#1670=ORIENTED_EDGE('',*,*,#2759,.T.);
#1671=ORIENTED_EDGE('',*,*,#2478,.F.);
#1672=ORIENTED_EDGE('',*,*,#2475,.F.);
#1673=ORIENTED_EDGE('',*,*,#2461,.T.);
#1674=ORIENTED_EDGE('',*,*,#2757,.T.);
#1675=ORIENTED_EDGE('',*,*,#2468,.F.);
#1676=ORIENTED_EDGE('',*,*,#2465,.F.);
#1677=ORIENTED_EDGE('',*,*,#2451,.T.);
#1678=ORIENTED_EDGE('',*,*,#2755,.T.);
#1679=ORIENTED_EDGE('',*,*,#2458,.F.);
#1680=ORIENTED_EDGE('',*,*,#2455,.F.);
#1681=ORIENTED_EDGE('',*,*,#2441,.T.);
#1682=ORIENTED_EDGE('',*,*,#2753,.T.);
#1683=ORIENTED_EDGE('',*,*,#2448,.F.);
#1684=ORIENTED_EDGE('',*,*,#2445,.F.);
#1685=ORIENTED_EDGE('',*,*,#2431,.T.);
#1686=ORIENTED_EDGE('',*,*,#2751,.T.);
#1687=ORIENTED_EDGE('',*,*,#2438,.F.);
#1688=ORIENTED_EDGE('',*,*,#2435,.F.);
#1689=ORIENTED_EDGE('',*,*,#2421,.T.);
#1690=ORIENTED_EDGE('',*,*,#2749,.T.);
#1691=ORIENTED_EDGE('',*,*,#2428,.F.);
#1692=ORIENTED_EDGE('',*,*,#2425,.F.);
#1693=ORIENTED_EDGE('',*,*,#2411,.T.);
#1694=ORIENTED_EDGE('',*,*,#2747,.T.);
#1695=ORIENTED_EDGE('',*,*,#2418,.F.);
#1696=ORIENTED_EDGE('',*,*,#2415,.F.);
#1697=ORIENTED_EDGE('',*,*,#2401,.T.);
#1698=ORIENTED_EDGE('',*,*,#2745,.T.);
#1699=ORIENTED_EDGE('',*,*,#2408,.F.);
#1700=ORIENTED_EDGE('',*,*,#2405,.F.);
#1701=ORIENTED_EDGE('',*,*,#2391,.T.);
#1702=ORIENTED_EDGE('',*,*,#2743,.T.);
#1703=ORIENTED_EDGE('',*,*,#2398,.F.);
#1704=ORIENTED_EDGE('',*,*,#2395,.F.);
#1705=ORIENTED_EDGE('',*,*,#2381,.T.);
#1706=ORIENTED_EDGE('',*,*,#2741,.T.);
#1707=ORIENTED_EDGE('',*,*,#2388,.F.);
#1708=ORIENTED_EDGE('',*,*,#2385,.F.);
#1709=ORIENTED_EDGE('',*,*,#2371,.T.);
#1710=ORIENTED_EDGE('',*,*,#2739,.T.);
#1711=ORIENTED_EDGE('',*,*,#2378,.F.);
#1712=ORIENTED_EDGE('',*,*,#2375,.F.);
#1713=ORIENTED_EDGE('',*,*,#2361,.T.);
#1714=ORIENTED_EDGE('',*,*,#2737,.T.);
#1715=ORIENTED_EDGE('',*,*,#2368,.F.);
#1716=ORIENTED_EDGE('',*,*,#2365,.F.);
#1717=ORIENTED_EDGE('',*,*,#2351,.T.);
#1718=ORIENTED_EDGE('',*,*,#2735,.T.);
#1719=ORIENTED_EDGE('',*,*,#2358,.F.);
#1720=ORIENTED_EDGE('',*,*,#2355,.F.);
#1721=ORIENTED_EDGE('',*,*,#2341,.T.);
#1722=ORIENTED_EDGE('',*,*,#2733,.T.);
#1723=ORIENTED_EDGE('',*,*,#2348,.F.);
#1724=ORIENTED_EDGE('',*,*,#2345,.F.);
#1725=ORIENTED_EDGE('',*,*,#2331,.T.);
#1726=ORIENTED_EDGE('',*,*,#2731,.T.);
#1727=ORIENTED_EDGE('',*,*,#2338,.F.);
#1728=ORIENTED_EDGE('',*,*,#2335,.F.);
#1729=ORIENTED_EDGE('',*,*,#2321,.T.);
#1730=ORIENTED_EDGE('',*,*,#2729,.T.);
#1731=ORIENTED_EDGE('',*,*,#2328,.F.);
#1732=ORIENTED_EDGE('',*,*,#2325,.F.);
#1733=ORIENTED_EDGE('',*,*,#2311,.T.);
#1734=ORIENTED_EDGE('',*,*,#2727,.T.);
#1735=ORIENTED_EDGE('',*,*,#2318,.F.);
#1736=ORIENTED_EDGE('',*,*,#2315,.F.);
#1737=ORIENTED_EDGE('',*,*,#2301,.T.);
#1738=ORIENTED_EDGE('',*,*,#2725,.T.);
#1739=ORIENTED_EDGE('',*,*,#2308,.F.);
#1740=ORIENTED_EDGE('',*,*,#2305,.F.);
#1741=ORIENTED_EDGE('',*,*,#2291,.T.);
#1742=ORIENTED_EDGE('',*,*,#2723,.T.);
#1743=ORIENTED_EDGE('',*,*,#2298,.F.);
#1744=ORIENTED_EDGE('',*,*,#2295,.F.);
#1745=ORIENTED_EDGE('',*,*,#2281,.T.);
#1746=ORIENTED_EDGE('',*,*,#2721,.T.);
#1747=ORIENTED_EDGE('',*,*,#2288,.F.);
#1748=ORIENTED_EDGE('',*,*,#2285,.F.);
#1749=ORIENTED_EDGE('',*,*,#2271,.T.);
#1750=ORIENTED_EDGE('',*,*,#2719,.T.);
#1751=ORIENTED_EDGE('',*,*,#2278,.F.);
#1752=ORIENTED_EDGE('',*,*,#2275,.F.);
#1753=ORIENTED_EDGE('',*,*,#2261,.T.);
#1754=ORIENTED_EDGE('',*,*,#2717,.T.);
#1755=ORIENTED_EDGE('',*,*,#2268,.F.);
#1756=ORIENTED_EDGE('',*,*,#2265,.F.);
#1757=ORIENTED_EDGE('',*,*,#2251,.T.);
#1758=ORIENTED_EDGE('',*,*,#2715,.T.);
#1759=ORIENTED_EDGE('',*,*,#2258,.F.);
#1760=ORIENTED_EDGE('',*,*,#2255,.F.);
#1761=ORIENTED_EDGE('',*,*,#2241,.T.);
#1762=ORIENTED_EDGE('',*,*,#2713,.T.);
#1763=ORIENTED_EDGE('',*,*,#2248,.F.);
#1764=ORIENTED_EDGE('',*,*,#2245,.F.);
#1765=ORIENTED_EDGE('',*,*,#2231,.T.);
#1766=ORIENTED_EDGE('',*,*,#2711,.T.);
#1767=ORIENTED_EDGE('',*,*,#2238,.F.);
#1768=ORIENTED_EDGE('',*,*,#2235,.F.);
#1769=ORIENTED_EDGE('',*,*,#2221,.T.);
#1770=ORIENTED_EDGE('',*,*,#2709,.T.);
#1771=ORIENTED_EDGE('',*,*,#2228,.F.);
#1772=ORIENTED_EDGE('',*,*,#2225,.F.);
#1773=ORIENTED_EDGE('',*,*,#2211,.T.);
#1774=ORIENTED_EDGE('',*,*,#2707,.T.);
#1775=ORIENTED_EDGE('',*,*,#2218,.F.);
#1776=ORIENTED_EDGE('',*,*,#2215,.F.);
#1777=ORIENTED_EDGE('',*,*,#2201,.T.);
#1778=ORIENTED_EDGE('',*,*,#2705,.T.);
#1779=ORIENTED_EDGE('',*,*,#2208,.F.);
#1780=ORIENTED_EDGE('',*,*,#2205,.F.);
#1781=ORIENTED_EDGE('',*,*,#2191,.T.);
#1782=ORIENTED_EDGE('',*,*,#2703,.T.);
#1783=ORIENTED_EDGE('',*,*,#2198,.F.);
#1784=ORIENTED_EDGE('',*,*,#2195,.F.);
#1785=ORIENTED_EDGE('',*,*,#2181,.T.);
#1786=ORIENTED_EDGE('',*,*,#2701,.T.);
#1787=ORIENTED_EDGE('',*,*,#2188,.F.);
#1788=ORIENTED_EDGE('',*,*,#2185,.F.);
#1789=ORIENTED_EDGE('',*,*,#2171,.T.);
#1790=ORIENTED_EDGE('',*,*,#2699,.T.);
#1791=ORIENTED_EDGE('',*,*,#2178,.F.);
#1792=ORIENTED_EDGE('',*,*,#2175,.F.);
#1793=ORIENTED_EDGE('',*,*,#2161,.T.);
#1794=ORIENTED_EDGE('',*,*,#2697,.T.);
#1795=ORIENTED_EDGE('',*,*,#2168,.F.);
#1796=ORIENTED_EDGE('',*,*,#2165,.F.);
#1797=ORIENTED_EDGE('',*,*,#2151,.T.);
#1798=ORIENTED_EDGE('',*,*,#2695,.T.);
#1799=ORIENTED_EDGE('',*,*,#2158,.F.);
#1800=ORIENTED_EDGE('',*,*,#2155,.F.);
#1801=ORIENTED_EDGE('',*,*,#2141,.T.);
#1802=ORIENTED_EDGE('',*,*,#2693,.T.);
#1803=ORIENTED_EDGE('',*,*,#2148,.F.);
#1804=ORIENTED_EDGE('',*,*,#2145,.F.);
#1805=ORIENTED_EDGE('',*,*,#2131,.T.);
#1806=ORIENTED_EDGE('',*,*,#2691,.T.);
#1807=ORIENTED_EDGE('',*,*,#2138,.F.);
#1808=ORIENTED_EDGE('',*,*,#2135,.F.);
#1809=ORIENTED_EDGE('',*,*,#2121,.T.);
#1810=ORIENTED_EDGE('',*,*,#2689,.T.);
#1811=ORIENTED_EDGE('',*,*,#2128,.F.);
#1812=ORIENTED_EDGE('',*,*,#2125,.F.);
#1813=ORIENTED_EDGE('',*,*,#2111,.T.);
#1814=ORIENTED_EDGE('',*,*,#2687,.T.);
#1815=ORIENTED_EDGE('',*,*,#2118,.F.);
#1816=ORIENTED_EDGE('',*,*,#2115,.F.);
#1817=ORIENTED_EDGE('',*,*,#2101,.T.);
#1818=ORIENTED_EDGE('',*,*,#2685,.T.);
#1819=ORIENTED_EDGE('',*,*,#2108,.F.);
#1820=ORIENTED_EDGE('',*,*,#2105,.F.);
#1821=ORIENTED_EDGE('',*,*,#2091,.T.);
#1822=ORIENTED_EDGE('',*,*,#2683,.T.);
#1823=ORIENTED_EDGE('',*,*,#2098,.F.);
#1824=ORIENTED_EDGE('',*,*,#2095,.F.);
#1825=ORIENTED_EDGE('',*,*,#2081,.T.);
#1826=ORIENTED_EDGE('',*,*,#2681,.T.);
#1827=ORIENTED_EDGE('',*,*,#2088,.F.);
#1828=ORIENTED_EDGE('',*,*,#2085,.F.);
#1829=ORIENTED_EDGE('',*,*,#2071,.T.);
#1830=ORIENTED_EDGE('',*,*,#2679,.T.);
#1831=ORIENTED_EDGE('',*,*,#2078,.F.);
#1832=ORIENTED_EDGE('',*,*,#2075,.F.);
#1833=ORIENTED_EDGE('',*,*,#2061,.T.);
#1834=ORIENTED_EDGE('',*,*,#2677,.T.);
#1835=ORIENTED_EDGE('',*,*,#2068,.T.);
#1836=ORIENTED_EDGE('',*,*,#2065,.T.);
#1837=ORIENTED_EDGE('',*,*,#2051,.T.);
#1838=ORIENTED_EDGE('',*,*,#2675,.T.);
#1839=ORIENTED_EDGE('',*,*,#2058,.F.);
#1840=ORIENTED_EDGE('',*,*,#2055,.F.);
#1841=ORIENTED_EDGE('',*,*,#2041,.T.);
#1842=ORIENTED_EDGE('',*,*,#2673,.T.);
#1843=ORIENTED_EDGE('',*,*,#2048,.F.);
#1844=ORIENTED_EDGE('',*,*,#2045,.F.);
#1845=ORIENTED_EDGE('',*,*,#2031,.T.);
#1846=ORIENTED_EDGE('',*,*,#2671,.T.);
#1847=ORIENTED_EDGE('',*,*,#2038,.F.);
#1848=ORIENTED_EDGE('',*,*,#2035,.F.);
#1849=ORIENTED_EDGE('',*,*,#2021,.T.);
#1850=ORIENTED_EDGE('',*,*,#2669,.T.);
#1851=ORIENTED_EDGE('',*,*,#2028,.F.);
#1852=ORIENTED_EDGE('',*,*,#2025,.F.);
#1853=ORIENTED_EDGE('',*,*,#2011,.T.);
#1854=ORIENTED_EDGE('',*,*,#2667,.T.);
#1855=ORIENTED_EDGE('',*,*,#2018,.F.);
#1856=ORIENTED_EDGE('',*,*,#2015,.F.);
#1857=ORIENTED_EDGE('',*,*,#2001,.T.);
#1858=ORIENTED_EDGE('',*,*,#2665,.T.);
#1859=ORIENTED_EDGE('',*,*,#2008,.F.);
#1860=ORIENTED_EDGE('',*,*,#2005,.F.);
#1861=ORIENTED_EDGE('',*,*,#1991,.T.);
#1862=ORIENTED_EDGE('',*,*,#2663,.T.);
#1863=ORIENTED_EDGE('',*,*,#1998,.F.);
#1864=ORIENTED_EDGE('',*,*,#1995,.F.);
#1865=ORIENTED_EDGE('',*,*,#1981,.T.);
#1866=ORIENTED_EDGE('',*,*,#2661,.T.);
#1867=ORIENTED_EDGE('',*,*,#1988,.F.);
#1868=ORIENTED_EDGE('',*,*,#1985,.F.);
#1869=ORIENTED_EDGE('',*,*,#1971,.T.);
#1870=ORIENTED_EDGE('',*,*,#2659,.T.);
#1871=ORIENTED_EDGE('',*,*,#1978,.F.);
#1872=ORIENTED_EDGE('',*,*,#1975,.F.);
#1873=ORIENTED_EDGE('',*,*,#1961,.T.);
#1874=ORIENTED_EDGE('',*,*,#2657,.T.);
#1875=ORIENTED_EDGE('',*,*,#1968,.F.);
#1876=ORIENTED_EDGE('',*,*,#1965,.F.);
#1877=ORIENTED_EDGE('',*,*,#1951,.T.);
#1878=ORIENTED_EDGE('',*,*,#2655,.T.);
#1879=ORIENTED_EDGE('',*,*,#1958,.F.);
#1880=ORIENTED_EDGE('',*,*,#1955,.F.);
#1881=ORIENTED_EDGE('',*,*,#1941,.T.);
#1882=ORIENTED_EDGE('',*,*,#2653,.T.);
#1883=ORIENTED_EDGE('',*,*,#1948,.F.);
#1884=ORIENTED_EDGE('',*,*,#1945,.F.);
#1885=ORIENTED_EDGE('',*,*,#1931,.T.);
#1886=ORIENTED_EDGE('',*,*,#2651,.T.);
#1887=ORIENTED_EDGE('',*,*,#1938,.F.);
#1888=ORIENTED_EDGE('',*,*,#1935,.F.);
#1889=ORIENTED_EDGE('',*,*,#1921,.T.);
#1890=ORIENTED_EDGE('',*,*,#2649,.T.);
#1891=ORIENTED_EDGE('',*,*,#1928,.F.);
#1892=ORIENTED_EDGE('',*,*,#1925,.F.);
#1893=ORIENTED_EDGE('',*,*,#1911,.T.);
#1894=ORIENTED_EDGE('',*,*,#2647,.T.);
#1895=ORIENTED_EDGE('',*,*,#1918,.F.);
#1896=ORIENTED_EDGE('',*,*,#1915,.F.);
#1897=ORIENTED_EDGE('',*,*,#1901,.T.);
#1898=ORIENTED_EDGE('',*,*,#2821,.T.);
#1899=ORIENTED_EDGE('',*,*,#1908,.F.);
#1900=ORIENTED_EDGE('',*,*,#1905,.F.);
#1901=EDGE_CURVE('',#2823,#2824,#3447,.T.);
#1902=EDGE_CURVE('',#2825,#2823,#3448,.T.);
#1903=EDGE_CURVE('',#2825,#2826,#3449,.T.);
#1904=EDGE_CURVE('',#2826,#2824,#3450,.T.);
#1905=EDGE_CURVE('',#2823,#2827,#3451,.T.);
#1906=EDGE_CURVE('',#2828,#2827,#3452,.T.);
#1907=EDGE_CURVE('',#2825,#2828,#3453,.T.);
#1908=EDGE_CURVE('',#2827,#2829,#3454,.T.);
#1909=EDGE_CURVE('',#2830,#2829,#3455,.T.);
#1910=EDGE_CURVE('',#2828,#2830,#3456,.T.);
#1911=EDGE_CURVE('',#2831,#2832,#3457,.T.);
#1912=EDGE_CURVE('',#2833,#2831,#3458,.T.);
#1913=EDGE_CURVE('',#2833,#2834,#3459,.T.);
#1914=EDGE_CURVE('',#2834,#2832,#3460,.T.);
#1915=EDGE_CURVE('',#2831,#2835,#3461,.T.);
#1916=EDGE_CURVE('',#2836,#2835,#3462,.T.);
#1917=EDGE_CURVE('',#2833,#2836,#3463,.T.);
#1918=EDGE_CURVE('',#2835,#2837,#3464,.T.);
#1919=EDGE_CURVE('',#2838,#2837,#3465,.T.);
#1920=EDGE_CURVE('',#2836,#2838,#3466,.T.);
#1921=EDGE_CURVE('',#2839,#2840,#3467,.T.);
#1922=EDGE_CURVE('',#2841,#2839,#3468,.T.);
#1923=EDGE_CURVE('',#2841,#2842,#3469,.T.);
#1924=EDGE_CURVE('',#2842,#2840,#3470,.T.);
#1925=EDGE_CURVE('',#2839,#2843,#3471,.T.);
#1926=EDGE_CURVE('',#2844,#2843,#3472,.T.);
#1927=EDGE_CURVE('',#2841,#2844,#3473,.T.);
#1928=EDGE_CURVE('',#2843,#2845,#3474,.T.);
#1929=EDGE_CURVE('',#2846,#2845,#3475,.T.);
#1930=EDGE_CURVE('',#2844,#2846,#3476,.T.);
#1931=EDGE_CURVE('',#2847,#2848,#3477,.T.);
#1932=EDGE_CURVE('',#2849,#2847,#3478,.T.);
#1933=EDGE_CURVE('',#2849,#2850,#3479,.T.);
#1934=EDGE_CURVE('',#2850,#2848,#3480,.T.);
#1935=EDGE_CURVE('',#2847,#2851,#3481,.T.);
#1936=EDGE_CURVE('',#2852,#2851,#3482,.T.);
#1937=EDGE_CURVE('',#2849,#2852,#3483,.T.);
#1938=EDGE_CURVE('',#2851,#2853,#3484,.T.);
#1939=EDGE_CURVE('',#2854,#2853,#3485,.T.);
#1940=EDGE_CURVE('',#2852,#2854,#3486,.T.);
#1941=EDGE_CURVE('',#2855,#2856,#3487,.T.);
#1942=EDGE_CURVE('',#2857,#2855,#3488,.T.);
#1943=EDGE_CURVE('',#2857,#2858,#3489,.T.);
#1944=EDGE_CURVE('',#2858,#2856,#3490,.T.);
#1945=EDGE_CURVE('',#2855,#2859,#3491,.T.);
#1946=EDGE_CURVE('',#2860,#2859,#3492,.T.);
#1947=EDGE_CURVE('',#2857,#2860,#3493,.T.);
#1948=EDGE_CURVE('',#2859,#2861,#3494,.T.);
#1949=EDGE_CURVE('',#2862,#2861,#3495,.T.);
#1950=EDGE_CURVE('',#2860,#2862,#3496,.T.);
#1951=EDGE_CURVE('',#2863,#2864,#3497,.T.);
#1952=EDGE_CURVE('',#2865,#2863,#3498,.T.);
#1953=EDGE_CURVE('',#2865,#2866,#3499,.T.);
#1954=EDGE_CURVE('',#2866,#2864,#3500,.T.);
#1955=EDGE_CURVE('',#2863,#2867,#3501,.T.);
#1956=EDGE_CURVE('',#2868,#2867,#3502,.T.);
#1957=EDGE_CURVE('',#2865,#2868,#3503,.T.);
#1958=EDGE_CURVE('',#2867,#2869,#3504,.T.);
#1959=EDGE_CURVE('',#2870,#2869,#3505,.T.);
#1960=EDGE_CURVE('',#2868,#2870,#3506,.T.);
#1961=EDGE_CURVE('',#2871,#2872,#3507,.T.);
#1962=EDGE_CURVE('',#2873,#2871,#3508,.T.);
#1963=EDGE_CURVE('',#2873,#2874,#3509,.T.);
#1964=EDGE_CURVE('',#2874,#2872,#3510,.T.);
#1965=EDGE_CURVE('',#2871,#2875,#3511,.T.);
#1966=EDGE_CURVE('',#2876,#2875,#3512,.T.);
#1967=EDGE_CURVE('',#2873,#2876,#3513,.T.);
#1968=EDGE_CURVE('',#2875,#2877,#3514,.T.);
#1969=EDGE_CURVE('',#2878,#2877,#3515,.T.);
#1970=EDGE_CURVE('',#2876,#2878,#3516,.T.);
#1971=EDGE_CURVE('',#2879,#2880,#3517,.T.);
#1972=EDGE_CURVE('',#2881,#2879,#3518,.T.);
#1973=EDGE_CURVE('',#2881,#2882,#3519,.T.);
#1974=EDGE_CURVE('',#2882,#2880,#3520,.T.);
#1975=EDGE_CURVE('',#2879,#2883,#3521,.T.);
#1976=EDGE_CURVE('',#2884,#2883,#3522,.T.);
#1977=EDGE_CURVE('',#2881,#2884,#3523,.T.);
#1978=EDGE_CURVE('',#2883,#2885,#3524,.T.);
#1979=EDGE_CURVE('',#2886,#2885,#3525,.T.);
#1980=EDGE_CURVE('',#2884,#2886,#3526,.T.);
#1981=EDGE_CURVE('',#2887,#2888,#3527,.T.);
#1982=EDGE_CURVE('',#2889,#2887,#3528,.T.);
#1983=EDGE_CURVE('',#2889,#2890,#3529,.T.);
#1984=EDGE_CURVE('',#2890,#2888,#3530,.T.);
#1985=EDGE_CURVE('',#2887,#2891,#3531,.T.);
#1986=EDGE_CURVE('',#2892,#2891,#3532,.T.);
#1987=EDGE_CURVE('',#2889,#2892,#3533,.T.);
#1988=EDGE_CURVE('',#2891,#2893,#3534,.T.);
#1989=EDGE_CURVE('',#2894,#2893,#3535,.T.);
#1990=EDGE_CURVE('',#2892,#2894,#3536,.T.);
#1991=EDGE_CURVE('',#2895,#2896,#3537,.T.);
#1992=EDGE_CURVE('',#2897,#2895,#3538,.T.);
#1993=EDGE_CURVE('',#2897,#2898,#3539,.T.);
#1994=EDGE_CURVE('',#2898,#2896,#3540,.T.);
#1995=EDGE_CURVE('',#2895,#2899,#3541,.T.);
#1996=EDGE_CURVE('',#2900,#2899,#3542,.T.);
#1997=EDGE_CURVE('',#2897,#2900,#3543,.T.);
#1998=EDGE_CURVE('',#2899,#2901,#3544,.T.);
#1999=EDGE_CURVE('',#2902,#2901,#3545,.T.);
#2000=EDGE_CURVE('',#2900,#2902,#3546,.T.);
#2001=EDGE_CURVE('',#2903,#2904,#3547,.T.);
#2002=EDGE_CURVE('',#2905,#2903,#3548,.T.);
#2003=EDGE_CURVE('',#2905,#2906,#3549,.T.);
#2004=EDGE_CURVE('',#2906,#2904,#3550,.T.);
#2005=EDGE_CURVE('',#2903,#2907,#3551,.T.);
#2006=EDGE_CURVE('',#2908,#2907,#3552,.T.);
#2007=EDGE_CURVE('',#2905,#2908,#3553,.T.);
#2008=EDGE_CURVE('',#2907,#2909,#3554,.T.);
#2009=EDGE_CURVE('',#2910,#2909,#3555,.T.);
#2010=EDGE_CURVE('',#2908,#2910,#3556,.T.);
#2011=EDGE_CURVE('',#2911,#2912,#3557,.T.);
#2012=EDGE_CURVE('',#2913,#2911,#3558,.T.);
#2013=EDGE_CURVE('',#2913,#2914,#3559,.T.);
#2014=EDGE_CURVE('',#2914,#2912,#3560,.T.);
#2015=EDGE_CURVE('',#2911,#2915,#3561,.T.);
#2016=EDGE_CURVE('',#2916,#2915,#3562,.T.);
#2017=EDGE_CURVE('',#2913,#2916,#3563,.T.);
#2018=EDGE_CURVE('',#2915,#2917,#3564,.T.);
#2019=EDGE_CURVE('',#2918,#2917,#3565,.T.);
#2020=EDGE_CURVE('',#2916,#2918,#3566,.T.);
#2021=EDGE_CURVE('',#2919,#2920,#3567,.T.);
#2022=EDGE_CURVE('',#2921,#2919,#3568,.T.);
#2023=EDGE_CURVE('',#2921,#2922,#3569,.T.);
#2024=EDGE_CURVE('',#2922,#2920,#3570,.T.);
#2025=EDGE_CURVE('',#2919,#2923,#3571,.T.);
#2026=EDGE_CURVE('',#2924,#2923,#3572,.T.);
#2027=EDGE_CURVE('',#2921,#2924,#3573,.T.);
#2028=EDGE_CURVE('',#2923,#2925,#3574,.T.);
#2029=EDGE_CURVE('',#2926,#2925,#3575,.T.);
#2030=EDGE_CURVE('',#2924,#2926,#3576,.T.);
#2031=EDGE_CURVE('',#2927,#2928,#3577,.T.);
#2032=EDGE_CURVE('',#2929,#2927,#3578,.T.);
#2033=EDGE_CURVE('',#2929,#2930,#3579,.T.);
#2034=EDGE_CURVE('',#2930,#2928,#3580,.T.);
#2035=EDGE_CURVE('',#2927,#2931,#3581,.T.);
#2036=EDGE_CURVE('',#2932,#2931,#3582,.T.);
#2037=EDGE_CURVE('',#2929,#2932,#3583,.T.);
#2038=EDGE_CURVE('',#2931,#2933,#3584,.T.);
#2039=EDGE_CURVE('',#2934,#2933,#3585,.T.);
#2040=EDGE_CURVE('',#2932,#2934,#3586,.T.);
#2041=EDGE_CURVE('',#2935,#2936,#3587,.T.);
#2042=EDGE_CURVE('',#2937,#2935,#3588,.T.);
#2043=EDGE_CURVE('',#2937,#2938,#3589,.T.);
#2044=EDGE_CURVE('',#2938,#2936,#3590,.T.);
#2045=EDGE_CURVE('',#2935,#2939,#3591,.T.);
#2046=EDGE_CURVE('',#2940,#2939,#3592,.T.);
#2047=EDGE_CURVE('',#2937,#2940,#3593,.T.);
#2048=EDGE_CURVE('',#2939,#2941,#3594,.T.);
#2049=EDGE_CURVE('',#2942,#2941,#3595,.T.);
#2050=EDGE_CURVE('',#2940,#2942,#3596,.T.);
#2051=EDGE_CURVE('',#2943,#2944,#3597,.T.);
#2052=EDGE_CURVE('',#2945,#2943,#3598,.T.);
#2053=EDGE_CURVE('',#2945,#2946,#3599,.T.);
#2054=EDGE_CURVE('',#2946,#2944,#3600,.T.);
#2055=EDGE_CURVE('',#2943,#2947,#3601,.T.);
#2056=EDGE_CURVE('',#2948,#2947,#3602,.T.);
#2057=EDGE_CURVE('',#2945,#2948,#3603,.T.);
#2058=EDGE_CURVE('',#2947,#2949,#3604,.T.);
#2059=EDGE_CURVE('',#2950,#2949,#3605,.T.);
#2060=EDGE_CURVE('',#2948,#2950,#3606,.T.);
#2061=EDGE_CURVE('',#2951,#2952,#3607,.F.);
#2062=EDGE_CURVE('',#2953,#2951,#3608,.T.);
#2063=EDGE_CURVE('',#2953,#2954,#3609,.F.);
#2064=EDGE_CURVE('',#2954,#2952,#3610,.T.);
#2065=EDGE_CURVE('',#2955,#2951,#3611,.F.);
#2066=EDGE_CURVE('',#2956,#2955,#3612,.T.);
#2067=EDGE_CURVE('',#2956,#2953,#3613,.F.);
#2068=EDGE_CURVE('',#2957,#2955,#3614,.T.);
#2069=EDGE_CURVE('',#2958,#2957,#3615,.T.);
#2070=EDGE_CURVE('',#2958,#2956,#3616,.T.);
#2071=EDGE_CURVE('',#2959,#2960,#3617,.T.);
#2072=EDGE_CURVE('',#2961,#2959,#3618,.T.);
#2073=EDGE_CURVE('',#2961,#2962,#3619,.T.);
#2074=EDGE_CURVE('',#2962,#2960,#3620,.T.);
#2075=EDGE_CURVE('',#2959,#2963,#3621,.T.);
#2076=EDGE_CURVE('',#2964,#2963,#3622,.T.);
#2077=EDGE_CURVE('',#2961,#2964,#3623,.T.);
#2078=EDGE_CURVE('',#2963,#2965,#3624,.T.);
#2079=EDGE_CURVE('',#2966,#2965,#3625,.T.);
#2080=EDGE_CURVE('',#2964,#2966,#3626,.T.);
#2081=EDGE_CURVE('',#2967,#2968,#3627,.T.);
#2082=EDGE_CURVE('',#2969,#2967,#3628,.T.);
#2083=EDGE_CURVE('',#2969,#2970,#3629,.T.);
#2084=EDGE_CURVE('',#2970,#2968,#3630,.T.);
#2085=EDGE_CURVE('',#2967,#2971,#3631,.T.);
#2086=EDGE_CURVE('',#2972,#2971,#3632,.T.);
#2087=EDGE_CURVE('',#2969,#2972,#3633,.T.);
#2088=EDGE_CURVE('',#2971,#2973,#3634,.T.);
#2089=EDGE_CURVE('',#2974,#2973,#3635,.T.);
#2090=EDGE_CURVE('',#2972,#2974,#3636,.T.);
#2091=EDGE_CURVE('',#2975,#2976,#3637,.T.);
#2092=EDGE_CURVE('',#2977,#2975,#3638,.T.);
#2093=EDGE_CURVE('',#2977,#2978,#3639,.T.);
#2094=EDGE_CURVE('',#2978,#2976,#3640,.T.);
#2095=EDGE_CURVE('',#2975,#2979,#3641,.T.);
#2096=EDGE_CURVE('',#2980,#2979,#3642,.T.);
#2097=EDGE_CURVE('',#2977,#2980,#3643,.T.);
#2098=EDGE_CURVE('',#2979,#2981,#3644,.T.);
#2099=EDGE_CURVE('',#2982,#2981,#3645,.T.);
#2100=EDGE_CURVE('',#2980,#2982,#3646,.T.);
#2101=EDGE_CURVE('',#2983,#2984,#3647,.T.);
#2102=EDGE_CURVE('',#2985,#2983,#3648,.T.);
#2103=EDGE_CURVE('',#2985,#2986,#3649,.T.);
#2104=EDGE_CURVE('',#2986,#2984,#3650,.T.);
#2105=EDGE_CURVE('',#2983,#2987,#3651,.T.);
#2106=EDGE_CURVE('',#2988,#2987,#3652,.T.);
#2107=EDGE_CURVE('',#2985,#2988,#3653,.T.);
#2108=EDGE_CURVE('',#2987,#2989,#3654,.T.);
#2109=EDGE_CURVE('',#2990,#2989,#3655,.T.);
#2110=EDGE_CURVE('',#2988,#2990,#3656,.T.);
#2111=EDGE_CURVE('',#2991,#2992,#3657,.T.);
#2112=EDGE_CURVE('',#2993,#2991,#3658,.T.);
#2113=EDGE_CURVE('',#2993,#2994,#3659,.T.);
#2114=EDGE_CURVE('',#2994,#2992,#3660,.T.);
#2115=EDGE_CURVE('',#2991,#2995,#3661,.T.);
#2116=EDGE_CURVE('',#2996,#2995,#3662,.T.);
#2117=EDGE_CURVE('',#2993,#2996,#3663,.T.);
#2118=EDGE_CURVE('',#2995,#2997,#3664,.T.);
#2119=EDGE_CURVE('',#2998,#2997,#3665,.T.);
#2120=EDGE_CURVE('',#2996,#2998,#3666,.T.);
#2121=EDGE_CURVE('',#2999,#3000,#3667,.T.);
#2122=EDGE_CURVE('',#3001,#2999,#3668,.T.);
#2123=EDGE_CURVE('',#3001,#3002,#3669,.T.);
#2124=EDGE_CURVE('',#3002,#3000,#3670,.T.);
#2125=EDGE_CURVE('',#2999,#3003,#3671,.T.);
#2126=EDGE_CURVE('',#3004,#3003,#3672,.T.);
#2127=EDGE_CURVE('',#3001,#3004,#3673,.T.);
#2128=EDGE_CURVE('',#3003,#3005,#3674,.T.);
#2129=EDGE_CURVE('',#3006,#3005,#3675,.T.);
#2130=EDGE_CURVE('',#3004,#3006,#3676,.T.);
#2131=EDGE_CURVE('',#3007,#3008,#3677,.T.);
#2132=EDGE_CURVE('',#3009,#3007,#3678,.T.);
#2133=EDGE_CURVE('',#3009,#3010,#3679,.T.);
#2134=EDGE_CURVE('',#3010,#3008,#3680,.T.);
#2135=EDGE_CURVE('',#3007,#3011,#3681,.T.);
#2136=EDGE_CURVE('',#3012,#3011,#3682,.T.);
#2137=EDGE_CURVE('',#3009,#3012,#3683,.T.);
#2138=EDGE_CURVE('',#3011,#3013,#3684,.T.);
#2139=EDGE_CURVE('',#3014,#3013,#3685,.T.);
#2140=EDGE_CURVE('',#3012,#3014,#3686,.T.);
#2141=EDGE_CURVE('',#3015,#3016,#3687,.T.);
#2142=EDGE_CURVE('',#3017,#3015,#3688,.T.);
#2143=EDGE_CURVE('',#3017,#3018,#3689,.T.);
#2144=EDGE_CURVE('',#3018,#3016,#3690,.T.);
#2145=EDGE_CURVE('',#3015,#3019,#3691,.T.);
#2146=EDGE_CURVE('',#3020,#3019,#3692,.T.);
#2147=EDGE_CURVE('',#3017,#3020,#3693,.T.);
#2148=EDGE_CURVE('',#3019,#3021,#3694,.T.);
#2149=EDGE_CURVE('',#3022,#3021,#3695,.T.);
#2150=EDGE_CURVE('',#3020,#3022,#3696,.T.);
#2151=EDGE_CURVE('',#3023,#3024,#3697,.T.);
#2152=EDGE_CURVE('',#3025,#3023,#3698,.T.);
#2153=EDGE_CURVE('',#3025,#3026,#3699,.T.);
#2154=EDGE_CURVE('',#3026,#3024,#3700,.T.);
#2155=EDGE_CURVE('',#3023,#3027,#3701,.T.);
#2156=EDGE_CURVE('',#3028,#3027,#3702,.T.);
#2157=EDGE_CURVE('',#3025,#3028,#3703,.T.);
#2158=EDGE_CURVE('',#3027,#3029,#3704,.T.);
#2159=EDGE_CURVE('',#3030,#3029,#3705,.T.);
#2160=EDGE_CURVE('',#3028,#3030,#3706,.T.);
#2161=EDGE_CURVE('',#3031,#3032,#3707,.T.);
#2162=EDGE_CURVE('',#3033,#3031,#3708,.T.);
#2163=EDGE_CURVE('',#3033,#3034,#3709,.T.);
#2164=EDGE_CURVE('',#3034,#3032,#3710,.T.);
#2165=EDGE_CURVE('',#3031,#3035,#3711,.T.);
#2166=EDGE_CURVE('',#3036,#3035,#3712,.T.);
#2167=EDGE_CURVE('',#3033,#3036,#3713,.T.);
#2168=EDGE_CURVE('',#3035,#3037,#3714,.T.);
#2169=EDGE_CURVE('',#3038,#3037,#3715,.T.);
#2170=EDGE_CURVE('',#3036,#3038,#3716,.T.);
#2171=EDGE_CURVE('',#3039,#3040,#3717,.T.);
#2172=EDGE_CURVE('',#3041,#3039,#3718,.T.);
#2173=EDGE_CURVE('',#3041,#3042,#3719,.T.);
#2174=EDGE_CURVE('',#3042,#3040,#3720,.T.);
#2175=EDGE_CURVE('',#3039,#3043,#3721,.T.);
#2176=EDGE_CURVE('',#3044,#3043,#3722,.T.);
#2177=EDGE_CURVE('',#3041,#3044,#3723,.T.);
#2178=EDGE_CURVE('',#3043,#3045,#3724,.T.);
#2179=EDGE_CURVE('',#3046,#3045,#3725,.T.);
#2180=EDGE_CURVE('',#3044,#3046,#3726,.T.);
#2181=EDGE_CURVE('',#3047,#3048,#3727,.T.);
#2182=EDGE_CURVE('',#3049,#3047,#3728,.T.);
#2183=EDGE_CURVE('',#3049,#3050,#3729,.T.);
#2184=EDGE_CURVE('',#3050,#3048,#3730,.T.);
#2185=EDGE_CURVE('',#3047,#3051,#3731,.T.);
#2186=EDGE_CURVE('',#3052,#3051,#3732,.T.);
#2187=EDGE_CURVE('',#3049,#3052,#3733,.T.);
#2188=EDGE_CURVE('',#3051,#3053,#3734,.T.);
#2189=EDGE_CURVE('',#3054,#3053,#3735,.T.);
#2190=EDGE_CURVE('',#3052,#3054,#3736,.T.);
#2191=EDGE_CURVE('',#3055,#3056,#3737,.T.);
#2192=EDGE_CURVE('',#3057,#3055,#3738,.T.);
#2193=EDGE_CURVE('',#3057,#3058,#3739,.T.);
#2194=EDGE_CURVE('',#3058,#3056,#3740,.T.);
#2195=EDGE_CURVE('',#3055,#3059,#3741,.T.);
#2196=EDGE_CURVE('',#3060,#3059,#3742,.T.);
#2197=EDGE_CURVE('',#3057,#3060,#3743,.T.);
#2198=EDGE_CURVE('',#3059,#3061,#3744,.T.);
#2199=EDGE_CURVE('',#3062,#3061,#3745,.T.);
#2200=EDGE_CURVE('',#3060,#3062,#3746,.T.);
#2201=EDGE_CURVE('',#3063,#3064,#3747,.T.);
#2202=EDGE_CURVE('',#3065,#3063,#3748,.T.);
#2203=EDGE_CURVE('',#3065,#3066,#3749,.T.);
#2204=EDGE_CURVE('',#3066,#3064,#3750,.T.);
#2205=EDGE_CURVE('',#3063,#3067,#3751,.T.);
#2206=EDGE_CURVE('',#3068,#3067,#3752,.T.);
#2207=EDGE_CURVE('',#3065,#3068,#3753,.T.);
#2208=EDGE_CURVE('',#3067,#3069,#3754,.T.);
#2209=EDGE_CURVE('',#3070,#3069,#3755,.T.);
#2210=EDGE_CURVE('',#3068,#3070,#3756,.T.);
#2211=EDGE_CURVE('',#3071,#3072,#3757,.T.);
#2212=EDGE_CURVE('',#3073,#3071,#3758,.T.);
#2213=EDGE_CURVE('',#3073,#3074,#3759,.T.);
#2214=EDGE_CURVE('',#3074,#3072,#3760,.T.);
#2215=EDGE_CURVE('',#3071,#3075,#3761,.T.);
#2216=EDGE_CURVE('',#3076,#3075,#3762,.T.);
#2217=EDGE_CURVE('',#3073,#3076,#3763,.T.);
#2218=EDGE_CURVE('',#3075,#3077,#3764,.T.);
#2219=EDGE_CURVE('',#3078,#3077,#3765,.T.);
#2220=EDGE_CURVE('',#3076,#3078,#3766,.T.);
#2221=EDGE_CURVE('',#3079,#3080,#3767,.T.);
#2222=EDGE_CURVE('',#3081,#3079,#3768,.T.);
#2223=EDGE_CURVE('',#3081,#3082,#3769,.T.);
#2224=EDGE_CURVE('',#3082,#3080,#3770,.T.);
#2225=EDGE_CURVE('',#3079,#3083,#3771,.T.);
#2226=EDGE_CURVE('',#3084,#3083,#3772,.T.);
#2227=EDGE_CURVE('',#3081,#3084,#3773,.T.);
#2228=EDGE_CURVE('',#3083,#3085,#3774,.T.);
#2229=EDGE_CURVE('',#3086,#3085,#3775,.T.);
#2230=EDGE_CURVE('',#3084,#3086,#3776,.T.);
#2231=EDGE_CURVE('',#3087,#3088,#3777,.T.);
#2232=EDGE_CURVE('',#3089,#3087,#3778,.T.);
#2233=EDGE_CURVE('',#3089,#3090,#3779,.T.);
#2234=EDGE_CURVE('',#3090,#3088,#3780,.T.);
#2235=EDGE_CURVE('',#3087,#3091,#3781,.T.);
#2236=EDGE_CURVE('',#3092,#3091,#3782,.T.);
#2237=EDGE_CURVE('',#3089,#3092,#3783,.T.);
#2238=EDGE_CURVE('',#3091,#3093,#3784,.T.);
#2239=EDGE_CURVE('',#3094,#3093,#3785,.T.);
#2240=EDGE_CURVE('',#3092,#3094,#3786,.T.);
#2241=EDGE_CURVE('',#3095,#3096,#3787,.T.);
#2242=EDGE_CURVE('',#3097,#3095,#3788,.T.);
#2243=EDGE_CURVE('',#3097,#3098,#3789,.T.);
#2244=EDGE_CURVE('',#3098,#3096,#3790,.T.);
#2245=EDGE_CURVE('',#3095,#3099,#3791,.T.);
#2246=EDGE_CURVE('',#3100,#3099,#3792,.T.);
#2247=EDGE_CURVE('',#3097,#3100,#3793,.T.);
#2248=EDGE_CURVE('',#3099,#3101,#3794,.T.);
#2249=EDGE_CURVE('',#3102,#3101,#3795,.T.);
#2250=EDGE_CURVE('',#3100,#3102,#3796,.T.);
#2251=EDGE_CURVE('',#3103,#3104,#3797,.T.);
#2252=EDGE_CURVE('',#3105,#3103,#3798,.T.);
#2253=EDGE_CURVE('',#3105,#3106,#3799,.T.);
#2254=EDGE_CURVE('',#3106,#3104,#3800,.T.);
#2255=EDGE_CURVE('',#3103,#3107,#3801,.T.);
#2256=EDGE_CURVE('',#3108,#3107,#3802,.T.);
#2257=EDGE_CURVE('',#3105,#3108,#3803,.T.);
#2258=EDGE_CURVE('',#3107,#3109,#3804,.T.);
#2259=EDGE_CURVE('',#3110,#3109,#3805,.T.);
#2260=EDGE_CURVE('',#3108,#3110,#3806,.T.);
#2261=EDGE_CURVE('',#3111,#3112,#3807,.T.);
#2262=EDGE_CURVE('',#3113,#3111,#3808,.T.);
#2263=EDGE_CURVE('',#3113,#3114,#3809,.T.);
#2264=EDGE_CURVE('',#3114,#3112,#3810,.T.);
#2265=EDGE_CURVE('',#3111,#3115,#3811,.T.);
#2266=EDGE_CURVE('',#3116,#3115,#3812,.T.);
#2267=EDGE_CURVE('',#3113,#3116,#3813,.T.);
#2268=EDGE_CURVE('',#3115,#3117,#3814,.T.);
#2269=EDGE_CURVE('',#3118,#3117,#3815,.T.);
#2270=EDGE_CURVE('',#3116,#3118,#3816,.T.);
#2271=EDGE_CURVE('',#3119,#3120,#3817,.T.);
#2272=EDGE_CURVE('',#3121,#3119,#3818,.T.);
#2273=EDGE_CURVE('',#3121,#3122,#3819,.T.);
#2274=EDGE_CURVE('',#3122,#3120,#3820,.T.);
#2275=EDGE_CURVE('',#3119,#3123,#3821,.T.);
#2276=EDGE_CURVE('',#3124,#3123,#3822,.T.);
#2277=EDGE_CURVE('',#3121,#3124,#3823,.T.);
#2278=EDGE_CURVE('',#3123,#3125,#3824,.T.);
#2279=EDGE_CURVE('',#3126,#3125,#3825,.T.);
#2280=EDGE_CURVE('',#3124,#3126,#3826,.T.);
#2281=EDGE_CURVE('',#3127,#3128,#3827,.T.);
#2282=EDGE_CURVE('',#3129,#3127,#3828,.T.);
#2283=EDGE_CURVE('',#3129,#3130,#3829,.T.);
#2284=EDGE_CURVE('',#3130,#3128,#3830,.T.);
#2285=EDGE_CURVE('',#3127,#3131,#3831,.T.);
#2286=EDGE_CURVE('',#3132,#3131,#3832,.T.);
#2287=EDGE_CURVE('',#3129,#3132,#3833,.T.);
#2288=EDGE_CURVE('',#3131,#3133,#3834,.T.);
#2289=EDGE_CURVE('',#3134,#3133,#3835,.T.);
#2290=EDGE_CURVE('',#3132,#3134,#3836,.T.);
#2291=EDGE_CURVE('',#3135,#3136,#3837,.T.);
#2292=EDGE_CURVE('',#3137,#3135,#3838,.T.);
#2293=EDGE_CURVE('',#3137,#3138,#3839,.T.);
#2294=EDGE_CURVE('',#3138,#3136,#3840,.T.);
#2295=EDGE_CURVE('',#3135,#3139,#3841,.T.);
#2296=EDGE_CURVE('',#3140,#3139,#3842,.T.);
#2297=EDGE_CURVE('',#3137,#3140,#3843,.T.);
#2298=EDGE_CURVE('',#3139,#3141,#3844,.T.);
#2299=EDGE_CURVE('',#3142,#3141,#3845,.T.);
#2300=EDGE_CURVE('',#3140,#3142,#3846,.T.);
#2301=EDGE_CURVE('',#3143,#3144,#3847,.T.);
#2302=EDGE_CURVE('',#3145,#3143,#3848,.T.);
#2303=EDGE_CURVE('',#3145,#3146,#3849,.T.);
#2304=EDGE_CURVE('',#3146,#3144,#3850,.T.);
#2305=EDGE_CURVE('',#3143,#3147,#3851,.T.);
#2306=EDGE_CURVE('',#3148,#3147,#3852,.T.);
#2307=EDGE_CURVE('',#3145,#3148,#3853,.T.);
#2308=EDGE_CURVE('',#3147,#3149,#3854,.T.);
#2309=EDGE_CURVE('',#3150,#3149,#3855,.T.);
#2310=EDGE_CURVE('',#3148,#3150,#3856,.T.);
#2311=EDGE_CURVE('',#3151,#3152,#3857,.T.);
#2312=EDGE_CURVE('',#3153,#3151,#3858,.T.);
#2313=EDGE_CURVE('',#3153,#3154,#3859,.T.);
#2314=EDGE_CURVE('',#3154,#3152,#3860,.T.);
#2315=EDGE_CURVE('',#3151,#3155,#3861,.T.);
#2316=EDGE_CURVE('',#3156,#3155,#3862,.T.);
#2317=EDGE_CURVE('',#3153,#3156,#3863,.T.);
#2318=EDGE_CURVE('',#3155,#3157,#3864,.T.);
#2319=EDGE_CURVE('',#3158,#3157,#3865,.T.);
#2320=EDGE_CURVE('',#3156,#3158,#3866,.T.);
#2321=EDGE_CURVE('',#3159,#3160,#3867,.T.);
#2322=EDGE_CURVE('',#3161,#3159,#3868,.T.);
#2323=EDGE_CURVE('',#3161,#3162,#3869,.T.);
#2324=EDGE_CURVE('',#3162,#3160,#3870,.T.);
#2325=EDGE_CURVE('',#3159,#3163,#3871,.T.);
#2326=EDGE_CURVE('',#3164,#3163,#3872,.T.);
#2327=EDGE_CURVE('',#3161,#3164,#3873,.T.);
#2328=EDGE_CURVE('',#3163,#3165,#3874,.T.);
#2329=EDGE_CURVE('',#3166,#3165,#3875,.T.);
#2330=EDGE_CURVE('',#3164,#3166,#3876,.T.);
#2331=EDGE_CURVE('',#3167,#3168,#3877,.T.);
#2332=EDGE_CURVE('',#3169,#3167,#3878,.T.);
#2333=EDGE_CURVE('',#3169,#3170,#3879,.T.);
#2334=EDGE_CURVE('',#3170,#3168,#3880,.T.);
#2335=EDGE_CURVE('',#3167,#3171,#3881,.T.);
#2336=EDGE_CURVE('',#3172,#3171,#3882,.T.);
#2337=EDGE_CURVE('',#3169,#3172,#3883,.T.);
#2338=EDGE_CURVE('',#3171,#3173,#3884,.T.);
#2339=EDGE_CURVE('',#3174,#3173,#3885,.T.);
#2340=EDGE_CURVE('',#3172,#3174,#3886,.T.);
#2341=EDGE_CURVE('',#3175,#3176,#3887,.T.);
#2342=EDGE_CURVE('',#3177,#3175,#3888,.T.);
#2343=EDGE_CURVE('',#3177,#3178,#3889,.T.);
#2344=EDGE_CURVE('',#3178,#3176,#3890,.T.);
#2345=EDGE_CURVE('',#3175,#3179,#3891,.T.);
#2346=EDGE_CURVE('',#3180,#3179,#3892,.T.);
#2347=EDGE_CURVE('',#3177,#3180,#3893,.T.);
#2348=EDGE_CURVE('',#3179,#3181,#3894,.T.);
#2349=EDGE_CURVE('',#3182,#3181,#3895,.T.);
#2350=EDGE_CURVE('',#3180,#3182,#3896,.T.);
#2351=EDGE_CURVE('',#3183,#3184,#3897,.T.);
#2352=EDGE_CURVE('',#3185,#3183,#3898,.T.);
#2353=EDGE_CURVE('',#3185,#3186,#3899,.T.);
#2354=EDGE_CURVE('',#3186,#3184,#3900,.T.);
#2355=EDGE_CURVE('',#3183,#3187,#3901,.T.);
#2356=EDGE_CURVE('',#3188,#3187,#3902,.T.);
#2357=EDGE_CURVE('',#3185,#3188,#3903,.T.);
#2358=EDGE_CURVE('',#3187,#3189,#3904,.T.);
#2359=EDGE_CURVE('',#3190,#3189,#3905,.T.);
#2360=EDGE_CURVE('',#3188,#3190,#3906,.T.);
#2361=EDGE_CURVE('',#3191,#3192,#3907,.T.);
#2362=EDGE_CURVE('',#3193,#3191,#3908,.T.);
#2363=EDGE_CURVE('',#3193,#3194,#3909,.T.);
#2364=EDGE_CURVE('',#3194,#3192,#3910,.T.);
#2365=EDGE_CURVE('',#3191,#3195,#3911,.T.);
#2366=EDGE_CURVE('',#3196,#3195,#3912,.T.);
#2367=EDGE_CURVE('',#3193,#3196,#3913,.T.);
#2368=EDGE_CURVE('',#3195,#3197,#3914,.T.);
#2369=EDGE_CURVE('',#3198,#3197,#3915,.T.);
#2370=EDGE_CURVE('',#3196,#3198,#3916,.T.);
#2371=EDGE_CURVE('',#3199,#3200,#3917,.T.);
#2372=EDGE_CURVE('',#3201,#3199,#3918,.T.);
#2373=EDGE_CURVE('',#3201,#3202,#3919,.T.);
#2374=EDGE_CURVE('',#3202,#3200,#3920,.T.);
#2375=EDGE_CURVE('',#3199,#3203,#3921,.T.);
#2376=EDGE_CURVE('',#3204,#3203,#3922,.T.);
#2377=EDGE_CURVE('',#3201,#3204,#3923,.T.);
#2378=EDGE_CURVE('',#3203,#3205,#3924,.T.);
#2379=EDGE_CURVE('',#3206,#3205,#3925,.T.);
#2380=EDGE_CURVE('',#3204,#3206,#3926,.T.);
#2381=EDGE_CURVE('',#3207,#3208,#3927,.T.);
#2382=EDGE_CURVE('',#3209,#3207,#3928,.T.);
#2383=EDGE_CURVE('',#3209,#3210,#3929,.T.);
#2384=EDGE_CURVE('',#3210,#3208,#3930,.T.);
#2385=EDGE_CURVE('',#3207,#3211,#3931,.T.);
#2386=EDGE_CURVE('',#3212,#3211,#3932,.T.);
#2387=EDGE_CURVE('',#3209,#3212,#3933,.T.);
#2388=EDGE_CURVE('',#3211,#3213,#3934,.T.);
#2389=EDGE_CURVE('',#3214,#3213,#3935,.T.);
#2390=EDGE_CURVE('',#3212,#3214,#3936,.T.);
#2391=EDGE_CURVE('',#3215,#3216,#3937,.T.);
#2392=EDGE_CURVE('',#3217,#3215,#3938,.T.);
#2393=EDGE_CURVE('',#3217,#3218,#3939,.T.);
#2394=EDGE_CURVE('',#3218,#3216,#3940,.T.);
#2395=EDGE_CURVE('',#3215,#3219,#3941,.T.);
#2396=EDGE_CURVE('',#3220,#3219,#3942,.T.);
#2397=EDGE_CURVE('',#3217,#3220,#3943,.T.);
#2398=EDGE_CURVE('',#3219,#3221,#3944,.T.);
#2399=EDGE_CURVE('',#3222,#3221,#3945,.T.);
#2400=EDGE_CURVE('',#3220,#3222,#3946,.T.);
#2401=EDGE_CURVE('',#3223,#3224,#3947,.T.);
#2402=EDGE_CURVE('',#3225,#3223,#3948,.T.);
#2403=EDGE_CURVE('',#3225,#3226,#3949,.T.);
#2404=EDGE_CURVE('',#3226,#3224,#3950,.T.);
#2405=EDGE_CURVE('',#3223,#3227,#3951,.T.);
#2406=EDGE_CURVE('',#3228,#3227,#3952,.T.);
#2407=EDGE_CURVE('',#3225,#3228,#3953,.T.);
#2408=EDGE_CURVE('',#3227,#3229,#3954,.T.);
#2409=EDGE_CURVE('',#3230,#3229,#3955,.T.);
#2410=EDGE_CURVE('',#3228,#3230,#3956,.T.);
#2411=EDGE_CURVE('',#3231,#3232,#3957,.T.);
#2412=EDGE_CURVE('',#3233,#3231,#3958,.T.);
#2413=EDGE_CURVE('',#3233,#3234,#3959,.T.);
#2414=EDGE_CURVE('',#3234,#3232,#3960,.T.);
#2415=EDGE_CURVE('',#3231,#3235,#3961,.T.);
#2416=EDGE_CURVE('',#3236,#3235,#3962,.T.);
#2417=EDGE_CURVE('',#3233,#3236,#3963,.T.);
#2418=EDGE_CURVE('',#3235,#3237,#3964,.T.);
#2419=EDGE_CURVE('',#3238,#3237,#3965,.T.);
#2420=EDGE_CURVE('',#3236,#3238,#3966,.T.);
#2421=EDGE_CURVE('',#3239,#3240,#3967,.T.);
#2422=EDGE_CURVE('',#3241,#3239,#3968,.T.);
#2423=EDGE_CURVE('',#3241,#3242,#3969,.T.);
#2424=EDGE_CURVE('',#3242,#3240,#3970,.T.);
#2425=EDGE_CURVE('',#3239,#3243,#3971,.T.);
#2426=EDGE_CURVE('',#3244,#3243,#3972,.T.);
#2427=EDGE_CURVE('',#3241,#3244,#3973,.T.);
#2428=EDGE_CURVE('',#3243,#3245,#3974,.T.);
#2429=EDGE_CURVE('',#3246,#3245,#3975,.T.);
#2430=EDGE_CURVE('',#3244,#3246,#3976,.T.);
#2431=EDGE_CURVE('',#3247,#3248,#3977,.T.);
#2432=EDGE_CURVE('',#3249,#3247,#3978,.T.);
#2433=EDGE_CURVE('',#3249,#3250,#3979,.T.);
#2434=EDGE_CURVE('',#3250,#3248,#3980,.T.);
#2435=EDGE_CURVE('',#3247,#3251,#3981,.T.);
#2436=EDGE_CURVE('',#3252,#3251,#3982,.T.);
#2437=EDGE_CURVE('',#3249,#3252,#3983,.T.);
#2438=EDGE_CURVE('',#3251,#3253,#3984,.T.);
#2439=EDGE_CURVE('',#3254,#3253,#3985,.T.);
#2440=EDGE_CURVE('',#3252,#3254,#3986,.T.);
#2441=EDGE_CURVE('',#3255,#3256,#3987,.T.);
#2442=EDGE_CURVE('',#3257,#3255,#3988,.T.);
#2443=EDGE_CURVE('',#3257,#3258,#3989,.T.);
#2444=EDGE_CURVE('',#3258,#3256,#3990,.T.);
#2445=EDGE_CURVE('',#3255,#3259,#3991,.T.);
#2446=EDGE_CURVE('',#3260,#3259,#3992,.T.);
#2447=EDGE_CURVE('',#3257,#3260,#3993,.T.);
#2448=EDGE_CURVE('',#3259,#3261,#3994,.T.);
#2449=EDGE_CURVE('',#3262,#3261,#3995,.T.);
#2450=EDGE_CURVE('',#3260,#3262,#3996,.T.);
#2451=EDGE_CURVE('',#3263,#3264,#3997,.T.);
#2452=EDGE_CURVE('',#3265,#3263,#3998,.T.);
#2453=EDGE_CURVE('',#3265,#3266,#3999,.T.);
#2454=EDGE_CURVE('',#3266,#3264,#4000,.T.);
#2455=EDGE_CURVE('',#3263,#3267,#4001,.T.);
#2456=EDGE_CURVE('',#3268,#3267,#4002,.T.);
#2457=EDGE_CURVE('',#3265,#3268,#4003,.T.);
#2458=EDGE_CURVE('',#3267,#3269,#4004,.T.);
#2459=EDGE_CURVE('',#3270,#3269,#4005,.T.);
#2460=EDGE_CURVE('',#3268,#3270,#4006,.T.);
#2461=EDGE_CURVE('',#3271,#3272,#4007,.T.);
#2462=EDGE_CURVE('',#3273,#3271,#4008,.T.);
#2463=EDGE_CURVE('',#3273,#3274,#4009,.T.);
#2464=EDGE_CURVE('',#3274,#3272,#4010,.T.);
#2465=EDGE_CURVE('',#3271,#3275,#4011,.T.);
#2466=EDGE_CURVE('',#3276,#3275,#4012,.T.);
#2467=EDGE_CURVE('',#3273,#3276,#4013,.T.);
#2468=EDGE_CURVE('',#3275,#3277,#4014,.T.);
#2469=EDGE_CURVE('',#3278,#3277,#4015,.T.);
#2470=EDGE_CURVE('',#3276,#3278,#4016,.T.);
#2471=EDGE_CURVE('',#3279,#3280,#4017,.T.);
#2472=EDGE_CURVE('',#3281,#3279,#4018,.T.);
#2473=EDGE_CURVE('',#3281,#3282,#4019,.T.);
#2474=EDGE_CURVE('',#3282,#3280,#4020,.T.);
#2475=EDGE_CURVE('',#3279,#3283,#4021,.T.);
#2476=EDGE_CURVE('',#3284,#3283,#4022,.T.);
#2477=EDGE_CURVE('',#3281,#3284,#4023,.T.);
#2478=EDGE_CURVE('',#3283,#3285,#4024,.T.);
#2479=EDGE_CURVE('',#3286,#3285,#4025,.T.);
#2480=EDGE_CURVE('',#3284,#3286,#4026,.T.);
#2481=EDGE_CURVE('',#3287,#3288,#4027,.T.);
#2482=EDGE_CURVE('',#3289,#3287,#4028,.T.);
#2483=EDGE_CURVE('',#3289,#3290,#4029,.T.);
#2484=EDGE_CURVE('',#3290,#3288,#4030,.T.);
#2485=EDGE_CURVE('',#3287,#3291,#4031,.T.);
#2486=EDGE_CURVE('',#3292,#3291,#4032,.T.);
#2487=EDGE_CURVE('',#3289,#3292,#4033,.T.);
#2488=EDGE_CURVE('',#3291,#3293,#4034,.T.);
#2489=EDGE_CURVE('',#3294,#3293,#4035,.T.);
#2490=EDGE_CURVE('',#3292,#3294,#4036,.T.);
#2491=EDGE_CURVE('',#3295,#3296,#4037,.T.);
#2492=EDGE_CURVE('',#3297,#3295,#4038,.T.);
#2493=EDGE_CURVE('',#3297,#3298,#4039,.T.);
#2494=EDGE_CURVE('',#3298,#3296,#4040,.T.);
#2495=EDGE_CURVE('',#3295,#3299,#4041,.T.);
#2496=EDGE_CURVE('',#3300,#3299,#4042,.T.);
#2497=EDGE_CURVE('',#3297,#3300,#4043,.T.);
#2498=EDGE_CURVE('',#3299,#3301,#4044,.T.);
#2499=EDGE_CURVE('',#3302,#3301,#4045,.T.);
#2500=EDGE_CURVE('',#3300,#3302,#4046,.T.);
#2501=EDGE_CURVE('',#3303,#3304,#4047,.T.);
#2502=EDGE_CURVE('',#3305,#3303,#4048,.T.);
#2503=EDGE_CURVE('',#3305,#3306,#4049,.T.);
#2504=EDGE_CURVE('',#3306,#3304,#4050,.T.);
#2505=EDGE_CURVE('',#3303,#3307,#4051,.T.);
#2506=EDGE_CURVE('',#3308,#3307,#4052,.T.);
#2507=EDGE_CURVE('',#3305,#3308,#4053,.T.);
#2508=EDGE_CURVE('',#3307,#3309,#4054,.T.);
#2509=EDGE_CURVE('',#3310,#3309,#4055,.T.);
#2510=EDGE_CURVE('',#3308,#3310,#4056,.T.);
#2511=EDGE_CURVE('',#3311,#3312,#4057,.T.);
#2512=EDGE_CURVE('',#3313,#3311,#4058,.T.);
#2513=EDGE_CURVE('',#3313,#3314,#4059,.T.);
#2514=EDGE_CURVE('',#3314,#3312,#4060,.T.);
#2515=EDGE_CURVE('',#3311,#3315,#4061,.T.);
#2516=EDGE_CURVE('',#3316,#3315,#4062,.T.);
#2517=EDGE_CURVE('',#3313,#3316,#4063,.T.);
#2518=EDGE_CURVE('',#3315,#3317,#4064,.T.);
#2519=EDGE_CURVE('',#3318,#3317,#4065,.T.);
#2520=EDGE_CURVE('',#3316,#3318,#4066,.T.);
#2521=EDGE_CURVE('',#3319,#3320,#4067,.T.);
#2522=EDGE_CURVE('',#3321,#3319,#4068,.T.);
#2523=EDGE_CURVE('',#3321,#3322,#4069,.T.);
#2524=EDGE_CURVE('',#3322,#3320,#4070,.T.);
#2525=EDGE_CURVE('',#3319,#3323,#4071,.T.);
#2526=EDGE_CURVE('',#3324,#3323,#4072,.T.);
#2527=EDGE_CURVE('',#3321,#3324,#4073,.T.);
#2528=EDGE_CURVE('',#3323,#3325,#4074,.T.);
#2529=EDGE_CURVE('',#3326,#3325,#4075,.T.);
#2530=EDGE_CURVE('',#3324,#3326,#4076,.T.);
#2531=EDGE_CURVE('',#3327,#3328,#4077,.T.);
#2532=EDGE_CURVE('',#3329,#3327,#4078,.T.);
#2533=EDGE_CURVE('',#3329,#3330,#4079,.T.);
#2534=EDGE_CURVE('',#3330,#3328,#4080,.T.);
#2535=EDGE_CURVE('',#3327,#3331,#4081,.T.);
#2536=EDGE_CURVE('',#3332,#3331,#4082,.T.);
#2537=EDGE_CURVE('',#3329,#3332,#4083,.T.);
#2538=EDGE_CURVE('',#3331,#3333,#4084,.T.);
#2539=EDGE_CURVE('',#3334,#3333,#4085,.T.);
#2540=EDGE_CURVE('',#3332,#3334,#4086,.T.);
#2541=EDGE_CURVE('',#3335,#3336,#4087,.T.);
#2542=EDGE_CURVE('',#3337,#3335,#4088,.T.);
#2543=EDGE_CURVE('',#3337,#3338,#4089,.T.);
#2544=EDGE_CURVE('',#3338,#3336,#4090,.T.);
#2545=EDGE_CURVE('',#3335,#3339,#4091,.T.);
#2546=EDGE_CURVE('',#3340,#3339,#4092,.T.);
#2547=EDGE_CURVE('',#3337,#3340,#4093,.T.);
#2548=EDGE_CURVE('',#3339,#3341,#4094,.T.);
#2549=EDGE_CURVE('',#3342,#3341,#4095,.T.);
#2550=EDGE_CURVE('',#3340,#3342,#4096,.T.);
#2551=EDGE_CURVE('',#3343,#3344,#4097,.T.);
#2552=EDGE_CURVE('',#3345,#3343,#4098,.T.);
#2553=EDGE_CURVE('',#3345,#3346,#4099,.T.);
#2554=EDGE_CURVE('',#3346,#3344,#4100,.T.);
#2555=EDGE_CURVE('',#3343,#3347,#4101,.T.);
#2556=EDGE_CURVE('',#3348,#3347,#4102,.T.);
#2557=EDGE_CURVE('',#3345,#3348,#4103,.T.);
#2558=EDGE_CURVE('',#3347,#3349,#4104,.T.);
#2559=EDGE_CURVE('',#3350,#3349,#4105,.T.);
#2560=EDGE_CURVE('',#3348,#3350,#4106,.T.);
#2561=EDGE_CURVE('',#3351,#3352,#4107,.T.);
#2562=EDGE_CURVE('',#3353,#3351,#4108,.T.);
#2563=EDGE_CURVE('',#3353,#3354,#4109,.T.);
#2564=EDGE_CURVE('',#3354,#3352,#4110,.T.);
#2565=EDGE_CURVE('',#3351,#3355,#4111,.T.);
#2566=EDGE_CURVE('',#3356,#3355,#4112,.T.);
#2567=EDGE_CURVE('',#3353,#3356,#4113,.T.);
#2568=EDGE_CURVE('',#3355,#3357,#4114,.T.);
#2569=EDGE_CURVE('',#3358,#3357,#4115,.T.);
#2570=EDGE_CURVE('',#3356,#3358,#4116,.T.);
#2571=EDGE_CURVE('',#3359,#3360,#4117,.T.);
#2572=EDGE_CURVE('',#3361,#3359,#4118,.T.);
#2573=EDGE_CURVE('',#3361,#3362,#4119,.T.);
#2574=EDGE_CURVE('',#3362,#3360,#4120,.T.);
#2575=EDGE_CURVE('',#3359,#3363,#4121,.T.);
#2576=EDGE_CURVE('',#3364,#3363,#4122,.T.);
#2577=EDGE_CURVE('',#3361,#3364,#4123,.T.);
#2578=EDGE_CURVE('',#3363,#3365,#4124,.T.);
#2579=EDGE_CURVE('',#3366,#3365,#4125,.T.);
#2580=EDGE_CURVE('',#3364,#3366,#4126,.T.);
#2581=EDGE_CURVE('',#3367,#3368,#4127,.T.);
#2582=EDGE_CURVE('',#3369,#3367,#4128,.T.);
#2583=EDGE_CURVE('',#3369,#3370,#4129,.T.);
#2584=EDGE_CURVE('',#3370,#3368,#4130,.T.);
#2585=EDGE_CURVE('',#3367,#3371,#4131,.T.);
#2586=EDGE_CURVE('',#3372,#3371,#4132,.T.);
#2587=EDGE_CURVE('',#3369,#3372,#4133,.T.);
#2588=EDGE_CURVE('',#3371,#3373,#4134,.T.);
#2589=EDGE_CURVE('',#3374,#3373,#4135,.T.);
#2590=EDGE_CURVE('',#3372,#3374,#4136,.T.);
#2591=EDGE_CURVE('',#3375,#3376,#4137,.T.);
#2592=EDGE_CURVE('',#3377,#3375,#4138,.T.);
#2593=EDGE_CURVE('',#3377,#3378,#4139,.T.);
#2594=EDGE_CURVE('',#3378,#3376,#4140,.T.);
#2595=EDGE_CURVE('',#3375,#3379,#4141,.T.);
#2596=EDGE_CURVE('',#3380,#3379,#4142,.T.);
#2597=EDGE_CURVE('',#3377,#3380,#4143,.T.);
#2598=EDGE_CURVE('',#3379,#3381,#4144,.T.);
#2599=EDGE_CURVE('',#3382,#3381,#4145,.T.);
#2600=EDGE_CURVE('',#3380,#3382,#4146,.T.);
#2601=EDGE_CURVE('',#3383,#3384,#4147,.T.);
#2602=EDGE_CURVE('',#3385,#3383,#4148,.T.);
#2603=EDGE_CURVE('',#3385,#3386,#4149,.T.);
#2604=EDGE_CURVE('',#3386,#3384,#4150,.T.);
#2605=EDGE_CURVE('',#3383,#3387,#4151,.T.);
#2606=EDGE_CURVE('',#3388,#3387,#4152,.T.);
#2607=EDGE_CURVE('',#3385,#3388,#4153,.T.);
#2608=EDGE_CURVE('',#3387,#3389,#4154,.T.);
#2609=EDGE_CURVE('',#3390,#3389,#4155,.T.);
#2610=EDGE_CURVE('',#3388,#3390,#4156,.T.);
#2611=EDGE_CURVE('',#3391,#3392,#4157,.T.);
#2612=EDGE_CURVE('',#3393,#3391,#4158,.T.);
#2613=EDGE_CURVE('',#3393,#3394,#4159,.T.);
#2614=EDGE_CURVE('',#3394,#3392,#4160,.T.);
#2615=EDGE_CURVE('',#3391,#3395,#4161,.T.);
#2616=EDGE_CURVE('',#3396,#3395,#4162,.T.);
#2617=EDGE_CURVE('',#3393,#3396,#4163,.T.);
#2618=EDGE_CURVE('',#3395,#3397,#4164,.T.);
#2619=EDGE_CURVE('',#3398,#3397,#4165,.T.);
#2620=EDGE_CURVE('',#3396,#3398,#4166,.T.);
#2621=EDGE_CURVE('',#3399,#3397,#4167,.T.);
#2622=EDGE_CURVE('',#3400,#3399,#4168,.T.);
#2623=EDGE_CURVE('',#3400,#3398,#4169,.T.);
#2624=EDGE_CURVE('',#3401,#3402,#12,.T.);
#2625=EDGE_CURVE('',#3403,#3401,#4170,.T.);
#2626=EDGE_CURVE('',#3403,#3404,#13,.T.);
#2627=EDGE_CURVE('',#3404,#3402,#4171,.T.);
#2628=EDGE_CURVE('',#3401,#3405,#4172,.T.);
#2629=EDGE_CURVE('',#3406,#3405,#4173,.T.);
#2630=EDGE_CURVE('',#3403,#3406,#4174,.T.);
#2631=EDGE_CURVE('',#3407,#3405,#4175,.T.);
#2632=EDGE_CURVE('',#3408,#3407,#4176,.T.);
#2633=EDGE_CURVE('',#3408,#3406,#4177,.T.);
#2634=EDGE_CURVE('',#3409,#3407,#4178,.T.);
#2635=EDGE_CURVE('',#3410,#3409,#4179,.T.);
#2636=EDGE_CURVE('',#3410,#3408,#4180,.T.);
#2637=EDGE_CURVE('',#3411,#3412,#4181,.T.);
#2638=EDGE_CURVE('',#3413,#3411,#4182,.T.);
#2639=EDGE_CURVE('',#3413,#3414,#4183,.T.);
#2640=EDGE_CURVE('',#3414,#3412,#4184,.T.);
#2641=EDGE_CURVE('',#3411,#3415,#4185,.T.);
#2642=EDGE_CURVE('',#3416,#3415,#4186,.T.);
#2643=EDGE_CURVE('',#3413,#3416,#4187,.T.);
#2644=EDGE_CURVE('',#3415,#3417,#4188,.T.);
#2645=EDGE_CURVE('',#3418,#3417,#4189,.T.);
#2646=EDGE_CURVE('',#3416,#3418,#4190,.T.);
#2647=EDGE_CURVE('',#2832,#2837,#4191,.T.);
#2648=EDGE_CURVE('',#2834,#2838,#4192,.T.);
#2649=EDGE_CURVE('',#2840,#2845,#4193,.T.);
#2650=EDGE_CURVE('',#2842,#2846,#4194,.T.);
#2651=EDGE_CURVE('',#2848,#2853,#4195,.T.);
#2652=EDGE_CURVE('',#2850,#2854,#4196,.T.);
#2653=EDGE_CURVE('',#2856,#2861,#4197,.T.);
#2654=EDGE_CURVE('',#2858,#2862,#4198,.T.);
#2655=EDGE_CURVE('',#2864,#2869,#4199,.T.);
#2656=EDGE_CURVE('',#2866,#2870,#4200,.T.);
#2657=EDGE_CURVE('',#2872,#2877,#4201,.T.);
#2658=EDGE_CURVE('',#2874,#2878,#4202,.T.);
#2659=EDGE_CURVE('',#2880,#2885,#4203,.T.);
#2660=EDGE_CURVE('',#2882,#2886,#4204,.T.);
#2661=EDGE_CURVE('',#2888,#2893,#4205,.T.);
#2662=EDGE_CURVE('',#2890,#2894,#4206,.T.);
#2663=EDGE_CURVE('',#2896,#2901,#4207,.T.);
#2664=EDGE_CURVE('',#2898,#2902,#4208,.T.);
#2665=EDGE_CURVE('',#2904,#2909,#4209,.T.);
#2666=EDGE_CURVE('',#2906,#2910,#4210,.T.);
#2667=EDGE_CURVE('',#2912,#2917,#4211,.T.);
#2668=EDGE_CURVE('',#2914,#2918,#4212,.T.);
#2669=EDGE_CURVE('',#2920,#2925,#4213,.T.);
#2670=EDGE_CURVE('',#2922,#2926,#4214,.T.);
#2671=EDGE_CURVE('',#2928,#2933,#4215,.T.);
#2672=EDGE_CURVE('',#2930,#2934,#4216,.T.);
#2673=EDGE_CURVE('',#2936,#2941,#4217,.T.);
#2674=EDGE_CURVE('',#2938,#2942,#4218,.T.);
#2675=EDGE_CURVE('',#2944,#2949,#4219,.T.);
#2676=EDGE_CURVE('',#2946,#2950,#4220,.T.);
#2677=EDGE_CURVE('',#2952,#2957,#4221,.T.);
#2678=EDGE_CURVE('',#2954,#2958,#4222,.T.);
#2679=EDGE_CURVE('',#2960,#2965,#4223,.T.);
#2680=EDGE_CURVE('',#2962,#2966,#4224,.T.);
#2681=EDGE_CURVE('',#2968,#2973,#4225,.T.);
#2682=EDGE_CURVE('',#2970,#2974,#4226,.T.);
#2683=EDGE_CURVE('',#2976,#2981,#4227,.T.);
#2684=EDGE_CURVE('',#2978,#2982,#4228,.T.);
#2685=EDGE_CURVE('',#2984,#2989,#4229,.T.);
#2686=EDGE_CURVE('',#2986,#2990,#4230,.T.);
#2687=EDGE_CURVE('',#2992,#2997,#4231,.T.);
#2688=EDGE_CURVE('',#2994,#2998,#4232,.T.);
#2689=EDGE_CURVE('',#3000,#3005,#4233,.T.);
#2690=EDGE_CURVE('',#3002,#3006,#4234,.T.);
#2691=EDGE_CURVE('',#3008,#3013,#4235,.T.);
#2692=EDGE_CURVE('',#3010,#3014,#4236,.T.);
#2693=EDGE_CURVE('',#3016,#3021,#4237,.T.);
#2694=EDGE_CURVE('',#3018,#3022,#4238,.T.);
#2695=EDGE_CURVE('',#3024,#3029,#4239,.T.);
#2696=EDGE_CURVE('',#3026,#3030,#4240,.T.);
#2697=EDGE_CURVE('',#3032,#3037,#4241,.T.);
#2698=EDGE_CURVE('',#3034,#3038,#4242,.T.);
#2699=EDGE_CURVE('',#3040,#3045,#4243,.T.);
#2700=EDGE_CURVE('',#3042,#3046,#4244,.T.);
#2701=EDGE_CURVE('',#3048,#3053,#4245,.T.);
#2702=EDGE_CURVE('',#3050,#3054,#4246,.T.);
#2703=EDGE_CURVE('',#3056,#3061,#4247,.T.);
#2704=EDGE_CURVE('',#3058,#3062,#4248,.T.);
#2705=EDGE_CURVE('',#3064,#3069,#4249,.T.);
#2706=EDGE_CURVE('',#3066,#3070,#4250,.T.);
#2707=EDGE_CURVE('',#3072,#3077,#4251,.T.);
#2708=EDGE_CURVE('',#3074,#3078,#4252,.T.);
#2709=EDGE_CURVE('',#3080,#3085,#4253,.T.);
#2710=EDGE_CURVE('',#3082,#3086,#4254,.T.);
#2711=EDGE_CURVE('',#3088,#3093,#4255,.T.);
#2712=EDGE_CURVE('',#3090,#3094,#4256,.T.);
#2713=EDGE_CURVE('',#3096,#3101,#4257,.T.);
#2714=EDGE_CURVE('',#3098,#3102,#4258,.T.);
#2715=EDGE_CURVE('',#3104,#3109,#4259,.T.);
#2716=EDGE_CURVE('',#3106,#3110,#4260,.T.);
#2717=EDGE_CURVE('',#3112,#3117,#4261,.T.);
#2718=EDGE_CURVE('',#3114,#3118,#4262,.T.);
#2719=EDGE_CURVE('',#3120,#3125,#4263,.T.);
#2720=EDGE_CURVE('',#3122,#3126,#4264,.T.);
#2721=EDGE_CURVE('',#3128,#3133,#4265,.T.);
#2722=EDGE_CURVE('',#3130,#3134,#4266,.T.);
#2723=EDGE_CURVE('',#3136,#3141,#4267,.T.);
#2724=EDGE_CURVE('',#3138,#3142,#4268,.T.);
#2725=EDGE_CURVE('',#3144,#3149,#4269,.T.);
#2726=EDGE_CURVE('',#3146,#3150,#4270,.T.);
#2727=EDGE_CURVE('',#3152,#3157,#4271,.T.);
#2728=EDGE_CURVE('',#3154,#3158,#4272,.T.);
#2729=EDGE_CURVE('',#3160,#3165,#4273,.T.);
#2730=EDGE_CURVE('',#3162,#3166,#4274,.T.);
#2731=EDGE_CURVE('',#3168,#3173,#4275,.T.);
#2732=EDGE_CURVE('',#3170,#3174,#4276,.T.);
#2733=EDGE_CURVE('',#3176,#3181,#4277,.T.);
#2734=EDGE_CURVE('',#3178,#3182,#4278,.T.);
#2735=EDGE_CURVE('',#3184,#3189,#4279,.T.);
#2736=EDGE_CURVE('',#3186,#3190,#4280,.T.);
#2737=EDGE_CURVE('',#3192,#3197,#4281,.T.);
#2738=EDGE_CURVE('',#3194,#3198,#4282,.T.);
#2739=EDGE_CURVE('',#3200,#3205,#4283,.T.);
#2740=EDGE_CURVE('',#3202,#3206,#4284,.T.);
#2741=EDGE_CURVE('',#3208,#3213,#4285,.T.);
#2742=EDGE_CURVE('',#3210,#3214,#4286,.T.);
#2743=EDGE_CURVE('',#3216,#3221,#4287,.T.);
#2744=EDGE_CURVE('',#3218,#3222,#4288,.T.);
#2745=EDGE_CURVE('',#3224,#3229,#4289,.T.);
#2746=EDGE_CURVE('',#3226,#3230,#4290,.T.);
#2747=EDGE_CURVE('',#3232,#3237,#4291,.T.);
#2748=EDGE_CURVE('',#3234,#3238,#4292,.T.);
#2749=EDGE_CURVE('',#3240,#3245,#4293,.T.);
#2750=EDGE_CURVE('',#3242,#3246,#4294,.T.);
#2751=EDGE_CURVE('',#3248,#3253,#4295,.T.);
#2752=EDGE_CURVE('',#3250,#3254,#4296,.T.);
#2753=EDGE_CURVE('',#3256,#3261,#4297,.T.);
#2754=EDGE_CURVE('',#3258,#3262,#4298,.T.);
#2755=EDGE_CURVE('',#3264,#3269,#4299,.T.);
#2756=EDGE_CURVE('',#3266,#3270,#4300,.T.);
#2757=EDGE_CURVE('',#3272,#3277,#4301,.T.);
#2758=EDGE_CURVE('',#3274,#3278,#4302,.T.);
#2759=EDGE_CURVE('',#3280,#3285,#4303,.T.);
#2760=EDGE_CURVE('',#3282,#3286,#4304,.T.);
#2761=EDGE_CURVE('',#3288,#3293,#4305,.T.);
#2762=EDGE_CURVE('',#3290,#3294,#4306,.T.);
#2763=EDGE_CURVE('',#3296,#3301,#4307,.T.);
#2764=EDGE_CURVE('',#3298,#3302,#4308,.T.);
#2765=EDGE_CURVE('',#3304,#3309,#4309,.T.);
#2766=EDGE_CURVE('',#3306,#3310,#4310,.T.);
#2767=EDGE_CURVE('',#3312,#3317,#4311,.T.);
#2768=EDGE_CURVE('',#3314,#3318,#4312,.T.);
#2769=EDGE_CURVE('',#3320,#3325,#4313,.T.);
#2770=EDGE_CURVE('',#3322,#3326,#4314,.T.);
#2771=EDGE_CURVE('',#3328,#3333,#4315,.T.);
#2772=EDGE_CURVE('',#3330,#3334,#4316,.T.);
#2773=EDGE_CURVE('',#3336,#3341,#4317,.T.);
#2774=EDGE_CURVE('',#3338,#3342,#4318,.T.);
#2775=EDGE_CURVE('',#3344,#3349,#4319,.T.);
#2776=EDGE_CURVE('',#3346,#3350,#4320,.T.);
#2777=EDGE_CURVE('',#3352,#3357,#4321,.T.);
#2778=EDGE_CURVE('',#3354,#3358,#4322,.T.);
#2779=EDGE_CURVE('',#3360,#3365,#4323,.T.);
#2780=EDGE_CURVE('',#3362,#3366,#4324,.T.);
#2781=EDGE_CURVE('',#3368,#3373,#4325,.T.);
#2782=EDGE_CURVE('',#3370,#3374,#4326,.T.);
#2783=EDGE_CURVE('',#3376,#3381,#4327,.T.);
#2784=EDGE_CURVE('',#3378,#3382,#4328,.T.);
#2785=EDGE_CURVE('',#3384,#3389,#4329,.T.);
#2786=EDGE_CURVE('',#3386,#3390,#4330,.T.);
#2787=EDGE_CURVE('',#3392,#3399,#4331,.T.);
#2788=EDGE_CURVE('',#3394,#3400,#4332,.T.);
#2789=EDGE_CURVE('',#3409,#3402,#4333,.T.);
#2790=EDGE_CURVE('',#3410,#3404,#4334,.T.);
#2791=EDGE_CURVE('',#3419,#3419,#14,.T.);
#2792=EDGE_CURVE('',#3420,#3420,#15,.T.);
#2793=EDGE_CURVE('',#3412,#3417,#4335,.T.);
#2794=EDGE_CURVE('',#3414,#3418,#4336,.T.);
#2795=EDGE_CURVE('',#3421,#3421,#16,.T.);
#2796=EDGE_CURVE('',#3422,#3422,#17,.T.);
#2797=EDGE_CURVE('',#3423,#3423,#18,.T.);
#2798=EDGE_CURVE('',#3424,#3424,#19,.T.);
#2799=EDGE_CURVE('',#3425,#3425,#20,.T.);
#2800=EDGE_CURVE('',#3426,#3426,#21,.T.);
#2801=EDGE_CURVE('',#3427,#3427,#22,.T.);
#2802=EDGE_CURVE('',#3428,#3428,#23,.T.);
#2803=EDGE_CURVE('',#3429,#3429,#24,.T.);
#2804=EDGE_CURVE('',#3430,#3430,#25,.T.);
#2805=EDGE_CURVE('',#3431,#3431,#26,.T.);
#2806=EDGE_CURVE('',#3432,#3432,#27,.T.);
#2807=EDGE_CURVE('',#3433,#3433,#28,.T.);
#2808=EDGE_CURVE('',#3434,#3434,#29,.T.);
#2809=EDGE_CURVE('',#3435,#3435,#30,.T.);
#2810=EDGE_CURVE('',#3436,#3436,#31,.T.);
#2811=EDGE_CURVE('',#3437,#3437,#32,.T.);
#2812=EDGE_CURVE('',#3438,#3438,#33,.T.);
#2813=EDGE_CURVE('',#3439,#3439,#34,.T.);
#2814=EDGE_CURVE('',#3440,#3440,#35,.T.);
#2815=EDGE_CURVE('',#3441,#3441,#36,.T.);
#2816=EDGE_CURVE('',#3442,#3442,#37,.T.);
#2817=EDGE_CURVE('',#3443,#3443,#38,.T.);
#2818=EDGE_CURVE('',#3444,#3444,#39,.T.);
#2819=EDGE_CURVE('',#3445,#3445,#40,.T.);
#2820=EDGE_CURVE('',#3446,#3446,#41,.T.);
#2821=EDGE_CURVE('',#2824,#2829,#4337,.T.);
#2822=EDGE_CURVE('',#2826,#2830,#4338,.T.);
#2823=VERTEX_POINT('',#8790);
#2824=VERTEX_POINT('',#8791);
#2825=VERTEX_POINT('',#8793);
#2826=VERTEX_POINT('',#8795);
#2827=VERTEX_POINT('',#8799);
#2828=VERTEX_POINT('',#8801);
#2829=VERTEX_POINT('',#8805);
#2830=VERTEX_POINT('',#8807);
#2831=VERTEX_POINT('',#8811);
#2832=VERTEX_POINT('',#8812);
#2833=VERTEX_POINT('',#8814);
#2834=VERTEX_POINT('',#8816);
#2835=VERTEX_POINT('',#8820);
#2836=VERTEX_POINT('',#8822);
#2837=VERTEX_POINT('',#8826);
#2838=VERTEX_POINT('',#8828);
#2839=VERTEX_POINT('',#8832);
#2840=VERTEX_POINT('',#8833);
#2841=VERTEX_POINT('',#8835);
#2842=VERTEX_POINT('',#8837);
#2843=VERTEX_POINT('',#8841);
#2844=VERTEX_POINT('',#8843);
#2845=VERTEX_POINT('',#8847);
#2846=VERTEX_POINT('',#8849);
#2847=VERTEX_POINT('',#8853);
#2848=VERTEX_POINT('',#8854);
#2849=VERTEX_POINT('',#8856);
#2850=VERTEX_POINT('',#8858);
#2851=VERTEX_POINT('',#8862);
#2852=VERTEX_POINT('',#8864);
#2853=VERTEX_POINT('',#8868);
#2854=VERTEX_POINT('',#8870);
#2855=VERTEX_POINT('',#8874);
#2856=VERTEX_POINT('',#8875);
#2857=VERTEX_POINT('',#8877);
#2858=VERTEX_POINT('',#8879);
#2859=VERTEX_POINT('',#8883);
#2860=VERTEX_POINT('',#8885);
#2861=VERTEX_POINT('',#8889);
#2862=VERTEX_POINT('',#8891);
#2863=VERTEX_POINT('',#8895);
#2864=VERTEX_POINT('',#8896);
#2865=VERTEX_POINT('',#8898);
#2866=VERTEX_POINT('',#8900);
#2867=VERTEX_POINT('',#8904);
#2868=VERTEX_POINT('',#8906);
#2869=VERTEX_POINT('',#8910);
#2870=VERTEX_POINT('',#8912);
#2871=VERTEX_POINT('',#8916);
#2872=VERTEX_POINT('',#8917);
#2873=VERTEX_POINT('',#8919);
#2874=VERTEX_POINT('',#8921);
#2875=VERTEX_POINT('',#8925);
#2876=VERTEX_POINT('',#8927);
#2877=VERTEX_POINT('',#8931);
#2878=VERTEX_POINT('',#8933);
#2879=VERTEX_POINT('',#8937);
#2880=VERTEX_POINT('',#8938);
#2881=VERTEX_POINT('',#8940);
#2882=VERTEX_POINT('',#8942);
#2883=VERTEX_POINT('',#8946);
#2884=VERTEX_POINT('',#8948);
#2885=VERTEX_POINT('',#8952);
#2886=VERTEX_POINT('',#8954);
#2887=VERTEX_POINT('',#8958);
#2888=VERTEX_POINT('',#8959);
#2889=VERTEX_POINT('',#8961);
#2890=VERTEX_POINT('',#8963);
#2891=VERTEX_POINT('',#8967);
#2892=VERTEX_POINT('',#8969);
#2893=VERTEX_POINT('',#8973);
#2894=VERTEX_POINT('',#8975);
#2895=VERTEX_POINT('',#8979);
#2896=VERTEX_POINT('',#8980);
#2897=VERTEX_POINT('',#8982);
#2898=VERTEX_POINT('',#8984);
#2899=VERTEX_POINT('',#8988);
#2900=VERTEX_POINT('',#8990);
#2901=VERTEX_POINT('',#8994);
#2902=VERTEX_POINT('',#8996);
#2903=VERTEX_POINT('',#9000);
#2904=VERTEX_POINT('',#9001);
#2905=VERTEX_POINT('',#9003);
#2906=VERTEX_POINT('',#9005);
#2907=VERTEX_POINT('',#9009);
#2908=VERTEX_POINT('',#9011);
#2909=VERTEX_POINT('',#9015);
#2910=VERTEX_POINT('',#9017);
#2911=VERTEX_POINT('',#9021);
#2912=VERTEX_POINT('',#9022);
#2913=VERTEX_POINT('',#9024);
#2914=VERTEX_POINT('',#9026);
#2915=VERTEX_POINT('',#9030);
#2916=VERTEX_POINT('',#9032);
#2917=VERTEX_POINT('',#9036);
#2918=VERTEX_POINT('',#9038);
#2919=VERTEX_POINT('',#9042);
#2920=VERTEX_POINT('',#9043);
#2921=VERTEX_POINT('',#9045);
#2922=VERTEX_POINT('',#9047);
#2923=VERTEX_POINT('',#9051);
#2924=VERTEX_POINT('',#9053);
#2925=VERTEX_POINT('',#9057);
#2926=VERTEX_POINT('',#9059);
#2927=VERTEX_POINT('',#9063);
#2928=VERTEX_POINT('',#9064);
#2929=VERTEX_POINT('',#9066);
#2930=VERTEX_POINT('',#9068);
#2931=VERTEX_POINT('',#9072);
#2932=VERTEX_POINT('',#9074);
#2933=VERTEX_POINT('',#9078);
#2934=VERTEX_POINT('',#9080);
#2935=VERTEX_POINT('',#9084);
#2936=VERTEX_POINT('',#9085);
#2937=VERTEX_POINT('',#9087);
#2938=VERTEX_POINT('',#9089);
#2939=VERTEX_POINT('',#9093);
#2940=VERTEX_POINT('',#9095);
#2941=VERTEX_POINT('',#9099);
#2942=VERTEX_POINT('',#9101);
#2943=VERTEX_POINT('',#9105);
#2944=VERTEX_POINT('',#9106);
#2945=VERTEX_POINT('',#9108);
#2946=VERTEX_POINT('',#9110);
#2947=VERTEX_POINT('',#9114);
#2948=VERTEX_POINT('',#9116);
#2949=VERTEX_POINT('',#9120);
#2950=VERTEX_POINT('',#9122);
#2951=VERTEX_POINT('',#9126);
#2952=VERTEX_POINT('',#9127);
#2953=VERTEX_POINT('',#9129);
#2954=VERTEX_POINT('',#9131);
#2955=VERTEX_POINT('',#9135);
#2956=VERTEX_POINT('',#9137);
#2957=VERTEX_POINT('',#9141);
#2958=VERTEX_POINT('',#9143);
#2959=VERTEX_POINT('',#9147);
#2960=VERTEX_POINT('',#9148);
#2961=VERTEX_POINT('',#9150);
#2962=VERTEX_POINT('',#9152);
#2963=VERTEX_POINT('',#9156);
#2964=VERTEX_POINT('',#9158);
#2965=VERTEX_POINT('',#9162);
#2966=VERTEX_POINT('',#9164);
#2967=VERTEX_POINT('',#9168);
#2968=VERTEX_POINT('',#9169);
#2969=VERTEX_POINT('',#9171);
#2970=VERTEX_POINT('',#9173);
#2971=VERTEX_POINT('',#9177);
#2972=VERTEX_POINT('',#9179);
#2973=VERTEX_POINT('',#9183);
#2974=VERTEX_POINT('',#9185);
#2975=VERTEX_POINT('',#9189);
#2976=VERTEX_POINT('',#9190);
#2977=VERTEX_POINT('',#9192);
#2978=VERTEX_POINT('',#9194);
#2979=VERTEX_POINT('',#9198);
#2980=VERTEX_POINT('',#9200);
#2981=VERTEX_POINT('',#9204);
#2982=VERTEX_POINT('',#9206);
#2983=VERTEX_POINT('',#9210);
#2984=VERTEX_POINT('',#9211);
#2985=VERTEX_POINT('',#9213);
#2986=VERTEX_POINT('',#9215);
#2987=VERTEX_POINT('',#9219);
#2988=VERTEX_POINT('',#9221);
#2989=VERTEX_POINT('',#9225);
#2990=VERTEX_POINT('',#9227);
#2991=VERTEX_POINT('',#9231);
#2992=VERTEX_POINT('',#9232);
#2993=VERTEX_POINT('',#9234);
#2994=VERTEX_POINT('',#9236);
#2995=VERTEX_POINT('',#9240);
#2996=VERTEX_POINT('',#9242);
#2997=VERTEX_POINT('',#9246);
#2998=VERTEX_POINT('',#9248);
#2999=VERTEX_POINT('',#9252);
#3000=VERTEX_POINT('',#9253);
#3001=VERTEX_POINT('',#9255);
#3002=VERTEX_POINT('',#9257);
#3003=VERTEX_POINT('',#9261);
#3004=VERTEX_POINT('',#9263);
#3005=VERTEX_POINT('',#9267);
#3006=VERTEX_POINT('',#9269);
#3007=VERTEX_POINT('',#9273);
#3008=VERTEX_POINT('',#9274);
#3009=VERTEX_POINT('',#9276);
#3010=VERTEX_POINT('',#9278);
#3011=VERTEX_POINT('',#9282);
#3012=VERTEX_POINT('',#9284);
#3013=VERTEX_POINT('',#9288);
#3014=VERTEX_POINT('',#9290);
#3015=VERTEX_POINT('',#9294);
#3016=VERTEX_POINT('',#9295);
#3017=VERTEX_POINT('',#9297);
#3018=VERTEX_POINT('',#9299);
#3019=VERTEX_POINT('',#9303);
#3020=VERTEX_POINT('',#9305);
#3021=VERTEX_POINT('',#9309);
#3022=VERTEX_POINT('',#9311);
#3023=VERTEX_POINT('',#9315);
#3024=VERTEX_POINT('',#9316);
#3025=VERTEX_POINT('',#9318);
#3026=VERTEX_POINT('',#9320);
#3027=VERTEX_POINT('',#9324);
#3028=VERTEX_POINT('',#9326);
#3029=VERTEX_POINT('',#9330);
#3030=VERTEX_POINT('',#9332);
#3031=VERTEX_POINT('',#9336);
#3032=VERTEX_POINT('',#9337);
#3033=VERTEX_POINT('',#9339);
#3034=VERTEX_POINT('',#9341);
#3035=VERTEX_POINT('',#9345);
#3036=VERTEX_POINT('',#9347);
#3037=VERTEX_POINT('',#9351);
#3038=VERTEX_POINT('',#9353);
#3039=VERTEX_POINT('',#9357);
#3040=VERTEX_POINT('',#9358);
#3041=VERTEX_POINT('',#9360);
#3042=VERTEX_POINT('',#9362);
#3043=VERTEX_POINT('',#9366);
#3044=VERTEX_POINT('',#9368);
#3045=VERTEX_POINT('',#9372);
#3046=VERTEX_POINT('',#9374);
#3047=VERTEX_POINT('',#9378);
#3048=VERTEX_POINT('',#9379);
#3049=VERTEX_POINT('',#9381);
#3050=VERTEX_POINT('',#9383);
#3051=VERTEX_POINT('',#9387);
#3052=VERTEX_POINT('',#9389);
#3053=VERTEX_POINT('',#9393);
#3054=VERTEX_POINT('',#9395);
#3055=VERTEX_POINT('',#9399);
#3056=VERTEX_POINT('',#9400);
#3057=VERTEX_POINT('',#9402);
#3058=VERTEX_POINT('',#9404);
#3059=VERTEX_POINT('',#9408);
#3060=VERTEX_POINT('',#9410);
#3061=VERTEX_POINT('',#9414);
#3062=VERTEX_POINT('',#9416);
#3063=VERTEX_POINT('',#9420);
#3064=VERTEX_POINT('',#9421);
#3065=VERTEX_POINT('',#9423);
#3066=VERTEX_POINT('',#9425);
#3067=VERTEX_POINT('',#9429);
#3068=VERTEX_POINT('',#9431);
#3069=VERTEX_POINT('',#9435);
#3070=VERTEX_POINT('',#9437);
#3071=VERTEX_POINT('',#9441);
#3072=VERTEX_POINT('',#9442);
#3073=VERTEX_POINT('',#9444);
#3074=VERTEX_POINT('',#9446);
#3075=VERTEX_POINT('',#9450);
#3076=VERTEX_POINT('',#9452);
#3077=VERTEX_POINT('',#9456);
#3078=VERTEX_POINT('',#9458);
#3079=VERTEX_POINT('',#9462);
#3080=VERTEX_POINT('',#9463);
#3081=VERTEX_POINT('',#9465);
#3082=VERTEX_POINT('',#9467);
#3083=VERTEX_POINT('',#9471);
#3084=VERTEX_POINT('',#9473);
#3085=VERTEX_POINT('',#9477);
#3086=VERTEX_POINT('',#9479);
#3087=VERTEX_POINT('',#9483);
#3088=VERTEX_POINT('',#9484);
#3089=VERTEX_POINT('',#9486);
#3090=VERTEX_POINT('',#9488);
#3091=VERTEX_POINT('',#9492);
#3092=VERTEX_POINT('',#9494);
#3093=VERTEX_POINT('',#9498);
#3094=VERTEX_POINT('',#9500);
#3095=VERTEX_POINT('',#9504);
#3096=VERTEX_POINT('',#9505);
#3097=VERTEX_POINT('',#9507);
#3098=VERTEX_POINT('',#9509);
#3099=VERTEX_POINT('',#9513);
#3100=VERTEX_POINT('',#9515);
#3101=VERTEX_POINT('',#9519);
#3102=VERTEX_POINT('',#9521);
#3103=VERTEX_POINT('',#9525);
#3104=VERTEX_POINT('',#9526);
#3105=VERTEX_POINT('',#9528);
#3106=VERTEX_POINT('',#9530);
#3107=VERTEX_POINT('',#9534);
#3108=VERTEX_POINT('',#9536);
#3109=VERTEX_POINT('',#9540);
#3110=VERTEX_POINT('',#9542);
#3111=VERTEX_POINT('',#9546);
#3112=VERTEX_POINT('',#9547);
#3113=VERTEX_POINT('',#9549);
#3114=VERTEX_POINT('',#9551);
#3115=VERTEX_POINT('',#9555);
#3116=VERTEX_POINT('',#9557);
#3117=VERTEX_POINT('',#9561);
#3118=VERTEX_POINT('',#9563);
#3119=VERTEX_POINT('',#9567);
#3120=VERTEX_POINT('',#9568);
#3121=VERTEX_POINT('',#9570);
#3122=VERTEX_POINT('',#9572);
#3123=VERTEX_POINT('',#9576);
#3124=VERTEX_POINT('',#9578);
#3125=VERTEX_POINT('',#9582);
#3126=VERTEX_POINT('',#9584);
#3127=VERTEX_POINT('',#9588);
#3128=VERTEX_POINT('',#9589);
#3129=VERTEX_POINT('',#9591);
#3130=VERTEX_POINT('',#9593);
#3131=VERTEX_POINT('',#9597);
#3132=VERTEX_POINT('',#9599);
#3133=VERTEX_POINT('',#9603);
#3134=VERTEX_POINT('',#9605);
#3135=VERTEX_POINT('',#9609);
#3136=VERTEX_POINT('',#9610);
#3137=VERTEX_POINT('',#9612);
#3138=VERTEX_POINT('',#9614);
#3139=VERTEX_POINT('',#9618);
#3140=VERTEX_POINT('',#9620);
#3141=VERTEX_POINT('',#9624);
#3142=VERTEX_POINT('',#9626);
#3143=VERTEX_POINT('',#9630);
#3144=VERTEX_POINT('',#9631);
#3145=VERTEX_POINT('',#9633);
#3146=VERTEX_POINT('',#9635);
#3147=VERTEX_POINT('',#9639);
#3148=VERTEX_POINT('',#9641);
#3149=VERTEX_POINT('',#9645);
#3150=VERTEX_POINT('',#9647);
#3151=VERTEX_POINT('',#9651);
#3152=VERTEX_POINT('',#9652);
#3153=VERTEX_POINT('',#9654);
#3154=VERTEX_POINT('',#9656);
#3155=VERTEX_POINT('',#9660);
#3156=VERTEX_POINT('',#9662);
#3157=VERTEX_POINT('',#9666);
#3158=VERTEX_POINT('',#9668);
#3159=VERTEX_POINT('',#9672);
#3160=VERTEX_POINT('',#9673);
#3161=VERTEX_POINT('',#9675);
#3162=VERTEX_POINT('',#9677);
#3163=VERTEX_POINT('',#9681);
#3164=VERTEX_POINT('',#9683);
#3165=VERTEX_POINT('',#9687);
#3166=VERTEX_POINT('',#9689);
#3167=VERTEX_POINT('',#9693);
#3168=VERTEX_POINT('',#9694);
#3169=VERTEX_POINT('',#9696);
#3170=VERTEX_POINT('',#9698);
#3171=VERTEX_POINT('',#9702);
#3172=VERTEX_POINT('',#9704);
#3173=VERTEX_POINT('',#9708);
#3174=VERTEX_POINT('',#9710);
#3175=VERTEX_POINT('',#9714);
#3176=VERTEX_POINT('',#9715);
#3177=VERTEX_POINT('',#9717);
#3178=VERTEX_POINT('',#9719);
#3179=VERTEX_POINT('',#9723);
#3180=VERTEX_POINT('',#9725);
#3181=VERTEX_POINT('',#9729);
#3182=VERTEX_POINT('',#9731);
#3183=VERTEX_POINT('',#9735);
#3184=VERTEX_POINT('',#9736);
#3185=VERTEX_POINT('',#9738);
#3186=VERTEX_POINT('',#9740);
#3187=VERTEX_POINT('',#9744);
#3188=VERTEX_POINT('',#9746);
#3189=VERTEX_POINT('',#9750);
#3190=VERTEX_POINT('',#9752);
#3191=VERTEX_POINT('',#9756);
#3192=VERTEX_POINT('',#9757);
#3193=VERTEX_POINT('',#9759);
#3194=VERTEX_POINT('',#9761);
#3195=VERTEX_POINT('',#9765);
#3196=VERTEX_POINT('',#9767);
#3197=VERTEX_POINT('',#9771);
#3198=VERTEX_POINT('',#9773);
#3199=VERTEX_POINT('',#9777);
#3200=VERTEX_POINT('',#9778);
#3201=VERTEX_POINT('',#9780);
#3202=VERTEX_POINT('',#9782);
#3203=VERTEX_POINT('',#9786);
#3204=VERTEX_POINT('',#9788);
#3205=VERTEX_POINT('',#9792);
#3206=VERTEX_POINT('',#9794);
#3207=VERTEX_POINT('',#9798);
#3208=VERTEX_POINT('',#9799);
#3209=VERTEX_POINT('',#9801);
#3210=VERTEX_POINT('',#9803);
#3211=VERTEX_POINT('',#9807);
#3212=VERTEX_POINT('',#9809);
#3213=VERTEX_POINT('',#9813);
#3214=VERTEX_POINT('',#9815);
#3215=VERTEX_POINT('',#9819);
#3216=VERTEX_POINT('',#9820);
#3217=VERTEX_POINT('',#9822);
#3218=VERTEX_POINT('',#9824);
#3219=VERTEX_POINT('',#9828);
#3220=VERTEX_POINT('',#9830);
#3221=VERTEX_POINT('',#9834);
#3222=VERTEX_POINT('',#9836);
#3223=VERTEX_POINT('',#9840);
#3224=VERTEX_POINT('',#9841);
#3225=VERTEX_POINT('',#9843);
#3226=VERTEX_POINT('',#9845);
#3227=VERTEX_POINT('',#9849);
#3228=VERTEX_POINT('',#9851);
#3229=VERTEX_POINT('',#9855);
#3230=VERTEX_POINT('',#9857);
#3231=VERTEX_POINT('',#9861);
#3232=VERTEX_POINT('',#9862);
#3233=VERTEX_POINT('',#9864);
#3234=VERTEX_POINT('',#9866);
#3235=VERTEX_POINT('',#9870);
#3236=VERTEX_POINT('',#9872);
#3237=VERTEX_POINT('',#9876);
#3238=VERTEX_POINT('',#9878);
#3239=VERTEX_POINT('',#9882);
#3240=VERTEX_POINT('',#9883);
#3241=VERTEX_POINT('',#9885);
#3242=VERTEX_POINT('',#9887);
#3243=VERTEX_POINT('',#9891);
#3244=VERTEX_POINT('',#9893);
#3245=VERTEX_POINT('',#9897);
#3246=VERTEX_POINT('',#9899);
#3247=VERTEX_POINT('',#9903);
#3248=VERTEX_POINT('',#9904);
#3249=VERTEX_POINT('',#9906);
#3250=VERTEX_POINT('',#9908);
#3251=VERTEX_POINT('',#9912);
#3252=VERTEX_POINT('',#9914);
#3253=VERTEX_POINT('',#9918);
#3254=VERTEX_POINT('',#9920);
#3255=VERTEX_POINT('',#9924);
#3256=VERTEX_POINT('',#9925);
#3257=VERTEX_POINT('',#9927);
#3258=VERTEX_POINT('',#9929);
#3259=VERTEX_POINT('',#9933);
#3260=VERTEX_POINT('',#9935);
#3261=VERTEX_POINT('',#9939);
#3262=VERTEX_POINT('',#9941);
#3263=VERTEX_POINT('',#9945);
#3264=VERTEX_POINT('',#9946);
#3265=VERTEX_POINT('',#9948);
#3266=VERTEX_POINT('',#9950);
#3267=VERTEX_POINT('',#9954);
#3268=VERTEX_POINT('',#9956);
#3269=VERTEX_POINT('',#9960);
#3270=VERTEX_POINT('',#9962);
#3271=VERTEX_POINT('',#9966);
#3272=VERTEX_POINT('',#9967);
#3273=VERTEX_POINT('',#9969);
#3274=VERTEX_POINT('',#9971);
#3275=VERTEX_POINT('',#9975);
#3276=VERTEX_POINT('',#9977);
#3277=VERTEX_POINT('',#9981);
#3278=VERTEX_POINT('',#9983);
#3279=VERTEX_POINT('',#9987);
#3280=VERTEX_POINT('',#9988);
#3281=VERTEX_POINT('',#9990);
#3282=VERTEX_POINT('',#9992);
#3283=VERTEX_POINT('',#9996);
#3284=VERTEX_POINT('',#9998);
#3285=VERTEX_POINT('',#10002);
#3286=VERTEX_POINT('',#10004);
#3287=VERTEX_POINT('',#10008);
#3288=VERTEX_POINT('',#10009);
#3289=VERTEX_POINT('',#10011);
#3290=VERTEX_POINT('',#10013);
#3291=VERTEX_POINT('',#10017);
#3292=VERTEX_POINT('',#10019);
#3293=VERTEX_POINT('',#10023);
#3294=VERTEX_POINT('',#10025);
#3295=VERTEX_POINT('',#10029);
#3296=VERTEX_POINT('',#10030);
#3297=VERTEX_POINT('',#10032);
#3298=VERTEX_POINT('',#10034);
#3299=VERTEX_POINT('',#10038);
#3300=VERTEX_POINT('',#10040);
#3301=VERTEX_POINT('',#10044);
#3302=VERTEX_POINT('',#10046);
#3303=VERTEX_POINT('',#10050);
#3304=VERTEX_POINT('',#10051);
#3305=VERTEX_POINT('',#10053);
#3306=VERTEX_POINT('',#10055);
#3307=VERTEX_POINT('',#10059);
#3308=VERTEX_POINT('',#10061);
#3309=VERTEX_POINT('',#10065);
#3310=VERTEX_POINT('',#10067);
#3311=VERTEX_POINT('',#10071);
#3312=VERTEX_POINT('',#10072);
#3313=VERTEX_POINT('',#10074);
#3314=VERTEX_POINT('',#10076);
#3315=VERTEX_POINT('',#10080);
#3316=VERTEX_POINT('',#10082);
#3317=VERTEX_POINT('',#10086);
#3318=VERTEX_POINT('',#10088);
#3319=VERTEX_POINT('',#10092);
#3320=VERTEX_POINT('',#10093);
#3321=VERTEX_POINT('',#10095);
#3322=VERTEX_POINT('',#10097);
#3323=VERTEX_POINT('',#10101);
#3324=VERTEX_POINT('',#10103);
#3325=VERTEX_POINT('',#10107);
#3326=VERTEX_POINT('',#10109);
#3327=VERTEX_POINT('',#10113);
#3328=VERTEX_POINT('',#10114);
#3329=VERTEX_POINT('',#10116);
#3330=VERTEX_POINT('',#10118);
#3331=VERTEX_POINT('',#10122);
#3332=VERTEX_POINT('',#10124);
#3333=VERTEX_POINT('',#10128);
#3334=VERTEX_POINT('',#10130);
#3335=VERTEX_POINT('',#10134);
#3336=VERTEX_POINT('',#10135);
#3337=VERTEX_POINT('',#10137);
#3338=VERTEX_POINT('',#10139);
#3339=VERTEX_POINT('',#10143);
#3340=VERTEX_POINT('',#10145);
#3341=VERTEX_POINT('',#10149);
#3342=VERTEX_POINT('',#10151);
#3343=VERTEX_POINT('',#10155);
#3344=VERTEX_POINT('',#10156);
#3345=VERTEX_POINT('',#10158);
#3346=VERTEX_POINT('',#10160);
#3347=VERTEX_POINT('',#10164);
#3348=VERTEX_POINT('',#10166);
#3349=VERTEX_POINT('',#10170);
#3350=VERTEX_POINT('',#10172);
#3351=VERTEX_POINT('',#10176);
#3352=VERTEX_POINT('',#10177);
#3353=VERTEX_POINT('',#10179);
#3354=VERTEX_POINT('',#10181);
#3355=VERTEX_POINT('',#10185);
#3356=VERTEX_POINT('',#10187);
#3357=VERTEX_POINT('',#10191);
#3358=VERTEX_POINT('',#10193);
#3359=VERTEX_POINT('',#10197);
#3360=VERTEX_POINT('',#10198);
#3361=VERTEX_POINT('',#10200);
#3362=VERTEX_POINT('',#10202);
#3363=VERTEX_POINT('',#10206);
#3364=VERTEX_POINT('',#10208);
#3365=VERTEX_POINT('',#10212);
#3366=VERTEX_POINT('',#10214);
#3367=VERTEX_POINT('',#10218);
#3368=VERTEX_POINT('',#10219);
#3369=VERTEX_POINT('',#10221);
#3370=VERTEX_POINT('',#10223);
#3371=VERTEX_POINT('',#10227);
#3372=VERTEX_POINT('',#10229);
#3373=VERTEX_POINT('',#10233);
#3374=VERTEX_POINT('',#10235);
#3375=VERTEX_POINT('',#10239);
#3376=VERTEX_POINT('',#10240);
#3377=VERTEX_POINT('',#10242);
#3378=VERTEX_POINT('',#10244);
#3379=VERTEX_POINT('',#10248);
#3380=VERTEX_POINT('',#10250);
#3381=VERTEX_POINT('',#10254);
#3382=VERTEX_POINT('',#10256);
#3383=VERTEX_POINT('',#10260);
#3384=VERTEX_POINT('',#10261);
#3385=VERTEX_POINT('',#10263);
#3386=VERTEX_POINT('',#10265);
#3387=VERTEX_POINT('',#10269);
#3388=VERTEX_POINT('',#10271);
#3389=VERTEX_POINT('',#10275);
#3390=VERTEX_POINT('',#10277);
#3391=VERTEX_POINT('',#10281);
#3392=VERTEX_POINT('',#10282);
#3393=VERTEX_POINT('',#10284);
#3394=VERTEX_POINT('',#10286);
#3395=VERTEX_POINT('',#10290);
#3396=VERTEX_POINT('',#10292);
#3397=VERTEX_POINT('',#10296);
#3398=VERTEX_POINT('',#10298);
#3399=VERTEX_POINT('',#10302);
#3400=VERTEX_POINT('',#10304);
#3401=VERTEX_POINT('',#10308);
#3402=VERTEX_POINT('',#10309);
#3403=VERTEX_POINT('',#10311);
#3404=VERTEX_POINT('',#10313);
#3405=VERTEX_POINT('',#10317);
#3406=VERTEX_POINT('',#10319);
#3407=VERTEX_POINT('',#10323);
#3408=VERTEX_POINT('',#10325);
#3409=VERTEX_POINT('',#10329);
#3410=VERTEX_POINT('',#10331);
#3411=VERTEX_POINT('',#10335);
#3412=VERTEX_POINT('',#10336);
#3413=VERTEX_POINT('',#10338);
#3414=VERTEX_POINT('',#10340);
#3415=VERTEX_POINT('',#10344);
#3416=VERTEX_POINT('',#10346);
#3417=VERTEX_POINT('',#10350);
#3418=VERTEX_POINT('',#10352);
#3419=VERTEX_POINT('',#10572);
#3420=VERTEX_POINT('',#10574);
#3421=VERTEX_POINT('',#10580);
#3422=VERTEX_POINT('',#10582);
#3423=VERTEX_POINT('',#10585);
#3424=VERTEX_POINT('',#10587);
#3425=VERTEX_POINT('',#10590);
#3426=VERTEX_POINT('',#10592);
#3427=VERTEX_POINT('',#10595);
#3428=VERTEX_POINT('',#10597);
#3429=VERTEX_POINT('',#10600);
#3430=VERTEX_POINT('',#10602);
#3431=VERTEX_POINT('',#10605);
#3432=VERTEX_POINT('',#10607);
#3433=VERTEX_POINT('',#10610);
#3434=VERTEX_POINT('',#10612);
#3435=VERTEX_POINT('',#10615);
#3436=VERTEX_POINT('',#10617);
#3437=VERTEX_POINT('',#10620);
#3438=VERTEX_POINT('',#10622);
#3439=VERTEX_POINT('',#10625);
#3440=VERTEX_POINT('',#10627);
#3441=VERTEX_POINT('',#10630);
#3442=VERTEX_POINT('',#10632);
#3443=VERTEX_POINT('',#10635);
#3444=VERTEX_POINT('',#10637);
#3445=VERTEX_POINT('',#10640);
#3446=VERTEX_POINT('',#10642);
#3447=LINE('',#8789,#4339);
#3448=LINE('',#8792,#4340);
#3449=LINE('',#8794,#4341);
#3450=LINE('',#8796,#4342);
#3451=LINE('',#8798,#4343);
#3452=LINE('',#8800,#4344);
#3453=LINE('',#8802,#4345);
#3454=LINE('',#8804,#4346);
#3455=LINE('',#8806,#4347);
#3456=LINE('',#8808,#4348);
#3457=LINE('',#8810,#4349);
#3458=LINE('',#8813,#4350);
#3459=LINE('',#8815,#4351);
#3460=LINE('',#8817,#4352);
#3461=LINE('',#8819,#4353);
#3462=LINE('',#8821,#4354);
#3463=LINE('',#8823,#4355);
#3464=LINE('',#8825,#4356);
#3465=LINE('',#8827,#4357);
#3466=LINE('',#8829,#4358);
#3467=LINE('',#8831,#4359);
#3468=LINE('',#8834,#4360);
#3469=LINE('',#8836,#4361);
#3470=LINE('',#8838,#4362);
#3471=LINE('',#8840,#4363);
#3472=LINE('',#8842,#4364);
#3473=LINE('',#8844,#4365);
#3474=LINE('',#8846,#4366);
#3475=LINE('',#8848,#4367);
#3476=LINE('',#8850,#4368);
#3477=LINE('',#8852,#4369);
#3478=LINE('',#8855,#4370);
#3479=LINE('',#8857,#4371);
#3480=LINE('',#8859,#4372);
#3481=LINE('',#8861,#4373);
#3482=LINE('',#8863,#4374);
#3483=LINE('',#8865,#4375);
#3484=LINE('',#8867,#4376);
#3485=LINE('',#8869,#4377);
#3486=LINE('',#8871,#4378);
#3487=LINE('',#8873,#4379);
#3488=LINE('',#8876,#4380);
#3489=LINE('',#8878,#4381);
#3490=LINE('',#8880,#4382);
#3491=LINE('',#8882,#4383);
#3492=LINE('',#8884,#4384);
#3493=LINE('',#8886,#4385);
#3494=LINE('',#8888,#4386);
#3495=LINE('',#8890,#4387);
#3496=LINE('',#8892,#4388);
#3497=LINE('',#8894,#4389);
#3498=LINE('',#8897,#4390);
#3499=LINE('',#8899,#4391);
#3500=LINE('',#8901,#4392);
#3501=LINE('',#8903,#4393);
#3502=LINE('',#8905,#4394);
#3503=LINE('',#8907,#4395);
#3504=LINE('',#8909,#4396);
#3505=LINE('',#8911,#4397);
#3506=LINE('',#8913,#4398);
#3507=LINE('',#8915,#4399);
#3508=LINE('',#8918,#4400);
#3509=LINE('',#8920,#4401);
#3510=LINE('',#8922,#4402);
#3511=LINE('',#8924,#4403);
#3512=LINE('',#8926,#4404);
#3513=LINE('',#8928,#4405);
#3514=LINE('',#8930,#4406);
#3515=LINE('',#8932,#4407);
#3516=LINE('',#8934,#4408);
#3517=LINE('',#8936,#4409);
#3518=LINE('',#8939,#4410);
#3519=LINE('',#8941,#4411);
#3520=LINE('',#8943,#4412);
#3521=LINE('',#8945,#4413);
#3522=LINE('',#8947,#4414);
#3523=LINE('',#8949,#4415);
#3524=LINE('',#8951,#4416);
#3525=LINE('',#8953,#4417);
#3526=LINE('',#8955,#4418);
#3527=LINE('',#8957,#4419);
#3528=LINE('',#8960,#4420);
#3529=LINE('',#8962,#4421);
#3530=LINE('',#8964,#4422);
#3531=LINE('',#8966,#4423);
#3532=LINE('',#8968,#4424);
#3533=LINE('',#8970,#4425);
#3534=LINE('',#8972,#4426);
#3535=LINE('',#8974,#4427);
#3536=LINE('',#8976,#4428);
#3537=LINE('',#8978,#4429);
#3538=LINE('',#8981,#4430);
#3539=LINE('',#8983,#4431);
#3540=LINE('',#8985,#4432);
#3541=LINE('',#8987,#4433);
#3542=LINE('',#8989,#4434);
#3543=LINE('',#8991,#4435);
#3544=LINE('',#8993,#4436);
#3545=LINE('',#8995,#4437);
#3546=LINE('',#8997,#4438);
#3547=LINE('',#8999,#4439);
#3548=LINE('',#9002,#4440);
#3549=LINE('',#9004,#4441);
#3550=LINE('',#9006,#4442);
#3551=LINE('',#9008,#4443);
#3552=LINE('',#9010,#4444);
#3553=LINE('',#9012,#4445);
#3554=LINE('',#9014,#4446);
#3555=LINE('',#9016,#4447);
#3556=LINE('',#9018,#4448);
#3557=LINE('',#9020,#4449);
#3558=LINE('',#9023,#4450);
#3559=LINE('',#9025,#4451);
#3560=LINE('',#9027,#4452);
#3561=LINE('',#9029,#4453);
#3562=LINE('',#9031,#4454);
#3563=LINE('',#9033,#4455);
#3564=LINE('',#9035,#4456);
#3565=LINE('',#9037,#4457);
#3566=LINE('',#9039,#4458);
#3567=LINE('',#9041,#4459);
#3568=LINE('',#9044,#4460);
#3569=LINE('',#9046,#4461);
#3570=LINE('',#9048,#4462);
#3571=LINE('',#9050,#4463);
#3572=LINE('',#9052,#4464);
#3573=LINE('',#9054,#4465);
#3574=LINE('',#9056,#4466);
#3575=LINE('',#9058,#4467);
#3576=LINE('',#9060,#4468);
#3577=LINE('',#9062,#4469);
#3578=LINE('',#9065,#4470);
#3579=LINE('',#9067,#4471);
#3580=LINE('',#9069,#4472);
#3581=LINE('',#9071,#4473);
#3582=LINE('',#9073,#4474);
#3583=LINE('',#9075,#4475);
#3584=LINE('',#9077,#4476);
#3585=LINE('',#9079,#4477);
#3586=LINE('',#9081,#4478);
#3587=LINE('',#9083,#4479);
#3588=LINE('',#9086,#4480);
#3589=LINE('',#9088,#4481);
#3590=LINE('',#9090,#4482);
#3591=LINE('',#9092,#4483);
#3592=LINE('',#9094,#4484);
#3593=LINE('',#9096,#4485);
#3594=LINE('',#9098,#4486);
#3595=LINE('',#9100,#4487);
#3596=LINE('',#9102,#4488);
#3597=LINE('',#9104,#4489);
#3598=LINE('',#9107,#4490);
#3599=LINE('',#9109,#4491);
#3600=LINE('',#9111,#4492);
#3601=LINE('',#9113,#4493);
#3602=LINE('',#9115,#4494);
#3603=LINE('',#9117,#4495);
#3604=LINE('',#9119,#4496);
#3605=LINE('',#9121,#4497);
#3606=LINE('',#9123,#4498);
#3607=LINE('',#9125,#4499);
#3608=LINE('',#9128,#4500);
#3609=LINE('',#9130,#4501);
#3610=LINE('',#9132,#4502);
#3611=LINE('',#9134,#4503);
#3612=LINE('',#9136,#4504);
#3613=LINE('',#9138,#4505);
#3614=LINE('',#9140,#4506);
#3615=LINE('',#9142,#4507);
#3616=LINE('',#9144,#4508);
#3617=LINE('',#9146,#4509);
#3618=LINE('',#9149,#4510);
#3619=LINE('',#9151,#4511);
#3620=LINE('',#9153,#4512);
#3621=LINE('',#9155,#4513);
#3622=LINE('',#9157,#4514);
#3623=LINE('',#9159,#4515);
#3624=LINE('',#9161,#4516);
#3625=LINE('',#9163,#4517);
#3626=LINE('',#9165,#4518);
#3627=LINE('',#9167,#4519);
#3628=LINE('',#9170,#4520);
#3629=LINE('',#9172,#4521);
#3630=LINE('',#9174,#4522);
#3631=LINE('',#9176,#4523);
#3632=LINE('',#9178,#4524);
#3633=LINE('',#9180,#4525);
#3634=LINE('',#9182,#4526);
#3635=LINE('',#9184,#4527);
#3636=LINE('',#9186,#4528);
#3637=LINE('',#9188,#4529);
#3638=LINE('',#9191,#4530);
#3639=LINE('',#9193,#4531);
#3640=LINE('',#9195,#4532);
#3641=LINE('',#9197,#4533);
#3642=LINE('',#9199,#4534);
#3643=LINE('',#9201,#4535);
#3644=LINE('',#9203,#4536);
#3645=LINE('',#9205,#4537);
#3646=LINE('',#9207,#4538);
#3647=LINE('',#9209,#4539);
#3648=LINE('',#9212,#4540);
#3649=LINE('',#9214,#4541);
#3650=LINE('',#9216,#4542);
#3651=LINE('',#9218,#4543);
#3652=LINE('',#9220,#4544);
#3653=LINE('',#9222,#4545);
#3654=LINE('',#9224,#4546);
#3655=LINE('',#9226,#4547);
#3656=LINE('',#9228,#4548);
#3657=LINE('',#9230,#4549);
#3658=LINE('',#9233,#4550);
#3659=LINE('',#9235,#4551);
#3660=LINE('',#9237,#4552);
#3661=LINE('',#9239,#4553);
#3662=LINE('',#9241,#4554);
#3663=LINE('',#9243,#4555);
#3664=LINE('',#9245,#4556);
#3665=LINE('',#9247,#4557);
#3666=LINE('',#9249,#4558);
#3667=LINE('',#9251,#4559);
#3668=LINE('',#9254,#4560);
#3669=LINE('',#9256,#4561);
#3670=LINE('',#9258,#4562);
#3671=LINE('',#9260,#4563);
#3672=LINE('',#9262,#4564);
#3673=LINE('',#9264,#4565);
#3674=LINE('',#9266,#4566);
#3675=LINE('',#9268,#4567);
#3676=LINE('',#9270,#4568);
#3677=LINE('',#9272,#4569);
#3678=LINE('',#9275,#4570);
#3679=LINE('',#9277,#4571);
#3680=LINE('',#9279,#4572);
#3681=LINE('',#9281,#4573);
#3682=LINE('',#9283,#4574);
#3683=LINE('',#9285,#4575);
#3684=LINE('',#9287,#4576);
#3685=LINE('',#9289,#4577);
#3686=LINE('',#9291,#4578);
#3687=LINE('',#9293,#4579);
#3688=LINE('',#9296,#4580);
#3689=LINE('',#9298,#4581);
#3690=LINE('',#9300,#4582);
#3691=LINE('',#9302,#4583);
#3692=LINE('',#9304,#4584);
#3693=LINE('',#9306,#4585);
#3694=LINE('',#9308,#4586);
#3695=LINE('',#9310,#4587);
#3696=LINE('',#9312,#4588);
#3697=LINE('',#9314,#4589);
#3698=LINE('',#9317,#4590);
#3699=LINE('',#9319,#4591);
#3700=LINE('',#9321,#4592);
#3701=LINE('',#9323,#4593);
#3702=LINE('',#9325,#4594);
#3703=LINE('',#9327,#4595);
#3704=LINE('',#9329,#4596);
#3705=LINE('',#9331,#4597);
#3706=LINE('',#9333,#4598);
#3707=LINE('',#9335,#4599);
#3708=LINE('',#9338,#4600);
#3709=LINE('',#9340,#4601);
#3710=LINE('',#9342,#4602);
#3711=LINE('',#9344,#4603);
#3712=LINE('',#9346,#4604);
#3713=LINE('',#9348,#4605);
#3714=LINE('',#9350,#4606);
#3715=LINE('',#9352,#4607);
#3716=LINE('',#9354,#4608);
#3717=LINE('',#9356,#4609);
#3718=LINE('',#9359,#4610);
#3719=LINE('',#9361,#4611);
#3720=LINE('',#9363,#4612);
#3721=LINE('',#9365,#4613);
#3722=LINE('',#9367,#4614);
#3723=LINE('',#9369,#4615);
#3724=LINE('',#9371,#4616);
#3725=LINE('',#9373,#4617);
#3726=LINE('',#9375,#4618);
#3727=LINE('',#9377,#4619);
#3728=LINE('',#9380,#4620);
#3729=LINE('',#9382,#4621);
#3730=LINE('',#9384,#4622);
#3731=LINE('',#9386,#4623);
#3732=LINE('',#9388,#4624);
#3733=LINE('',#9390,#4625);
#3734=LINE('',#9392,#4626);
#3735=LINE('',#9394,#4627);
#3736=LINE('',#9396,#4628);
#3737=LINE('',#9398,#4629);
#3738=LINE('',#9401,#4630);
#3739=LINE('',#9403,#4631);
#3740=LINE('',#9405,#4632);
#3741=LINE('',#9407,#4633);
#3742=LINE('',#9409,#4634);
#3743=LINE('',#9411,#4635);
#3744=LINE('',#9413,#4636);
#3745=LINE('',#9415,#4637);
#3746=LINE('',#9417,#4638);
#3747=LINE('',#9419,#4639);
#3748=LINE('',#9422,#4640);
#3749=LINE('',#9424,#4641);
#3750=LINE('',#9426,#4642);
#3751=LINE('',#9428,#4643);
#3752=LINE('',#9430,#4644);
#3753=LINE('',#9432,#4645);
#3754=LINE('',#9434,#4646);
#3755=LINE('',#9436,#4647);
#3756=LINE('',#9438,#4648);
#3757=LINE('',#9440,#4649);
#3758=LINE('',#9443,#4650);
#3759=LINE('',#9445,#4651);
#3760=LINE('',#9447,#4652);
#3761=LINE('',#9449,#4653);
#3762=LINE('',#9451,#4654);
#3763=LINE('',#9453,#4655);
#3764=LINE('',#9455,#4656);
#3765=LINE('',#9457,#4657);
#3766=LINE('',#9459,#4658);
#3767=LINE('',#9461,#4659);
#3768=LINE('',#9464,#4660);
#3769=LINE('',#9466,#4661);
#3770=LINE('',#9468,#4662);
#3771=LINE('',#9470,#4663);
#3772=LINE('',#9472,#4664);
#3773=LINE('',#9474,#4665);
#3774=LINE('',#9476,#4666);
#3775=LINE('',#9478,#4667);
#3776=LINE('',#9480,#4668);
#3777=LINE('',#9482,#4669);
#3778=LINE('',#9485,#4670);
#3779=LINE('',#9487,#4671);
#3780=LINE('',#9489,#4672);
#3781=LINE('',#9491,#4673);
#3782=LINE('',#9493,#4674);
#3783=LINE('',#9495,#4675);
#3784=LINE('',#9497,#4676);
#3785=LINE('',#9499,#4677);
#3786=LINE('',#9501,#4678);
#3787=LINE('',#9503,#4679);
#3788=LINE('',#9506,#4680);
#3789=LINE('',#9508,#4681);
#3790=LINE('',#9510,#4682);
#3791=LINE('',#9512,#4683);
#3792=LINE('',#9514,#4684);
#3793=LINE('',#9516,#4685);
#3794=LINE('',#9518,#4686);
#3795=LINE('',#9520,#4687);
#3796=LINE('',#9522,#4688);
#3797=LINE('',#9524,#4689);
#3798=LINE('',#9527,#4690);
#3799=LINE('',#9529,#4691);
#3800=LINE('',#9531,#4692);
#3801=LINE('',#9533,#4693);
#3802=LINE('',#9535,#4694);
#3803=LINE('',#9537,#4695);
#3804=LINE('',#9539,#4696);
#3805=LINE('',#9541,#4697);
#3806=LINE('',#9543,#4698);
#3807=LINE('',#9545,#4699);
#3808=LINE('',#9548,#4700);
#3809=LINE('',#9550,#4701);
#3810=LINE('',#9552,#4702);
#3811=LINE('',#9554,#4703);
#3812=LINE('',#9556,#4704);
#3813=LINE('',#9558,#4705);
#3814=LINE('',#9560,#4706);
#3815=LINE('',#9562,#4707);
#3816=LINE('',#9564,#4708);
#3817=LINE('',#9566,#4709);
#3818=LINE('',#9569,#4710);
#3819=LINE('',#9571,#4711);
#3820=LINE('',#9573,#4712);
#3821=LINE('',#9575,#4713);
#3822=LINE('',#9577,#4714);
#3823=LINE('',#9579,#4715);
#3824=LINE('',#9581,#4716);
#3825=LINE('',#9583,#4717);
#3826=LINE('',#9585,#4718);
#3827=LINE('',#9587,#4719);
#3828=LINE('',#9590,#4720);
#3829=LINE('',#9592,#4721);
#3830=LINE('',#9594,#4722);
#3831=LINE('',#9596,#4723);
#3832=LINE('',#9598,#4724);
#3833=LINE('',#9600,#4725);
#3834=LINE('',#9602,#4726);
#3835=LINE('',#9604,#4727);
#3836=LINE('',#9606,#4728);
#3837=LINE('',#9608,#4729);
#3838=LINE('',#9611,#4730);
#3839=LINE('',#9613,#4731);
#3840=LINE('',#9615,#4732);
#3841=LINE('',#9617,#4733);
#3842=LINE('',#9619,#4734);
#3843=LINE('',#9621,#4735);
#3844=LINE('',#9623,#4736);
#3845=LINE('',#9625,#4737);
#3846=LINE('',#9627,#4738);
#3847=LINE('',#9629,#4739);
#3848=LINE('',#9632,#4740);
#3849=LINE('',#9634,#4741);
#3850=LINE('',#9636,#4742);
#3851=LINE('',#9638,#4743);
#3852=LINE('',#9640,#4744);
#3853=LINE('',#9642,#4745);
#3854=LINE('',#9644,#4746);
#3855=LINE('',#9646,#4747);
#3856=LINE('',#9648,#4748);
#3857=LINE('',#9650,#4749);
#3858=LINE('',#9653,#4750);
#3859=LINE('',#9655,#4751);
#3860=LINE('',#9657,#4752);
#3861=LINE('',#9659,#4753);
#3862=LINE('',#9661,#4754);
#3863=LINE('',#9663,#4755);
#3864=LINE('',#9665,#4756);
#3865=LINE('',#9667,#4757);
#3866=LINE('',#9669,#4758);
#3867=LINE('',#9671,#4759);
#3868=LINE('',#9674,#4760);
#3869=LINE('',#9676,#4761);
#3870=LINE('',#9678,#4762);
#3871=LINE('',#9680,#4763);
#3872=LINE('',#9682,#4764);
#3873=LINE('',#9684,#4765);
#3874=LINE('',#9686,#4766);
#3875=LINE('',#9688,#4767);
#3876=LINE('',#9690,#4768);
#3877=LINE('',#9692,#4769);
#3878=LINE('',#9695,#4770);
#3879=LINE('',#9697,#4771);
#3880=LINE('',#9699,#4772);
#3881=LINE('',#9701,#4773);
#3882=LINE('',#9703,#4774);
#3883=LINE('',#9705,#4775);
#3884=LINE('',#9707,#4776);
#3885=LINE('',#9709,#4777);
#3886=LINE('',#9711,#4778);
#3887=LINE('',#9713,#4779);
#3888=LINE('',#9716,#4780);
#3889=LINE('',#9718,#4781);
#3890=LINE('',#9720,#4782);
#3891=LINE('',#9722,#4783);
#3892=LINE('',#9724,#4784);
#3893=LINE('',#9726,#4785);
#3894=LINE('',#9728,#4786);
#3895=LINE('',#9730,#4787);
#3896=LINE('',#9732,#4788);
#3897=LINE('',#9734,#4789);
#3898=LINE('',#9737,#4790);
#3899=LINE('',#9739,#4791);
#3900=LINE('',#9741,#4792);
#3901=LINE('',#9743,#4793);
#3902=LINE('',#9745,#4794);
#3903=LINE('',#9747,#4795);
#3904=LINE('',#9749,#4796);
#3905=LINE('',#9751,#4797);
#3906=LINE('',#9753,#4798);
#3907=LINE('',#9755,#4799);
#3908=LINE('',#9758,#4800);
#3909=LINE('',#9760,#4801);
#3910=LINE('',#9762,#4802);
#3911=LINE('',#9764,#4803);
#3912=LINE('',#9766,#4804);
#3913=LINE('',#9768,#4805);
#3914=LINE('',#9770,#4806);
#3915=LINE('',#9772,#4807);
#3916=LINE('',#9774,#4808);
#3917=LINE('',#9776,#4809);
#3918=LINE('',#9779,#4810);
#3919=LINE('',#9781,#4811);
#3920=LINE('',#9783,#4812);
#3921=LINE('',#9785,#4813);
#3922=LINE('',#9787,#4814);
#3923=LINE('',#9789,#4815);
#3924=LINE('',#9791,#4816);
#3925=LINE('',#9793,#4817);
#3926=LINE('',#9795,#4818);
#3927=LINE('',#9797,#4819);
#3928=LINE('',#9800,#4820);
#3929=LINE('',#9802,#4821);
#3930=LINE('',#9804,#4822);
#3931=LINE('',#9806,#4823);
#3932=LINE('',#9808,#4824);
#3933=LINE('',#9810,#4825);
#3934=LINE('',#9812,#4826);
#3935=LINE('',#9814,#4827);
#3936=LINE('',#9816,#4828);
#3937=LINE('',#9818,#4829);
#3938=LINE('',#9821,#4830);
#3939=LINE('',#9823,#4831);
#3940=LINE('',#9825,#4832);
#3941=LINE('',#9827,#4833);
#3942=LINE('',#9829,#4834);
#3943=LINE('',#9831,#4835);
#3944=LINE('',#9833,#4836);
#3945=LINE('',#9835,#4837);
#3946=LINE('',#9837,#4838);
#3947=LINE('',#9839,#4839);
#3948=LINE('',#9842,#4840);
#3949=LINE('',#9844,#4841);
#3950=LINE('',#9846,#4842);
#3951=LINE('',#9848,#4843);
#3952=LINE('',#9850,#4844);
#3953=LINE('',#9852,#4845);
#3954=LINE('',#9854,#4846);
#3955=LINE('',#9856,#4847);
#3956=LINE('',#9858,#4848);
#3957=LINE('',#9860,#4849);
#3958=LINE('',#9863,#4850);
#3959=LINE('',#9865,#4851);
#3960=LINE('',#9867,#4852);
#3961=LINE('',#9869,#4853);
#3962=LINE('',#9871,#4854);
#3963=LINE('',#9873,#4855);
#3964=LINE('',#9875,#4856);
#3965=LINE('',#9877,#4857);
#3966=LINE('',#9879,#4858);
#3967=LINE('',#9881,#4859);
#3968=LINE('',#9884,#4860);
#3969=LINE('',#9886,#4861);
#3970=LINE('',#9888,#4862);
#3971=LINE('',#9890,#4863);
#3972=LINE('',#9892,#4864);
#3973=LINE('',#9894,#4865);
#3974=LINE('',#9896,#4866);
#3975=LINE('',#9898,#4867);
#3976=LINE('',#9900,#4868);
#3977=LINE('',#9902,#4869);
#3978=LINE('',#9905,#4870);
#3979=LINE('',#9907,#4871);
#3980=LINE('',#9909,#4872);
#3981=LINE('',#9911,#4873);
#3982=LINE('',#9913,#4874);
#3983=LINE('',#9915,#4875);
#3984=LINE('',#9917,#4876);
#3985=LINE('',#9919,#4877);
#3986=LINE('',#9921,#4878);
#3987=LINE('',#9923,#4879);
#3988=LINE('',#9926,#4880);
#3989=LINE('',#9928,#4881);
#3990=LINE('',#9930,#4882);
#3991=LINE('',#9932,#4883);
#3992=LINE('',#9934,#4884);
#3993=LINE('',#9936,#4885);
#3994=LINE('',#9938,#4886);
#3995=LINE('',#9940,#4887);
#3996=LINE('',#9942,#4888);
#3997=LINE('',#9944,#4889);
#3998=LINE('',#9947,#4890);
#3999=LINE('',#9949,#4891);
#4000=LINE('',#9951,#4892);
#4001=LINE('',#9953,#4893);
#4002=LINE('',#9955,#4894);
#4003=LINE('',#9957,#4895);
#4004=LINE('',#9959,#4896);
#4005=LINE('',#9961,#4897);
#4006=LINE('',#9963,#4898);
#4007=LINE('',#9965,#4899);
#4008=LINE('',#9968,#4900);
#4009=LINE('',#9970,#4901);
#4010=LINE('',#9972,#4902);
#4011=LINE('',#9974,#4903);
#4012=LINE('',#9976,#4904);
#4013=LINE('',#9978,#4905);
#4014=LINE('',#9980,#4906);
#4015=LINE('',#9982,#4907);
#4016=LINE('',#9984,#4908);
#4017=LINE('',#9986,#4909);
#4018=LINE('',#9989,#4910);
#4019=LINE('',#9991,#4911);
#4020=LINE('',#9993,#4912);
#4021=LINE('',#9995,#4913);
#4022=LINE('',#9997,#4914);
#4023=LINE('',#9999,#4915);
#4024=LINE('',#10001,#4916);
#4025=LINE('',#10003,#4917);
#4026=LINE('',#10005,#4918);
#4027=LINE('',#10007,#4919);
#4028=LINE('',#10010,#4920);
#4029=LINE('',#10012,#4921);
#4030=LINE('',#10014,#4922);
#4031=LINE('',#10016,#4923);
#4032=LINE('',#10018,#4924);
#4033=LINE('',#10020,#4925);
#4034=LINE('',#10022,#4926);
#4035=LINE('',#10024,#4927);
#4036=LINE('',#10026,#4928);
#4037=LINE('',#10028,#4929);
#4038=LINE('',#10031,#4930);
#4039=LINE('',#10033,#4931);
#4040=LINE('',#10035,#4932);
#4041=LINE('',#10037,#4933);
#4042=LINE('',#10039,#4934);
#4043=LINE('',#10041,#4935);
#4044=LINE('',#10043,#4936);
#4045=LINE('',#10045,#4937);
#4046=LINE('',#10047,#4938);
#4047=LINE('',#10049,#4939);
#4048=LINE('',#10052,#4940);
#4049=LINE('',#10054,#4941);
#4050=LINE('',#10056,#4942);
#4051=LINE('',#10058,#4943);
#4052=LINE('',#10060,#4944);
#4053=LINE('',#10062,#4945);
#4054=LINE('',#10064,#4946);
#4055=LINE('',#10066,#4947);
#4056=LINE('',#10068,#4948);
#4057=LINE('',#10070,#4949);
#4058=LINE('',#10073,#4950);
#4059=LINE('',#10075,#4951);
#4060=LINE('',#10077,#4952);
#4061=LINE('',#10079,#4953);
#4062=LINE('',#10081,#4954);
#4063=LINE('',#10083,#4955);
#4064=LINE('',#10085,#4956);
#4065=LINE('',#10087,#4957);
#4066=LINE('',#10089,#4958);
#4067=LINE('',#10091,#4959);
#4068=LINE('',#10094,#4960);
#4069=LINE('',#10096,#4961);
#4070=LINE('',#10098,#4962);
#4071=LINE('',#10100,#4963);
#4072=LINE('',#10102,#4964);
#4073=LINE('',#10104,#4965);
#4074=LINE('',#10106,#4966);
#4075=LINE('',#10108,#4967);
#4076=LINE('',#10110,#4968);
#4077=LINE('',#10112,#4969);
#4078=LINE('',#10115,#4970);
#4079=LINE('',#10117,#4971);
#4080=LINE('',#10119,#4972);
#4081=LINE('',#10121,#4973);
#4082=LINE('',#10123,#4974);
#4083=LINE('',#10125,#4975);
#4084=LINE('',#10127,#4976);
#4085=LINE('',#10129,#4977);
#4086=LINE('',#10131,#4978);
#4087=LINE('',#10133,#4979);
#4088=LINE('',#10136,#4980);
#4089=LINE('',#10138,#4981);
#4090=LINE('',#10140,#4982);
#4091=LINE('',#10142,#4983);
#4092=LINE('',#10144,#4984);
#4093=LINE('',#10146,#4985);
#4094=LINE('',#10148,#4986);
#4095=LINE('',#10150,#4987);
#4096=LINE('',#10152,#4988);
#4097=LINE('',#10154,#4989);
#4098=LINE('',#10157,#4990);
#4099=LINE('',#10159,#4991);
#4100=LINE('',#10161,#4992);
#4101=LINE('',#10163,#4993);
#4102=LINE('',#10165,#4994);
#4103=LINE('',#10167,#4995);
#4104=LINE('',#10169,#4996);
#4105=LINE('',#10171,#4997);
#4106=LINE('',#10173,#4998);
#4107=LINE('',#10175,#4999);
#4108=LINE('',#10178,#5000);
#4109=LINE('',#10180,#5001);
#4110=LINE('',#10182,#5002);
#4111=LINE('',#10184,#5003);
#4112=LINE('',#10186,#5004);
#4113=LINE('',#10188,#5005);
#4114=LINE('',#10190,#5006);
#4115=LINE('',#10192,#5007);
#4116=LINE('',#10194,#5008);
#4117=LINE('',#10196,#5009);
#4118=LINE('',#10199,#5010);
#4119=LINE('',#10201,#5011);
#4120=LINE('',#10203,#5012);
#4121=LINE('',#10205,#5013);
#4122=LINE('',#10207,#5014);
#4123=LINE('',#10209,#5015);
#4124=LINE('',#10211,#5016);
#4125=LINE('',#10213,#5017);
#4126=LINE('',#10215,#5018);
#4127=LINE('',#10217,#5019);
#4128=LINE('',#10220,#5020);
#4129=LINE('',#10222,#5021);
#4130=LINE('',#10224,#5022);
#4131=LINE('',#10226,#5023);
#4132=LINE('',#10228,#5024);
#4133=LINE('',#10230,#5025);
#4134=LINE('',#10232,#5026);
#4135=LINE('',#10234,#5027);
#4136=LINE('',#10236,#5028);
#4137=LINE('',#10238,#5029);
#4138=LINE('',#10241,#5030);
#4139=LINE('',#10243,#5031);
#4140=LINE('',#10245,#5032);
#4141=LINE('',#10247,#5033);
#4142=LINE('',#10249,#5034);
#4143=LINE('',#10251,#5035);
#4144=LINE('',#10253,#5036);
#4145=LINE('',#10255,#5037);
#4146=LINE('',#10257,#5038);
#4147=LINE('',#10259,#5039);
#4148=LINE('',#10262,#5040);
#4149=LINE('',#10264,#5041);
#4150=LINE('',#10266,#5042);
#4151=LINE('',#10268,#5043);
#4152=LINE('',#10270,#5044);
#4153=LINE('',#10272,#5045);
#4154=LINE('',#10274,#5046);
#4155=LINE('',#10276,#5047);
#4156=LINE('',#10278,#5048);
#4157=LINE('',#10280,#5049);
#4158=LINE('',#10283,#5050);
#4159=LINE('',#10285,#5051);
#4160=LINE('',#10287,#5052);
#4161=LINE('',#10289,#5053);
#4162=LINE('',#10291,#5054);
#4163=LINE('',#10293,#5055);
#4164=LINE('',#10295,#5056);
#4165=LINE('',#10297,#5057);
#4166=LINE('',#10299,#5058);
#4167=LINE('',#10301,#5059);
#4168=LINE('',#10303,#5060);
#4169=LINE('',#10305,#5061);
#4170=LINE('',#10310,#5062);
#4171=LINE('',#10314,#5063);
#4172=LINE('',#10316,#5064);
#4173=LINE('',#10318,#5065);
#4174=LINE('',#10320,#5066);
#4175=LINE('',#10322,#5067);
#4176=LINE('',#10324,#5068);
#4177=LINE('',#10326,#5069);
#4178=LINE('',#10328,#5070);
#4179=LINE('',#10330,#5071);
#4180=LINE('',#10332,#5072);
#4181=LINE('',#10334,#5073);
#4182=LINE('',#10337,#5074);
#4183=LINE('',#10339,#5075);
#4184=LINE('',#10341,#5076);
#4185=LINE('',#10343,#5077);
#4186=LINE('',#10345,#5078);
#4187=LINE('',#10347,#5079);
#4188=LINE('',#10349,#5080);
#4189=LINE('',#10351,#5081);
#4190=LINE('',#10353,#5082);
#4191=LINE('',#10355,#5083);
#4192=LINE('',#10356,#5084);
#4193=LINE('',#10358,#5085);
#4194=LINE('',#10359,#5086);
#4195=LINE('',#10361,#5087);
#4196=LINE('',#10362,#5088);
#4197=LINE('',#10364,#5089);
#4198=LINE('',#10365,#5090);
#4199=LINE('',#10367,#5091);
#4200=LINE('',#10368,#5092);
#4201=LINE('',#10370,#5093);
#4202=LINE('',#10371,#5094);
#4203=LINE('',#10373,#5095);
#4204=LINE('',#10374,#5096);
#4205=LINE('',#10376,#5097);
#4206=LINE('',#10377,#5098);
#4207=LINE('',#10379,#5099);
#4208=LINE('',#10380,#5100);
#4209=LINE('',#10382,#5101);
#4210=LINE('',#10383,#5102);
#4211=LINE('',#10385,#5103);
#4212=LINE('',#10386,#5104);
#4213=LINE('',#10388,#5105);
#4214=LINE('',#10389,#5106);
#4215=LINE('',#10391,#5107);
#4216=LINE('',#10392,#5108);
#4217=LINE('',#10394,#5109);
#4218=LINE('',#10395,#5110);
#4219=LINE('',#10397,#5111);
#4220=LINE('',#10398,#5112);
#4221=LINE('',#10400,#5113);
#4222=LINE('',#10401,#5114);
#4223=LINE('',#10403,#5115);
#4224=LINE('',#10404,#5116);
#4225=LINE('',#10406,#5117);
#4226=LINE('',#10407,#5118);
#4227=LINE('',#10409,#5119);
#4228=LINE('',#10410,#5120);
#4229=LINE('',#10412,#5121);
#4230=LINE('',#10413,#5122);
#4231=LINE('',#10415,#5123);
#4232=LINE('',#10416,#5124);
#4233=LINE('',#10418,#5125);
#4234=LINE('',#10419,#5126);
#4235=LINE('',#10421,#5127);
#4236=LINE('',#10422,#5128);
#4237=LINE('',#10424,#5129);
#4238=LINE('',#10425,#5130);
#4239=LINE('',#10427,#5131);
#4240=LINE('',#10428,#5132);
#4241=LINE('',#10430,#5133);
#4242=LINE('',#10431,#5134);
#4243=LINE('',#10433,#5135);
#4244=LINE('',#10434,#5136);
#4245=LINE('',#10436,#5137);
#4246=LINE('',#10437,#5138);
#4247=LINE('',#10439,#5139);
#4248=LINE('',#10440,#5140);
#4249=LINE('',#10442,#5141);
#4250=LINE('',#10443,#5142);
#4251=LINE('',#10445,#5143);
#4252=LINE('',#10446,#5144);
#4253=LINE('',#10448,#5145);
#4254=LINE('',#10449,#5146);
#4255=LINE('',#10451,#5147);
#4256=LINE('',#10452,#5148);
#4257=LINE('',#10454,#5149);
#4258=LINE('',#10455,#5150);
#4259=LINE('',#10457,#5151);
#4260=LINE('',#10458,#5152);
#4261=LINE('',#10460,#5153);
#4262=LINE('',#10461,#5154);
#4263=LINE('',#10463,#5155);
#4264=LINE('',#10464,#5156);
#4265=LINE('',#10466,#5157);
#4266=LINE('',#10467,#5158);
#4267=LINE('',#10469,#5159);
#4268=LINE('',#10470,#5160);
#4269=LINE('',#10472,#5161);
#4270=LINE('',#10473,#5162);
#4271=LINE('',#10475,#5163);
#4272=LINE('',#10476,#5164);
#4273=LINE('',#10478,#5165);
#4274=LINE('',#10479,#5166);
#4275=LINE('',#10481,#5167);
#4276=LINE('',#10482,#5168);
#4277=LINE('',#10484,#5169);
#4278=LINE('',#10485,#5170);
#4279=LINE('',#10487,#5171);
#4280=LINE('',#10488,#5172);
#4281=LINE('',#10490,#5173);
#4282=LINE('',#10491,#5174);
#4283=LINE('',#10493,#5175);
#4284=LINE('',#10494,#5176);
#4285=LINE('',#10496,#5177);
#4286=LINE('',#10497,#5178);
#4287=LINE('',#10499,#5179);
#4288=LINE('',#10500,#5180);
#4289=LINE('',#10502,#5181);
#4290=LINE('',#10503,#5182);
#4291=LINE('',#10505,#5183);
#4292=LINE('',#10506,#5184);
#4293=LINE('',#10508,#5185);
#4294=LINE('',#10509,#5186);
#4295=LINE('',#10511,#5187);
#4296=LINE('',#10512,#5188);
#4297=LINE('',#10514,#5189);
#4298=LINE('',#10515,#5190);
#4299=LINE('',#10517,#5191);
#4300=LINE('',#10518,#5192);
#4301=LINE('',#10520,#5193);
#4302=LINE('',#10521,#5194);
#4303=LINE('',#10523,#5195);
#4304=LINE('',#10524,#5196);
#4305=LINE('',#10526,#5197);
#4306=LINE('',#10527,#5198);
#4307=LINE('',#10529,#5199);
#4308=LINE('',#10530,#5200);
#4309=LINE('',#10532,#5201);
#4310=LINE('',#10533,#5202);
#4311=LINE('',#10535,#5203);
#4312=LINE('',#10536,#5204);
#4313=LINE('',#10538,#5205);
#4314=LINE('',#10539,#5206);
#4315=LINE('',#10541,#5207);
#4316=LINE('',#10542,#5208);
#4317=LINE('',#10544,#5209);
#4318=LINE('',#10545,#5210);
#4319=LINE('',#10547,#5211);
#4320=LINE('',#10548,#5212);
#4321=LINE('',#10550,#5213);
#4322=LINE('',#10551,#5214);
#4323=LINE('',#10553,#5215);
#4324=LINE('',#10554,#5216);
#4325=LINE('',#10556,#5217);
#4326=LINE('',#10557,#5218);
#4327=LINE('',#10559,#5219);
#4328=LINE('',#10560,#5220);
#4329=LINE('',#10562,#5221);
#4330=LINE('',#10563,#5222);
#4331=LINE('',#10565,#5223);
#4332=LINE('',#10566,#5224);
#4333=LINE('',#10568,#5225);
#4334=LINE('',#10569,#5226);
#4335=LINE('',#10576,#5227);
#4336=LINE('',#10577,#5228);
#4337=LINE('',#10644,#5229);
#4338=LINE('',#10645,#5230);
#4339=VECTOR('',#7209,1.);
#4340=VECTOR('',#7210,1.);
#4341=VECTOR('',#7211,1.);
#4342=VECTOR('',#7212,1.);
#4343=VECTOR('',#7215,1.);
#4344=VECTOR('',#7216,1.);
#4345=VECTOR('',#7217,1.);
#4346=VECTOR('',#7220,1.);
#4347=VECTOR('',#7221,1.);
#4348=VECTOR('',#7222,1.);
#4349=VECTOR('',#7225,1.);
#4350=VECTOR('',#7226,1.);
#4351=VECTOR('',#7227,1.);
#4352=VECTOR('',#7228,1.);
#4353=VECTOR('',#7231,1.);
#4354=VECTOR('',#7232,1.);
#4355=VECTOR('',#7233,1.);
#4356=VECTOR('',#7236,1.);
#4357=VECTOR('',#7237,1.);
#4358=VECTOR('',#7238,1.);
#4359=VECTOR('',#7241,1.);
#4360=VECTOR('',#7242,1.);
#4361=VECTOR('',#7243,1.);
#4362=VECTOR('',#7244,1.);
#4363=VECTOR('',#7247,1.);
#4364=VECTOR('',#7248,1.);
#4365=VECTOR('',#7249,1.);
#4366=VECTOR('',#7252,1.);
#4367=VECTOR('',#7253,1.);
#4368=VECTOR('',#7254,1.);
#4369=VECTOR('',#7257,1.);
#4370=VECTOR('',#7258,1.);
#4371=VECTOR('',#7259,1.);
#4372=VECTOR('',#7260,1.);
#4373=VECTOR('',#7263,1.);
#4374=VECTOR('',#7264,1.);
#4375=VECTOR('',#7265,1.);
#4376=VECTOR('',#7268,1.);
#4377=VECTOR('',#7269,1.);
#4378=VECTOR('',#7270,1.);
#4379=VECTOR('',#7273,1.);
#4380=VECTOR('',#7274,1.);
#4381=VECTOR('',#7275,1.);
#4382=VECTOR('',#7276,1.);
#4383=VECTOR('',#7279,1.);
#4384=VECTOR('',#7280,1.);
#4385=VECTOR('',#7281,1.);
#4386=VECTOR('',#7284,1.);
#4387=VECTOR('',#7285,1.);
#4388=VECTOR('',#7286,1.);
#4389=VECTOR('',#7289,1.);
#4390=VECTOR('',#7290,1.);
#4391=VECTOR('',#7291,1.);
#4392=VECTOR('',#7292,1.);
#4393=VECTOR('',#7295,1.);
#4394=VECTOR('',#7296,1.);
#4395=VECTOR('',#7297,1.);
#4396=VECTOR('',#7300,1.);
#4397=VECTOR('',#7301,1.);
#4398=VECTOR('',#7302,1.);
#4399=VECTOR('',#7305,1.);
#4400=VECTOR('',#7306,1.);
#4401=VECTOR('',#7307,1.);
#4402=VECTOR('',#7308,1.);
#4403=VECTOR('',#7311,1.);
#4404=VECTOR('',#7312,1.);
#4405=VECTOR('',#7313,1.);
#4406=VECTOR('',#7316,1.);
#4407=VECTOR('',#7317,1.);
#4408=VECTOR('',#7318,1.);
#4409=VECTOR('',#7321,1.);
#4410=VECTOR('',#7322,1.);
#4411=VECTOR('',#7323,1.);
#4412=VECTOR('',#7324,1.);
#4413=VECTOR('',#7327,1.);
#4414=VECTOR('',#7328,1.);
#4415=VECTOR('',#7329,1.);
#4416=VECTOR('',#7332,1.);
#4417=VECTOR('',#7333,1.);
#4418=VECTOR('',#7334,1.);
#4419=VECTOR('',#7337,1.);
#4420=VECTOR('',#7338,1.);
#4421=VECTOR('',#7339,1.);
#4422=VECTOR('',#7340,1.);
#4423=VECTOR('',#7343,1.);
#4424=VECTOR('',#7344,1.);
#4425=VECTOR('',#7345,1.);
#4426=VECTOR('',#7348,1.);
#4427=VECTOR('',#7349,1.);
#4428=VECTOR('',#7350,1.);
#4429=VECTOR('',#7353,1.);
#4430=VECTOR('',#7354,1.);
#4431=VECTOR('',#7355,1.);
#4432=VECTOR('',#7356,1.);
#4433=VECTOR('',#7359,1.);
#4434=VECTOR('',#7360,1.);
#4435=VECTOR('',#7361,1.);
#4436=VECTOR('',#7364,1.);
#4437=VECTOR('',#7365,1.);
#4438=VECTOR('',#7366,1.);
#4439=VECTOR('',#7369,1.);
#4440=VECTOR('',#7370,1.);
#4441=VECTOR('',#7371,1.);
#4442=VECTOR('',#7372,1.);
#4443=VECTOR('',#7375,1.);
#4444=VECTOR('',#7376,1.);
#4445=VECTOR('',#7377,1.);
#4446=VECTOR('',#7380,1.);
#4447=VECTOR('',#7381,1.);
#4448=VECTOR('',#7382,1.);
#4449=VECTOR('',#7385,1.);
#4450=VECTOR('',#7386,1.);
#4451=VECTOR('',#7387,1.);
#4452=VECTOR('',#7388,1.);
#4453=VECTOR('',#7391,1.);
#4454=VECTOR('',#7392,1.);
#4455=VECTOR('',#7393,1.);
#4456=VECTOR('',#7396,1.);
#4457=VECTOR('',#7397,1.);
#4458=VECTOR('',#7398,1.);
#4459=VECTOR('',#7401,1.);
#4460=VECTOR('',#7402,1.);
#4461=VECTOR('',#7403,1.);
#4462=VECTOR('',#7404,1.);
#4463=VECTOR('',#7407,1.);
#4464=VECTOR('',#7408,1.);
#4465=VECTOR('',#7409,1.);
#4466=VECTOR('',#7412,1.);
#4467=VECTOR('',#7413,1.);
#4468=VECTOR('',#7414,1.);
#4469=VECTOR('',#7417,1.);
#4470=VECTOR('',#7418,1.);
#4471=VECTOR('',#7419,1.);
#4472=VECTOR('',#7420,1.);
#4473=VECTOR('',#7423,1.);
#4474=VECTOR('',#7424,1.);
#4475=VECTOR('',#7425,1.);
#4476=VECTOR('',#7428,1.);
#4477=VECTOR('',#7429,1.);
#4478=VECTOR('',#7430,1.);
#4479=VECTOR('',#7433,1.);
#4480=VECTOR('',#7434,1.);
#4481=VECTOR('',#7435,1.);
#4482=VECTOR('',#7436,1.);
#4483=VECTOR('',#7439,1.);
#4484=VECTOR('',#7440,1.);
#4485=VECTOR('',#7441,1.);
#4486=VECTOR('',#7444,1.);
#4487=VECTOR('',#7445,1.);
#4488=VECTOR('',#7446,1.);
#4489=VECTOR('',#7449,1.);
#4490=VECTOR('',#7450,1.);
#4491=VECTOR('',#7451,1.);
#4492=VECTOR('',#7452,1.);
#4493=VECTOR('',#7455,1.);
#4494=VECTOR('',#7456,1.);
#4495=VECTOR('',#7457,1.);
#4496=VECTOR('',#7460,1.);
#4497=VECTOR('',#7461,1.);
#4498=VECTOR('',#7462,1.);
#4499=VECTOR('',#7465,1.);
#4500=VECTOR('',#7466,1.);
#4501=VECTOR('',#7467,1.);
#4502=VECTOR('',#7468,1.);
#4503=VECTOR('',#7471,1.);
#4504=VECTOR('',#7472,1.);
#4505=VECTOR('',#7473,1.);
#4506=VECTOR('',#7476,1.);
#4507=VECTOR('',#7477,1.);
#4508=VECTOR('',#7478,1.);
#4509=VECTOR('',#7481,1.);
#4510=VECTOR('',#7482,1.);
#4511=VECTOR('',#7483,1.);
#4512=VECTOR('',#7484,1.);
#4513=VECTOR('',#7487,1.);
#4514=VECTOR('',#7488,1.);
#4515=VECTOR('',#7489,1.);
#4516=VECTOR('',#7492,1.);
#4517=VECTOR('',#7493,1.);
#4518=VECTOR('',#7494,1.);
#4519=VECTOR('',#7497,1.);
#4520=VECTOR('',#7498,1.);
#4521=VECTOR('',#7499,1.);
#4522=VECTOR('',#7500,1.);
#4523=VECTOR('',#7503,1.);
#4524=VECTOR('',#7504,1.);
#4525=VECTOR('',#7505,1.);
#4526=VECTOR('',#7508,1.);
#4527=VECTOR('',#7509,1.);
#4528=VECTOR('',#7510,1.);
#4529=VECTOR('',#7513,1.);
#4530=VECTOR('',#7514,1.);
#4531=VECTOR('',#7515,1.);
#4532=VECTOR('',#7516,1.);
#4533=VECTOR('',#7519,1.);
#4534=VECTOR('',#7520,1.);
#4535=VECTOR('',#7521,1.);
#4536=VECTOR('',#7524,1.);
#4537=VECTOR('',#7525,1.);
#4538=VECTOR('',#7526,1.);
#4539=VECTOR('',#7529,1.);
#4540=VECTOR('',#7530,1.);
#4541=VECTOR('',#7531,1.);
#4542=VECTOR('',#7532,1.);
#4543=VECTOR('',#7535,1.);
#4544=VECTOR('',#7536,1.);
#4545=VECTOR('',#7537,1.);
#4546=VECTOR('',#7540,1.);
#4547=VECTOR('',#7541,1.);
#4548=VECTOR('',#7542,1.);
#4549=VECTOR('',#7545,1.);
#4550=VECTOR('',#7546,1.);
#4551=VECTOR('',#7547,1.);
#4552=VECTOR('',#7548,1.);
#4553=VECTOR('',#7551,1.);
#4554=VECTOR('',#7552,1.);
#4555=VECTOR('',#7553,1.);
#4556=VECTOR('',#7556,1.);
#4557=VECTOR('',#7557,1.);
#4558=VECTOR('',#7558,1.);
#4559=VECTOR('',#7561,1.);
#4560=VECTOR('',#7562,1.);
#4561=VECTOR('',#7563,1.);
#4562=VECTOR('',#7564,1.);
#4563=VECTOR('',#7567,1.);
#4564=VECTOR('',#7568,1.);
#4565=VECTOR('',#7569,1.);
#4566=VECTOR('',#7572,1.);
#4567=VECTOR('',#7573,1.);
#4568=VECTOR('',#7574,1.);
#4569=VECTOR('',#7577,1.);
#4570=VECTOR('',#7578,1.);
#4571=VECTOR('',#7579,1.);
#4572=VECTOR('',#7580,1.);
#4573=VECTOR('',#7583,1.);
#4574=VECTOR('',#7584,1.);
#4575=VECTOR('',#7585,1.);
#4576=VECTOR('',#7588,1.);
#4577=VECTOR('',#7589,1.);
#4578=VECTOR('',#7590,1.);
#4579=VECTOR('',#7593,1.);
#4580=VECTOR('',#7594,1.);
#4581=VECTOR('',#7595,1.);
#4582=VECTOR('',#7596,1.);
#4583=VECTOR('',#7599,1.);
#4584=VECTOR('',#7600,1.);
#4585=VECTOR('',#7601,1.);
#4586=VECTOR('',#7604,1.);
#4587=VECTOR('',#7605,1.);
#4588=VECTOR('',#7606,1.);
#4589=VECTOR('',#7609,1.);
#4590=VECTOR('',#7610,1.);
#4591=VECTOR('',#7611,1.);
#4592=VECTOR('',#7612,1.);
#4593=VECTOR('',#7615,1.);
#4594=VECTOR('',#7616,1.);
#4595=VECTOR('',#7617,1.);
#4596=VECTOR('',#7620,1.);
#4597=VECTOR('',#7621,1.);
#4598=VECTOR('',#7622,1.);
#4599=VECTOR('',#7625,1.);
#4600=VECTOR('',#7626,1.);
#4601=VECTOR('',#7627,1.);
#4602=VECTOR('',#7628,1.);
#4603=VECTOR('',#7631,1.);
#4604=VECTOR('',#7632,1.);
#4605=VECTOR('',#7633,1.);
#4606=VECTOR('',#7636,1.);
#4607=VECTOR('',#7637,1.);
#4608=VECTOR('',#7638,1.);
#4609=VECTOR('',#7641,1.);
#4610=VECTOR('',#7642,1.);
#4611=VECTOR('',#7643,1.);
#4612=VECTOR('',#7644,1.);
#4613=VECTOR('',#7647,1.);
#4614=VECTOR('',#7648,1.);
#4615=VECTOR('',#7649,1.);
#4616=VECTOR('',#7652,1.);
#4617=VECTOR('',#7653,1.);
#4618=VECTOR('',#7654,1.);
#4619=VECTOR('',#7657,1.);
#4620=VECTOR('',#7658,1.);
#4621=VECTOR('',#7659,1.);
#4622=VECTOR('',#7660,1.);
#4623=VECTOR('',#7663,1.);
#4624=VECTOR('',#7664,1.);
#4625=VECTOR('',#7665,1.);
#4626=VECTOR('',#7668,1.);
#4627=VECTOR('',#7669,1.);
#4628=VECTOR('',#7670,1.);
#4629=VECTOR('',#7673,1.);
#4630=VECTOR('',#7674,1.);
#4631=VECTOR('',#7675,1.);
#4632=VECTOR('',#7676,1.);
#4633=VECTOR('',#7679,1.);
#4634=VECTOR('',#7680,1.);
#4635=VECTOR('',#7681,1.);
#4636=VECTOR('',#7684,1.);
#4637=VECTOR('',#7685,1.);
#4638=VECTOR('',#7686,1.);
#4639=VECTOR('',#7689,1.);
#4640=VECTOR('',#7690,1.);
#4641=VECTOR('',#7691,1.);
#4642=VECTOR('',#7692,1.);
#4643=VECTOR('',#7695,1.);
#4644=VECTOR('',#7696,1.);
#4645=VECTOR('',#7697,1.);
#4646=VECTOR('',#7700,1.);
#4647=VECTOR('',#7701,1.);
#4648=VECTOR('',#7702,1.);
#4649=VECTOR('',#7705,1.);
#4650=VECTOR('',#7706,1.);
#4651=VECTOR('',#7707,1.);
#4652=VECTOR('',#7708,1.);
#4653=VECTOR('',#7711,1.);
#4654=VECTOR('',#7712,1.);
#4655=VECTOR('',#7713,1.);
#4656=VECTOR('',#7716,1.);
#4657=VECTOR('',#7717,1.);
#4658=VECTOR('',#7718,1.);
#4659=VECTOR('',#7721,1.);
#4660=VECTOR('',#7722,1.);
#4661=VECTOR('',#7723,1.);
#4662=VECTOR('',#7724,1.);
#4663=VECTOR('',#7727,1.);
#4664=VECTOR('',#7728,1.);
#4665=VECTOR('',#7729,1.);
#4666=VECTOR('',#7732,1.);
#4667=VECTOR('',#7733,1.);
#4668=VECTOR('',#7734,1.);
#4669=VECTOR('',#7737,1.);
#4670=VECTOR('',#7738,1.);
#4671=VECTOR('',#7739,1.);
#4672=VECTOR('',#7740,1.);
#4673=VECTOR('',#7743,1.);
#4674=VECTOR('',#7744,1.);
#4675=VECTOR('',#7745,1.);
#4676=VECTOR('',#7748,1.);
#4677=VECTOR('',#7749,1.);
#4678=VECTOR('',#7750,1.);
#4679=VECTOR('',#7753,1.);
#4680=VECTOR('',#7754,1.);
#4681=VECTOR('',#7755,1.);
#4682=VECTOR('',#7756,1.);
#4683=VECTOR('',#7759,1.);
#4684=VECTOR('',#7760,1.);
#4685=VECTOR('',#7761,1.);
#4686=VECTOR('',#7764,1.);
#4687=VECTOR('',#7765,1.);
#4688=VECTOR('',#7766,1.);
#4689=VECTOR('',#7769,1.);
#4690=VECTOR('',#7770,1.);
#4691=VECTOR('',#7771,1.);
#4692=VECTOR('',#7772,1.);
#4693=VECTOR('',#7775,1.);
#4694=VECTOR('',#7776,1.);
#4695=VECTOR('',#7777,1.);
#4696=VECTOR('',#7780,1.);
#4697=VECTOR('',#7781,1.);
#4698=VECTOR('',#7782,1.);
#4699=VECTOR('',#7785,1.);
#4700=VECTOR('',#7786,1.);
#4701=VECTOR('',#7787,1.);
#4702=VECTOR('',#7788,1.);
#4703=VECTOR('',#7791,1.);
#4704=VECTOR('',#7792,1.);
#4705=VECTOR('',#7793,1.);
#4706=VECTOR('',#7796,1.);
#4707=VECTOR('',#7797,1.);
#4708=VECTOR('',#7798,1.);
#4709=VECTOR('',#7801,1.);
#4710=VECTOR('',#7802,1.);
#4711=VECTOR('',#7803,1.);
#4712=VECTOR('',#7804,1.);
#4713=VECTOR('',#7807,1.);
#4714=VECTOR('',#7808,1.);
#4715=VECTOR('',#7809,1.);
#4716=VECTOR('',#7812,1.);
#4717=VECTOR('',#7813,1.);
#4718=VECTOR('',#7814,1.);
#4719=VECTOR('',#7817,1.);
#4720=VECTOR('',#7818,1.);
#4721=VECTOR('',#7819,1.);
#4722=VECTOR('',#7820,1.);
#4723=VECTOR('',#7823,1.);
#4724=VECTOR('',#7824,1.);
#4725=VECTOR('',#7825,1.);
#4726=VECTOR('',#7828,1.);
#4727=VECTOR('',#7829,1.);
#4728=VECTOR('',#7830,1.);
#4729=VECTOR('',#7833,1.);
#4730=VECTOR('',#7834,1.);
#4731=VECTOR('',#7835,1.);
#4732=VECTOR('',#7836,1.);
#4733=VECTOR('',#7839,1.);
#4734=VECTOR('',#7840,1.);
#4735=VECTOR('',#7841,1.);
#4736=VECTOR('',#7844,1.);
#4737=VECTOR('',#7845,1.);
#4738=VECTOR('',#7846,1.);
#4739=VECTOR('',#7849,1.);
#4740=VECTOR('',#7850,1.);
#4741=VECTOR('',#7851,1.);
#4742=VECTOR('',#7852,1.);
#4743=VECTOR('',#7855,1.);
#4744=VECTOR('',#7856,1.);
#4745=VECTOR('',#7857,1.);
#4746=VECTOR('',#7860,1.);
#4747=VECTOR('',#7861,1.);
#4748=VECTOR('',#7862,1.);
#4749=VECTOR('',#7865,1.);
#4750=VECTOR('',#7866,1.);
#4751=VECTOR('',#7867,1.);
#4752=VECTOR('',#7868,1.);
#4753=VECTOR('',#7871,1.);
#4754=VECTOR('',#7872,1.);
#4755=VECTOR('',#7873,1.);
#4756=VECTOR('',#7876,1.);
#4757=VECTOR('',#7877,1.);
#4758=VECTOR('',#7878,1.);
#4759=VECTOR('',#7881,1.);
#4760=VECTOR('',#7882,1.);
#4761=VECTOR('',#7883,1.);
#4762=VECTOR('',#7884,1.);
#4763=VECTOR('',#7887,1.);
#4764=VECTOR('',#7888,1.);
#4765=VECTOR('',#7889,1.);
#4766=VECTOR('',#7892,1.);
#4767=VECTOR('',#7893,1.);
#4768=VECTOR('',#7894,1.);
#4769=VECTOR('',#7897,1.);
#4770=VECTOR('',#7898,1.);
#4771=VECTOR('',#7899,1.);
#4772=VECTOR('',#7900,1.);
#4773=VECTOR('',#7903,1.);
#4774=VECTOR('',#7904,1.);
#4775=VECTOR('',#7905,1.);
#4776=VECTOR('',#7908,1.);
#4777=VECTOR('',#7909,1.);
#4778=VECTOR('',#7910,1.);
#4779=VECTOR('',#7913,1.);
#4780=VECTOR('',#7914,1.);
#4781=VECTOR('',#7915,1.);
#4782=VECTOR('',#7916,1.);
#4783=VECTOR('',#7919,1.);
#4784=VECTOR('',#7920,1.);
#4785=VECTOR('',#7921,1.);
#4786=VECTOR('',#7924,1.);
#4787=VECTOR('',#7925,1.);
#4788=VECTOR('',#7926,1.);
#4789=VECTOR('',#7929,1.);
#4790=VECTOR('',#7930,1.);
#4791=VECTOR('',#7931,1.);
#4792=VECTOR('',#7932,1.);
#4793=VECTOR('',#7935,1.);
#4794=VECTOR('',#7936,1.);
#4795=VECTOR('',#7937,1.);
#4796=VECTOR('',#7940,1.);
#4797=VECTOR('',#7941,1.);
#4798=VECTOR('',#7942,1.);
#4799=VECTOR('',#7945,1.);
#4800=VECTOR('',#7946,1.);
#4801=VECTOR('',#7947,1.);
#4802=VECTOR('',#7948,1.);
#4803=VECTOR('',#7951,1.);
#4804=VECTOR('',#7952,1.);
#4805=VECTOR('',#7953,1.);
#4806=VECTOR('',#7956,1.);
#4807=VECTOR('',#7957,1.);
#4808=VECTOR('',#7958,1.);
#4809=VECTOR('',#7961,1.);
#4810=VECTOR('',#7962,1.);
#4811=VECTOR('',#7963,1.);
#4812=VECTOR('',#7964,1.);
#4813=VECTOR('',#7967,1.);
#4814=VECTOR('',#7968,1.);
#4815=VECTOR('',#7969,1.);
#4816=VECTOR('',#7972,1.);
#4817=VECTOR('',#7973,1.);
#4818=VECTOR('',#7974,1.);
#4819=VECTOR('',#7977,1.);
#4820=VECTOR('',#7978,1.);
#4821=VECTOR('',#7979,1.);
#4822=VECTOR('',#7980,1.);
#4823=VECTOR('',#7983,1.);
#4824=VECTOR('',#7984,1.);
#4825=VECTOR('',#7985,1.);
#4826=VECTOR('',#7988,1.);
#4827=VECTOR('',#7989,1.);
#4828=VECTOR('',#7990,1.);
#4829=VECTOR('',#7993,1.);
#4830=VECTOR('',#7994,1.);
#4831=VECTOR('',#7995,1.);
#4832=VECTOR('',#7996,1.);
#4833=VECTOR('',#7999,1.);
#4834=VECTOR('',#8000,1.);
#4835=VECTOR('',#8001,1.);
#4836=VECTOR('',#8004,1.);
#4837=VECTOR('',#8005,1.);
#4838=VECTOR('',#8006,1.);
#4839=VECTOR('',#8009,1.);
#4840=VECTOR('',#8010,1.);
#4841=VECTOR('',#8011,1.);
#4842=VECTOR('',#8012,1.);
#4843=VECTOR('',#8015,1.);
#4844=VECTOR('',#8016,1.);
#4845=VECTOR('',#8017,1.);
#4846=VECTOR('',#8020,1.);
#4847=VECTOR('',#8021,1.);
#4848=VECTOR('',#8022,1.);
#4849=VECTOR('',#8025,1.);
#4850=VECTOR('',#8026,1.);
#4851=VECTOR('',#8027,1.);
#4852=VECTOR('',#8028,1.);
#4853=VECTOR('',#8031,1.);
#4854=VECTOR('',#8032,1.);
#4855=VECTOR('',#8033,1.);
#4856=VECTOR('',#8036,1.);
#4857=VECTOR('',#8037,1.);
#4858=VECTOR('',#8038,1.);
#4859=VECTOR('',#8041,1.);
#4860=VECTOR('',#8042,1.);
#4861=VECTOR('',#8043,1.);
#4862=VECTOR('',#8044,1.);
#4863=VECTOR('',#8047,1.);
#4864=VECTOR('',#8048,1.);
#4865=VECTOR('',#8049,1.);
#4866=VECTOR('',#8052,1.);
#4867=VECTOR('',#8053,1.);
#4868=VECTOR('',#8054,1.);
#4869=VECTOR('',#8057,1.);
#4870=VECTOR('',#8058,1.);
#4871=VECTOR('',#8059,1.);
#4872=VECTOR('',#8060,1.);
#4873=VECTOR('',#8063,1.);
#4874=VECTOR('',#8064,1.);
#4875=VECTOR('',#8065,1.);
#4876=VECTOR('',#8068,1.);
#4877=VECTOR('',#8069,1.);
#4878=VECTOR('',#8070,1.);
#4879=VECTOR('',#8073,1.);
#4880=VECTOR('',#8074,1.);
#4881=VECTOR('',#8075,1.);
#4882=VECTOR('',#8076,1.);
#4883=VECTOR('',#8079,1.);
#4884=VECTOR('',#8080,1.);
#4885=VECTOR('',#8081,1.);
#4886=VECTOR('',#8084,1.);
#4887=VECTOR('',#8085,1.);
#4888=VECTOR('',#8086,1.);
#4889=VECTOR('',#8089,1.);
#4890=VECTOR('',#8090,1.);
#4891=VECTOR('',#8091,1.);
#4892=VECTOR('',#8092,1.);
#4893=VECTOR('',#8095,1.);
#4894=VECTOR('',#8096,1.);
#4895=VECTOR('',#8097,1.);
#4896=VECTOR('',#8100,1.);
#4897=VECTOR('',#8101,1.);
#4898=VECTOR('',#8102,1.);
#4899=VECTOR('',#8105,1.);
#4900=VECTOR('',#8106,1.);
#4901=VECTOR('',#8107,1.);
#4902=VECTOR('',#8108,1.);
#4903=VECTOR('',#8111,1.);
#4904=VECTOR('',#8112,1.);
#4905=VECTOR('',#8113,1.);
#4906=VECTOR('',#8116,1.);
#4907=VECTOR('',#8117,1.);
#4908=VECTOR('',#8118,1.);
#4909=VECTOR('',#8121,1.);
#4910=VECTOR('',#8122,1.);
#4911=VECTOR('',#8123,1.);
#4912=VECTOR('',#8124,1.);
#4913=VECTOR('',#8127,1.);
#4914=VECTOR('',#8128,1.);
#4915=VECTOR('',#8129,1.);
#4916=VECTOR('',#8132,1.);
#4917=VECTOR('',#8133,1.);
#4918=VECTOR('',#8134,1.);
#4919=VECTOR('',#8137,1.);
#4920=VECTOR('',#8138,1.);
#4921=VECTOR('',#8139,1.);
#4922=VECTOR('',#8140,1.);
#4923=VECTOR('',#8143,1.);
#4924=VECTOR('',#8144,1.);
#4925=VECTOR('',#8145,1.);
#4926=VECTOR('',#8148,1.);
#4927=VECTOR('',#8149,1.);
#4928=VECTOR('',#8150,1.);
#4929=VECTOR('',#8153,1.);
#4930=VECTOR('',#8154,1.);
#4931=VECTOR('',#8155,1.);
#4932=VECTOR('',#8156,1.);
#4933=VECTOR('',#8159,1.);
#4934=VECTOR('',#8160,1.);
#4935=VECTOR('',#8161,1.);
#4936=VECTOR('',#8164,1.);
#4937=VECTOR('',#8165,1.);
#4938=VECTOR('',#8166,1.);
#4939=VECTOR('',#8169,1.);
#4940=VECTOR('',#8170,1.);
#4941=VECTOR('',#8171,1.);
#4942=VECTOR('',#8172,1.);
#4943=VECTOR('',#8175,1.);
#4944=VECTOR('',#8176,1.);
#4945=VECTOR('',#8177,1.);
#4946=VECTOR('',#8180,1.);
#4947=VECTOR('',#8181,1.);
#4948=VECTOR('',#8182,1.);
#4949=VECTOR('',#8185,1.);
#4950=VECTOR('',#8186,1.);
#4951=VECTOR('',#8187,1.);
#4952=VECTOR('',#8188,1.);
#4953=VECTOR('',#8191,1.);
#4954=VECTOR('',#8192,1.);
#4955=VECTOR('',#8193,1.);
#4956=VECTOR('',#8196,1.);
#4957=VECTOR('',#8197,1.);
#4958=VECTOR('',#8198,1.);
#4959=VECTOR('',#8201,1.);
#4960=VECTOR('',#8202,1.);
#4961=VECTOR('',#8203,1.);
#4962=VECTOR('',#8204,1.);
#4963=VECTOR('',#8207,1.);
#4964=VECTOR('',#8208,1.);
#4965=VECTOR('',#8209,1.);
#4966=VECTOR('',#8212,1.);
#4967=VECTOR('',#8213,1.);
#4968=VECTOR('',#8214,1.);
#4969=VECTOR('',#8217,1.);
#4970=VECTOR('',#8218,1.);
#4971=VECTOR('',#8219,1.);
#4972=VECTOR('',#8220,1.);
#4973=VECTOR('',#8223,1.);
#4974=VECTOR('',#8224,1.);
#4975=VECTOR('',#8225,1.);
#4976=VECTOR('',#8228,1.);
#4977=VECTOR('',#8229,1.);
#4978=VECTOR('',#8230,1.);
#4979=VECTOR('',#8233,1.);
#4980=VECTOR('',#8234,1.);
#4981=VECTOR('',#8235,1.);
#4982=VECTOR('',#8236,1.);
#4983=VECTOR('',#8239,1.);
#4984=VECTOR('',#8240,1.);
#4985=VECTOR('',#8241,1.);
#4986=VECTOR('',#8244,1.);
#4987=VECTOR('',#8245,1.);
#4988=VECTOR('',#8246,1.);
#4989=VECTOR('',#8249,1.);
#4990=VECTOR('',#8250,1.);
#4991=VECTOR('',#8251,1.);
#4992=VECTOR('',#8252,1.);
#4993=VECTOR('',#8255,1.);
#4994=VECTOR('',#8256,1.);
#4995=VECTOR('',#8257,1.);
#4996=VECTOR('',#8260,1.);
#4997=VECTOR('',#8261,1.);
#4998=VECTOR('',#8262,1.);
#4999=VECTOR('',#8265,1.);
#5000=VECTOR('',#8266,1.);
#5001=VECTOR('',#8267,1.);
#5002=VECTOR('',#8268,1.);
#5003=VECTOR('',#8271,1.);
#5004=VECTOR('',#8272,1.);
#5005=VECTOR('',#8273,1.);
#5006=VECTOR('',#8276,1.);
#5007=VECTOR('',#8277,1.);
#5008=VECTOR('',#8278,1.);
#5009=VECTOR('',#8281,1.);
#5010=VECTOR('',#8282,1.);
#5011=VECTOR('',#8283,1.);
#5012=VECTOR('',#8284,1.);
#5013=VECTOR('',#8287,1.);
#5014=VECTOR('',#8288,1.);
#5015=VECTOR('',#8289,1.);
#5016=VECTOR('',#8292,1.);
#5017=VECTOR('',#8293,1.);
#5018=VECTOR('',#8294,1.);
#5019=VECTOR('',#8297,1.);
#5020=VECTOR('',#8298,1.);
#5021=VECTOR('',#8299,1.);
#5022=VECTOR('',#8300,1.);
#5023=VECTOR('',#8303,1.);
#5024=VECTOR('',#8304,1.);
#5025=VECTOR('',#8305,1.);
#5026=VECTOR('',#8308,1.);
#5027=VECTOR('',#8309,1.);
#5028=VECTOR('',#8310,1.);
#5029=VECTOR('',#8313,1.);
#5030=VECTOR('',#8314,1.);
#5031=VECTOR('',#8315,1.);
#5032=VECTOR('',#8316,1.);
#5033=VECTOR('',#8319,1.);
#5034=VECTOR('',#8320,1.);
#5035=VECTOR('',#8321,1.);
#5036=VECTOR('',#8324,1.);
#5037=VECTOR('',#8325,1.);
#5038=VECTOR('',#8326,1.);
#5039=VECTOR('',#8329,1.);
#5040=VECTOR('',#8330,1.);
#5041=VECTOR('',#8331,1.);
#5042=VECTOR('',#8332,1.);
#5043=VECTOR('',#8335,1.);
#5044=VECTOR('',#8336,1.);
#5045=VECTOR('',#8337,1.);
#5046=VECTOR('',#8340,1.);
#5047=VECTOR('',#8341,1.);
#5048=VECTOR('',#8342,1.);
#5049=VECTOR('',#8345,1.);
#5050=VECTOR('',#8346,1.);
#5051=VECTOR('',#8347,1.);
#5052=VECTOR('',#8348,1.);
#5053=VECTOR('',#8351,1.);
#5054=VECTOR('',#8352,1.);
#5055=VECTOR('',#8353,1.);
#5056=VECTOR('',#8356,1.);
#5057=VECTOR('',#8357,1.);
#5058=VECTOR('',#8358,1.);
#5059=VECTOR('',#8361,1.);
#5060=VECTOR('',#8362,1.);
#5061=VECTOR('',#8363,1.);
#5062=VECTOR('',#8368,1.);
#5063=VECTOR('',#8371,1.);
#5064=VECTOR('',#8374,1.);
#5065=VECTOR('',#8375,1.);
#5066=VECTOR('',#8376,1.);
#5067=VECTOR('',#8379,1.);
#5068=VECTOR('',#8380,1.);
#5069=VECTOR('',#8381,1.);
#5070=VECTOR('',#8384,1.);
#5071=VECTOR('',#8385,1.);
#5072=VECTOR('',#8386,1.);
#5073=VECTOR('',#8389,1.);
#5074=VECTOR('',#8390,1.);
#5075=VECTOR('',#8391,1.);
#5076=VECTOR('',#8392,1.);
#5077=VECTOR('',#8395,1.);
#5078=VECTOR('',#8396,1.);
#5079=VECTOR('',#8397,1.);
#5080=VECTOR('',#8400,1.);
#5081=VECTOR('',#8401,1.);
#5082=VECTOR('',#8402,1.);
#5083=VECTOR('',#8405,1.);
#5084=VECTOR('',#8406,1.);
#5085=VECTOR('',#8409,1.);
#5086=VECTOR('',#8410,1.);
#5087=VECTOR('',#8413,1.);
#5088=VECTOR('',#8414,1.);
#5089=VECTOR('',#8417,1.);
#5090=VECTOR('',#8418,1.);
#5091=VECTOR('',#8421,1.);
#5092=VECTOR('',#8422,1.);
#5093=VECTOR('',#8425,1.);
#5094=VECTOR('',#8426,1.);
#5095=VECTOR('',#8429,1.);
#5096=VECTOR('',#8430,1.);
#5097=VECTOR('',#8433,1.);
#5098=VECTOR('',#8434,1.);
#5099=VECTOR('',#8437,1.);
#5100=VECTOR('',#8438,1.);
#5101=VECTOR('',#8441,1.);
#5102=VECTOR('',#8442,1.);
#5103=VECTOR('',#8445,1.);
#5104=VECTOR('',#8446,1.);
#5105=VECTOR('',#8449,1.);
#5106=VECTOR('',#8450,1.);
#5107=VECTOR('',#8453,1.);
#5108=VECTOR('',#8454,1.);
#5109=VECTOR('',#8457,1.);
#5110=VECTOR('',#8458,1.);
#5111=VECTOR('',#8461,1.);
#5112=VECTOR('',#8462,1.);
#5113=VECTOR('',#8465,1.);
#5114=VECTOR('',#8466,1.);
#5115=VECTOR('',#8469,1.);
#5116=VECTOR('',#8470,1.);
#5117=VECTOR('',#8473,1.);
#5118=VECTOR('',#8474,1.);
#5119=VECTOR('',#8477,1.);
#5120=VECTOR('',#8478,1.);
#5121=VECTOR('',#8481,1.);
#5122=VECTOR('',#8482,1.);
#5123=VECTOR('',#8485,1.);
#5124=VECTOR('',#8486,1.);
#5125=VECTOR('',#8489,1.);
#5126=VECTOR('',#8490,1.);
#5127=VECTOR('',#8493,1.);
#5128=VECTOR('',#8494,1.);
#5129=VECTOR('',#8497,1.);
#5130=VECTOR('',#8498,1.);
#5131=VECTOR('',#8501,1.);
#5132=VECTOR('',#8502,1.);
#5133=VECTOR('',#8505,1.);
#5134=VECTOR('',#8506,1.);
#5135=VECTOR('',#8509,1.);
#5136=VECTOR('',#8510,1.);
#5137=VECTOR('',#8513,1.);
#5138=VECTOR('',#8514,1.);
#5139=VECTOR('',#8517,1.);
#5140=VECTOR('',#8518,1.);
#5141=VECTOR('',#8521,1.);
#5142=VECTOR('',#8522,1.);
#5143=VECTOR('',#8525,1.);
#5144=VECTOR('',#8526,1.);
#5145=VECTOR('',#8529,1.);
#5146=VECTOR('',#8530,1.);
#5147=VECTOR('',#8533,1.);
#5148=VECTOR('',#8534,1.);
#5149=VECTOR('',#8537,1.);
#5150=VECTOR('',#8538,1.);
#5151=VECTOR('',#8541,1.);
#5152=VECTOR('',#8542,1.);
#5153=VECTOR('',#8545,1.);
#5154=VECTOR('',#8546,1.);
#5155=VECTOR('',#8549,1.);
#5156=VECTOR('',#8550,1.);
#5157=VECTOR('',#8553,1.);
#5158=VECTOR('',#8554,1.);
#5159=VECTOR('',#8557,1.);
#5160=VECTOR('',#8558,1.);
#5161=VECTOR('',#8561,1.);
#5162=VECTOR('',#8562,1.);
#5163=VECTOR('',#8565,1.);
#5164=VECTOR('',#8566,1.);
#5165=VECTOR('',#8569,1.);
#5166=VECTOR('',#8570,1.);
#5167=VECTOR('',#8573,1.);
#5168=VECTOR('',#8574,1.);
#5169=VECTOR('',#8577,1.);
#5170=VECTOR('',#8578,1.);
#5171=VECTOR('',#8581,1.);
#5172=VECTOR('',#8582,1.);
#5173=VECTOR('',#8585,1.);
#5174=VECTOR('',#8586,1.);
#5175=VECTOR('',#8589,1.);
#5176=VECTOR('',#8590,1.);
#5177=VECTOR('',#8593,1.);
#5178=VECTOR('',#8594,1.);
#5179=VECTOR('',#8597,1.);
#5180=VECTOR('',#8598,1.);
#5181=VECTOR('',#8601,1.);
#5182=VECTOR('',#8602,1.);
#5183=VECTOR('',#8605,1.);
#5184=VECTOR('',#8606,1.);
#5185=VECTOR('',#8609,1.);
#5186=VECTOR('',#8610,1.);
#5187=VECTOR('',#8613,1.);
#5188=VECTOR('',#8614,1.);
#5189=VECTOR('',#8617,1.);
#5190=VECTOR('',#8618,1.);
#5191=VECTOR('',#8621,1.);
#5192=VECTOR('',#8622,1.);
#5193=VECTOR('',#8625,1.);
#5194=VECTOR('',#8626,1.);
#5195=VECTOR('',#8629,1.);
#5196=VECTOR('',#8630,1.);
#5197=VECTOR('',#8633,1.);
#5198=VECTOR('',#8634,1.);
#5199=VECTOR('',#8637,1.);
#5200=VECTOR('',#8638,1.);
#5201=VECTOR('',#8641,1.);
#5202=VECTOR('',#8642,1.);
#5203=VECTOR('',#8645,1.);
#5204=VECTOR('',#8646,1.);
#5205=VECTOR('',#8649,1.);
#5206=VECTOR('',#8650,1.);
#5207=VECTOR('',#8653,1.);
#5208=VECTOR('',#8654,1.);
#5209=VECTOR('',#8657,1.);
#5210=VECTOR('',#8658,1.);
#5211=VECTOR('',#8661,1.);
#5212=VECTOR('',#8662,1.);
#5213=VECTOR('',#8665,1.);
#5214=VECTOR('',#8666,1.);
#5215=VECTOR('',#8669,1.);
#5216=VECTOR('',#8670,1.);
#5217=VECTOR('',#8673,1.);
#5218=VECTOR('',#8674,1.);
#5219=VECTOR('',#8677,1.);
#5220=VECTOR('',#8678,1.);
#5221=VECTOR('',#8681,1.);
#5222=VECTOR('',#8682,1.);
#5223=VECTOR('',#8685,1.);
#5224=VECTOR('',#8686,1.);
#5225=VECTOR('',#8689,1.);
#5226=VECTOR('',#8690,1.);
#5227=VECTOR('',#8699,1.);
#5228=VECTOR('',#8700,1.);
#5229=VECTOR('',#8781,1.);
#5230=VECTOR('',#8782,1.);
#5231=EDGE_LOOP('',(#57,#58,#59,#60));
#5232=EDGE_LOOP('',(#61,#62,#63,#64));
#5233=EDGE_LOOP('',(#65,#66,#67,#68));
#5234=EDGE_LOOP('',(#69,#70,#71,#72));
#5235=EDGE_LOOP('',(#73,#74,#75,#76));
#5236=EDGE_LOOP('',(#77,#78,#79,#80));
#5237=EDGE_LOOP('',(#81,#82,#83,#84));
#5238=EDGE_LOOP('',(#85,#86,#87,#88));
#5239=EDGE_LOOP('',(#89,#90,#91,#92));
#5240=EDGE_LOOP('',(#93,#94,#95,#96));
#5241=EDGE_LOOP('',(#97,#98,#99,#100));
#5242=EDGE_LOOP('',(#101,#102,#103,#104));
#5243=EDGE_LOOP('',(#105,#106,#107,#108));
#5244=EDGE_LOOP('',(#109,#110,#111,#112));
#5245=EDGE_LOOP('',(#113,#114,#115,#116));
#5246=EDGE_LOOP('',(#117,#118,#119,#120));
#5247=EDGE_LOOP('',(#121,#122,#123,#124));
#5248=EDGE_LOOP('',(#125,#126,#127,#128));
#5249=EDGE_LOOP('',(#129,#130,#131,#132));
#5250=EDGE_LOOP('',(#133,#134,#135,#136));
#5251=EDGE_LOOP('',(#137,#138,#139,#140));
#5252=EDGE_LOOP('',(#141,#142,#143,#144));
#5253=EDGE_LOOP('',(#145,#146,#147,#148));
#5254=EDGE_LOOP('',(#149,#150,#151,#152));
#5255=EDGE_LOOP('',(#153,#154,#155,#156));
#5256=EDGE_LOOP('',(#157,#158,#159,#160));
#5257=EDGE_LOOP('',(#161,#162,#163,#164));
#5258=EDGE_LOOP('',(#165,#166,#167,#168));
#5259=EDGE_LOOP('',(#169,#170,#171,#172));
#5260=EDGE_LOOP('',(#173,#174,#175,#176));
#5261=EDGE_LOOP('',(#177,#178,#179,#180));
#5262=EDGE_LOOP('',(#181,#182,#183,#184));
#5263=EDGE_LOOP('',(#185,#186,#187,#188));
#5264=EDGE_LOOP('',(#189,#190,#191,#192));
#5265=EDGE_LOOP('',(#193,#194,#195,#196));
#5266=EDGE_LOOP('',(#197,#198,#199,#200));
#5267=EDGE_LOOP('',(#201,#202,#203,#204));
#5268=EDGE_LOOP('',(#205,#206,#207,#208));
#5269=EDGE_LOOP('',(#209,#210,#211,#212));
#5270=EDGE_LOOP('',(#213,#214,#215,#216));
#5271=EDGE_LOOP('',(#217,#218,#219,#220));
#5272=EDGE_LOOP('',(#221,#222,#223,#224));
#5273=EDGE_LOOP('',(#225,#226,#227,#228));
#5274=EDGE_LOOP('',(#229,#230,#231,#232));
#5275=EDGE_LOOP('',(#233,#234,#235,#236));
#5276=EDGE_LOOP('',(#237,#238,#239,#240));
#5277=EDGE_LOOP('',(#241,#242,#243,#244));
#5278=EDGE_LOOP('',(#245,#246,#247,#248));
#5279=EDGE_LOOP('',(#249,#250,#251,#252));
#5280=EDGE_LOOP('',(#253,#254,#255,#256));
#5281=EDGE_LOOP('',(#257,#258,#259,#260));
#5282=EDGE_LOOP('',(#261,#262,#263,#264));
#5283=EDGE_LOOP('',(#265,#266,#267,#268));
#5284=EDGE_LOOP('',(#269,#270,#271,#272));
#5285=EDGE_LOOP('',(#273,#274,#275,#276));
#5286=EDGE_LOOP('',(#277,#278,#279,#280));
#5287=EDGE_LOOP('',(#281,#282,#283,#284));
#5288=EDGE_LOOP('',(#285,#286,#287,#288));
#5289=EDGE_LOOP('',(#289,#290,#291,#292));
#5290=EDGE_LOOP('',(#293,#294,#295,#296));
#5291=EDGE_LOOP('',(#297,#298,#299,#300));
#5292=EDGE_LOOP('',(#301,#302,#303,#304));
#5293=EDGE_LOOP('',(#305,#306,#307,#308));
#5294=EDGE_LOOP('',(#309,#310,#311,#312));
#5295=EDGE_LOOP('',(#313,#314,#315,#316));
#5296=EDGE_LOOP('',(#317,#318,#319,#320));
#5297=EDGE_LOOP('',(#321,#322,#323,#324));
#5298=EDGE_LOOP('',(#325,#326,#327,#328));
#5299=EDGE_LOOP('',(#329,#330,#331,#332));
#5300=EDGE_LOOP('',(#333,#334,#335,#336));
#5301=EDGE_LOOP('',(#337,#338,#339,#340));
#5302=EDGE_LOOP('',(#341,#342,#343,#344));
#5303=EDGE_LOOP('',(#345,#346,#347,#348));
#5304=EDGE_LOOP('',(#349,#350,#351,#352));
#5305=EDGE_LOOP('',(#353,#354,#355,#356));
#5306=EDGE_LOOP('',(#357,#358,#359,#360));
#5307=EDGE_LOOP('',(#361,#362,#363,#364));
#5308=EDGE_LOOP('',(#365,#366,#367,#368));
#5309=EDGE_LOOP('',(#369,#370,#371,#372));
#5310=EDGE_LOOP('',(#373,#374,#375,#376));
#5311=EDGE_LOOP('',(#377,#378,#379,#380));
#5312=EDGE_LOOP('',(#381,#382,#383,#384));
#5313=EDGE_LOOP('',(#385,#386,#387,#388));
#5314=EDGE_LOOP('',(#389,#390,#391,#392));
#5315=EDGE_LOOP('',(#393,#394,#395,#396));
#5316=EDGE_LOOP('',(#397,#398,#399,#400));
#5317=EDGE_LOOP('',(#401,#402,#403,#404));
#5318=EDGE_LOOP('',(#405,#406,#407,#408));
#5319=EDGE_LOOP('',(#409,#410,#411,#412));
#5320=EDGE_LOOP('',(#413,#414,#415,#416));
#5321=EDGE_LOOP('',(#417,#418,#419,#420));
#5322=EDGE_LOOP('',(#421,#422,#423,#424));
#5323=EDGE_LOOP('',(#425,#426,#427,#428));
#5324=EDGE_LOOP('',(#429,#430,#431,#432));
#5325=EDGE_LOOP('',(#433,#434,#435,#436));
#5326=EDGE_LOOP('',(#437,#438,#439,#440));
#5327=EDGE_LOOP('',(#441,#442,#443,#444));
#5328=EDGE_LOOP('',(#445,#446,#447,#448));
#5329=EDGE_LOOP('',(#449,#450,#451,#452));
#5330=EDGE_LOOP('',(#453,#454,#455,#456));
#5331=EDGE_LOOP('',(#457,#458,#459,#460));
#5332=EDGE_LOOP('',(#461,#462,#463,#464));
#5333=EDGE_LOOP('',(#465,#466,#467,#468));
#5334=EDGE_LOOP('',(#469,#470,#471,#472));
#5335=EDGE_LOOP('',(#473,#474,#475,#476));
#5336=EDGE_LOOP('',(#477,#478,#479,#480));
#5337=EDGE_LOOP('',(#481,#482,#483,#484));
#5338=EDGE_LOOP('',(#485,#486,#487,#488));
#5339=EDGE_LOOP('',(#489,#490,#491,#492));
#5340=EDGE_LOOP('',(#493,#494,#495,#496));
#5341=EDGE_LOOP('',(#497,#498,#499,#500));
#5342=EDGE_LOOP('',(#501,#502,#503,#504));
#5343=EDGE_LOOP('',(#505,#506,#507,#508));
#5344=EDGE_LOOP('',(#509,#510,#511,#512));
#5345=EDGE_LOOP('',(#513,#514,#515,#516));
#5346=EDGE_LOOP('',(#517,#518,#519,#520));
#5347=EDGE_LOOP('',(#521,#522,#523,#524));
#5348=EDGE_LOOP('',(#525,#526,#527,#528));
#5349=EDGE_LOOP('',(#529,#530,#531,#532));
#5350=EDGE_LOOP('',(#533,#534,#535,#536));
#5351=EDGE_LOOP('',(#537,#538,#539,#540));
#5352=EDGE_LOOP('',(#541,#542,#543,#544));
#5353=EDGE_LOOP('',(#545,#546,#547,#548));
#5354=EDGE_LOOP('',(#549,#550,#551,#552));
#5355=EDGE_LOOP('',(#553,#554,#555,#556));
#5356=EDGE_LOOP('',(#557,#558,#559,#560));
#5357=EDGE_LOOP('',(#561,#562,#563,#564));
#5358=EDGE_LOOP('',(#565,#566,#567,#568));
#5359=EDGE_LOOP('',(#569,#570,#571,#572));
#5360=EDGE_LOOP('',(#573,#574,#575,#576));
#5361=EDGE_LOOP('',(#577,#578,#579,#580));
#5362=EDGE_LOOP('',(#581,#582,#583,#584));
#5363=EDGE_LOOP('',(#585,#586,#587,#588));
#5364=EDGE_LOOP('',(#589,#590,#591,#592));
#5365=EDGE_LOOP('',(#593,#594,#595,#596));
#5366=EDGE_LOOP('',(#597,#598,#599,#600));
#5367=EDGE_LOOP('',(#601,#602,#603,#604));
#5368=EDGE_LOOP('',(#605,#606,#607,#608));
#5369=EDGE_LOOP('',(#609,#610,#611,#612));
#5370=EDGE_LOOP('',(#613,#614,#615,#616));
#5371=EDGE_LOOP('',(#617,#618,#619,#620));
#5372=EDGE_LOOP('',(#621,#622,#623,#624));
#5373=EDGE_LOOP('',(#625,#626,#627,#628));
#5374=EDGE_LOOP('',(#629,#630,#631,#632));
#5375=EDGE_LOOP('',(#633,#634,#635,#636));
#5376=EDGE_LOOP('',(#637,#638,#639,#640));
#5377=EDGE_LOOP('',(#641,#642,#643,#644));
#5378=EDGE_LOOP('',(#645,#646,#647,#648));
#5379=EDGE_LOOP('',(#649,#650,#651,#652));
#5380=EDGE_LOOP('',(#653,#654,#655,#656));
#5381=EDGE_LOOP('',(#657,#658,#659,#660));
#5382=EDGE_LOOP('',(#661,#662,#663,#664));
#5383=EDGE_LOOP('',(#665,#666,#667,#668));
#5384=EDGE_LOOP('',(#669,#670,#671,#672));
#5385=EDGE_LOOP('',(#673,#674,#675,#676));
#5386=EDGE_LOOP('',(#677,#678,#679,#680));
#5387=EDGE_LOOP('',(#681,#682,#683,#684));
#5388=EDGE_LOOP('',(#685,#686,#687,#688));
#5389=EDGE_LOOP('',(#689,#690,#691,#692));
#5390=EDGE_LOOP('',(#693,#694,#695,#696));
#5391=EDGE_LOOP('',(#697,#698,#699,#700));
#5392=EDGE_LOOP('',(#701,#702,#703,#704));
#5393=EDGE_LOOP('',(#705,#706,#707,#708));
#5394=EDGE_LOOP('',(#709,#710,#711,#712));
#5395=EDGE_LOOP('',(#713,#714,#715,#716));
#5396=EDGE_LOOP('',(#717,#718,#719,#720));
#5397=EDGE_LOOP('',(#721,#722,#723,#724));
#5398=EDGE_LOOP('',(#725,#726,#727,#728));
#5399=EDGE_LOOP('',(#729,#730,#731,#732));
#5400=EDGE_LOOP('',(#733,#734,#735,#736));
#5401=EDGE_LOOP('',(#737,#738,#739,#740));
#5402=EDGE_LOOP('',(#741,#742,#743,#744));
#5403=EDGE_LOOP('',(#745,#746,#747,#748));
#5404=EDGE_LOOP('',(#749,#750,#751,#752));
#5405=EDGE_LOOP('',(#753,#754,#755,#756));
#5406=EDGE_LOOP('',(#757,#758,#759,#760));
#5407=EDGE_LOOP('',(#761,#762,#763,#764));
#5408=EDGE_LOOP('',(#765,#766,#767,#768));
#5409=EDGE_LOOP('',(#769,#770,#771,#772));
#5410=EDGE_LOOP('',(#773,#774,#775,#776));
#5411=EDGE_LOOP('',(#777,#778,#779,#780));
#5412=EDGE_LOOP('',(#781,#782,#783,#784));
#5413=EDGE_LOOP('',(#785,#786,#787,#788));
#5414=EDGE_LOOP('',(#789,#790,#791,#792));
#5415=EDGE_LOOP('',(#793,#794,#795,#796));
#5416=EDGE_LOOP('',(#797,#798,#799,#800));
#5417=EDGE_LOOP('',(#801,#802,#803,#804));
#5418=EDGE_LOOP('',(#805,#806,#807,#808));
#5419=EDGE_LOOP('',(#809,#810,#811,#812));
#5420=EDGE_LOOP('',(#813,#814,#815,#816));
#5421=EDGE_LOOP('',(#817,#818,#819,#820));
#5422=EDGE_LOOP('',(#821,#822,#823,#824));
#5423=EDGE_LOOP('',(#825,#826,#827,#828));
#5424=EDGE_LOOP('',(#829,#830,#831,#832));
#5425=EDGE_LOOP('',(#833,#834,#835,#836));
#5426=EDGE_LOOP('',(#837,#838,#839,#840));
#5427=EDGE_LOOP('',(#841,#842,#843,#844));
#5428=EDGE_LOOP('',(#845,#846,#847,#848));
#5429=EDGE_LOOP('',(#849,#850,#851,#852));
#5430=EDGE_LOOP('',(#853,#854,#855,#856));
#5431=EDGE_LOOP('',(#857,#858,#859,#860));
#5432=EDGE_LOOP('',(#861,#862,#863,#864));
#5433=EDGE_LOOP('',(#865,#866,#867,#868));
#5434=EDGE_LOOP('',(#869,#870,#871,#872));
#5435=EDGE_LOOP('',(#873,#874,#875,#876));
#5436=EDGE_LOOP('',(#877,#878,#879,#880));
#5437=EDGE_LOOP('',(#881,#882,#883,#884));
#5438=EDGE_LOOP('',(#885,#886,#887,#888));
#5439=EDGE_LOOP('',(#889,#890,#891,#892));
#5440=EDGE_LOOP('',(#893,#894,#895,#896));
#5441=EDGE_LOOP('',(#897,#898,#899,#900));
#5442=EDGE_LOOP('',(#901,#902,#903,#904));
#5443=EDGE_LOOP('',(#905,#906,#907,#908));
#5444=EDGE_LOOP('',(#909,#910,#911,#912));
#5445=EDGE_LOOP('',(#913,#914,#915,#916));
#5446=EDGE_LOOP('',(#917,#918,#919,#920));
#5447=EDGE_LOOP('',(#921,#922,#923,#924));
#5448=EDGE_LOOP('',(#925,#926,#927,#928));
#5449=EDGE_LOOP('',(#929,#930,#931,#932));
#5450=EDGE_LOOP('',(#933,#934,#935,#936));
#5451=EDGE_LOOP('',(#937,#938,#939,#940));
#5452=EDGE_LOOP('',(#941,#942,#943,#944));
#5453=EDGE_LOOP('',(#945,#946,#947,#948));
#5454=EDGE_LOOP('',(#949,#950,#951,#952));
#5455=EDGE_LOOP('',(#953,#954,#955,#956));
#5456=EDGE_LOOP('',(#957,#958,#959,#960));
#5457=EDGE_LOOP('',(#961,#962,#963,#964));
#5458=EDGE_LOOP('',(#965,#966,#967,#968));
#5459=EDGE_LOOP('',(#969,#970,#971,#972));
#5460=EDGE_LOOP('',(#973,#974,#975,#976));
#5461=EDGE_LOOP('',(#977,#978,#979,#980));
#5462=EDGE_LOOP('',(#981,#982,#983,#984));
#5463=EDGE_LOOP('',(#985,#986,#987,#988));
#5464=EDGE_LOOP('',(#989,#990,#991,#992));
#5465=EDGE_LOOP('',(#993,#994,#995,#996));
#5466=EDGE_LOOP('',(#997,#998,#999,#1000));
#5467=EDGE_LOOP('',(#1001,#1002,#1003,#1004));
#5468=EDGE_LOOP('',(#1005,#1006,#1007,#1008));
#5469=EDGE_LOOP('',(#1009,#1010,#1011,#1012));
#5470=EDGE_LOOP('',(#1013,#1014,#1015,#1016));
#5471=EDGE_LOOP('',(#1017,#1018,#1019,#1020));
#5472=EDGE_LOOP('',(#1021,#1022,#1023,#1024));
#5473=EDGE_LOOP('',(#1025,#1026,#1027,#1028));
#5474=EDGE_LOOP('',(#1029,#1030,#1031,#1032));
#5475=EDGE_LOOP('',(#1033,#1034,#1035,#1036));
#5476=EDGE_LOOP('',(#1037,#1038,#1039,#1040));
#5477=EDGE_LOOP('',(#1041,#1042,#1043,#1044));
#5478=EDGE_LOOP('',(#1045,#1046,#1047,#1048));
#5479=EDGE_LOOP('',(#1049,#1050,#1051,#1052));
#5480=EDGE_LOOP('',(#1053,#1054,#1055,#1056));
#5481=EDGE_LOOP('',(#1057,#1058,#1059,#1060));
#5482=EDGE_LOOP('',(#1061,#1062,#1063,#1064));
#5483=EDGE_LOOP('',(#1065,#1066,#1067,#1068));
#5484=EDGE_LOOP('',(#1069,#1070,#1071,#1072));
#5485=EDGE_LOOP('',(#1073,#1074,#1075,#1076));
#5486=EDGE_LOOP('',(#1077,#1078,#1079,#1080));
#5487=EDGE_LOOP('',(#1081,#1082,#1083,#1084));
#5488=EDGE_LOOP('',(#1085,#1086,#1087,#1088));
#5489=EDGE_LOOP('',(#1089,#1090,#1091,#1092));
#5490=EDGE_LOOP('',(#1093,#1094,#1095,#1096));
#5491=EDGE_LOOP('',(#1097,#1098,#1099,#1100));
#5492=EDGE_LOOP('',(#1101,#1102,#1103,#1104));
#5493=EDGE_LOOP('',(#1105,#1106,#1107,#1108));
#5494=EDGE_LOOP('',(#1109,#1110,#1111,#1112));
#5495=EDGE_LOOP('',(#1113,#1114,#1115,#1116));
#5496=EDGE_LOOP('',(#1117,#1118,#1119,#1120));
#5497=EDGE_LOOP('',(#1121,#1122,#1123,#1124));
#5498=EDGE_LOOP('',(#1125,#1126,#1127,#1128));
#5499=EDGE_LOOP('',(#1129,#1130,#1131,#1132));
#5500=EDGE_LOOP('',(#1133,#1134,#1135,#1136));
#5501=EDGE_LOOP('',(#1137,#1138,#1139,#1140));
#5502=EDGE_LOOP('',(#1141,#1142,#1143,#1144));
#5503=EDGE_LOOP('',(#1145,#1146,#1147,#1148));
#5504=EDGE_LOOP('',(#1149,#1150,#1151,#1152));
#5505=EDGE_LOOP('',(#1153,#1154,#1155,#1156));
#5506=EDGE_LOOP('',(#1157,#1158,#1159,#1160));
#5507=EDGE_LOOP('',(#1161,#1162,#1163,#1164));
#5508=EDGE_LOOP('',(#1165,#1166,#1167,#1168));
#5509=EDGE_LOOP('',(#1169,#1170,#1171,#1172));
#5510=EDGE_LOOP('',(#1173,#1174,#1175,#1176));
#5511=EDGE_LOOP('',(#1177,#1178,#1179,#1180));
#5512=EDGE_LOOP('',(#1181,#1182,#1183,#1184));
#5513=EDGE_LOOP('',(#1185,#1186,#1187,#1188));
#5514=EDGE_LOOP('',(#1189,#1190,#1191,#1192));
#5515=EDGE_LOOP('',(#1193,#1194,#1195,#1196));
#5516=EDGE_LOOP('',(#1197,#1198,#1199,#1200));
#5517=EDGE_LOOP('',(#1201,#1202,#1203,#1204));
#5518=EDGE_LOOP('',(#1205,#1206,#1207,#1208));
#5519=EDGE_LOOP('',(#1209,#1210,#1211,#1212));
#5520=EDGE_LOOP('',(#1213,#1214,#1215,#1216));
#5521=EDGE_LOOP('',(#1217,#1218,#1219,#1220));
#5522=EDGE_LOOP('',(#1221,#1222,#1223,#1224));
#5523=EDGE_LOOP('',(#1225,#1226,#1227,#1228));
#5524=EDGE_LOOP('',(#1229,#1230,#1231,#1232));
#5525=EDGE_LOOP('',(#1233,#1234,#1235,#1236));
#5526=EDGE_LOOP('',(#1237,#1238,#1239,#1240));
#5527=EDGE_LOOP('',(#1241));
#5528=EDGE_LOOP('',(#1242));
#5529=EDGE_LOOP('',(#1243,#1244,#1245,#1246));
#5530=EDGE_LOOP('',(#1247));
#5531=EDGE_LOOP('',(#1248));
#5532=EDGE_LOOP('',(#1249));
#5533=EDGE_LOOP('',(#1250));
#5534=EDGE_LOOP('',(#1251));
#5535=EDGE_LOOP('',(#1252));
#5536=EDGE_LOOP('',(#1253));
#5537=EDGE_LOOP('',(#1254));
#5538=EDGE_LOOP('',(#1255));
#5539=EDGE_LOOP('',(#1256));
#5540=EDGE_LOOP('',(#1257));
#5541=EDGE_LOOP('',(#1258));
#5542=EDGE_LOOP('',(#1259));
#5543=EDGE_LOOP('',(#1260));
#5544=EDGE_LOOP('',(#1261));
#5545=EDGE_LOOP('',(#1262));
#5546=EDGE_LOOP('',(#1263));
#5547=EDGE_LOOP('',(#1264));
#5548=EDGE_LOOP('',(#1265));
#5549=EDGE_LOOP('',(#1266));
#5550=EDGE_LOOP('',(#1267));
#5551=EDGE_LOOP('',(#1268));
#5552=EDGE_LOOP('',(#1269));
#5553=EDGE_LOOP('',(#1270));
#5554=EDGE_LOOP('',(#1271));
#5555=EDGE_LOOP('',(#1272));
#5556=EDGE_LOOP('',(#1273,#1274,#1275,#1276));
#5557=EDGE_LOOP('',(#1277));
#5558=EDGE_LOOP('',(#1278));
#5559=EDGE_LOOP('',(#1279));
#5560=EDGE_LOOP('',(#1280));
#5561=EDGE_LOOP('',(#1281));
#5562=EDGE_LOOP('',(#1282));
#5563=EDGE_LOOP('',(#1283));
#5564=EDGE_LOOP('',(#1284));
#5565=EDGE_LOOP('',(#1285));
#5566=EDGE_LOOP('',(#1286));
#5567=EDGE_LOOP('',(#1287));
#5568=EDGE_LOOP('',(#1288));
#5569=EDGE_LOOP('',(#1289));
#5570=EDGE_LOOP('',(#1290,#1291,#1292,#1293));
#5571=EDGE_LOOP('',(#1294));
#5572=EDGE_LOOP('',(#1295,#1296,#1297,#1298,#1299));
#5573=EDGE_LOOP('',(#1300,#1301,#1302,#1303,#1304));
#5574=EDGE_LOOP('',(#1305,#1306,#1307,#1308));
#5575=EDGE_LOOP('',(#1309,#1310,#1311,#1312));
#5576=EDGE_LOOP('',(#1313,#1314,#1315,#1316));
#5577=EDGE_LOOP('',(#1317,#1318,#1319,#1320));
#5578=EDGE_LOOP('',(#1321,#1322,#1323,#1324));
#5579=EDGE_LOOP('',(#1325,#1326,#1327,#1328));
#5580=EDGE_LOOP('',(#1329,#1330,#1331,#1332));
#5581=EDGE_LOOP('',(#1333,#1334,#1335,#1336));
#5582=EDGE_LOOP('',(#1337,#1338,#1339,#1340));
#5583=EDGE_LOOP('',(#1341,#1342,#1343,#1344));
#5584=EDGE_LOOP('',(#1345,#1346,#1347,#1348));
#5585=EDGE_LOOP('',(#1349,#1350,#1351,#1352));
#5586=EDGE_LOOP('',(#1353,#1354,#1355,#1356));
#5587=EDGE_LOOP('',(#1357,#1358,#1359,#1360));
#5588=EDGE_LOOP('',(#1361,#1362,#1363,#1364));
#5589=EDGE_LOOP('',(#1365,#1366,#1367,#1368));
#5590=EDGE_LOOP('',(#1369,#1370,#1371,#1372));
#5591=EDGE_LOOP('',(#1373,#1374,#1375,#1376));
#5592=EDGE_LOOP('',(#1377,#1378,#1379,#1380));
#5593=EDGE_LOOP('',(#1381,#1382,#1383,#1384));
#5594=EDGE_LOOP('',(#1385,#1386,#1387,#1388));
#5595=EDGE_LOOP('',(#1389,#1390,#1391,#1392));
#5596=EDGE_LOOP('',(#1393,#1394,#1395,#1396));
#5597=EDGE_LOOP('',(#1397,#1398,#1399,#1400));
#5598=EDGE_LOOP('',(#1401,#1402,#1403,#1404));
#5599=EDGE_LOOP('',(#1405,#1406,#1407,#1408));
#5600=EDGE_LOOP('',(#1409,#1410,#1411,#1412));
#5601=EDGE_LOOP('',(#1413,#1414,#1415,#1416));
#5602=EDGE_LOOP('',(#1417,#1418,#1419,#1420));
#5603=EDGE_LOOP('',(#1421,#1422,#1423,#1424));
#5604=EDGE_LOOP('',(#1425,#1426,#1427,#1428));
#5605=EDGE_LOOP('',(#1429,#1430,#1431,#1432));
#5606=EDGE_LOOP('',(#1433,#1434,#1435,#1436));
#5607=EDGE_LOOP('',(#1437,#1438,#1439,#1440));
#5608=EDGE_LOOP('',(#1441,#1442,#1443,#1444));
#5609=EDGE_LOOP('',(#1445,#1446,#1447,#1448));
#5610=EDGE_LOOP('',(#1449,#1450,#1451,#1452));
#5611=EDGE_LOOP('',(#1453,#1454,#1455,#1456));
#5612=EDGE_LOOP('',(#1457,#1458,#1459,#1460));
#5613=EDGE_LOOP('',(#1461,#1462,#1463,#1464));
#5614=EDGE_LOOP('',(#1465,#1466,#1467,#1468));
#5615=EDGE_LOOP('',(#1469,#1470,#1471,#1472));
#5616=EDGE_LOOP('',(#1473,#1474,#1475,#1476));
#5617=EDGE_LOOP('',(#1477,#1478,#1479,#1480));
#5618=EDGE_LOOP('',(#1481,#1482,#1483,#1484));
#5619=EDGE_LOOP('',(#1485,#1486,#1487,#1488));
#5620=EDGE_LOOP('',(#1489,#1490,#1491,#1492));
#5621=EDGE_LOOP('',(#1493,#1494,#1495,#1496));
#5622=EDGE_LOOP('',(#1497,#1498,#1499,#1500));
#5623=EDGE_LOOP('',(#1501,#1502,#1503,#1504));
#5624=EDGE_LOOP('',(#1505,#1506,#1507,#1508));
#5625=EDGE_LOOP('',(#1509,#1510,#1511,#1512));
#5626=EDGE_LOOP('',(#1513,#1514,#1515,#1516));
#5627=EDGE_LOOP('',(#1517,#1518,#1519,#1520));
#5628=EDGE_LOOP('',(#1521,#1522,#1523,#1524));
#5629=EDGE_LOOP('',(#1525,#1526,#1527,#1528));
#5630=EDGE_LOOP('',(#1529,#1530,#1531,#1532));
#5631=EDGE_LOOP('',(#1533,#1534,#1535,#1536));
#5632=EDGE_LOOP('',(#1537,#1538,#1539,#1540));
#5633=EDGE_LOOP('',(#1541,#1542,#1543,#1544));
#5634=EDGE_LOOP('',(#1545,#1546,#1547,#1548));
#5635=EDGE_LOOP('',(#1549,#1550,#1551,#1552));
#5636=EDGE_LOOP('',(#1553,#1554,#1555,#1556));
#5637=EDGE_LOOP('',(#1557,#1558,#1559,#1560));
#5638=EDGE_LOOP('',(#1561,#1562,#1563,#1564));
#5639=EDGE_LOOP('',(#1565,#1566,#1567,#1568));
#5640=EDGE_LOOP('',(#1569,#1570,#1571,#1572));
#5641=EDGE_LOOP('',(#1573,#1574,#1575,#1576));
#5642=EDGE_LOOP('',(#1577,#1578,#1579,#1580));
#5643=EDGE_LOOP('',(#1581,#1582,#1583,#1584));
#5644=EDGE_LOOP('',(#1585,#1586,#1587,#1588));
#5645=EDGE_LOOP('',(#1589));
#5646=EDGE_LOOP('',(#1590));
#5647=EDGE_LOOP('',(#1591));
#5648=EDGE_LOOP('',(#1592));
#5649=EDGE_LOOP('',(#1593));
#5650=EDGE_LOOP('',(#1594));
#5651=EDGE_LOOP('',(#1595));
#5652=EDGE_LOOP('',(#1596));
#5653=EDGE_LOOP('',(#1597));
#5654=EDGE_LOOP('',(#1598));
#5655=EDGE_LOOP('',(#1599));
#5656=EDGE_LOOP('',(#1600));
#5657=EDGE_LOOP('',(#1601));
#5658=EDGE_LOOP('',(#1602,#1603,#1604,#1605));
#5659=EDGE_LOOP('',(#1606));
#5660=EDGE_LOOP('',(#1607,#1608,#1609,#1610,#1611));
#5661=EDGE_LOOP('',(#1612,#1613,#1614,#1615,#1616));
#5662=EDGE_LOOP('',(#1617,#1618,#1619,#1620));
#5663=EDGE_LOOP('',(#1621,#1622,#1623,#1624));
#5664=EDGE_LOOP('',(#1625,#1626,#1627,#1628));
#5665=EDGE_LOOP('',(#1629,#1630,#1631,#1632));
#5666=EDGE_LOOP('',(#1633,#1634,#1635,#1636));
#5667=EDGE_LOOP('',(#1637,#1638,#1639,#1640));
#5668=EDGE_LOOP('',(#1641,#1642,#1643,#1644));
#5669=EDGE_LOOP('',(#1645,#1646,#1647,#1648));
#5670=EDGE_LOOP('',(#1649,#1650,#1651,#1652));
#5671=EDGE_LOOP('',(#1653,#1654,#1655,#1656));
#5672=EDGE_LOOP('',(#1657,#1658,#1659,#1660));
#5673=EDGE_LOOP('',(#1661,#1662,#1663,#1664));
#5674=EDGE_LOOP('',(#1665,#1666,#1667,#1668));
#5675=EDGE_LOOP('',(#1669,#1670,#1671,#1672));
#5676=EDGE_LOOP('',(#1673,#1674,#1675,#1676));
#5677=EDGE_LOOP('',(#1677,#1678,#1679,#1680));
#5678=EDGE_LOOP('',(#1681,#1682,#1683,#1684));
#5679=EDGE_LOOP('',(#1685,#1686,#1687,#1688));
#5680=EDGE_LOOP('',(#1689,#1690,#1691,#1692));
#5681=EDGE_LOOP('',(#1693,#1694,#1695,#1696));
#5682=EDGE_LOOP('',(#1697,#1698,#1699,#1700));
#5683=EDGE_LOOP('',(#1701,#1702,#1703,#1704));
#5684=EDGE_LOOP('',(#1705,#1706,#1707,#1708));
#5685=EDGE_LOOP('',(#1709,#1710,#1711,#1712));
#5686=EDGE_LOOP('',(#1713,#1714,#1715,#1716));
#5687=EDGE_LOOP('',(#1717,#1718,#1719,#1720));
#5688=EDGE_LOOP('',(#1721,#1722,#1723,#1724));
#5689=EDGE_LOOP('',(#1725,#1726,#1727,#1728));
#5690=EDGE_LOOP('',(#1729,#1730,#1731,#1732));
#5691=EDGE_LOOP('',(#1733,#1734,#1735,#1736));
#5692=EDGE_LOOP('',(#1737,#1738,#1739,#1740));
#5693=EDGE_LOOP('',(#1741,#1742,#1743,#1744));
#5694=EDGE_LOOP('',(#1745,#1746,#1747,#1748));
#5695=EDGE_LOOP('',(#1749,#1750,#1751,#1752));
#5696=EDGE_LOOP('',(#1753,#1754,#1755,#1756));
#5697=EDGE_LOOP('',(#1757,#1758,#1759,#1760));
#5698=EDGE_LOOP('',(#1761,#1762,#1763,#1764));
#5699=EDGE_LOOP('',(#1765,#1766,#1767,#1768));
#5700=EDGE_LOOP('',(#1769,#1770,#1771,#1772));
#5701=EDGE_LOOP('',(#1773,#1774,#1775,#1776));
#5702=EDGE_LOOP('',(#1777,#1778,#1779,#1780));
#5703=EDGE_LOOP('',(#1781,#1782,#1783,#1784));
#5704=EDGE_LOOP('',(#1785,#1786,#1787,#1788));
#5705=EDGE_LOOP('',(#1789,#1790,#1791,#1792));
#5706=EDGE_LOOP('',(#1793,#1794,#1795,#1796));
#5707=EDGE_LOOP('',(#1797,#1798,#1799,#1800));
#5708=EDGE_LOOP('',(#1801,#1802,#1803,#1804));
#5709=EDGE_LOOP('',(#1805,#1806,#1807,#1808));
#5710=EDGE_LOOP('',(#1809,#1810,#1811,#1812));
#5711=EDGE_LOOP('',(#1813,#1814,#1815,#1816));
#5712=EDGE_LOOP('',(#1817,#1818,#1819,#1820));
#5713=EDGE_LOOP('',(#1821,#1822,#1823,#1824));
#5714=EDGE_LOOP('',(#1825,#1826,#1827,#1828));
#5715=EDGE_LOOP('',(#1829,#1830,#1831,#1832));
#5716=EDGE_LOOP('',(#1833,#1834,#1835,#1836));
#5717=EDGE_LOOP('',(#1837,#1838,#1839,#1840));
#5718=EDGE_LOOP('',(#1841,#1842,#1843,#1844));
#5719=EDGE_LOOP('',(#1845,#1846,#1847,#1848));
#5720=EDGE_LOOP('',(#1849,#1850,#1851,#1852));
#5721=EDGE_LOOP('',(#1853,#1854,#1855,#1856));
#5722=EDGE_LOOP('',(#1857,#1858,#1859,#1860));
#5723=EDGE_LOOP('',(#1861,#1862,#1863,#1864));
#5724=EDGE_LOOP('',(#1865,#1866,#1867,#1868));
#5725=EDGE_LOOP('',(#1869,#1870,#1871,#1872));
#5726=EDGE_LOOP('',(#1873,#1874,#1875,#1876));
#5727=EDGE_LOOP('',(#1877,#1878,#1879,#1880));
#5728=EDGE_LOOP('',(#1881,#1882,#1883,#1884));
#5729=EDGE_LOOP('',(#1885,#1886,#1887,#1888));
#5730=EDGE_LOOP('',(#1889,#1890,#1891,#1892));
#5731=EDGE_LOOP('',(#1893,#1894,#1895,#1896));
#5732=EDGE_LOOP('',(#1897,#1898,#1899,#1900));
#5733=FACE_BOUND('',#5231,.T.);
#5734=FACE_BOUND('',#5232,.T.);
#5735=FACE_BOUND('',#5233,.T.);
#5736=FACE_BOUND('',#5234,.T.);
#5737=FACE_BOUND('',#5235,.T.);
#5738=FACE_BOUND('',#5236,.T.);
#5739=FACE_BOUND('',#5237,.T.);
#5740=FACE_BOUND('',#5238,.T.);
#5741=FACE_BOUND('',#5239,.T.);
#5742=FACE_BOUND('',#5240,.T.);
#5743=FACE_BOUND('',#5241,.T.);
#5744=FACE_BOUND('',#5242,.T.);
#5745=FACE_BOUND('',#5243,.T.);
#5746=FACE_BOUND('',#5244,.T.);
#5747=FACE_BOUND('',#5245,.T.);
#5748=FACE_BOUND('',#5246,.T.);
#5749=FACE_BOUND('',#5247,.T.);
#5750=FACE_BOUND('',#5248,.T.);
#5751=FACE_BOUND('',#5249,.T.);
#5752=FACE_BOUND('',#5250,.T.);
#5753=FACE_BOUND('',#5251,.T.);
#5754=FACE_BOUND('',#5252,.T.);
#5755=FACE_BOUND('',#5253,.T.);
#5756=FACE_BOUND('',#5254,.T.);
#5757=FACE_BOUND('',#5255,.T.);
#5758=FACE_BOUND('',#5256,.T.);
#5759=FACE_BOUND('',#5257,.T.);
#5760=FACE_BOUND('',#5258,.T.);
#5761=FACE_BOUND('',#5259,.T.);
#5762=FACE_BOUND('',#5260,.T.);
#5763=FACE_BOUND('',#5261,.T.);
#5764=FACE_BOUND('',#5262,.T.);
#5765=FACE_BOUND('',#5263,.T.);
#5766=FACE_BOUND('',#5264,.T.);
#5767=FACE_BOUND('',#5265,.T.);
#5768=FACE_BOUND('',#5266,.T.);
#5769=FACE_BOUND('',#5267,.T.);
#5770=FACE_BOUND('',#5268,.T.);
#5771=FACE_BOUND('',#5269,.T.);
#5772=FACE_BOUND('',#5270,.T.);
#5773=FACE_BOUND('',#5271,.T.);
#5774=FACE_BOUND('',#5272,.T.);
#5775=FACE_BOUND('',#5273,.T.);
#5776=FACE_BOUND('',#5274,.T.);
#5777=FACE_BOUND('',#5275,.T.);
#5778=FACE_BOUND('',#5276,.T.);
#5779=FACE_BOUND('',#5277,.T.);
#5780=FACE_BOUND('',#5278,.T.);
#5781=FACE_BOUND('',#5279,.T.);
#5782=FACE_BOUND('',#5280,.T.);
#5783=FACE_BOUND('',#5281,.T.);
#5784=FACE_BOUND('',#5282,.T.);
#5785=FACE_BOUND('',#5283,.T.);
#5786=FACE_BOUND('',#5284,.T.);
#5787=FACE_BOUND('',#5285,.T.);
#5788=FACE_BOUND('',#5286,.T.);
#5789=FACE_BOUND('',#5287,.T.);
#5790=FACE_BOUND('',#5288,.T.);
#5791=FACE_BOUND('',#5289,.T.);
#5792=FACE_BOUND('',#5290,.T.);
#5793=FACE_BOUND('',#5291,.T.);
#5794=FACE_BOUND('',#5292,.T.);
#5795=FACE_BOUND('',#5293,.T.);
#5796=FACE_BOUND('',#5294,.T.);
#5797=FACE_BOUND('',#5295,.T.);
#5798=FACE_BOUND('',#5296,.T.);
#5799=FACE_BOUND('',#5297,.T.);
#5800=FACE_BOUND('',#5298,.T.);
#5801=FACE_BOUND('',#5299,.T.);
#5802=FACE_BOUND('',#5300,.T.);
#5803=FACE_BOUND('',#5301,.T.);
#5804=FACE_BOUND('',#5302,.T.);
#5805=FACE_BOUND('',#5303,.T.);
#5806=FACE_BOUND('',#5304,.T.);
#5807=FACE_BOUND('',#5305,.T.);
#5808=FACE_BOUND('',#5306,.T.);
#5809=FACE_BOUND('',#5307,.T.);
#5810=FACE_BOUND('',#5308,.T.);
#5811=FACE_BOUND('',#5309,.T.);
#5812=FACE_BOUND('',#5310,.T.);
#5813=FACE_BOUND('',#5311,.T.);
#5814=FACE_BOUND('',#5312,.T.);
#5815=FACE_BOUND('',#5313,.T.);
#5816=FACE_BOUND('',#5314,.T.);
#5817=FACE_BOUND('',#5315,.T.);
#5818=FACE_BOUND('',#5316,.T.);
#5819=FACE_BOUND('',#5317,.T.);
#5820=FACE_BOUND('',#5318,.T.);
#5821=FACE_BOUND('',#5319,.T.);
#5822=FACE_BOUND('',#5320,.T.);
#5823=FACE_BOUND('',#5321,.T.);
#5824=FACE_BOUND('',#5322,.T.);
#5825=FACE_BOUND('',#5323,.T.);
#5826=FACE_BOUND('',#5324,.T.);
#5827=FACE_BOUND('',#5325,.T.);
#5828=FACE_BOUND('',#5326,.T.);
#5829=FACE_BOUND('',#5327,.T.);
#5830=FACE_BOUND('',#5328,.T.);
#5831=FACE_BOUND('',#5329,.T.);
#5832=FACE_BOUND('',#5330,.T.);
#5833=FACE_BOUND('',#5331,.T.);
#5834=FACE_BOUND('',#5332,.T.);
#5835=FACE_BOUND('',#5333,.T.);
#5836=FACE_BOUND('',#5334,.T.);
#5837=FACE_BOUND('',#5335,.T.);
#5838=FACE_BOUND('',#5336,.T.);
#5839=FACE_BOUND('',#5337,.T.);
#5840=FACE_BOUND('',#5338,.T.);
#5841=FACE_BOUND('',#5339,.T.);
#5842=FACE_BOUND('',#5340,.T.);
#5843=FACE_BOUND('',#5341,.T.);
#5844=FACE_BOUND('',#5342,.T.);
#5845=FACE_BOUND('',#5343,.T.);
#5846=FACE_BOUND('',#5344,.T.);
#5847=FACE_BOUND('',#5345,.T.);
#5848=FACE_BOUND('',#5346,.T.);
#5849=FACE_BOUND('',#5347,.T.);
#5850=FACE_BOUND('',#5348,.T.);
#5851=FACE_BOUND('',#5349,.T.);
#5852=FACE_BOUND('',#5350,.T.);
#5853=FACE_BOUND('',#5351,.T.);
#5854=FACE_BOUND('',#5352,.T.);
#5855=FACE_BOUND('',#5353,.T.);
#5856=FACE_BOUND('',#5354,.T.);
#5857=FACE_BOUND('',#5355,.T.);
#5858=FACE_BOUND('',#5356,.T.);
#5859=FACE_BOUND('',#5357,.T.);
#5860=FACE_BOUND('',#5358,.T.);
#5861=FACE_BOUND('',#5359,.T.);
#5862=FACE_BOUND('',#5360,.T.);
#5863=FACE_BOUND('',#5361,.T.);
#5864=FACE_BOUND('',#5362,.T.);
#5865=FACE_BOUND('',#5363,.T.);
#5866=FACE_BOUND('',#5364,.T.);
#5867=FACE_BOUND('',#5365,.T.);
#5868=FACE_BOUND('',#5366,.T.);
#5869=FACE_BOUND('',#5367,.T.);
#5870=FACE_BOUND('',#5368,.T.);
#5871=FACE_BOUND('',#5369,.T.);
#5872=FACE_BOUND('',#5370,.T.);
#5873=FACE_BOUND('',#5371,.T.);
#5874=FACE_BOUND('',#5372,.T.);
#5875=FACE_BOUND('',#5373,.T.);
#5876=FACE_BOUND('',#5374,.T.);
#5877=FACE_BOUND('',#5375,.T.);
#5878=FACE_BOUND('',#5376,.T.);
#5879=FACE_BOUND('',#5377,.T.);
#5880=FACE_BOUND('',#5378,.T.);
#5881=FACE_BOUND('',#5379,.T.);
#5882=FACE_BOUND('',#5380,.T.);
#5883=FACE_BOUND('',#5381,.T.);
#5884=FACE_BOUND('',#5382,.T.);
#5885=FACE_BOUND('',#5383,.T.);
#5886=FACE_BOUND('',#5384,.T.);
#5887=FACE_BOUND('',#5385,.T.);
#5888=FACE_BOUND('',#5386,.T.);
#5889=FACE_BOUND('',#5387,.T.);
#5890=FACE_BOUND('',#5388,.T.);
#5891=FACE_BOUND('',#5389,.T.);
#5892=FACE_BOUND('',#5390,.T.);
#5893=FACE_BOUND('',#5391,.T.);
#5894=FACE_BOUND('',#5392,.T.);
#5895=FACE_BOUND('',#5393,.T.);
#5896=FACE_BOUND('',#5394,.T.);
#5897=FACE_BOUND('',#5395,.T.);
#5898=FACE_BOUND('',#5396,.T.);
#5899=FACE_BOUND('',#5397,.T.);
#5900=FACE_BOUND('',#5398,.T.);
#5901=FACE_BOUND('',#5399,.T.);
#5902=FACE_BOUND('',#5400,.T.);
#5903=FACE_BOUND('',#5401,.T.);
#5904=FACE_BOUND('',#5402,.T.);
#5905=FACE_BOUND('',#5403,.T.);
#5906=FACE_BOUND('',#5404,.T.);
#5907=FACE_BOUND('',#5405,.T.);
#5908=FACE_BOUND('',#5406,.T.);
#5909=FACE_BOUND('',#5407,.T.);
#5910=FACE_BOUND('',#5408,.T.);
#5911=FACE_BOUND('',#5409,.T.);
#5912=FACE_BOUND('',#5410,.T.);
#5913=FACE_BOUND('',#5411,.T.);
#5914=FACE_BOUND('',#5412,.T.);
#5915=FACE_BOUND('',#5413,.T.);
#5916=FACE_BOUND('',#5414,.T.);
#5917=FACE_BOUND('',#5415,.T.);
#5918=FACE_BOUND('',#5416,.T.);
#5919=FACE_BOUND('',#5417,.T.);
#5920=FACE_BOUND('',#5418,.T.);
#5921=FACE_BOUND('',#5419,.T.);
#5922=FACE_BOUND('',#5420,.T.);
#5923=FACE_BOUND('',#5421,.T.);
#5924=FACE_BOUND('',#5422,.T.);
#5925=FACE_BOUND('',#5423,.T.);
#5926=FACE_BOUND('',#5424,.T.);
#5927=FACE_BOUND('',#5425,.T.);
#5928=FACE_BOUND('',#5426,.T.);
#5929=FACE_BOUND('',#5427,.T.);
#5930=FACE_BOUND('',#5428,.T.);
#5931=FACE_BOUND('',#5429,.T.);
#5932=FACE_BOUND('',#5430,.T.);
#5933=FACE_BOUND('',#5431,.T.);
#5934=FACE_BOUND('',#5432,.T.);
#5935=FACE_BOUND('',#5433,.T.);
#5936=FACE_BOUND('',#5434,.T.);
#5937=FACE_BOUND('',#5435,.T.);
#5938=FACE_BOUND('',#5436,.T.);
#5939=FACE_BOUND('',#5437,.T.);
#5940=FACE_BOUND('',#5438,.T.);
#5941=FACE_BOUND('',#5439,.T.);
#5942=FACE_BOUND('',#5440,.T.);
#5943=FACE_BOUND('',#5441,.T.);
#5944=FACE_BOUND('',#5442,.T.);
#5945=FACE_BOUND('',#5443,.T.);
#5946=FACE_BOUND('',#5444,.T.);
#5947=FACE_BOUND('',#5445,.T.);
#5948=FACE_BOUND('',#5446,.T.);
#5949=FACE_BOUND('',#5447,.T.);
#5950=FACE_BOUND('',#5448,.T.);
#5951=FACE_BOUND('',#5449,.T.);
#5952=FACE_BOUND('',#5450,.T.);
#5953=FACE_BOUND('',#5451,.T.);
#5954=FACE_BOUND('',#5452,.T.);
#5955=FACE_BOUND('',#5453,.T.);
#5956=FACE_BOUND('',#5454,.T.);
#5957=FACE_BOUND('',#5455,.T.);
#5958=FACE_BOUND('',#5456,.T.);
#5959=FACE_BOUND('',#5457,.T.);
#5960=FACE_BOUND('',#5458,.T.);
#5961=FACE_BOUND('',#5459,.T.);
#5962=FACE_BOUND('',#5460,.T.);
#5963=FACE_BOUND('',#5461,.T.);
#5964=FACE_BOUND('',#5462,.T.);
#5965=FACE_BOUND('',#5463,.T.);
#5966=FACE_BOUND('',#5464,.T.);
#5967=FACE_BOUND('',#5465,.T.);
#5968=FACE_BOUND('',#5466,.T.);
#5969=FACE_BOUND('',#5467,.T.);
#5970=FACE_BOUND('',#5468,.T.);
#5971=FACE_BOUND('',#5469,.T.);
#5972=FACE_BOUND('',#5470,.T.);
#5973=FACE_BOUND('',#5471,.T.);
#5974=FACE_BOUND('',#5472,.T.);
#5975=FACE_BOUND('',#5473,.T.);
#5976=FACE_BOUND('',#5474,.T.);
#5977=FACE_BOUND('',#5475,.T.);
#5978=FACE_BOUND('',#5476,.T.);
#5979=FACE_BOUND('',#5477,.T.);
#5980=FACE_BOUND('',#5478,.T.);
#5981=FACE_BOUND('',#5479,.T.);
#5982=FACE_BOUND('',#5480,.T.);
#5983=FACE_BOUND('',#5481,.T.);
#5984=FACE_BOUND('',#5482,.T.);
#5985=FACE_BOUND('',#5483,.T.);
#5986=FACE_BOUND('',#5484,.T.);
#5987=FACE_BOUND('',#5485,.T.);
#5988=FACE_BOUND('',#5486,.T.);
#5989=FACE_BOUND('',#5487,.T.);
#5990=FACE_BOUND('',#5488,.T.);
#5991=FACE_BOUND('',#5489,.T.);
#5992=FACE_BOUND('',#5490,.T.);
#5993=FACE_BOUND('',#5491,.T.);
#5994=FACE_BOUND('',#5492,.T.);
#5995=FACE_BOUND('',#5493,.T.);
#5996=FACE_BOUND('',#5494,.T.);
#5997=FACE_BOUND('',#5495,.T.);
#5998=FACE_BOUND('',#5496,.T.);
#5999=FACE_BOUND('',#5497,.T.);
#6000=FACE_BOUND('',#5498,.T.);
#6001=FACE_BOUND('',#5499,.T.);
#6002=FACE_BOUND('',#5500,.T.);
#6003=FACE_BOUND('',#5501,.T.);
#6004=FACE_BOUND('',#5502,.T.);
#6005=FACE_BOUND('',#5503,.T.);
#6006=FACE_BOUND('',#5504,.T.);
#6007=FACE_BOUND('',#5505,.T.);
#6008=FACE_BOUND('',#5506,.T.);
#6009=FACE_BOUND('',#5507,.T.);
#6010=FACE_BOUND('',#5508,.T.);
#6011=FACE_BOUND('',#5509,.T.);
#6012=FACE_BOUND('',#5510,.T.);
#6013=FACE_BOUND('',#5511,.T.);
#6014=FACE_BOUND('',#5512,.T.);
#6015=FACE_BOUND('',#5513,.T.);
#6016=FACE_BOUND('',#5514,.T.);
#6017=FACE_BOUND('',#5515,.T.);
#6018=FACE_BOUND('',#5516,.T.);
#6019=FACE_BOUND('',#5517,.T.);
#6020=FACE_BOUND('',#5518,.T.);
#6021=FACE_BOUND('',#5519,.T.);
#6022=FACE_BOUND('',#5520,.T.);
#6023=FACE_BOUND('',#5521,.T.);
#6024=FACE_BOUND('',#5522,.T.);
#6025=FACE_BOUND('',#5523,.T.);
#6026=FACE_BOUND('',#5524,.T.);
#6027=FACE_BOUND('',#5525,.T.);
#6028=FACE_BOUND('',#5526,.T.);
#6029=FACE_BOUND('',#5527,.T.);
#6030=FACE_BOUND('',#5528,.T.);
#6031=FACE_BOUND('',#5529,.T.);
#6032=FACE_BOUND('',#5530,.T.);
#6033=FACE_BOUND('',#5531,.T.);
#6034=FACE_BOUND('',#5532,.T.);
#6035=FACE_BOUND('',#5533,.T.);
#6036=FACE_BOUND('',#5534,.T.);
#6037=FACE_BOUND('',#5535,.T.);
#6038=FACE_BOUND('',#5536,.T.);
#6039=FACE_BOUND('',#5537,.T.);
#6040=FACE_BOUND('',#5538,.T.);
#6041=FACE_BOUND('',#5539,.T.);
#6042=FACE_BOUND('',#5540,.T.);
#6043=FACE_BOUND('',#5541,.T.);
#6044=FACE_BOUND('',#5542,.T.);
#6045=FACE_BOUND('',#5543,.T.);
#6046=FACE_BOUND('',#5544,.T.);
#6047=FACE_BOUND('',#5545,.T.);
#6048=FACE_BOUND('',#5546,.T.);
#6049=FACE_BOUND('',#5547,.T.);
#6050=FACE_BOUND('',#5548,.T.);
#6051=FACE_BOUND('',#5549,.T.);
#6052=FACE_BOUND('',#5550,.T.);
#6053=FACE_BOUND('',#5551,.T.);
#6054=FACE_BOUND('',#5552,.T.);
#6055=FACE_BOUND('',#5553,.T.);
#6056=FACE_BOUND('',#5554,.T.);
#6057=FACE_BOUND('',#5555,.T.);
#6058=FACE_BOUND('',#5556,.T.);
#6059=FACE_BOUND('',#5557,.T.);
#6060=FACE_BOUND('',#5558,.T.);
#6061=FACE_BOUND('',#5559,.T.);
#6062=FACE_BOUND('',#5560,.T.);
#6063=FACE_BOUND('',#5561,.T.);
#6064=FACE_BOUND('',#5562,.T.);
#6065=FACE_BOUND('',#5563,.T.);
#6066=FACE_BOUND('',#5564,.T.);
#6067=FACE_BOUND('',#5565,.T.);
#6068=FACE_BOUND('',#5566,.T.);
#6069=FACE_BOUND('',#5567,.T.);
#6070=FACE_BOUND('',#5568,.T.);
#6071=FACE_BOUND('',#5569,.T.);
#6072=FACE_BOUND('',#5570,.T.);
#6073=FACE_BOUND('',#5571,.T.);
#6074=FACE_BOUND('',#5572,.T.);
#6075=FACE_BOUND('',#5573,.T.);
#6076=FACE_BOUND('',#5574,.T.);
#6077=FACE_BOUND('',#5575,.T.);
#6078=FACE_BOUND('',#5576,.T.);
#6079=FACE_BOUND('',#5577,.T.);
#6080=FACE_BOUND('',#5578,.T.);
#6081=FACE_BOUND('',#5579,.T.);
#6082=FACE_BOUND('',#5580,.T.);
#6083=FACE_BOUND('',#5581,.T.);
#6084=FACE_BOUND('',#5582,.T.);
#6085=FACE_BOUND('',#5583,.T.);
#6086=FACE_BOUND('',#5584,.T.);
#6087=FACE_BOUND('',#5585,.T.);
#6088=FACE_BOUND('',#5586,.T.);
#6089=FACE_BOUND('',#5587,.T.);
#6090=FACE_BOUND('',#5588,.T.);
#6091=FACE_BOUND('',#5589,.T.);
#6092=FACE_BOUND('',#5590,.T.);
#6093=FACE_BOUND('',#5591,.T.);
#6094=FACE_BOUND('',#5592,.T.);
#6095=FACE_BOUND('',#5593,.T.);
#6096=FACE_BOUND('',#5594,.T.);
#6097=FACE_BOUND('',#5595,.T.);
#6098=FACE_BOUND('',#5596,.T.);
#6099=FACE_BOUND('',#5597,.T.);
#6100=FACE_BOUND('',#5598,.T.);
#6101=FACE_BOUND('',#5599,.T.);
#6102=FACE_BOUND('',#5600,.T.);
#6103=FACE_BOUND('',#5601,.T.);
#6104=FACE_BOUND('',#5602,.T.);
#6105=FACE_BOUND('',#5603,.T.);
#6106=FACE_BOUND('',#5604,.T.);
#6107=FACE_BOUND('',#5605,.T.);
#6108=FACE_BOUND('',#5606,.T.);
#6109=FACE_BOUND('',#5607,.T.);
#6110=FACE_BOUND('',#5608,.T.);
#6111=FACE_BOUND('',#5609,.T.);
#6112=FACE_BOUND('',#5610,.T.);
#6113=FACE_BOUND('',#5611,.T.);
#6114=FACE_BOUND('',#5612,.T.);
#6115=FACE_BOUND('',#5613,.T.);
#6116=FACE_BOUND('',#5614,.T.);
#6117=FACE_BOUND('',#5615,.T.);
#6118=FACE_BOUND('',#5616,.T.);
#6119=FACE_BOUND('',#5617,.T.);
#6120=FACE_BOUND('',#5618,.T.);
#6121=FACE_BOUND('',#5619,.T.);
#6122=FACE_BOUND('',#5620,.T.);
#6123=FACE_BOUND('',#5621,.T.);
#6124=FACE_BOUND('',#5622,.T.);
#6125=FACE_BOUND('',#5623,.T.);
#6126=FACE_BOUND('',#5624,.T.);
#6127=FACE_BOUND('',#5625,.T.);
#6128=FACE_BOUND('',#5626,.T.);
#6129=FACE_BOUND('',#5627,.T.);
#6130=FACE_BOUND('',#5628,.T.);
#6131=FACE_BOUND('',#5629,.T.);
#6132=FACE_BOUND('',#5630,.T.);
#6133=FACE_BOUND('',#5631,.T.);
#6134=FACE_BOUND('',#5632,.T.);
#6135=FACE_BOUND('',#5633,.T.);
#6136=FACE_BOUND('',#5634,.T.);
#6137=FACE_BOUND('',#5635,.T.);
#6138=FACE_BOUND('',#5636,.T.);
#6139=FACE_BOUND('',#5637,.T.);
#6140=FACE_BOUND('',#5638,.T.);
#6141=FACE_BOUND('',#5639,.T.);
#6142=FACE_BOUND('',#5640,.T.);
#6143=FACE_BOUND('',#5641,.T.);
#6144=FACE_BOUND('',#5642,.T.);
#6145=FACE_BOUND('',#5643,.T.);
#6146=FACE_BOUND('',#5644,.T.);
#6147=FACE_BOUND('',#5645,.T.);
#6148=FACE_BOUND('',#5646,.T.);
#6149=FACE_BOUND('',#5647,.T.);
#6150=FACE_BOUND('',#5648,.T.);
#6151=FACE_BOUND('',#5649,.T.);
#6152=FACE_BOUND('',#5650,.T.);
#6153=FACE_BOUND('',#5651,.T.);
#6154=FACE_BOUND('',#5652,.T.);
#6155=FACE_BOUND('',#5653,.T.);
#6156=FACE_BOUND('',#5654,.T.);
#6157=FACE_BOUND('',#5655,.T.);
#6158=FACE_BOUND('',#5656,.T.);
#6159=FACE_BOUND('',#5657,.T.);
#6160=FACE_BOUND('',#5658,.T.);
#6161=FACE_BOUND('',#5659,.T.);
#6162=FACE_BOUND('',#5660,.T.);
#6163=FACE_BOUND('',#5661,.T.);
#6164=FACE_BOUND('',#5662,.T.);
#6165=FACE_BOUND('',#5663,.T.);
#6166=FACE_BOUND('',#5664,.T.);
#6167=FACE_BOUND('',#5665,.T.);
#6168=FACE_BOUND('',#5666,.T.);
#6169=FACE_BOUND('',#5667,.T.);
#6170=FACE_BOUND('',#5668,.T.);
#6171=FACE_BOUND('',#5669,.T.);
#6172=FACE_BOUND('',#5670,.T.);
#6173=FACE_BOUND('',#5671,.T.);
#6174=FACE_BOUND('',#5672,.T.);
#6175=FACE_BOUND('',#5673,.T.);
#6176=FACE_BOUND('',#5674,.T.);
#6177=FACE_BOUND('',#5675,.T.);
#6178=FACE_BOUND('',#5676,.T.);
#6179=FACE_BOUND('',#5677,.T.);
#6180=FACE_BOUND('',#5678,.T.);
#6181=FACE_BOUND('',#5679,.T.);
#6182=FACE_BOUND('',#5680,.T.);
#6183=FACE_BOUND('',#5681,.T.);
#6184=FACE_BOUND('',#5682,.T.);
#6185=FACE_BOUND('',#5683,.T.);
#6186=FACE_BOUND('',#5684,.T.);
#6187=FACE_BOUND('',#5685,.T.);
#6188=FACE_BOUND('',#5686,.T.);
#6189=FACE_BOUND('',#5687,.T.);
#6190=FACE_BOUND('',#5688,.T.);
#6191=FACE_BOUND('',#5689,.T.);
#6192=FACE_BOUND('',#5690,.T.);
#6193=FACE_BOUND('',#5691,.T.);
#6194=FACE_BOUND('',#5692,.T.);
#6195=FACE_BOUND('',#5693,.T.);
#6196=FACE_BOUND('',#5694,.T.);
#6197=FACE_BOUND('',#5695,.T.);
#6198=FACE_BOUND('',#5696,.T.);
#6199=FACE_BOUND('',#5697,.T.);
#6200=FACE_BOUND('',#5698,.T.);
#6201=FACE_BOUND('',#5699,.T.);
#6202=FACE_BOUND('',#5700,.T.);
#6203=FACE_BOUND('',#5701,.T.);
#6204=FACE_BOUND('',#5702,.T.);
#6205=FACE_BOUND('',#5703,.T.);
#6206=FACE_BOUND('',#5704,.T.);
#6207=FACE_BOUND('',#5705,.T.);
#6208=FACE_BOUND('',#5706,.T.);
#6209=FACE_BOUND('',#5707,.T.);
#6210=FACE_BOUND('',#5708,.T.);
#6211=FACE_BOUND('',#5709,.T.);
#6212=FACE_BOUND('',#5710,.T.);
#6213=FACE_BOUND('',#5711,.T.);
#6214=FACE_BOUND('',#5712,.T.);
#6215=FACE_BOUND('',#5713,.T.);
#6216=FACE_BOUND('',#5714,.T.);
#6217=FACE_BOUND('',#5715,.T.);
#6218=FACE_BOUND('',#5716,.T.);
#6219=FACE_BOUND('',#5717,.T.);
#6220=FACE_BOUND('',#5718,.T.);
#6221=FACE_BOUND('',#5719,.T.);
#6222=FACE_BOUND('',#5720,.T.);
#6223=FACE_BOUND('',#5721,.T.);
#6224=FACE_BOUND('',#5722,.T.);
#6225=FACE_BOUND('',#5723,.T.);
#6226=FACE_BOUND('',#5724,.T.);
#6227=FACE_BOUND('',#5725,.T.);
#6228=FACE_BOUND('',#5726,.T.);
#6229=FACE_BOUND('',#5727,.T.);
#6230=FACE_BOUND('',#5728,.T.);
#6231=FACE_BOUND('',#5729,.T.);
#6232=FACE_BOUND('',#5730,.T.);
#6233=FACE_BOUND('',#5731,.T.);
#6234=FACE_BOUND('',#5732,.T.);
#6235=PLANE('',#6861);
#6236=PLANE('',#6862);
#6237=PLANE('',#6863);
#6238=PLANE('',#6864);
#6239=PLANE('',#6865);
#6240=PLANE('',#6866);
#6241=PLANE('',#6867);
#6242=PLANE('',#6868);
#6243=PLANE('',#6869);
#6244=PLANE('',#6870);
#6245=PLANE('',#6871);
#6246=PLANE('',#6872);
#6247=PLANE('',#6873);
#6248=PLANE('',#6874);
#6249=PLANE('',#6875);
#6250=PLANE('',#6876);
#6251=PLANE('',#6877);
#6252=PLANE('',#6878);
#6253=PLANE('',#6879);
#6254=PLANE('',#6880);
#6255=PLANE('',#6881);
#6256=PLANE('',#6882);
#6257=PLANE('',#6883);
#6258=PLANE('',#6884);
#6259=PLANE('',#6885);
#6260=PLANE('',#6886);
#6261=PLANE('',#6887);
#6262=PLANE('',#6888);
#6263=PLANE('',#6889);
#6264=PLANE('',#6890);
#6265=PLANE('',#6891);
#6266=PLANE('',#6892);
#6267=PLANE('',#6893);
#6268=PLANE('',#6894);
#6269=PLANE('',#6895);
#6270=PLANE('',#6896);
#6271=PLANE('',#6897);
#6272=PLANE('',#6898);
#6273=PLANE('',#6899);
#6274=PLANE('',#6900);
#6275=PLANE('',#6901);
#6276=PLANE('',#6902);
#6277=PLANE('',#6903);
#6278=PLANE('',#6904);
#6279=PLANE('',#6905);
#6280=PLANE('',#6906);
#6281=PLANE('',#6907);
#6282=PLANE('',#6908);
#6283=PLANE('',#6909);
#6284=PLANE('',#6910);
#6285=PLANE('',#6911);
#6286=PLANE('',#6912);
#6287=PLANE('',#6913);
#6288=PLANE('',#6914);
#6289=PLANE('',#6915);
#6290=PLANE('',#6916);
#6291=PLANE('',#6917);
#6292=PLANE('',#6918);
#6293=PLANE('',#6919);
#6294=PLANE('',#6920);
#6295=PLANE('',#6921);
#6296=PLANE('',#6922);
#6297=PLANE('',#6923);
#6298=PLANE('',#6924);
#6299=PLANE('',#6925);
#6300=PLANE('',#6926);
#6301=PLANE('',#6927);
#6302=PLANE('',#6928);
#6303=PLANE('',#6929);
#6304=PLANE('',#6930);
#6305=PLANE('',#6931);
#6306=PLANE('',#6932);
#6307=PLANE('',#6933);
#6308=PLANE('',#6934);
#6309=PLANE('',#6935);
#6310=PLANE('',#6936);
#6311=PLANE('',#6937);
#6312=PLANE('',#6938);
#6313=PLANE('',#6939);
#6314=PLANE('',#6940);
#6315=PLANE('',#6941);
#6316=PLANE('',#6942);
#6317=PLANE('',#6943);
#6318=PLANE('',#6944);
#6319=PLANE('',#6945);
#6320=PLANE('',#6946);
#6321=PLANE('',#6947);
#6322=PLANE('',#6948);
#6323=PLANE('',#6949);
#6324=PLANE('',#6950);
#6325=PLANE('',#6951);
#6326=PLANE('',#6952);
#6327=PLANE('',#6953);
#6328=PLANE('',#6954);
#6329=PLANE('',#6955);
#6330=PLANE('',#6956);
#6331=PLANE('',#6957);
#6332=PLANE('',#6958);
#6333=PLANE('',#6959);
#6334=PLANE('',#6960);
#6335=PLANE('',#6961);
#6336=PLANE('',#6962);
#6337=PLANE('',#6963);
#6338=PLANE('',#6964);
#6339=PLANE('',#6965);
#6340=PLANE('',#6966);
#6341=PLANE('',#6967);
#6342=PLANE('',#6968);
#6343=PLANE('',#6969);
#6344=PLANE('',#6970);
#6345=PLANE('',#6971);
#6346=PLANE('',#6972);
#6347=PLANE('',#6973);
#6348=PLANE('',#6974);
#6349=PLANE('',#6975);
#6350=PLANE('',#6976);
#6351=PLANE('',#6977);
#6352=PLANE('',#6978);
#6353=PLANE('',#6979);
#6354=PLANE('',#6980);
#6355=PLANE('',#6981);
#6356=PLANE('',#6982);
#6357=PLANE('',#6983);
#6358=PLANE('',#6984);
#6359=PLANE('',#6985);
#6360=PLANE('',#6986);
#6361=PLANE('',#6987);
#6362=PLANE('',#6988);
#6363=PLANE('',#6989);
#6364=PLANE('',#6990);
#6365=PLANE('',#6991);
#6366=PLANE('',#6992);
#6367=PLANE('',#6993);
#6368=PLANE('',#6994);
#6369=PLANE('',#6995);
#6370=PLANE('',#6996);
#6371=PLANE('',#6997);
#6372=PLANE('',#6998);
#6373=PLANE('',#6999);
#6374=PLANE('',#7000);
#6375=PLANE('',#7001);
#6376=PLANE('',#7002);
#6377=PLANE('',#7003);
#6378=PLANE('',#7004);
#6379=PLANE('',#7005);
#6380=PLANE('',#7006);
#6381=PLANE('',#7007);
#6382=PLANE('',#7008);
#6383=PLANE('',#7009);
#6384=PLANE('',#7010);
#6385=PLANE('',#7011);
#6386=PLANE('',#7012);
#6387=PLANE('',#7013);
#6388=PLANE('',#7014);
#6389=PLANE('',#7015);
#6390=PLANE('',#7016);
#6391=PLANE('',#7017);
#6392=PLANE('',#7018);
#6393=PLANE('',#7019);
#6394=PLANE('',#7020);
#6395=PLANE('',#7021);
#6396=PLANE('',#7022);
#6397=PLANE('',#7023);
#6398=PLANE('',#7024);
#6399=PLANE('',#7025);
#6400=PLANE('',#7026);
#6401=PLANE('',#7027);
#6402=PLANE('',#7028);
#6403=PLANE('',#7029);
#6404=PLANE('',#7030);
#6405=PLANE('',#7031);
#6406=PLANE('',#7032);
#6407=PLANE('',#7033);
#6408=PLANE('',#7034);
#6409=PLANE('',#7035);
#6410=PLANE('',#7036);
#6411=PLANE('',#7037);
#6412=PLANE('',#7038);
#6413=PLANE('',#7039);
#6414=PLANE('',#7040);
#6415=PLANE('',#7041);
#6416=PLANE('',#7042);
#6417=PLANE('',#7043);
#6418=PLANE('',#7044);
#6419=PLANE('',#7045);
#6420=PLANE('',#7046);
#6421=PLANE('',#7047);
#6422=PLANE('',#7048);
#6423=PLANE('',#7049);
#6424=PLANE('',#7050);
#6425=PLANE('',#7051);
#6426=PLANE('',#7052);
#6427=PLANE('',#7053);
#6428=PLANE('',#7054);
#6429=PLANE('',#7055);
#6430=PLANE('',#7056);
#6431=PLANE('',#7057);
#6432=PLANE('',#7058);
#6433=PLANE('',#7059);
#6434=PLANE('',#7060);
#6435=PLANE('',#7061);
#6436=PLANE('',#7062);
#6437=PLANE('',#7063);
#6438=PLANE('',#7064);
#6439=PLANE('',#7065);
#6440=PLANE('',#7066);
#6441=PLANE('',#7067);
#6442=PLANE('',#7068);
#6443=PLANE('',#7069);
#6444=PLANE('',#7070);
#6445=PLANE('',#7071);
#6446=PLANE('',#7072);
#6447=PLANE('',#7073);
#6448=PLANE('',#7074);
#6449=PLANE('',#7075);
#6450=PLANE('',#7076);
#6451=PLANE('',#7077);
#6452=PLANE('',#7081);
#6453=PLANE('',#7082);
#6454=PLANE('',#7083);
#6455=PLANE('',#7084);
#6456=PLANE('',#7085);
#6457=PLANE('',#7086);
#6458=PLANE('',#7087);
#6459=PLANE('',#7088);
#6460=PLANE('',#7089);
#6461=PLANE('',#7090);
#6462=PLANE('',#7091);
#6463=PLANE('',#7092);
#6464=PLANE('',#7093);
#6465=PLANE('',#7094);
#6466=PLANE('',#7095);
#6467=PLANE('',#7096);
#6468=PLANE('',#7097);
#6469=PLANE('',#7098);
#6470=PLANE('',#7099);
#6471=PLANE('',#7100);
#6472=PLANE('',#7101);
#6473=PLANE('',#7102);
#6474=PLANE('',#7103);
#6475=PLANE('',#7104);
#6476=PLANE('',#7105);
#6477=PLANE('',#7106);
#6478=PLANE('',#7107);
#6479=PLANE('',#7108);
#6480=PLANE('',#7109);
#6481=PLANE('',#7110);
#6482=PLANE('',#7111);
#6483=PLANE('',#7112);
#6484=PLANE('',#7113);
#6485=PLANE('',#7114);
#6486=PLANE('',#7115);
#6487=PLANE('',#7116);
#6488=PLANE('',#7117);
#6489=PLANE('',#7118);
#6490=PLANE('',#7119);
#6491=PLANE('',#7120);
#6492=PLANE('',#7121);
#6493=PLANE('',#7122);
#6494=PLANE('',#7123);
#6495=PLANE('',#7124);
#6496=PLANE('',#7125);
#6497=PLANE('',#7126);
#6498=PLANE('',#7127);
#6499=PLANE('',#7128);
#6500=PLANE('',#7129);
#6501=PLANE('',#7130);
#6502=PLANE('',#7131);
#6503=PLANE('',#7132);
#6504=PLANE('',#7133);
#6505=PLANE('',#7134);
#6506=PLANE('',#7135);
#6507=PLANE('',#7136);
#6508=PLANE('',#7137);
#6509=PLANE('',#7138);
#6510=PLANE('',#7139);
#6511=PLANE('',#7140);
#6512=PLANE('',#7141);
#6513=PLANE('',#7142);
#6514=PLANE('',#7143);
#6515=PLANE('',#7144);
#6516=PLANE('',#7145);
#6517=PLANE('',#7146);
#6518=PLANE('',#7147);
#6519=PLANE('',#7148);
#6520=PLANE('',#7149);
#6521=PLANE('',#7150);
#6522=PLANE('',#7151);
#6523=PLANE('',#7152);
#6524=PLANE('',#7153);
#6525=PLANE('',#7154);
#6526=PLANE('',#7155);
#6527=PLANE('',#7156);
#6528=PLANE('',#7157);
#6529=PLANE('',#7158);
#6530=PLANE('',#7162);
#6531=PLANE('',#7202);
#6532=PLANE('',#7203);
#6533=PLANE('',#7204);
#6534=ADVANCED_FACE('',(#5733),#6235,.T.);
#6535=ADVANCED_FACE('',(#5734),#6236,.F.);
#6536=ADVANCED_FACE('',(#5735),#6237,.F.);
#6537=ADVANCED_FACE('',(#5736),#6238,.T.);
#6538=ADVANCED_FACE('',(#5737),#6239,.F.);
#6539=ADVANCED_FACE('',(#5738),#6240,.F.);
#6540=ADVANCED_FACE('',(#5739),#6241,.T.);
#6541=ADVANCED_FACE('',(#5740),#6242,.F.);
#6542=ADVANCED_FACE('',(#5741),#6243,.F.);
#6543=ADVANCED_FACE('',(#5742),#6244,.T.);
#6544=ADVANCED_FACE('',(#5743),#6245,.F.);
#6545=ADVANCED_FACE('',(#5744),#6246,.F.);
#6546=ADVANCED_FACE('',(#5745),#6247,.T.);
#6547=ADVANCED_FACE('',(#5746),#6248,.F.);
#6548=ADVANCED_FACE('',(#5747),#6249,.F.);
#6549=ADVANCED_FACE('',(#5748),#6250,.T.);
#6550=ADVANCED_FACE('',(#5749),#6251,.F.);
#6551=ADVANCED_FACE('',(#5750),#6252,.F.);
#6552=ADVANCED_FACE('',(#5751),#6253,.T.);
#6553=ADVANCED_FACE('',(#5752),#6254,.F.);
#6554=ADVANCED_FACE('',(#5753),#6255,.F.);
#6555=ADVANCED_FACE('',(#5754),#6256,.T.);
#6556=ADVANCED_FACE('',(#5755),#6257,.F.);
#6557=ADVANCED_FACE('',(#5756),#6258,.F.);
#6558=ADVANCED_FACE('',(#5757),#6259,.T.);
#6559=ADVANCED_FACE('',(#5758),#6260,.F.);
#6560=ADVANCED_FACE('',(#5759),#6261,.F.);
#6561=ADVANCED_FACE('',(#5760),#6262,.T.);
#6562=ADVANCED_FACE('',(#5761),#6263,.F.);
#6563=ADVANCED_FACE('',(#5762),#6264,.F.);
#6564=ADVANCED_FACE('',(#5763),#6265,.T.);
#6565=ADVANCED_FACE('',(#5764),#6266,.F.);
#6566=ADVANCED_FACE('',(#5765),#6267,.F.);
#6567=ADVANCED_FACE('',(#5766),#6268,.T.);
#6568=ADVANCED_FACE('',(#5767),#6269,.F.);
#6569=ADVANCED_FACE('',(#5768),#6270,.F.);
#6570=ADVANCED_FACE('',(#5769),#6271,.T.);
#6571=ADVANCED_FACE('',(#5770),#6272,.F.);
#6572=ADVANCED_FACE('',(#5771),#6273,.F.);
#6573=ADVANCED_FACE('',(#5772),#6274,.T.);
#6574=ADVANCED_FACE('',(#5773),#6275,.F.);
#6575=ADVANCED_FACE('',(#5774),#6276,.F.);
#6576=ADVANCED_FACE('',(#5775),#6277,.T.);
#6577=ADVANCED_FACE('',(#5776),#6278,.F.);
#6578=ADVANCED_FACE('',(#5777),#6279,.F.);
#6579=ADVANCED_FACE('',(#5778),#6280,.T.);
#6580=ADVANCED_FACE('',(#5779),#6281,.F.);
#6581=ADVANCED_FACE('',(#5780),#6282,.F.);
#6582=ADVANCED_FACE('',(#5781),#6283,.T.);
#6583=ADVANCED_FACE('',(#5782),#6284,.T.);
#6584=ADVANCED_FACE('',(#5783),#6285,.T.);
#6585=ADVANCED_FACE('',(#5784),#6286,.T.);
#6586=ADVANCED_FACE('',(#5785),#6287,.F.);
#6587=ADVANCED_FACE('',(#5786),#6288,.F.);
#6588=ADVANCED_FACE('',(#5787),#6289,.T.);
#6589=ADVANCED_FACE('',(#5788),#6290,.F.);
#6590=ADVANCED_FACE('',(#5789),#6291,.F.);
#6591=ADVANCED_FACE('',(#5790),#6292,.T.);
#6592=ADVANCED_FACE('',(#5791),#6293,.F.);
#6593=ADVANCED_FACE('',(#5792),#6294,.F.);
#6594=ADVANCED_FACE('',(#5793),#6295,.T.);
#6595=ADVANCED_FACE('',(#5794),#6296,.F.);
#6596=ADVANCED_FACE('',(#5795),#6297,.F.);
#6597=ADVANCED_FACE('',(#5796),#6298,.T.);
#6598=ADVANCED_FACE('',(#5797),#6299,.F.);
#6599=ADVANCED_FACE('',(#5798),#6300,.F.);
#6600=ADVANCED_FACE('',(#5799),#6301,.T.);
#6601=ADVANCED_FACE('',(#5800),#6302,.F.);
#6602=ADVANCED_FACE('',(#5801),#6303,.F.);
#6603=ADVANCED_FACE('',(#5802),#6304,.T.);
#6604=ADVANCED_FACE('',(#5803),#6305,.F.);
#6605=ADVANCED_FACE('',(#5804),#6306,.F.);
#6606=ADVANCED_FACE('',(#5805),#6307,.T.);
#6607=ADVANCED_FACE('',(#5806),#6308,.F.);
#6608=ADVANCED_FACE('',(#5807),#6309,.F.);
#6609=ADVANCED_FACE('',(#5808),#6310,.T.);
#6610=ADVANCED_FACE('',(#5809),#6311,.F.);
#6611=ADVANCED_FACE('',(#5810),#6312,.F.);
#6612=ADVANCED_FACE('',(#5811),#6313,.T.);
#6613=ADVANCED_FACE('',(#5812),#6314,.F.);
#6614=ADVANCED_FACE('',(#5813),#6315,.F.);
#6615=ADVANCED_FACE('',(#5814),#6316,.T.);
#6616=ADVANCED_FACE('',(#5815),#6317,.F.);
#6617=ADVANCED_FACE('',(#5816),#6318,.F.);
#6618=ADVANCED_FACE('',(#5817),#6319,.T.);
#6619=ADVANCED_FACE('',(#5818),#6320,.F.);
#6620=ADVANCED_FACE('',(#5819),#6321,.F.);
#6621=ADVANCED_FACE('',(#5820),#6322,.T.);
#6622=ADVANCED_FACE('',(#5821),#6323,.F.);
#6623=ADVANCED_FACE('',(#5822),#6324,.F.);
#6624=ADVANCED_FACE('',(#5823),#6325,.T.);
#6625=ADVANCED_FACE('',(#5824),#6326,.F.);
#6626=ADVANCED_FACE('',(#5825),#6327,.F.);
#6627=ADVANCED_FACE('',(#5826),#6328,.T.);
#6628=ADVANCED_FACE('',(#5827),#6329,.F.);
#6629=ADVANCED_FACE('',(#5828),#6330,.F.);
#6630=ADVANCED_FACE('',(#5829),#6331,.T.);
#6631=ADVANCED_FACE('',(#5830),#6332,.F.);
#6632=ADVANCED_FACE('',(#5831),#6333,.F.);
#6633=ADVANCED_FACE('',(#5832),#6334,.T.);
#6634=ADVANCED_FACE('',(#5833),#6335,.F.);
#6635=ADVANCED_FACE('',(#5834),#6336,.F.);
#6636=ADVANCED_FACE('',(#5835),#6337,.T.);
#6637=ADVANCED_FACE('',(#5836),#6338,.F.);
#6638=ADVANCED_FACE('',(#5837),#6339,.F.);
#6639=ADVANCED_FACE('',(#5838),#6340,.T.);
#6640=ADVANCED_FACE('',(#5839),#6341,.F.);
#6641=ADVANCED_FACE('',(#5840),#6342,.F.);
#6642=ADVANCED_FACE('',(#5841),#6343,.T.);
#6643=ADVANCED_FACE('',(#5842),#6344,.F.);
#6644=ADVANCED_FACE('',(#5843),#6345,.F.);
#6645=ADVANCED_FACE('',(#5844),#6346,.T.);
#6646=ADVANCED_FACE('',(#5845),#6347,.F.);
#6647=ADVANCED_FACE('',(#5846),#6348,.F.);
#6648=ADVANCED_FACE('',(#5847),#6349,.T.);
#6649=ADVANCED_FACE('',(#5848),#6350,.F.);
#6650=ADVANCED_FACE('',(#5849),#6351,.F.);
#6651=ADVANCED_FACE('',(#5850),#6352,.T.);
#6652=ADVANCED_FACE('',(#5851),#6353,.F.);
#6653=ADVANCED_FACE('',(#5852),#6354,.F.);
#6654=ADVANCED_FACE('',(#5853),#6355,.T.);
#6655=ADVANCED_FACE('',(#5854),#6356,.F.);
#6656=ADVANCED_FACE('',(#5855),#6357,.F.);
#6657=ADVANCED_FACE('',(#5856),#6358,.T.);
#6658=ADVANCED_FACE('',(#5857),#6359,.F.);
#6659=ADVANCED_FACE('',(#5858),#6360,.F.);
#6660=ADVANCED_FACE('',(#5859),#6361,.T.);
#6661=ADVANCED_FACE('',(#5860),#6362,.F.);
#6662=ADVANCED_FACE('',(#5861),#6363,.F.);
#6663=ADVANCED_FACE('',(#5862),#6364,.T.);
#6664=ADVANCED_FACE('',(#5863),#6365,.F.);
#6665=ADVANCED_FACE('',(#5864),#6366,.F.);
#6666=ADVANCED_FACE('',(#5865),#6367,.T.);
#6667=ADVANCED_FACE('',(#5866),#6368,.F.);
#6668=ADVANCED_FACE('',(#5867),#6369,.F.);
#6669=ADVANCED_FACE('',(#5868),#6370,.T.);
#6670=ADVANCED_FACE('',(#5869),#6371,.F.);
#6671=ADVANCED_FACE('',(#5870),#6372,.F.);
#6672=ADVANCED_FACE('',(#5871),#6373,.T.);
#6673=ADVANCED_FACE('',(#5872),#6374,.F.);
#6674=ADVANCED_FACE('',(#5873),#6375,.F.);
#6675=ADVANCED_FACE('',(#5874),#6376,.T.);
#6676=ADVANCED_FACE('',(#5875),#6377,.F.);
#6677=ADVANCED_FACE('',(#5876),#6378,.F.);
#6678=ADVANCED_FACE('',(#5877),#6379,.T.);
#6679=ADVANCED_FACE('',(#5878),#6380,.F.);
#6680=ADVANCED_FACE('',(#5879),#6381,.F.);
#6681=ADVANCED_FACE('',(#5880),#6382,.T.);
#6682=ADVANCED_FACE('',(#5881),#6383,.F.);
#6683=ADVANCED_FACE('',(#5882),#6384,.F.);
#6684=ADVANCED_FACE('',(#5883),#6385,.T.);
#6685=ADVANCED_FACE('',(#5884),#6386,.F.);
#6686=ADVANCED_FACE('',(#5885),#6387,.F.);
#6687=ADVANCED_FACE('',(#5886),#6388,.T.);
#6688=ADVANCED_FACE('',(#5887),#6389,.F.);
#6689=ADVANCED_FACE('',(#5888),#6390,.F.);
#6690=ADVANCED_FACE('',(#5889),#6391,.T.);
#6691=ADVANCED_FACE('',(#5890),#6392,.F.);
#6692=ADVANCED_FACE('',(#5891),#6393,.F.);
#6693=ADVANCED_FACE('',(#5892),#6394,.T.);
#6694=ADVANCED_FACE('',(#5893),#6395,.F.);
#6695=ADVANCED_FACE('',(#5894),#6396,.F.);
#6696=ADVANCED_FACE('',(#5895),#6397,.T.);
#6697=ADVANCED_FACE('',(#5896),#6398,.F.);
#6698=ADVANCED_FACE('',(#5897),#6399,.F.);
#6699=ADVANCED_FACE('',(#5898),#6400,.T.);
#6700=ADVANCED_FACE('',(#5899),#6401,.F.);
#6701=ADVANCED_FACE('',(#5900),#6402,.F.);
#6702=ADVANCED_FACE('',(#5901),#6403,.T.);
#6703=ADVANCED_FACE('',(#5902),#6404,.F.);
#6704=ADVANCED_FACE('',(#5903),#6405,.F.);
#6705=ADVANCED_FACE('',(#5904),#6406,.T.);
#6706=ADVANCED_FACE('',(#5905),#6407,.F.);
#6707=ADVANCED_FACE('',(#5906),#6408,.F.);
#6708=ADVANCED_FACE('',(#5907),#6409,.T.);
#6709=ADVANCED_FACE('',(#5908),#6410,.F.);
#6710=ADVANCED_FACE('',(#5909),#6411,.F.);
#6711=ADVANCED_FACE('',(#5910),#6412,.T.);
#6712=ADVANCED_FACE('',(#5911),#6413,.F.);
#6713=ADVANCED_FACE('',(#5912),#6414,.F.);
#6714=ADVANCED_FACE('',(#5913),#6415,.T.);
#6715=ADVANCED_FACE('',(#5914),#6416,.F.);
#6716=ADVANCED_FACE('',(#5915),#6417,.F.);
#6717=ADVANCED_FACE('',(#5916),#6418,.T.);
#6718=ADVANCED_FACE('',(#5917),#6419,.F.);
#6719=ADVANCED_FACE('',(#5918),#6420,.F.);
#6720=ADVANCED_FACE('',(#5919),#6421,.T.);
#6721=ADVANCED_FACE('',(#5920),#6422,.F.);
#6722=ADVANCED_FACE('',(#5921),#6423,.F.);
#6723=ADVANCED_FACE('',(#5922),#6424,.T.);
#6724=ADVANCED_FACE('',(#5923),#6425,.F.);
#6725=ADVANCED_FACE('',(#5924),#6426,.F.);
#6726=ADVANCED_FACE('',(#5925),#6427,.T.);
#6727=ADVANCED_FACE('',(#5926),#6428,.F.);
#6728=ADVANCED_FACE('',(#5927),#6429,.F.);
#6729=ADVANCED_FACE('',(#5928),#6430,.T.);
#6730=ADVANCED_FACE('',(#5929),#6431,.F.);
#6731=ADVANCED_FACE('',(#5930),#6432,.F.);
#6732=ADVANCED_FACE('',(#5931),#6433,.T.);
#6733=ADVANCED_FACE('',(#5932),#6434,.F.);
#6734=ADVANCED_FACE('',(#5933),#6435,.F.);
#6735=ADVANCED_FACE('',(#5934),#6436,.T.);
#6736=ADVANCED_FACE('',(#5935),#6437,.F.);
#6737=ADVANCED_FACE('',(#5936),#6438,.F.);
#6738=ADVANCED_FACE('',(#5937),#6439,.T.);
#6739=ADVANCED_FACE('',(#5938),#6440,.F.);
#6740=ADVANCED_FACE('',(#5939),#6441,.F.);
#6741=ADVANCED_FACE('',(#5940),#6442,.T.);
#6742=ADVANCED_FACE('',(#5941),#6443,.F.);
#6743=ADVANCED_FACE('',(#5942),#6444,.F.);
#6744=ADVANCED_FACE('',(#5943),#6445,.T.);
#6745=ADVANCED_FACE('',(#5944),#6446,.F.);
#6746=ADVANCED_FACE('',(#5945),#6447,.F.);
#6747=ADVANCED_FACE('',(#5946),#6448,.T.);
#6748=ADVANCED_FACE('',(#5947),#6449,.F.);
#6749=ADVANCED_FACE('',(#5948),#6450,.F.);
#6750=ADVANCED_FACE('',(#5949),#6451,.T.);
#6751=ADVANCED_FACE('',(#5950),#42,.F.);
#6752=ADVANCED_FACE('',(#5951),#6452,.F.);
#6753=ADVANCED_FACE('',(#5952),#6453,.T.);
#6754=ADVANCED_FACE('',(#5953),#6454,.T.);
#6755=ADVANCED_FACE('',(#5954),#6455,.T.);
#6756=ADVANCED_FACE('',(#5955),#6456,.F.);
#6757=ADVANCED_FACE('',(#5956),#6457,.F.);
#6758=ADVANCED_FACE('',(#5957),#6458,.T.);
#6759=ADVANCED_FACE('',(#5958),#6459,.T.);
#6760=ADVANCED_FACE('',(#5959),#6460,.T.);
#6761=ADVANCED_FACE('',(#5960),#6461,.T.);
#6762=ADVANCED_FACE('',(#5961),#6462,.T.);
#6763=ADVANCED_FACE('',(#5962),#6463,.T.);
#6764=ADVANCED_FACE('',(#5963),#6464,.T.);
#6765=ADVANCED_FACE('',(#5964),#6465,.T.);
#6766=ADVANCED_FACE('',(#5965),#6466,.T.);
#6767=ADVANCED_FACE('',(#5966),#6467,.T.);
#6768=ADVANCED_FACE('',(#5967),#6468,.T.);
#6769=ADVANCED_FACE('',(#5968),#6469,.T.);
#6770=ADVANCED_FACE('',(#5969),#6470,.T.);
#6771=ADVANCED_FACE('',(#5970),#6471,.T.);
#6772=ADVANCED_FACE('',(#5971),#6472,.T.);
#6773=ADVANCED_FACE('',(#5972),#6473,.T.);
#6774=ADVANCED_FACE('',(#5973),#6474,.T.);
#6775=ADVANCED_FACE('',(#5974),#6475,.T.);
#6776=ADVANCED_FACE('',(#5975),#6476,.T.);
#6777=ADVANCED_FACE('',(#5976),#6477,.T.);
#6778=ADVANCED_FACE('',(#5977),#6478,.T.);
#6779=ADVANCED_FACE('',(#5978),#6479,.T.);
#6780=ADVANCED_FACE('',(#5979),#6480,.T.);
#6781=ADVANCED_FACE('',(#5980),#6481,.T.);
#6782=ADVANCED_FACE('',(#5981),#6482,.T.);
#6783=ADVANCED_FACE('',(#5982),#6483,.T.);
#6784=ADVANCED_FACE('',(#5983),#6484,.T.);
#6785=ADVANCED_FACE('',(#5984),#6485,.T.);
#6786=ADVANCED_FACE('',(#5985),#6486,.T.);
#6787=ADVANCED_FACE('',(#5986),#6487,.T.);
#6788=ADVANCED_FACE('',(#5987),#6488,.T.);
#6789=ADVANCED_FACE('',(#5988),#6489,.T.);
#6790=ADVANCED_FACE('',(#5989),#6490,.T.);
#6791=ADVANCED_FACE('',(#5990),#6491,.T.);
#6792=ADVANCED_FACE('',(#5991),#6492,.T.);
#6793=ADVANCED_FACE('',(#5992),#6493,.T.);
#6794=ADVANCED_FACE('',(#5993),#6494,.T.);
#6795=ADVANCED_FACE('',(#5994),#6495,.T.);
#6796=ADVANCED_FACE('',(#5995),#6496,.T.);
#6797=ADVANCED_FACE('',(#5996),#6497,.T.);
#6798=ADVANCED_FACE('',(#5997),#6498,.T.);
#6799=ADVANCED_FACE('',(#5998),#6499,.T.);
#6800=ADVANCED_FACE('',(#5999),#6500,.T.);
#6801=ADVANCED_FACE('',(#6000),#6501,.T.);
#6802=ADVANCED_FACE('',(#6001),#6502,.T.);
#6803=ADVANCED_FACE('',(#6002),#6503,.T.);
#6804=ADVANCED_FACE('',(#6003),#6504,.T.);
#6805=ADVANCED_FACE('',(#6004),#6505,.T.);
#6806=ADVANCED_FACE('',(#6005),#6506,.T.);
#6807=ADVANCED_FACE('',(#6006),#6507,.T.);
#6808=ADVANCED_FACE('',(#6007),#6508,.T.);
#6809=ADVANCED_FACE('',(#6008),#6509,.T.);
#6810=ADVANCED_FACE('',(#6009),#6510,.T.);
#6811=ADVANCED_FACE('',(#6010),#6511,.T.);
#6812=ADVANCED_FACE('',(#6011),#6512,.T.);
#6813=ADVANCED_FACE('',(#6012),#6513,.T.);
#6814=ADVANCED_FACE('',(#6013),#6514,.T.);
#6815=ADVANCED_FACE('',(#6014),#6515,.T.);
#6816=ADVANCED_FACE('',(#6015),#6516,.T.);
#6817=ADVANCED_FACE('',(#6016),#6517,.T.);
#6818=ADVANCED_FACE('',(#6017),#6518,.T.);
#6819=ADVANCED_FACE('',(#6018),#6519,.T.);
#6820=ADVANCED_FACE('',(#6019),#6520,.T.);
#6821=ADVANCED_FACE('',(#6020),#6521,.T.);
#6822=ADVANCED_FACE('',(#6021),#6522,.T.);
#6823=ADVANCED_FACE('',(#6022),#6523,.T.);
#6824=ADVANCED_FACE('',(#6023),#6524,.T.);
#6825=ADVANCED_FACE('',(#6024),#6525,.T.);
#6826=ADVANCED_FACE('',(#6025),#6526,.T.);
#6827=ADVANCED_FACE('',(#6026),#6527,.T.);
#6828=ADVANCED_FACE('',(#6027),#6528,.T.);
#6829=ADVANCED_FACE('',(#6028),#6529,.F.);
#6830=ADVANCED_FACE('',(#6029,#6030),#43,.F.);
#6831=ADVANCED_FACE('',(#6031),#6530,.T.);
#6832=ADVANCED_FACE('',(#6032,#6033),#44,.F.);
#6833=ADVANCED_FACE('',(#6034,#6035),#45,.F.);
#6834=ADVANCED_FACE('',(#6036,#6037),#46,.F.);
#6835=ADVANCED_FACE('',(#6038,#6039),#47,.F.);
#6836=ADVANCED_FACE('',(#6040,#6041),#48,.F.);
#6837=ADVANCED_FACE('',(#6042,#6043),#49,.F.);
#6838=ADVANCED_FACE('',(#6044,#6045),#50,.F.);
#6839=ADVANCED_FACE('',(#6046,#6047),#51,.F.);
#6840=ADVANCED_FACE('',(#6048,#6049),#52,.F.);
#6841=ADVANCED_FACE('',(#6050,#6051),#53,.F.);
#6842=ADVANCED_FACE('',(#6052,#6053),#54,.F.);
#6843=ADVANCED_FACE('',(#6054,#6055),#55,.F.);
#6844=ADVANCED_FACE('',(#6056,#6057),#56,.F.);
#6845=ADVANCED_FACE('',(#6058),#6531,.T.);
#6846=ADVANCED_FACE('',(#6059,#6060,#6061,#6062,#6063,#6064,#6065,#6066,
#6067,#6068,#6069,#6070,#6071,#6072,#6073,#6074,#6075,#6076,#6077,#6078,
#6079,#6080,#6081,#6082,#6083,#6084,#6085,#6086,#6087,#6088,#6089,#6090,
#6091,#6092,#6093,#6094,#6095,#6096,#6097,#6098,#6099,#6100,#6101,#6102,
#6103,#6104,#6105,#6106,#6107,#6108,#6109,#6110,#6111,#6112,#6113,#6114,
#6115,#6116,#6117,#6118,#6119,#6120,#6121,#6122,#6123,#6124,#6125,#6126,
#6127,#6128,#6129,#6130,#6131,#6132,#6133,#6134,#6135,#6136,#6137,#6138,
#6139,#6140,#6141,#6142,#6143,#6144,#6145,#6146),#6532,.T.);
#6847=ADVANCED_FACE('',(#6147,#6148,#6149,#6150,#6151,#6152,#6153,#6154,
#6155,#6156,#6157,#6158,#6159,#6160,#6161,#6162,#6163,#6164,#6165,#6166,
#6167,#6168,#6169,#6170,#6171,#6172,#6173,#6174,#6175,#6176,#6177,#6178,
#6179,#6180,#6181,#6182,#6183,#6184,#6185,#6186,#6187,#6188,#6189,#6190,
#6191,#6192,#6193,#6194,#6195,#6196,#6197,#6198,#6199,#6200,#6201,#6202,
#6203,#6204,#6205,#6206,#6207,#6208,#6209,#6210,#6211,#6212,#6213,#6214,
#6215,#6216,#6217,#6218,#6219,#6220,#6221,#6222,#6223,#6224,#6225,#6226,
#6227,#6228,#6229,#6230,#6231,#6232,#6233,#6234),#6533,.F.);
#6848=CLOSED_SHELL('',(#6534,#6535,#6536,#6537,#6538,#6539,#6540,#6541,
#6542,#6543,#6544,#6545,#6546,#6547,#6548,#6549,#6550,#6551,#6552,#6553,
#6554,#6555,#6556,#6557,#6558,#6559,#6560,#6561,#6562,#6563,#6564,#6565,
#6566,#6567,#6568,#6569,#6570,#6571,#6572,#6573,#6574,#6575,#6576,#6577,
#6578,#6579,#6580,#6581,#6582,#6583,#6584,#6585,#6586,#6587,#6588,#6589,
#6590,#6591,#6592,#6593,#6594,#6595,#6596,#6597,#6598,#6599,#6600,#6601,
#6602,#6603,#6604,#6605,#6606,#6607,#6608,#6609,#6610,#6611,#6612,#6613,
#6614,#6615,#6616,#6617,#6618,#6619,#6620,#6621,#6622,#6623,#6624,#6625,
#6626,#6627,#6628,#6629,#6630,#6631,#6632,#6633,#6634,#6635,#6636,#6637,
#6638,#6639,#6640,#6641,#6642,#6643,#6644,#6645,#6646,#6647,#6648,#6649,
#6650,#6651,#6652,#6653,#6654,#6655,#6656,#6657,#6658,#6659,#6660,#6661,
#6662,#6663,#6664,#6665,#6666,#6667,#6668,#6669,#6670,#6671,#6672,#6673,
#6674,#6675,#6676,#6677,#6678,#6679,#6680,#6681,#6682,#6683,#6684,#6685,
#6686,#6687,#6688,#6689,#6690,#6691,#6692,#6693,#6694,#6695,#6696,#6697,
#6698,#6699,#6700,#6701,#6702,#6703,#6704,#6705,#6706,#6707,#6708,#6709,
#6710,#6711,#6712,#6713,#6714,#6715,#6716,#6717,#6718,#6719,#6720,#6721,
#6722,#6723,#6724,#6725,#6726,#6727,#6728,#6729,#6730,#6731,#6732,#6733,
#6734,#6735,#6736,#6737,#6738,#6739,#6740,#6741,#6742,#6743,#6744,#6745,
#6746,#6747,#6748,#6749,#6750,#6751,#6752,#6753,#6754,#6755,#6756,#6757,
#6758,#6759,#6760,#6761,#6762,#6763,#6764,#6765,#6766,#6767,#6768,#6769,
#6770,#6771,#6772,#6773,#6774,#6775,#6776,#6777,#6778,#6779,#6780,#6781,
#6782,#6783,#6784,#6785,#6786,#6787,#6788,#6789,#6790,#6791,#6792,#6793,
#6794,#6795,#6796,#6797,#6798,#6799,#6800,#6801,#6802,#6803,#6804,#6805,
#6806,#6807,#6808,#6809,#6810,#6811,#6812,#6813,#6814,#6815,#6816,#6817,
#6818,#6819,#6820,#6821,#6822,#6823,#6824,#6825,#6826,#6827,#6828,#6829,
#6830,#6831,#6832,#6833,#6834,#6835,#6836,#6837,#6838,#6839,#6840,#6841,
#6842,#6843,#6844,#6845,#6846,#6847));
#6849=STYLED_ITEM('',(#6850),#6857);
#6850=PRESENTATION_STYLE_ASSIGNMENT((#6851));
#6851=SURFACE_STYLE_USAGE(.BOTH.,#6852);
#6852=SURFACE_SIDE_STYLE('',(#6853));
#6853=SURFACE_STYLE_FILL_AREA(#6854);
#6854=FILL_AREA_STYLE('',(#6855));
#6855=FILL_AREA_STYLE_COLOUR('',#6856);
#6856=COLOUR_RGB('',0.917647058823529,0.917647058823529,0.917647058823529);
#6857=MANIFOLD_SOLID_BREP('Part 28',#6848);
#6858=SHAPE_DEFINITION_REPRESENTATION(#10654,#6859);
#6859=SHAPE_REPRESENTATION('Part 28',(#6860),#10649);
#6860=AXIS2_PLACEMENT_3D('',#8787,#7205,#7206);
#6861=AXIS2_PLACEMENT_3D('',#8788,#7207,#7208);
#6862=AXIS2_PLACEMENT_3D('',#8797,#7213,#7214);
#6863=AXIS2_PLACEMENT_3D('',#8803,#7218,#7219);
#6864=AXIS2_PLACEMENT_3D('',#8809,#7223,#7224);
#6865=AXIS2_PLACEMENT_3D('',#8818,#7229,#7230);
#6866=AXIS2_PLACEMENT_3D('',#8824,#7234,#7235);
#6867=AXIS2_PLACEMENT_3D('',#8830,#7239,#7240);
#6868=AXIS2_PLACEMENT_3D('',#8839,#7245,#7246);
#6869=AXIS2_PLACEMENT_3D('',#8845,#7250,#7251);
#6870=AXIS2_PLACEMENT_3D('',#8851,#7255,#7256);
#6871=AXIS2_PLACEMENT_3D('',#8860,#7261,#7262);
#6872=AXIS2_PLACEMENT_3D('',#8866,#7266,#7267);
#6873=AXIS2_PLACEMENT_3D('',#8872,#7271,#7272);
#6874=AXIS2_PLACEMENT_3D('',#8881,#7277,#7278);
#6875=AXIS2_PLACEMENT_3D('',#8887,#7282,#7283);
#6876=AXIS2_PLACEMENT_3D('',#8893,#7287,#7288);
#6877=AXIS2_PLACEMENT_3D('',#8902,#7293,#7294);
#6878=AXIS2_PLACEMENT_3D('',#8908,#7298,#7299);
#6879=AXIS2_PLACEMENT_3D('',#8914,#7303,#7304);
#6880=AXIS2_PLACEMENT_3D('',#8923,#7309,#7310);
#6881=AXIS2_PLACEMENT_3D('',#8929,#7314,#7315);
#6882=AXIS2_PLACEMENT_3D('',#8935,#7319,#7320);
#6883=AXIS2_PLACEMENT_3D('',#8944,#7325,#7326);
#6884=AXIS2_PLACEMENT_3D('',#8950,#7330,#7331);
#6885=AXIS2_PLACEMENT_3D('',#8956,#7335,#7336);
#6886=AXIS2_PLACEMENT_3D('',#8965,#7341,#7342);
#6887=AXIS2_PLACEMENT_3D('',#8971,#7346,#7347);
#6888=AXIS2_PLACEMENT_3D('',#8977,#7351,#7352);
#6889=AXIS2_PLACEMENT_3D('',#8986,#7357,#7358);
#6890=AXIS2_PLACEMENT_3D('',#8992,#7362,#7363);
#6891=AXIS2_PLACEMENT_3D('',#8998,#7367,#7368);
#6892=AXIS2_PLACEMENT_3D('',#9007,#7373,#7374);
#6893=AXIS2_PLACEMENT_3D('',#9013,#7378,#7379);
#6894=AXIS2_PLACEMENT_3D('',#9019,#7383,#7384);
#6895=AXIS2_PLACEMENT_3D('',#9028,#7389,#7390);
#6896=AXIS2_PLACEMENT_3D('',#9034,#7394,#7395);
#6897=AXIS2_PLACEMENT_3D('',#9040,#7399,#7400);
#6898=AXIS2_PLACEMENT_3D('',#9049,#7405,#7406);
#6899=AXIS2_PLACEMENT_3D('',#9055,#7410,#7411);
#6900=AXIS2_PLACEMENT_3D('',#9061,#7415,#7416);
#6901=AXIS2_PLACEMENT_3D('',#9070,#7421,#7422);
#6902=AXIS2_PLACEMENT_3D('',#9076,#7426,#7427);
#6903=AXIS2_PLACEMENT_3D('',#9082,#7431,#7432);
#6904=AXIS2_PLACEMENT_3D('',#9091,#7437,#7438);
#6905=AXIS2_PLACEMENT_3D('',#9097,#7442,#7443);
#6906=AXIS2_PLACEMENT_3D('',#9103,#7447,#7448);
#6907=AXIS2_PLACEMENT_3D('',#9112,#7453,#7454);
#6908=AXIS2_PLACEMENT_3D('',#9118,#7458,#7459);
#6909=AXIS2_PLACEMENT_3D('',#9124,#7463,#7464);
#6910=AXIS2_PLACEMENT_3D('',#9133,#7469,#7470);
#6911=AXIS2_PLACEMENT_3D('',#9139,#7474,#7475);
#6912=AXIS2_PLACEMENT_3D('',#9145,#7479,#7480);
#6913=AXIS2_PLACEMENT_3D('',#9154,#7485,#7486);
#6914=AXIS2_PLACEMENT_3D('',#9160,#7490,#7491);
#6915=AXIS2_PLACEMENT_3D('',#9166,#7495,#7496);
#6916=AXIS2_PLACEMENT_3D('',#9175,#7501,#7502);
#6917=AXIS2_PLACEMENT_3D('',#9181,#7506,#7507);
#6918=AXIS2_PLACEMENT_3D('',#9187,#7511,#7512);
#6919=AXIS2_PLACEMENT_3D('',#9196,#7517,#7518);
#6920=AXIS2_PLACEMENT_3D('',#9202,#7522,#7523);
#6921=AXIS2_PLACEMENT_3D('',#9208,#7527,#7528);
#6922=AXIS2_PLACEMENT_3D('',#9217,#7533,#7534);
#6923=AXIS2_PLACEMENT_3D('',#9223,#7538,#7539);
#6924=AXIS2_PLACEMENT_3D('',#9229,#7543,#7544);
#6925=AXIS2_PLACEMENT_3D('',#9238,#7549,#7550);
#6926=AXIS2_PLACEMENT_3D('',#9244,#7554,#7555);
#6927=AXIS2_PLACEMENT_3D('',#9250,#7559,#7560);
#6928=AXIS2_PLACEMENT_3D('',#9259,#7565,#7566);
#6929=AXIS2_PLACEMENT_3D('',#9265,#7570,#7571);
#6930=AXIS2_PLACEMENT_3D('',#9271,#7575,#7576);
#6931=AXIS2_PLACEMENT_3D('',#9280,#7581,#7582);
#6932=AXIS2_PLACEMENT_3D('',#9286,#7586,#7587);
#6933=AXIS2_PLACEMENT_3D('',#9292,#7591,#7592);
#6934=AXIS2_PLACEMENT_3D('',#9301,#7597,#7598);
#6935=AXIS2_PLACEMENT_3D('',#9307,#7602,#7603);
#6936=AXIS2_PLACEMENT_3D('',#9313,#7607,#7608);
#6937=AXIS2_PLACEMENT_3D('',#9322,#7613,#7614);
#6938=AXIS2_PLACEMENT_3D('',#9328,#7618,#7619);
#6939=AXIS2_PLACEMENT_3D('',#9334,#7623,#7624);
#6940=AXIS2_PLACEMENT_3D('',#9343,#7629,#7630);
#6941=AXIS2_PLACEMENT_3D('',#9349,#7634,#7635);
#6942=AXIS2_PLACEMENT_3D('',#9355,#7639,#7640);
#6943=AXIS2_PLACEMENT_3D('',#9364,#7645,#7646);
#6944=AXIS2_PLACEMENT_3D('',#9370,#7650,#7651);
#6945=AXIS2_PLACEMENT_3D('',#9376,#7655,#7656);
#6946=AXIS2_PLACEMENT_3D('',#9385,#7661,#7662);
#6947=AXIS2_PLACEMENT_3D('',#9391,#7666,#7667);
#6948=AXIS2_PLACEMENT_3D('',#9397,#7671,#7672);
#6949=AXIS2_PLACEMENT_3D('',#9406,#7677,#7678);
#6950=AXIS2_PLACEMENT_3D('',#9412,#7682,#7683);
#6951=AXIS2_PLACEMENT_3D('',#9418,#7687,#7688);
#6952=AXIS2_PLACEMENT_3D('',#9427,#7693,#7694);
#6953=AXIS2_PLACEMENT_3D('',#9433,#7698,#7699);
#6954=AXIS2_PLACEMENT_3D('',#9439,#7703,#7704);
#6955=AXIS2_PLACEMENT_3D('',#9448,#7709,#7710);
#6956=AXIS2_PLACEMENT_3D('',#9454,#7714,#7715);
#6957=AXIS2_PLACEMENT_3D('',#9460,#7719,#7720);
#6958=AXIS2_PLACEMENT_3D('',#9469,#7725,#7726);
#6959=AXIS2_PLACEMENT_3D('',#9475,#7730,#7731);
#6960=AXIS2_PLACEMENT_3D('',#9481,#7735,#7736);
#6961=AXIS2_PLACEMENT_3D('',#9490,#7741,#7742);
#6962=AXIS2_PLACEMENT_3D('',#9496,#7746,#7747);
#6963=AXIS2_PLACEMENT_3D('',#9502,#7751,#7752);
#6964=AXIS2_PLACEMENT_3D('',#9511,#7757,#7758);
#6965=AXIS2_PLACEMENT_3D('',#9517,#7762,#7763);
#6966=AXIS2_PLACEMENT_3D('',#9523,#7767,#7768);
#6967=AXIS2_PLACEMENT_3D('',#9532,#7773,#7774);
#6968=AXIS2_PLACEMENT_3D('',#9538,#7778,#7779);
#6969=AXIS2_PLACEMENT_3D('',#9544,#7783,#7784);
#6970=AXIS2_PLACEMENT_3D('',#9553,#7789,#7790);
#6971=AXIS2_PLACEMENT_3D('',#9559,#7794,#7795);
#6972=AXIS2_PLACEMENT_3D('',#9565,#7799,#7800);
#6973=AXIS2_PLACEMENT_3D('',#9574,#7805,#7806);
#6974=AXIS2_PLACEMENT_3D('',#9580,#7810,#7811);
#6975=AXIS2_PLACEMENT_3D('',#9586,#7815,#7816);
#6976=AXIS2_PLACEMENT_3D('',#9595,#7821,#7822);
#6977=AXIS2_PLACEMENT_3D('',#9601,#7826,#7827);
#6978=AXIS2_PLACEMENT_3D('',#9607,#7831,#7832);
#6979=AXIS2_PLACEMENT_3D('',#9616,#7837,#7838);
#6980=AXIS2_PLACEMENT_3D('',#9622,#7842,#7843);
#6981=AXIS2_PLACEMENT_3D('',#9628,#7847,#7848);
#6982=AXIS2_PLACEMENT_3D('',#9637,#7853,#7854);
#6983=AXIS2_PLACEMENT_3D('',#9643,#7858,#7859);
#6984=AXIS2_PLACEMENT_3D('',#9649,#7863,#7864);
#6985=AXIS2_PLACEMENT_3D('',#9658,#7869,#7870);
#6986=AXIS2_PLACEMENT_3D('',#9664,#7874,#7875);
#6987=AXIS2_PLACEMENT_3D('',#9670,#7879,#7880);
#6988=AXIS2_PLACEMENT_3D('',#9679,#7885,#7886);
#6989=AXIS2_PLACEMENT_3D('',#9685,#7890,#7891);
#6990=AXIS2_PLACEMENT_3D('',#9691,#7895,#7896);
#6991=AXIS2_PLACEMENT_3D('',#9700,#7901,#7902);
#6992=AXIS2_PLACEMENT_3D('',#9706,#7906,#7907);
#6993=AXIS2_PLACEMENT_3D('',#9712,#7911,#7912);
#6994=AXIS2_PLACEMENT_3D('',#9721,#7917,#7918);
#6995=AXIS2_PLACEMENT_3D('',#9727,#7922,#7923);
#6996=AXIS2_PLACEMENT_3D('',#9733,#7927,#7928);
#6997=AXIS2_PLACEMENT_3D('',#9742,#7933,#7934);
#6998=AXIS2_PLACEMENT_3D('',#9748,#7938,#7939);
#6999=AXIS2_PLACEMENT_3D('',#9754,#7943,#7944);
#7000=AXIS2_PLACEMENT_3D('',#9763,#7949,#7950);
#7001=AXIS2_PLACEMENT_3D('',#9769,#7954,#7955);
#7002=AXIS2_PLACEMENT_3D('',#9775,#7959,#7960);
#7003=AXIS2_PLACEMENT_3D('',#9784,#7965,#7966);
#7004=AXIS2_PLACEMENT_3D('',#9790,#7970,#7971);
#7005=AXIS2_PLACEMENT_3D('',#9796,#7975,#7976);
#7006=AXIS2_PLACEMENT_3D('',#9805,#7981,#7982);
#7007=AXIS2_PLACEMENT_3D('',#9811,#7986,#7987);
#7008=AXIS2_PLACEMENT_3D('',#9817,#7991,#7992);
#7009=AXIS2_PLACEMENT_3D('',#9826,#7997,#7998);
#7010=AXIS2_PLACEMENT_3D('',#9832,#8002,#8003);
#7011=AXIS2_PLACEMENT_3D('',#9838,#8007,#8008);
#7012=AXIS2_PLACEMENT_3D('',#9847,#8013,#8014);
#7013=AXIS2_PLACEMENT_3D('',#9853,#8018,#8019);
#7014=AXIS2_PLACEMENT_3D('',#9859,#8023,#8024);
#7015=AXIS2_PLACEMENT_3D('',#9868,#8029,#8030);
#7016=AXIS2_PLACEMENT_3D('',#9874,#8034,#8035);
#7017=AXIS2_PLACEMENT_3D('',#9880,#8039,#8040);
#7018=AXIS2_PLACEMENT_3D('',#9889,#8045,#8046);
#7019=AXIS2_PLACEMENT_3D('',#9895,#8050,#8051);
#7020=AXIS2_PLACEMENT_3D('',#9901,#8055,#8056);
#7021=AXIS2_PLACEMENT_3D('',#9910,#8061,#8062);
#7022=AXIS2_PLACEMENT_3D('',#9916,#8066,#8067);
#7023=AXIS2_PLACEMENT_3D('',#9922,#8071,#8072);
#7024=AXIS2_PLACEMENT_3D('',#9931,#8077,#8078);
#7025=AXIS2_PLACEMENT_3D('',#9937,#8082,#8083);
#7026=AXIS2_PLACEMENT_3D('',#9943,#8087,#8088);
#7027=AXIS2_PLACEMENT_3D('',#9952,#8093,#8094);
#7028=AXIS2_PLACEMENT_3D('',#9958,#8098,#8099);
#7029=AXIS2_PLACEMENT_3D('',#9964,#8103,#8104);
#7030=AXIS2_PLACEMENT_3D('',#9973,#8109,#8110);
#7031=AXIS2_PLACEMENT_3D('',#9979,#8114,#8115);
#7032=AXIS2_PLACEMENT_3D('',#9985,#8119,#8120);
#7033=AXIS2_PLACEMENT_3D('',#9994,#8125,#8126);
#7034=AXIS2_PLACEMENT_3D('',#10000,#8130,#8131);
#7035=AXIS2_PLACEMENT_3D('',#10006,#8135,#8136);
#7036=AXIS2_PLACEMENT_3D('',#10015,#8141,#8142);
#7037=AXIS2_PLACEMENT_3D('',#10021,#8146,#8147);
#7038=AXIS2_PLACEMENT_3D('',#10027,#8151,#8152);
#7039=AXIS2_PLACEMENT_3D('',#10036,#8157,#8158);
#7040=AXIS2_PLACEMENT_3D('',#10042,#8162,#8163);
#7041=AXIS2_PLACEMENT_3D('',#10048,#8167,#8168);
#7042=AXIS2_PLACEMENT_3D('',#10057,#8173,#8174);
#7043=AXIS2_PLACEMENT_3D('',#10063,#8178,#8179);
#7044=AXIS2_PLACEMENT_3D('',#10069,#8183,#8184);
#7045=AXIS2_PLACEMENT_3D('',#10078,#8189,#8190);
#7046=AXIS2_PLACEMENT_3D('',#10084,#8194,#8195);
#7047=AXIS2_PLACEMENT_3D('',#10090,#8199,#8200);
#7048=AXIS2_PLACEMENT_3D('',#10099,#8205,#8206);
#7049=AXIS2_PLACEMENT_3D('',#10105,#8210,#8211);
#7050=AXIS2_PLACEMENT_3D('',#10111,#8215,#8216);
#7051=AXIS2_PLACEMENT_3D('',#10120,#8221,#8222);
#7052=AXIS2_PLACEMENT_3D('',#10126,#8226,#8227);
#7053=AXIS2_PLACEMENT_3D('',#10132,#8231,#8232);
#7054=AXIS2_PLACEMENT_3D('',#10141,#8237,#8238);
#7055=AXIS2_PLACEMENT_3D('',#10147,#8242,#8243);
#7056=AXIS2_PLACEMENT_3D('',#10153,#8247,#8248);
#7057=AXIS2_PLACEMENT_3D('',#10162,#8253,#8254);
#7058=AXIS2_PLACEMENT_3D('',#10168,#8258,#8259);
#7059=AXIS2_PLACEMENT_3D('',#10174,#8263,#8264);
#7060=AXIS2_PLACEMENT_3D('',#10183,#8269,#8270);
#7061=AXIS2_PLACEMENT_3D('',#10189,#8274,#8275);
#7062=AXIS2_PLACEMENT_3D('',#10195,#8279,#8280);
#7063=AXIS2_PLACEMENT_3D('',#10204,#8285,#8286);
#7064=AXIS2_PLACEMENT_3D('',#10210,#8290,#8291);
#7065=AXIS2_PLACEMENT_3D('',#10216,#8295,#8296);
#7066=AXIS2_PLACEMENT_3D('',#10225,#8301,#8302);
#7067=AXIS2_PLACEMENT_3D('',#10231,#8306,#8307);
#7068=AXIS2_PLACEMENT_3D('',#10237,#8311,#8312);
#7069=AXIS2_PLACEMENT_3D('',#10246,#8317,#8318);
#7070=AXIS2_PLACEMENT_3D('',#10252,#8322,#8323);
#7071=AXIS2_PLACEMENT_3D('',#10258,#8327,#8328);
#7072=AXIS2_PLACEMENT_3D('',#10267,#8333,#8334);
#7073=AXIS2_PLACEMENT_3D('',#10273,#8338,#8339);
#7074=AXIS2_PLACEMENT_3D('',#10279,#8343,#8344);
#7075=AXIS2_PLACEMENT_3D('',#10288,#8349,#8350);
#7076=AXIS2_PLACEMENT_3D('',#10294,#8354,#8355);
#7077=AXIS2_PLACEMENT_3D('',#10300,#8359,#8360);
#7078=AXIS2_PLACEMENT_3D('',#10306,#8364,#8365);
#7079=AXIS2_PLACEMENT_3D('',#10307,#8366,#8367);
#7080=AXIS2_PLACEMENT_3D('',#10312,#8369,#8370);
#7081=AXIS2_PLACEMENT_3D('',#10315,#8372,#8373);
#7082=AXIS2_PLACEMENT_3D('',#10321,#8377,#8378);
#7083=AXIS2_PLACEMENT_3D('',#10327,#8382,#8383);
#7084=AXIS2_PLACEMENT_3D('',#10333,#8387,#8388);
#7085=AXIS2_PLACEMENT_3D('',#10342,#8393,#8394);
#7086=AXIS2_PLACEMENT_3D('',#10348,#8398,#8399);
#7087=AXIS2_PLACEMENT_3D('',#10354,#8403,#8404);
#7088=AXIS2_PLACEMENT_3D('',#10357,#8407,#8408);
#7089=AXIS2_PLACEMENT_3D('',#10360,#8411,#8412);
#7090=AXIS2_PLACEMENT_3D('',#10363,#8415,#8416);
#7091=AXIS2_PLACEMENT_3D('',#10366,#8419,#8420);
#7092=AXIS2_PLACEMENT_3D('',#10369,#8423,#8424);
#7093=AXIS2_PLACEMENT_3D('',#10372,#8427,#8428);
#7094=AXIS2_PLACEMENT_3D('',#10375,#8431,#8432);
#7095=AXIS2_PLACEMENT_3D('',#10378,#8435,#8436);
#7096=AXIS2_PLACEMENT_3D('',#10381,#8439,#8440);
#7097=AXIS2_PLACEMENT_3D('',#10384,#8443,#8444);
#7098=AXIS2_PLACEMENT_3D('',#10387,#8447,#8448);
#7099=AXIS2_PLACEMENT_3D('',#10390,#8451,#8452);
#7100=AXIS2_PLACEMENT_3D('',#10393,#8455,#8456);
#7101=AXIS2_PLACEMENT_3D('',#10396,#8459,#8460);
#7102=AXIS2_PLACEMENT_3D('',#10399,#8463,#8464);
#7103=AXIS2_PLACEMENT_3D('',#10402,#8467,#8468);
#7104=AXIS2_PLACEMENT_3D('',#10405,#8471,#8472);
#7105=AXIS2_PLACEMENT_3D('',#10408,#8475,#8476);
#7106=AXIS2_PLACEMENT_3D('',#10411,#8479,#8480);
#7107=AXIS2_PLACEMENT_3D('',#10414,#8483,#8484);
#7108=AXIS2_PLACEMENT_3D('',#10417,#8487,#8488);
#7109=AXIS2_PLACEMENT_3D('',#10420,#8491,#8492);
#7110=AXIS2_PLACEMENT_3D('',#10423,#8495,#8496);
#7111=AXIS2_PLACEMENT_3D('',#10426,#8499,#8500);
#7112=AXIS2_PLACEMENT_3D('',#10429,#8503,#8504);
#7113=AXIS2_PLACEMENT_3D('',#10432,#8507,#8508);
#7114=AXIS2_PLACEMENT_3D('',#10435,#8511,#8512);
#7115=AXIS2_PLACEMENT_3D('',#10438,#8515,#8516);
#7116=AXIS2_PLACEMENT_3D('',#10441,#8519,#8520);
#7117=AXIS2_PLACEMENT_3D('',#10444,#8523,#8524);
#7118=AXIS2_PLACEMENT_3D('',#10447,#8527,#8528);
#7119=AXIS2_PLACEMENT_3D('',#10450,#8531,#8532);
#7120=AXIS2_PLACEMENT_3D('',#10453,#8535,#8536);
#7121=AXIS2_PLACEMENT_3D('',#10456,#8539,#8540);
#7122=AXIS2_PLACEMENT_3D('',#10459,#8543,#8544);
#7123=AXIS2_PLACEMENT_3D('',#10462,#8547,#8548);
#7124=AXIS2_PLACEMENT_3D('',#10465,#8551,#8552);
#7125=AXIS2_PLACEMENT_3D('',#10468,#8555,#8556);
#7126=AXIS2_PLACEMENT_3D('',#10471,#8559,#8560);
#7127=AXIS2_PLACEMENT_3D('',#10474,#8563,#8564);
#7128=AXIS2_PLACEMENT_3D('',#10477,#8567,#8568);
#7129=AXIS2_PLACEMENT_3D('',#10480,#8571,#8572);
#7130=AXIS2_PLACEMENT_3D('',#10483,#8575,#8576);
#7131=AXIS2_PLACEMENT_3D('',#10486,#8579,#8580);
#7132=AXIS2_PLACEMENT_3D('',#10489,#8583,#8584);
#7133=AXIS2_PLACEMENT_3D('',#10492,#8587,#8588);
#7134=AXIS2_PLACEMENT_3D('',#10495,#8591,#8592);
#7135=AXIS2_PLACEMENT_3D('',#10498,#8595,#8596);
#7136=AXIS2_PLACEMENT_3D('',#10501,#8599,#8600);
#7137=AXIS2_PLACEMENT_3D('',#10504,#8603,#8604);
#7138=AXIS2_PLACEMENT_3D('',#10507,#8607,#8608);
#7139=AXIS2_PLACEMENT_3D('',#10510,#8611,#8612);
#7140=AXIS2_PLACEMENT_3D('',#10513,#8615,#8616);
#7141=AXIS2_PLACEMENT_3D('',#10516,#8619,#8620);
#7142=AXIS2_PLACEMENT_3D('',#10519,#8623,#8624);
#7143=AXIS2_PLACEMENT_3D('',#10522,#8627,#8628);
#7144=AXIS2_PLACEMENT_3D('',#10525,#8631,#8632);
#7145=AXIS2_PLACEMENT_3D('',#10528,#8635,#8636);
#7146=AXIS2_PLACEMENT_3D('',#10531,#8639,#8640);
#7147=AXIS2_PLACEMENT_3D('',#10534,#8643,#8644);
#7148=AXIS2_PLACEMENT_3D('',#10537,#8647,#8648);
#7149=AXIS2_PLACEMENT_3D('',#10540,#8651,#8652);
#7150=AXIS2_PLACEMENT_3D('',#10543,#8655,#8656);
#7151=AXIS2_PLACEMENT_3D('',#10546,#8659,#8660);
#7152=AXIS2_PLACEMENT_3D('',#10549,#8663,#8664);
#7153=AXIS2_PLACEMENT_3D('',#10552,#8667,#8668);
#7154=AXIS2_PLACEMENT_3D('',#10555,#8671,#8672);
#7155=AXIS2_PLACEMENT_3D('',#10558,#8675,#8676);
#7156=AXIS2_PLACEMENT_3D('',#10561,#8679,#8680);
#7157=AXIS2_PLACEMENT_3D('',#10564,#8683,#8684);
#7158=AXIS2_PLACEMENT_3D('',#10567,#8687,#8688);
#7159=AXIS2_PLACEMENT_3D('',#10570,#8691,#8692);
#7160=AXIS2_PLACEMENT_3D('',#10571,#8693,#8694);
#7161=AXIS2_PLACEMENT_3D('',#10573,#8695,#8696);
#7162=AXIS2_PLACEMENT_3D('',#10575,#8697,#8698);
#7163=AXIS2_PLACEMENT_3D('',#10578,#8701,#8702);
#7164=AXIS2_PLACEMENT_3D('',#10579,#8703,#8704);
#7165=AXIS2_PLACEMENT_3D('',#10581,#8705,#8706);
#7166=AXIS2_PLACEMENT_3D('',#10583,#8707,#8708);
#7167=AXIS2_PLACEMENT_3D('',#10584,#8709,#8710);
#7168=AXIS2_PLACEMENT_3D('',#10586,#8711,#8712);
#7169=AXIS2_PLACEMENT_3D('',#10588,#8713,#8714);
#7170=AXIS2_PLACEMENT_3D('',#10589,#8715,#8716);
#7171=AXIS2_PLACEMENT_3D('',#10591,#8717,#8718);
#7172=AXIS2_PLACEMENT_3D('',#10593,#8719,#8720);
#7173=AXIS2_PLACEMENT_3D('',#10594,#8721,#8722);
#7174=AXIS2_PLACEMENT_3D('',#10596,#8723,#8724);
#7175=AXIS2_PLACEMENT_3D('',#10598,#8725,#8726);
#7176=AXIS2_PLACEMENT_3D('',#10599,#8727,#8728);
#7177=AXIS2_PLACEMENT_3D('',#10601,#8729,#8730);
#7178=AXIS2_PLACEMENT_3D('',#10603,#8731,#8732);
#7179=AXIS2_PLACEMENT_3D('',#10604,#8733,#8734);
#7180=AXIS2_PLACEMENT_3D('',#10606,#8735,#8736);
#7181=AXIS2_PLACEMENT_3D('',#10608,#8737,#8738);
#7182=AXIS2_PLACEMENT_3D('',#10609,#8739,#8740);
#7183=AXIS2_PLACEMENT_3D('',#10611,#8741,#8742);
#7184=AXIS2_PLACEMENT_3D('',#10613,#8743,#8744);
#7185=AXIS2_PLACEMENT_3D('',#10614,#8745,#8746);
#7186=AXIS2_PLACEMENT_3D('',#10616,#8747,#8748);
#7187=AXIS2_PLACEMENT_3D('',#10618,#8749,#8750);
#7188=AXIS2_PLACEMENT_3D('',#10619,#8751,#8752);
#7189=AXIS2_PLACEMENT_3D('',#10621,#8753,#8754);
#7190=AXIS2_PLACEMENT_3D('',#10623,#8755,#8756);
#7191=AXIS2_PLACEMENT_3D('',#10624,#8757,#8758);
#7192=AXIS2_PLACEMENT_3D('',#10626,#8759,#8760);
#7193=AXIS2_PLACEMENT_3D('',#10628,#8761,#8762);
#7194=AXIS2_PLACEMENT_3D('',#10629,#8763,#8764);
#7195=AXIS2_PLACEMENT_3D('',#10631,#8765,#8766);
#7196=AXIS2_PLACEMENT_3D('',#10633,#8767,#8768);
#7197=AXIS2_PLACEMENT_3D('',#10634,#8769,#8770);
#7198=AXIS2_PLACEMENT_3D('',#10636,#8771,#8772);
#7199=AXIS2_PLACEMENT_3D('',#10638,#8773,#8774);
#7200=AXIS2_PLACEMENT_3D('',#10639,#8775,#8776);
#7201=AXIS2_PLACEMENT_3D('',#10641,#8777,#8778);
#7202=AXIS2_PLACEMENT_3D('',#10643,#8779,#8780);
#7203=AXIS2_PLACEMENT_3D('',#10646,#8783,#8784);
#7204=AXIS2_PLACEMENT_3D('',#10647,#8785,#8786);
#7205=DIRECTION('',(0.,0.,1.));
#7206=DIRECTION('',(1.,0.,0.));
#7207=DIRECTION('',(1.,0.,0.));
#7208=DIRECTION('',(0.,0.,-1.));
#7209=DIRECTION('',(0.,-1.,0.));
#7210=DIRECTION('',(0.,0.,-1.));
#7211=DIRECTION('',(0.,-1.,0.));
#7212=DIRECTION('',(0.,0.,-1.));
#7213=DIRECTION('',(0.,1.,0.));
#7214=DIRECTION('',(0.,0.,1.));
#7215=DIRECTION('',(1.,0.,0.));
#7216=DIRECTION('',(0.,0.,-1.));
#7217=DIRECTION('',(1.,0.,0.));
#7218=DIRECTION('',(1.,0.,0.));
#7219=DIRECTION('',(0.,0.,-1.));
#7220=DIRECTION('',(0.,-1.,0.));
#7221=DIRECTION('',(0.,0.,-1.));
#7222=DIRECTION('',(0.,-1.,0.));
#7223=DIRECTION('',(1.,0.,0.));
#7224=DIRECTION('',(0.,0.,-1.));
#7225=DIRECTION('',(0.,-1.,0.));
#7226=DIRECTION('',(0.,0.,-1.));
#7227=DIRECTION('',(0.,-1.,0.));
#7228=DIRECTION('',(0.,0.,-1.));
#7229=DIRECTION('',(0.,1.,0.));
#7230=DIRECTION('',(0.,0.,1.));
#7231=DIRECTION('',(1.,0.,0.));
#7232=DIRECTION('',(0.,0.,-1.));
#7233=DIRECTION('',(1.,0.,0.));
#7234=DIRECTION('',(1.,0.,0.));
#7235=DIRECTION('',(0.,0.,-1.));
#7236=DIRECTION('',(0.,-1.,0.));
#7237=DIRECTION('',(0.,0.,-1.));
#7238=DIRECTION('',(0.,-1.,0.));
#7239=DIRECTION('',(1.,0.,0.));
#7240=DIRECTION('',(0.,0.,-1.));
#7241=DIRECTION('',(0.,-1.,0.));
#7242=DIRECTION('',(0.,0.,-1.));
#7243=DIRECTION('',(0.,-1.,0.));
#7244=DIRECTION('',(0.,0.,-1.));
#7245=DIRECTION('',(0.,1.,0.));
#7246=DIRECTION('',(0.,0.,1.));
#7247=DIRECTION('',(1.,0.,0.));
#7248=DIRECTION('',(0.,0.,-1.));
#7249=DIRECTION('',(1.,0.,0.));
#7250=DIRECTION('',(1.,0.,0.));
#7251=DIRECTION('',(0.,0.,-1.));
#7252=DIRECTION('',(0.,-1.,0.));
#7253=DIRECTION('',(0.,0.,-1.));
#7254=DIRECTION('',(0.,-1.,0.));
#7255=DIRECTION('',(1.,0.,0.));
#7256=DIRECTION('',(0.,0.,-1.));
#7257=DIRECTION('',(0.,-1.,0.));
#7258=DIRECTION('',(0.,0.,-1.));
#7259=DIRECTION('',(0.,-1.,0.));
#7260=DIRECTION('',(0.,0.,-1.));
#7261=DIRECTION('',(0.,1.,0.));
#7262=DIRECTION('',(0.,0.,1.));
#7263=DIRECTION('',(1.,0.,0.));
#7264=DIRECTION('',(0.,0.,-1.));
#7265=DIRECTION('',(1.,0.,0.));
#7266=DIRECTION('',(1.,0.,0.));
#7267=DIRECTION('',(0.,0.,-1.));
#7268=DIRECTION('',(0.,-1.,0.));
#7269=DIRECTION('',(0.,0.,-1.));
#7270=DIRECTION('',(0.,-1.,0.));
#7271=DIRECTION('',(1.,0.,0.));
#7272=DIRECTION('',(0.,0.,-1.));
#7273=DIRECTION('',(0.,-1.,0.));
#7274=DIRECTION('',(0.,0.,-1.));
#7275=DIRECTION('',(0.,-1.,0.));
#7276=DIRECTION('',(0.,0.,-1.));
#7277=DIRECTION('',(0.,1.,0.));
#7278=DIRECTION('',(0.,0.,1.));
#7279=DIRECTION('',(1.,0.,0.));
#7280=DIRECTION('',(0.,0.,-1.));
#7281=DIRECTION('',(1.,0.,0.));
#7282=DIRECTION('',(1.,0.,0.));
#7283=DIRECTION('',(0.,0.,-1.));
#7284=DIRECTION('',(0.,-1.,0.));
#7285=DIRECTION('',(0.,0.,-1.));
#7286=DIRECTION('',(0.,-1.,0.));
#7287=DIRECTION('',(1.,0.,0.));
#7288=DIRECTION('',(0.,0.,-1.));
#7289=DIRECTION('',(0.,-1.,0.));
#7290=DIRECTION('',(0.,0.,-1.));
#7291=DIRECTION('',(0.,-1.,0.));
#7292=DIRECTION('',(0.,0.,-1.));
#7293=DIRECTION('',(0.,1.,0.));
#7294=DIRECTION('',(0.,0.,1.));
#7295=DIRECTION('',(1.,0.,0.));
#7296=DIRECTION('',(0.,0.,-1.));
#7297=DIRECTION('',(1.,0.,0.));
#7298=DIRECTION('',(1.,0.,0.));
#7299=DIRECTION('',(0.,0.,-1.));
#7300=DIRECTION('',(0.,-1.,0.));
#7301=DIRECTION('',(0.,0.,-1.));
#7302=DIRECTION('',(0.,-1.,0.));
#7303=DIRECTION('',(1.,0.,0.));
#7304=DIRECTION('',(0.,0.,-1.));
#7305=DIRECTION('',(0.,-1.,0.));
#7306=DIRECTION('',(0.,0.,-1.));
#7307=DIRECTION('',(0.,-1.,0.));
#7308=DIRECTION('',(0.,0.,-1.));
#7309=DIRECTION('',(0.,1.,0.));
#7310=DIRECTION('',(0.,0.,1.));
#7311=DIRECTION('',(1.,0.,0.));
#7312=DIRECTION('',(0.,0.,-1.));
#7313=DIRECTION('',(1.,0.,0.));
#7314=DIRECTION('',(1.,0.,0.));
#7315=DIRECTION('',(0.,0.,-1.));
#7316=DIRECTION('',(0.,-1.,0.));
#7317=DIRECTION('',(0.,0.,-1.));
#7318=DIRECTION('',(0.,-1.,0.));
#7319=DIRECTION('',(1.,0.,0.));
#7320=DIRECTION('',(0.,0.,-1.));
#7321=DIRECTION('',(0.,-1.,0.));
#7322=DIRECTION('',(0.,0.,-1.));
#7323=DIRECTION('',(0.,-1.,0.));
#7324=DIRECTION('',(0.,0.,-1.));
#7325=DIRECTION('',(0.,1.,0.));
#7326=DIRECTION('',(0.,0.,1.));
#7327=DIRECTION('',(1.,0.,0.));
#7328=DIRECTION('',(0.,0.,-1.));
#7329=DIRECTION('',(1.,0.,0.));
#7330=DIRECTION('',(1.,0.,0.));
#7331=DIRECTION('',(0.,0.,-1.));
#7332=DIRECTION('',(0.,-1.,0.));
#7333=DIRECTION('',(0.,0.,-1.));
#7334=DIRECTION('',(0.,-1.,0.));
#7335=DIRECTION('',(1.,0.,0.));
#7336=DIRECTION('',(0.,0.,-1.));
#7337=DIRECTION('',(0.,-1.,0.));
#7338=DIRECTION('',(0.,0.,-1.));
#7339=DIRECTION('',(0.,-1.,0.));
#7340=DIRECTION('',(0.,0.,-1.));
#7341=DIRECTION('',(0.,1.,0.));
#7342=DIRECTION('',(0.,0.,1.));
#7343=DIRECTION('',(1.,0.,0.));
#7344=DIRECTION('',(0.,0.,-1.));
#7345=DIRECTION('',(1.,0.,0.));
#7346=DIRECTION('',(1.,0.,0.));
#7347=DIRECTION('',(0.,0.,-1.));
#7348=DIRECTION('',(0.,-1.,0.));
#7349=DIRECTION('',(0.,0.,-1.));
#7350=DIRECTION('',(0.,-1.,0.));
#7351=DIRECTION('',(1.,0.,0.));
#7352=DIRECTION('',(0.,0.,-1.));
#7353=DIRECTION('',(0.,-1.,0.));
#7354=DIRECTION('',(0.,0.,-1.));
#7355=DIRECTION('',(0.,-1.,0.));
#7356=DIRECTION('',(0.,0.,-1.));
#7357=DIRECTION('',(0.,1.,0.));
#7358=DIRECTION('',(0.,0.,1.));
#7359=DIRECTION('',(1.,0.,0.));
#7360=DIRECTION('',(0.,0.,-1.));
#7361=DIRECTION('',(1.,0.,0.));
#7362=DIRECTION('',(1.,0.,0.));
#7363=DIRECTION('',(0.,0.,-1.));
#7364=DIRECTION('',(0.,-1.,0.));
#7365=DIRECTION('',(0.,0.,-1.));
#7366=DIRECTION('',(0.,-1.,0.));
#7367=DIRECTION('',(1.,0.,0.));
#7368=DIRECTION('',(0.,0.,-1.));
#7369=DIRECTION('',(0.,-1.,0.));
#7370=DIRECTION('',(0.,0.,-1.));
#7371=DIRECTION('',(0.,-1.,0.));
#7372=DIRECTION('',(0.,0.,-1.));
#7373=DIRECTION('',(0.,1.,0.));
#7374=DIRECTION('',(0.,0.,1.));
#7375=DIRECTION('',(1.,0.,0.));
#7376=DIRECTION('',(0.,0.,-1.));
#7377=DIRECTION('',(1.,0.,0.));
#7378=DIRECTION('',(1.,0.,0.));
#7379=DIRECTION('',(0.,0.,-1.));
#7380=DIRECTION('',(0.,-1.,0.));
#7381=DIRECTION('',(0.,0.,-1.));
#7382=DIRECTION('',(0.,-1.,0.));
#7383=DIRECTION('',(1.,0.,0.));
#7384=DIRECTION('',(0.,0.,-1.));
#7385=DIRECTION('',(0.,-1.,0.));
#7386=DIRECTION('',(0.,0.,-1.));
#7387=DIRECTION('',(0.,-1.,0.));
#7388=DIRECTION('',(0.,0.,-1.));
#7389=DIRECTION('',(0.,1.,0.));
#7390=DIRECTION('',(0.,0.,1.));
#7391=DIRECTION('',(1.,0.,0.));
#7392=DIRECTION('',(0.,0.,-1.));
#7393=DIRECTION('',(1.,0.,0.));
#7394=DIRECTION('',(1.,0.,0.));
#7395=DIRECTION('',(0.,0.,-1.));
#7396=DIRECTION('',(0.,-1.,0.));
#7397=DIRECTION('',(0.,0.,-1.));
#7398=DIRECTION('',(0.,-1.,0.));
#7399=DIRECTION('',(1.,0.,0.));
#7400=DIRECTION('',(0.,0.,-1.));
#7401=DIRECTION('',(0.,-1.,0.));
#7402=DIRECTION('',(0.,0.,-1.));
#7403=DIRECTION('',(0.,-1.,0.));
#7404=DIRECTION('',(0.,0.,-1.));
#7405=DIRECTION('',(0.,1.,0.));
#7406=DIRECTION('',(0.,0.,1.));
#7407=DIRECTION('',(1.,0.,0.));
#7408=DIRECTION('',(0.,0.,-1.));
#7409=DIRECTION('',(1.,0.,0.));
#7410=DIRECTION('',(1.,0.,0.));
#7411=DIRECTION('',(0.,0.,-1.));
#7412=DIRECTION('',(0.,-1.,0.));
#7413=DIRECTION('',(0.,0.,-1.));
#7414=DIRECTION('',(0.,-1.,0.));
#7415=DIRECTION('',(1.,0.,0.));
#7416=DIRECTION('',(0.,0.,-1.));
#7417=DIRECTION('',(0.,-1.,0.));
#7418=DIRECTION('',(0.,0.,-1.));
#7419=DIRECTION('',(0.,-1.,0.));
#7420=DIRECTION('',(0.,0.,-1.));
#7421=DIRECTION('',(0.,1.,0.));
#7422=DIRECTION('',(0.,0.,1.));
#7423=DIRECTION('',(1.,0.,0.));
#7424=DIRECTION('',(0.,0.,-1.));
#7425=DIRECTION('',(1.,0.,0.));
#7426=DIRECTION('',(1.,0.,0.));
#7427=DIRECTION('',(0.,0.,-1.));
#7428=DIRECTION('',(0.,-1.,0.));
#7429=DIRECTION('',(0.,0.,-1.));
#7430=DIRECTION('',(0.,-1.,0.));
#7431=DIRECTION('',(1.,0.,0.));
#7432=DIRECTION('',(0.,0.,-1.));
#7433=DIRECTION('',(0.,-1.,0.));
#7434=DIRECTION('',(0.,0.,-1.));
#7435=DIRECTION('',(0.,-1.,0.));
#7436=DIRECTION('',(0.,0.,-1.));
#7437=DIRECTION('',(0.,1.,0.));
#7438=DIRECTION('',(0.,0.,1.));
#7439=DIRECTION('',(1.,0.,0.));
#7440=DIRECTION('',(0.,0.,-1.));
#7441=DIRECTION('',(1.,0.,0.));
#7442=DIRECTION('',(1.,0.,0.));
#7443=DIRECTION('',(0.,0.,-1.));
#7444=DIRECTION('',(0.,-1.,0.));
#7445=DIRECTION('',(0.,0.,-1.));
#7446=DIRECTION('',(0.,-1.,0.));
#7447=DIRECTION('',(1.,0.,0.));
#7448=DIRECTION('',(0.,0.,-1.));
#7449=DIRECTION('',(0.,-1.,0.));
#7450=DIRECTION('',(0.,0.,-1.));
#7451=DIRECTION('',(0.,-1.,0.));
#7452=DIRECTION('',(0.,0.,-1.));
#7453=DIRECTION('',(0.,1.,0.));
#7454=DIRECTION('',(0.,0.,1.));
#7455=DIRECTION('',(1.,0.,0.));
#7456=DIRECTION('',(0.,0.,-1.));
#7457=DIRECTION('',(1.,0.,0.));
#7458=DIRECTION('',(1.,0.,0.));
#7459=DIRECTION('',(0.,0.,-1.));
#7460=DIRECTION('',(0.,-1.,0.));
#7461=DIRECTION('',(0.,0.,-1.));
#7462=DIRECTION('',(0.,-1.,0.));
#7463=DIRECTION('',(0.,-1.,0.));
#7464=DIRECTION('',(0.,0.,-1.));
#7465=DIRECTION('',(1.,0.,0.));
#7466=DIRECTION('',(0.,0.,-1.));
#7467=DIRECTION('',(1.,0.,0.));
#7468=DIRECTION('',(0.,0.,-1.));
#7469=DIRECTION('',(1.,0.,0.));
#7470=DIRECTION('',(0.,0.,-1.));
#7471=DIRECTION('',(0.,1.,0.));
#7472=DIRECTION('',(0.,0.,-1.));
#7473=DIRECTION('',(0.,1.,0.));
#7474=DIRECTION('',(0.,1.,0.));
#7475=DIRECTION('',(0.,0.,1.));
#7476=DIRECTION('',(1.,0.,0.));
#7477=DIRECTION('',(0.,0.,-1.));
#7478=DIRECTION('',(1.,0.,0.));
#7479=DIRECTION('',(1.,0.,0.));
#7480=DIRECTION('',(0.,0.,-1.));
#7481=DIRECTION('',(0.,-1.,0.));
#7482=DIRECTION('',(0.,0.,-1.));
#7483=DIRECTION('',(0.,-1.,0.));
#7484=DIRECTION('',(0.,0.,-1.));
#7485=DIRECTION('',(0.,1.,0.));
#7486=DIRECTION('',(0.,0.,1.));
#7487=DIRECTION('',(1.,0.,0.));
#7488=DIRECTION('',(0.,0.,-1.));
#7489=DIRECTION('',(1.,0.,0.));
#7490=DIRECTION('',(1.,0.,0.));
#7491=DIRECTION('',(0.,0.,-1.));
#7492=DIRECTION('',(0.,-1.,0.));
#7493=DIRECTION('',(0.,0.,-1.));
#7494=DIRECTION('',(0.,-1.,0.));
#7495=DIRECTION('',(1.,0.,0.));
#7496=DIRECTION('',(0.,0.,-1.));
#7497=DIRECTION('',(0.,-1.,0.));
#7498=DIRECTION('',(0.,0.,-1.));
#7499=DIRECTION('',(0.,-1.,0.));
#7500=DIRECTION('',(0.,0.,-1.));
#7501=DIRECTION('',(0.,1.,0.));
#7502=DIRECTION('',(0.,0.,1.));
#7503=DIRECTION('',(1.,0.,0.));
#7504=DIRECTION('',(0.,0.,-1.));
#7505=DIRECTION('',(1.,0.,0.));
#7506=DIRECTION('',(1.,0.,0.));
#7507=DIRECTION('',(0.,0.,-1.));
#7508=DIRECTION('',(0.,-1.,0.));
#7509=DIRECTION('',(0.,0.,-1.));
#7510=DIRECTION('',(0.,-1.,0.));
#7511=DIRECTION('',(1.,0.,0.));
#7512=DIRECTION('',(0.,0.,-1.));
#7513=DIRECTION('',(0.,-1.,0.));
#7514=DIRECTION('',(0.,0.,-1.));
#7515=DIRECTION('',(0.,-1.,0.));
#7516=DIRECTION('',(0.,0.,-1.));
#7517=DIRECTION('',(0.,1.,0.));
#7518=DIRECTION('',(0.,0.,1.));
#7519=DIRECTION('',(1.,0.,0.));
#7520=DIRECTION('',(0.,0.,-1.));
#7521=DIRECTION('',(1.,0.,0.));
#7522=DIRECTION('',(1.,0.,0.));
#7523=DIRECTION('',(0.,0.,-1.));
#7524=DIRECTION('',(0.,-1.,0.));
#7525=DIRECTION('',(0.,0.,-1.));
#7526=DIRECTION('',(0.,-1.,0.));
#7527=DIRECTION('',(1.,0.,0.));
#7528=DIRECTION('',(0.,0.,-1.));
#7529=DIRECTION('',(0.,-1.,0.));
#7530=DIRECTION('',(0.,0.,-1.));
#7531=DIRECTION('',(0.,-1.,0.));
#7532=DIRECTION('',(0.,0.,-1.));
#7533=DIRECTION('',(0.,1.,0.));
#7534=DIRECTION('',(0.,0.,1.));
#7535=DIRECTION('',(1.,0.,0.));
#7536=DIRECTION('',(0.,0.,-1.));
#7537=DIRECTION('',(1.,0.,0.));
#7538=DIRECTION('',(1.,0.,0.));
#7539=DIRECTION('',(0.,0.,-1.));
#7540=DIRECTION('',(0.,-1.,0.));
#7541=DIRECTION('',(0.,0.,-1.));
#7542=DIRECTION('',(0.,-1.,0.));
#7543=DIRECTION('',(1.,0.,0.));
#7544=DIRECTION('',(0.,0.,-1.));
#7545=DIRECTION('',(0.,-1.,0.));
#7546=DIRECTION('',(0.,0.,-1.));
#7547=DIRECTION('',(0.,-1.,0.));
#7548=DIRECTION('',(0.,0.,-1.));
#7549=DIRECTION('',(0.,1.,0.));
#7550=DIRECTION('',(0.,0.,1.));
#7551=DIRECTION('',(1.,0.,0.));
#7552=DIRECTION('',(0.,0.,-1.));
#7553=DIRECTION('',(1.,0.,0.));
#7554=DIRECTION('',(1.,0.,0.));
#7555=DIRECTION('',(0.,0.,-1.));
#7556=DIRECTION('',(0.,-1.,0.));
#7557=DIRECTION('',(0.,0.,-1.));
#7558=DIRECTION('',(0.,-1.,0.));
#7559=DIRECTION('',(1.,0.,0.));
#7560=DIRECTION('',(0.,0.,-1.));
#7561=DIRECTION('',(0.,-1.,0.));
#7562=DIRECTION('',(0.,0.,-1.));
#7563=DIRECTION('',(0.,-1.,0.));
#7564=DIRECTION('',(0.,0.,-1.));
#7565=DIRECTION('',(0.,1.,0.));
#7566=DIRECTION('',(0.,0.,1.));
#7567=DIRECTION('',(1.,0.,0.));
#7568=DIRECTION('',(0.,0.,-1.));
#7569=DIRECTION('',(1.,0.,0.));
#7570=DIRECTION('',(1.,0.,0.));
#7571=DIRECTION('',(0.,0.,-1.));
#7572=DIRECTION('',(0.,-1.,0.));
#7573=DIRECTION('',(0.,0.,-1.));
#7574=DIRECTION('',(0.,-1.,0.));
#7575=DIRECTION('',(1.,0.,0.));
#7576=DIRECTION('',(0.,0.,-1.));
#7577=DIRECTION('',(0.,-1.,0.));
#7578=DIRECTION('',(0.,0.,-1.));
#7579=DIRECTION('',(0.,-1.,0.));
#7580=DIRECTION('',(0.,0.,-1.));
#7581=DIRECTION('',(0.,1.,0.));
#7582=DIRECTION('',(0.,0.,1.));
#7583=DIRECTION('',(1.,0.,0.));
#7584=DIRECTION('',(0.,0.,-1.));
#7585=DIRECTION('',(1.,0.,0.));
#7586=DIRECTION('',(1.,0.,0.));
#7587=DIRECTION('',(0.,0.,-1.));
#7588=DIRECTION('',(0.,-1.,0.));
#7589=DIRECTION('',(0.,0.,-1.));
#7590=DIRECTION('',(0.,-1.,0.));
#7591=DIRECTION('',(1.,0.,0.));
#7592=DIRECTION('',(0.,0.,-1.));
#7593=DIRECTION('',(0.,-1.,0.));
#7594=DIRECTION('',(0.,0.,-1.));
#7595=DIRECTION('',(0.,-1.,0.));
#7596=DIRECTION('',(0.,0.,-1.));
#7597=DIRECTION('',(0.,1.,0.));
#7598=DIRECTION('',(0.,0.,1.));
#7599=DIRECTION('',(1.,0.,0.));
#7600=DIRECTION('',(0.,0.,-1.));
#7601=DIRECTION('',(1.,0.,0.));
#7602=DIRECTION('',(1.,0.,0.));
#7603=DIRECTION('',(0.,0.,-1.));
#7604=DIRECTION('',(0.,-1.,0.));
#7605=DIRECTION('',(0.,0.,-1.));
#7606=DIRECTION('',(0.,-1.,0.));
#7607=DIRECTION('',(1.,0.,0.));
#7608=DIRECTION('',(0.,0.,-1.));
#7609=DIRECTION('',(0.,-1.,0.));
#7610=DIRECTION('',(0.,0.,-1.));
#7611=DIRECTION('',(0.,-1.,0.));
#7612=DIRECTION('',(0.,0.,-1.));
#7613=DIRECTION('',(0.,1.,0.));
#7614=DIRECTION('',(0.,0.,1.));
#7615=DIRECTION('',(1.,0.,0.));
#7616=DIRECTION('',(0.,0.,-1.));
#7617=DIRECTION('',(1.,0.,0.));
#7618=DIRECTION('',(1.,0.,0.));
#7619=DIRECTION('',(0.,0.,-1.));
#7620=DIRECTION('',(0.,-1.,0.));
#7621=DIRECTION('',(0.,0.,-1.));
#7622=DIRECTION('',(0.,-1.,0.));
#7623=DIRECTION('',(1.,0.,0.));
#7624=DIRECTION('',(0.,0.,-1.));
#7625=DIRECTION('',(0.,-1.,0.));
#7626=DIRECTION('',(0.,0.,-1.));
#7627=DIRECTION('',(0.,-1.,0.));
#7628=DIRECTION('',(0.,0.,-1.));
#7629=DIRECTION('',(0.,1.,0.));
#7630=DIRECTION('',(0.,0.,1.));
#7631=DIRECTION('',(1.,0.,0.));
#7632=DIRECTION('',(0.,0.,-1.));
#7633=DIRECTION('',(1.,0.,0.));
#7634=DIRECTION('',(1.,0.,0.));
#7635=DIRECTION('',(0.,0.,-1.));
#7636=DIRECTION('',(0.,-1.,0.));
#7637=DIRECTION('',(0.,0.,-1.));
#7638=DIRECTION('',(0.,-1.,0.));
#7639=DIRECTION('',(1.,0.,0.));
#7640=DIRECTION('',(0.,0.,-1.));
#7641=DIRECTION('',(0.,-1.,0.));
#7642=DIRECTION('',(0.,0.,-1.));
#7643=DIRECTION('',(0.,-1.,0.));
#7644=DIRECTION('',(0.,0.,-1.));
#7645=DIRECTION('',(0.,1.,0.));
#7646=DIRECTION('',(0.,0.,1.));
#7647=DIRECTION('',(1.,0.,0.));
#7648=DIRECTION('',(0.,0.,-1.));
#7649=DIRECTION('',(1.,0.,0.));
#7650=DIRECTION('',(1.,0.,0.));
#7651=DIRECTION('',(0.,0.,-1.));
#7652=DIRECTION('',(0.,-1.,0.));
#7653=DIRECTION('',(0.,0.,-1.));
#7654=DIRECTION('',(0.,-1.,0.));
#7655=DIRECTION('',(1.,0.,0.));
#7656=DIRECTION('',(0.,0.,-1.));
#7657=DIRECTION('',(0.,-1.,0.));
#7658=DIRECTION('',(0.,0.,-1.));
#7659=DIRECTION('',(0.,-1.,0.));
#7660=DIRECTION('',(0.,0.,-1.));
#7661=DIRECTION('',(0.,1.,0.));
#7662=DIRECTION('',(0.,0.,1.));
#7663=DIRECTION('',(1.,0.,0.));
#7664=DIRECTION('',(0.,0.,-1.));
#7665=DIRECTION('',(1.,0.,0.));
#7666=DIRECTION('',(1.,0.,0.));
#7667=DIRECTION('',(0.,0.,-1.));
#7668=DIRECTION('',(0.,-1.,0.));
#7669=DIRECTION('',(0.,0.,-1.));
#7670=DIRECTION('',(0.,-1.,0.));
#7671=DIRECTION('',(1.,0.,0.));
#7672=DIRECTION('',(0.,0.,-1.));
#7673=DIRECTION('',(0.,-1.,0.));
#7674=DIRECTION('',(0.,0.,-1.));
#7675=DIRECTION('',(0.,-1.,0.));
#7676=DIRECTION('',(0.,0.,-1.));
#7677=DIRECTION('',(0.,1.,0.));
#7678=DIRECTION('',(0.,0.,1.));
#7679=DIRECTION('',(1.,0.,0.));
#7680=DIRECTION('',(0.,0.,-1.));
#7681=DIRECTION('',(1.,0.,0.));
#7682=DIRECTION('',(1.,0.,0.));
#7683=DIRECTION('',(0.,0.,-1.));
#7684=DIRECTION('',(0.,-1.,0.));
#7685=DIRECTION('',(0.,0.,-1.));
#7686=DIRECTION('',(0.,-1.,0.));
#7687=DIRECTION('',(1.,0.,0.));
#7688=DIRECTION('',(0.,0.,-1.));
#7689=DIRECTION('',(0.,-1.,0.));
#7690=DIRECTION('',(0.,0.,-1.));
#7691=DIRECTION('',(0.,-1.,0.));
#7692=DIRECTION('',(0.,0.,-1.));
#7693=DIRECTION('',(0.,1.,0.));
#7694=DIRECTION('',(0.,0.,1.));
#7695=DIRECTION('',(1.,0.,0.));
#7696=DIRECTION('',(0.,0.,-1.));
#7697=DIRECTION('',(1.,0.,0.));
#7698=DIRECTION('',(1.,0.,0.));
#7699=DIRECTION('',(0.,0.,-1.));
#7700=DIRECTION('',(0.,-1.,0.));
#7701=DIRECTION('',(0.,0.,-1.));
#7702=DIRECTION('',(0.,-1.,0.));
#7703=DIRECTION('',(1.,0.,0.));
#7704=DIRECTION('',(0.,0.,-1.));
#7705=DIRECTION('',(0.,-1.,0.));
#7706=DIRECTION('',(0.,0.,-1.));
#7707=DIRECTION('',(0.,-1.,0.));
#7708=DIRECTION('',(0.,0.,-1.));
#7709=DIRECTION('',(0.,1.,0.));
#7710=DIRECTION('',(0.,0.,1.));
#7711=DIRECTION('',(1.,0.,0.));
#7712=DIRECTION('',(0.,0.,-1.));
#7713=DIRECTION('',(1.,0.,0.));
#7714=DIRECTION('',(1.,0.,0.));
#7715=DIRECTION('',(0.,0.,-1.));
#7716=DIRECTION('',(0.,-1.,0.));
#7717=DIRECTION('',(0.,0.,-1.));
#7718=DIRECTION('',(0.,-1.,0.));
#7719=DIRECTION('',(1.,0.,0.));
#7720=DIRECTION('',(0.,0.,-1.));
#7721=DIRECTION('',(0.,-1.,0.));
#7722=DIRECTION('',(0.,0.,-1.));
#7723=DIRECTION('',(0.,-1.,0.));
#7724=DIRECTION('',(0.,0.,-1.));
#7725=DIRECTION('',(0.,1.,0.));
#7726=DIRECTION('',(0.,0.,1.));
#7727=DIRECTION('',(1.,0.,0.));
#7728=DIRECTION('',(0.,0.,-1.));
#7729=DIRECTION('',(1.,0.,0.));
#7730=DIRECTION('',(1.,0.,0.));
#7731=DIRECTION('',(0.,0.,-1.));
#7732=DIRECTION('',(0.,-1.,0.));
#7733=DIRECTION('',(0.,0.,-1.));
#7734=DIRECTION('',(0.,-1.,0.));
#7735=DIRECTION('',(1.,0.,0.));
#7736=DIRECTION('',(0.,0.,-1.));
#7737=DIRECTION('',(0.,-1.,0.));
#7738=DIRECTION('',(0.,0.,-1.));
#7739=DIRECTION('',(0.,-1.,0.));
#7740=DIRECTION('',(0.,0.,-1.));
#7741=DIRECTION('',(0.,1.,0.));
#7742=DIRECTION('',(0.,0.,1.));
#7743=DIRECTION('',(1.,0.,0.));
#7744=DIRECTION('',(0.,0.,-1.));
#7745=DIRECTION('',(1.,0.,0.));
#7746=DIRECTION('',(1.,0.,0.));
#7747=DIRECTION('',(0.,0.,-1.));
#7748=DIRECTION('',(0.,-1.,0.));
#7749=DIRECTION('',(0.,0.,-1.));
#7750=DIRECTION('',(0.,-1.,0.));
#7751=DIRECTION('',(1.,0.,0.));
#7752=DIRECTION('',(0.,0.,-1.));
#7753=DIRECTION('',(0.,-1.,0.));
#7754=DIRECTION('',(0.,0.,-1.));
#7755=DIRECTION('',(0.,-1.,0.));
#7756=DIRECTION('',(0.,0.,-1.));
#7757=DIRECTION('',(0.,1.,0.));
#7758=DIRECTION('',(0.,0.,1.));
#7759=DIRECTION('',(1.,0.,0.));
#7760=DIRECTION('',(0.,0.,-1.));
#7761=DIRECTION('',(1.,0.,0.));
#7762=DIRECTION('',(1.,0.,0.));
#7763=DIRECTION('',(0.,0.,-1.));
#7764=DIRECTION('',(0.,-1.,0.));
#7765=DIRECTION('',(0.,0.,-1.));
#7766=DIRECTION('',(0.,-1.,0.));
#7767=DIRECTION('',(1.,0.,0.));
#7768=DIRECTION('',(0.,0.,-1.));
#7769=DIRECTION('',(0.,-1.,0.));
#7770=DIRECTION('',(0.,0.,-1.));
#7771=DIRECTION('',(0.,-1.,0.));
#7772=DIRECTION('',(0.,0.,-1.));
#7773=DIRECTION('',(0.,1.,0.));
#7774=DIRECTION('',(0.,0.,1.));
#7775=DIRECTION('',(1.,0.,0.));
#7776=DIRECTION('',(0.,0.,-1.));
#7777=DIRECTION('',(1.,0.,0.));
#7778=DIRECTION('',(1.,0.,0.));
#7779=DIRECTION('',(0.,0.,-1.));
#7780=DIRECTION('',(0.,-1.,0.));
#7781=DIRECTION('',(0.,0.,-1.));
#7782=DIRECTION('',(0.,-1.,0.));
#7783=DIRECTION('',(1.,0.,0.));
#7784=DIRECTION('',(0.,0.,-1.));
#7785=DIRECTION('',(0.,-1.,0.));
#7786=DIRECTION('',(0.,0.,-1.));
#7787=DIRECTION('',(0.,-1.,0.));
#7788=DIRECTION('',(0.,0.,-1.));
#7789=DIRECTION('',(0.,1.,0.));
#7790=DIRECTION('',(0.,0.,1.));
#7791=DIRECTION('',(1.,0.,0.));
#7792=DIRECTION('',(0.,0.,-1.));
#7793=DIRECTION('',(1.,0.,0.));
#7794=DIRECTION('',(1.,0.,0.));
#7795=DIRECTION('',(0.,0.,-1.));
#7796=DIRECTION('',(0.,-1.,0.));
#7797=DIRECTION('',(0.,0.,-1.));
#7798=DIRECTION('',(0.,-1.,0.));
#7799=DIRECTION('',(1.,0.,0.));
#7800=DIRECTION('',(0.,0.,-1.));
#7801=DIRECTION('',(0.,-1.,0.));
#7802=DIRECTION('',(0.,0.,-1.));
#7803=DIRECTION('',(0.,-1.,0.));
#7804=DIRECTION('',(0.,0.,-1.));
#7805=DIRECTION('',(0.,1.,0.));
#7806=DIRECTION('',(0.,0.,1.));
#7807=DIRECTION('',(1.,0.,0.));
#7808=DIRECTION('',(0.,0.,-1.));
#7809=DIRECTION('',(1.,0.,0.));
#7810=DIRECTION('',(1.,0.,0.));
#7811=DIRECTION('',(0.,0.,-1.));
#7812=DIRECTION('',(0.,-1.,0.));
#7813=DIRECTION('',(0.,0.,-1.));
#7814=DIRECTION('',(0.,-1.,0.));
#7815=DIRECTION('',(1.,0.,0.));
#7816=DIRECTION('',(0.,0.,-1.));
#7817=DIRECTION('',(0.,-1.,0.));
#7818=DIRECTION('',(0.,0.,-1.));
#7819=DIRECTION('',(0.,-1.,0.));
#7820=DIRECTION('',(0.,0.,-1.));
#7821=DIRECTION('',(0.,1.,0.));
#7822=DIRECTION('',(0.,0.,1.));
#7823=DIRECTION('',(1.,0.,0.));
#7824=DIRECTION('',(0.,0.,-1.));
#7825=DIRECTION('',(1.,0.,0.));
#7826=DIRECTION('',(1.,0.,0.));
#7827=DIRECTION('',(0.,0.,-1.));
#7828=DIRECTION('',(0.,-1.,0.));
#7829=DIRECTION('',(0.,0.,-1.));
#7830=DIRECTION('',(0.,-1.,0.));
#7831=DIRECTION('',(1.,0.,0.));
#7832=DIRECTION('',(0.,0.,-1.));
#7833=DIRECTION('',(0.,-1.,0.));
#7834=DIRECTION('',(0.,0.,-1.));
#7835=DIRECTION('',(0.,-1.,0.));
#7836=DIRECTION('',(0.,0.,-1.));
#7837=DIRECTION('',(0.,1.,0.));
#7838=DIRECTION('',(0.,0.,1.));
#7839=DIRECTION('',(1.,0.,0.));
#7840=DIRECTION('',(0.,0.,-1.));
#7841=DIRECTION('',(1.,0.,0.));
#7842=DIRECTION('',(1.,0.,0.));
#7843=DIRECTION('',(0.,0.,-1.));
#7844=DIRECTION('',(0.,-1.,0.));
#7845=DIRECTION('',(0.,0.,-1.));
#7846=DIRECTION('',(0.,-1.,0.));
#7847=DIRECTION('',(1.,0.,0.));
#7848=DIRECTION('',(0.,0.,-1.));
#7849=DIRECTION('',(0.,-1.,0.));
#7850=DIRECTION('',(0.,0.,-1.));
#7851=DIRECTION('',(0.,-1.,0.));
#7852=DIRECTION('',(0.,0.,-1.));
#7853=DIRECTION('',(0.,1.,0.));
#7854=DIRECTION('',(0.,0.,1.));
#7855=DIRECTION('',(1.,0.,0.));
#7856=DIRECTION('',(0.,0.,-1.));
#7857=DIRECTION('',(1.,0.,0.));
#7858=DIRECTION('',(1.,0.,0.));
#7859=DIRECTION('',(0.,0.,-1.));
#7860=DIRECTION('',(0.,-1.,0.));
#7861=DIRECTION('',(0.,0.,-1.));
#7862=DIRECTION('',(0.,-1.,0.));
#7863=DIRECTION('',(1.,0.,0.));
#7864=DIRECTION('',(0.,0.,-1.));
#7865=DIRECTION('',(0.,-1.,0.));
#7866=DIRECTION('',(0.,0.,-1.));
#7867=DIRECTION('',(0.,-1.,0.));
#7868=DIRECTION('',(0.,0.,-1.));
#7869=DIRECTION('',(0.,1.,0.));
#7870=DIRECTION('',(0.,0.,1.));
#7871=DIRECTION('',(1.,0.,0.));
#7872=DIRECTION('',(0.,0.,-1.));
#7873=DIRECTION('',(1.,0.,0.));
#7874=DIRECTION('',(1.,0.,0.));
#7875=DIRECTION('',(0.,0.,-1.));
#7876=DIRECTION('',(0.,-1.,0.));
#7877=DIRECTION('',(0.,0.,-1.));
#7878=DIRECTION('',(0.,-1.,0.));
#7879=DIRECTION('',(1.,0.,0.));
#7880=DIRECTION('',(0.,0.,-1.));
#7881=DIRECTION('',(0.,-1.,0.));
#7882=DIRECTION('',(0.,0.,-1.));
#7883=DIRECTION('',(0.,-1.,0.));
#7884=DIRECTION('',(0.,0.,-1.));
#7885=DIRECTION('',(0.,1.,0.));
#7886=DIRECTION('',(0.,0.,1.));
#7887=DIRECTION('',(1.,0.,0.));
#7888=DIRECTION('',(0.,0.,-1.));
#7889=DIRECTION('',(1.,0.,0.));
#7890=DIRECTION('',(1.,0.,0.));
#7891=DIRECTION('',(0.,0.,-1.));
#7892=DIRECTION('',(0.,-1.,0.));
#7893=DIRECTION('',(0.,0.,-1.));
#7894=DIRECTION('',(0.,-1.,0.));
#7895=DIRECTION('',(1.,0.,0.));
#7896=DIRECTION('',(0.,0.,-1.));
#7897=DIRECTION('',(0.,-1.,0.));
#7898=DIRECTION('',(0.,0.,-1.));
#7899=DIRECTION('',(0.,-1.,0.));
#7900=DIRECTION('',(0.,0.,-1.));
#7901=DIRECTION('',(0.,1.,0.));
#7902=DIRECTION('',(0.,0.,1.));
#7903=DIRECTION('',(1.,0.,0.));
#7904=DIRECTION('',(0.,0.,-1.));
#7905=DIRECTION('',(1.,0.,0.));
#7906=DIRECTION('',(1.,0.,0.));
#7907=DIRECTION('',(0.,0.,-1.));
#7908=DIRECTION('',(0.,-1.,0.));
#7909=DIRECTION('',(0.,0.,-1.));
#7910=DIRECTION('',(0.,-1.,0.));
#7911=DIRECTION('',(1.,0.,0.));
#7912=DIRECTION('',(0.,0.,-1.));
#7913=DIRECTION('',(0.,-1.,0.));
#7914=DIRECTION('',(0.,0.,-1.));
#7915=DIRECTION('',(0.,-1.,0.));
#7916=DIRECTION('',(0.,0.,-1.));
#7917=DIRECTION('',(0.,1.,0.));
#7918=DIRECTION('',(0.,0.,1.));
#7919=DIRECTION('',(1.,0.,0.));
#7920=DIRECTION('',(0.,0.,-1.));
#7921=DIRECTION('',(1.,0.,0.));
#7922=DIRECTION('',(1.,0.,0.));
#7923=DIRECTION('',(0.,0.,-1.));
#7924=DIRECTION('',(0.,-1.,0.));
#7925=DIRECTION('',(0.,0.,-1.));
#7926=DIRECTION('',(0.,-1.,0.));
#7927=DIRECTION('',(1.,0.,0.));
#7928=DIRECTION('',(0.,0.,-1.));
#7929=DIRECTION('',(0.,-1.,0.));
#7930=DIRECTION('',(0.,0.,-1.));
#7931=DIRECTION('',(0.,-1.,0.));
#7932=DIRECTION('',(0.,0.,-1.));
#7933=DIRECTION('',(0.,1.,0.));
#7934=DIRECTION('',(0.,0.,1.));
#7935=DIRECTION('',(1.,0.,0.));
#7936=DIRECTION('',(0.,0.,-1.));
#7937=DIRECTION('',(1.,0.,0.));
#7938=DIRECTION('',(1.,0.,0.));
#7939=DIRECTION('',(0.,0.,-1.));
#7940=DIRECTION('',(0.,-1.,0.));
#7941=DIRECTION('',(0.,0.,-1.));
#7942=DIRECTION('',(0.,-1.,0.));
#7943=DIRECTION('',(1.,0.,0.));
#7944=DIRECTION('',(0.,0.,-1.));
#7945=DIRECTION('',(0.,-1.,0.));
#7946=DIRECTION('',(0.,0.,-1.));
#7947=DIRECTION('',(0.,-1.,0.));
#7948=DIRECTION('',(0.,0.,-1.));
#7949=DIRECTION('',(0.,1.,0.));
#7950=DIRECTION('',(0.,0.,1.));
#7951=DIRECTION('',(1.,0.,0.));
#7952=DIRECTION('',(0.,0.,-1.));
#7953=DIRECTION('',(1.,0.,0.));
#7954=DIRECTION('',(1.,0.,0.));
#7955=DIRECTION('',(0.,0.,-1.));
#7956=DIRECTION('',(0.,-1.,0.));
#7957=DIRECTION('',(0.,0.,-1.));
#7958=DIRECTION('',(0.,-1.,0.));
#7959=DIRECTION('',(1.,0.,0.));
#7960=DIRECTION('',(0.,0.,-1.));
#7961=DIRECTION('',(0.,-1.,0.));
#7962=DIRECTION('',(0.,0.,-1.));
#7963=DIRECTION('',(0.,-1.,0.));
#7964=DIRECTION('',(0.,0.,-1.));
#7965=DIRECTION('',(0.,1.,0.));
#7966=DIRECTION('',(0.,0.,1.));
#7967=DIRECTION('',(1.,0.,0.));
#7968=DIRECTION('',(0.,0.,-1.));
#7969=DIRECTION('',(1.,0.,0.));
#7970=DIRECTION('',(1.,0.,0.));
#7971=DIRECTION('',(0.,0.,-1.));
#7972=DIRECTION('',(0.,-1.,0.));
#7973=DIRECTION('',(0.,0.,-1.));
#7974=DIRECTION('',(0.,-1.,0.));
#7975=DIRECTION('',(1.,0.,0.));
#7976=DIRECTION('',(0.,0.,-1.));
#7977=DIRECTION('',(0.,-1.,0.));
#7978=DIRECTION('',(0.,0.,-1.));
#7979=DIRECTION('',(0.,-1.,0.));
#7980=DIRECTION('',(0.,0.,-1.));
#7981=DIRECTION('',(0.,1.,0.));
#7982=DIRECTION('',(0.,0.,1.));
#7983=DIRECTION('',(1.,0.,0.));
#7984=DIRECTION('',(0.,0.,-1.));
#7985=DIRECTION('',(1.,0.,0.));
#7986=DIRECTION('',(1.,0.,0.));
#7987=DIRECTION('',(0.,0.,-1.));
#7988=DIRECTION('',(0.,-1.,0.));
#7989=DIRECTION('',(0.,0.,-1.));
#7990=DIRECTION('',(0.,-1.,0.));
#7991=DIRECTION('',(1.,0.,0.));
#7992=DIRECTION('',(0.,0.,-1.));
#7993=DIRECTION('',(0.,-1.,0.));
#7994=DIRECTION('',(0.,0.,-1.));
#7995=DIRECTION('',(0.,-1.,0.));
#7996=DIRECTION('',(0.,0.,-1.));
#7997=DIRECTION('',(0.,1.,0.));
#7998=DIRECTION('',(0.,0.,1.));
#7999=DIRECTION('',(1.,0.,0.));
#8000=DIRECTION('',(0.,0.,-1.));
#8001=DIRECTION('',(1.,0.,0.));
#8002=DIRECTION('',(1.,0.,0.));
#8003=DIRECTION('',(0.,0.,-1.));
#8004=DIRECTION('',(0.,-1.,0.));
#8005=DIRECTION('',(0.,0.,-1.));
#8006=DIRECTION('',(0.,-1.,0.));
#8007=DIRECTION('',(1.,0.,0.));
#8008=DIRECTION('',(0.,0.,-1.));
#8009=DIRECTION('',(0.,-1.,0.));
#8010=DIRECTION('',(0.,0.,-1.));
#8011=DIRECTION('',(0.,-1.,0.));
#8012=DIRECTION('',(0.,0.,-1.));
#8013=DIRECTION('',(0.,1.,0.));
#8014=DIRECTION('',(0.,0.,1.));
#8015=DIRECTION('',(1.,0.,0.));
#8016=DIRECTION('',(0.,0.,-1.));
#8017=DIRECTION('',(1.,0.,0.));
#8018=DIRECTION('',(1.,0.,0.));
#8019=DIRECTION('',(0.,0.,-1.));
#8020=DIRECTION('',(0.,-1.,0.));
#8021=DIRECTION('',(0.,0.,-1.));
#8022=DIRECTION('',(0.,-1.,0.));
#8023=DIRECTION('',(1.,0.,0.));
#8024=DIRECTION('',(0.,0.,-1.));
#8025=DIRECTION('',(0.,-1.,0.));
#8026=DIRECTION('',(0.,0.,-1.));
#8027=DIRECTION('',(0.,-1.,0.));
#8028=DIRECTION('',(0.,0.,-1.));
#8029=DIRECTION('',(0.,1.,0.));
#8030=DIRECTION('',(0.,0.,1.));
#8031=DIRECTION('',(1.,0.,0.));
#8032=DIRECTION('',(0.,0.,-1.));
#8033=DIRECTION('',(1.,0.,0.));
#8034=DIRECTION('',(1.,0.,0.));
#8035=DIRECTION('',(0.,0.,-1.));
#8036=DIRECTION('',(0.,-1.,0.));
#8037=DIRECTION('',(0.,0.,-1.));
#8038=DIRECTION('',(0.,-1.,0.));
#8039=DIRECTION('',(1.,0.,0.));
#8040=DIRECTION('',(0.,0.,-1.));
#8041=DIRECTION('',(0.,-1.,0.));
#8042=DIRECTION('',(0.,0.,-1.));
#8043=DIRECTION('',(0.,-1.,0.));
#8044=DIRECTION('',(0.,0.,-1.));
#8045=DIRECTION('',(0.,1.,0.));
#8046=DIRECTION('',(0.,0.,1.));
#8047=DIRECTION('',(1.,0.,0.));
#8048=DIRECTION('',(0.,0.,-1.));
#8049=DIRECTION('',(1.,0.,0.));
#8050=DIRECTION('',(1.,0.,0.));
#8051=DIRECTION('',(0.,0.,-1.));
#8052=DIRECTION('',(0.,-1.,0.));
#8053=DIRECTION('',(0.,0.,-1.));
#8054=DIRECTION('',(0.,-1.,0.));
#8055=DIRECTION('',(1.,0.,0.));
#8056=DIRECTION('',(0.,0.,-1.));
#8057=DIRECTION('',(0.,-1.,0.));
#8058=DIRECTION('',(0.,0.,-1.));
#8059=DIRECTION('',(0.,-1.,0.));
#8060=DIRECTION('',(0.,0.,-1.));
#8061=DIRECTION('',(0.,1.,0.));
#8062=DIRECTION('',(0.,0.,1.));
#8063=DIRECTION('',(1.,0.,0.));
#8064=DIRECTION('',(0.,0.,-1.));
#8065=DIRECTION('',(1.,0.,0.));
#8066=DIRECTION('',(1.,0.,0.));
#8067=DIRECTION('',(0.,0.,-1.));
#8068=DIRECTION('',(0.,-1.,0.));
#8069=DIRECTION('',(0.,0.,-1.));
#8070=DIRECTION('',(0.,-1.,0.));
#8071=DIRECTION('',(1.,0.,0.));
#8072=DIRECTION('',(0.,0.,-1.));
#8073=DIRECTION('',(0.,-1.,0.));
#8074=DIRECTION('',(0.,0.,-1.));
#8075=DIRECTION('',(0.,-1.,0.));
#8076=DIRECTION('',(0.,0.,-1.));
#8077=DIRECTION('',(0.,1.,0.));
#8078=DIRECTION('',(0.,0.,1.));
#8079=DIRECTION('',(1.,0.,0.));
#8080=DIRECTION('',(0.,0.,-1.));
#8081=DIRECTION('',(1.,0.,0.));
#8082=DIRECTION('',(1.,0.,0.));
#8083=DIRECTION('',(0.,0.,-1.));
#8084=DIRECTION('',(0.,-1.,0.));
#8085=DIRECTION('',(0.,0.,-1.));
#8086=DIRECTION('',(0.,-1.,0.));
#8087=DIRECTION('',(1.,0.,0.));
#8088=DIRECTION('',(0.,0.,-1.));
#8089=DIRECTION('',(0.,-1.,0.));
#8090=DIRECTION('',(0.,0.,-1.));
#8091=DIRECTION('',(0.,-1.,0.));
#8092=DIRECTION('',(0.,0.,-1.));
#8093=DIRECTION('',(0.,1.,0.));
#8094=DIRECTION('',(0.,0.,1.));
#8095=DIRECTION('',(1.,0.,0.));
#8096=DIRECTION('',(0.,0.,-1.));
#8097=DIRECTION('',(1.,0.,0.));
#8098=DIRECTION('',(1.,0.,0.));
#8099=DIRECTION('',(0.,0.,-1.));
#8100=DIRECTION('',(0.,-1.,0.));
#8101=DIRECTION('',(0.,0.,-1.));
#8102=DIRECTION('',(0.,-1.,0.));
#8103=DIRECTION('',(1.,0.,0.));
#8104=DIRECTION('',(0.,0.,-1.));
#8105=DIRECTION('',(0.,-1.,0.));
#8106=DIRECTION('',(0.,0.,-1.));
#8107=DIRECTION('',(0.,-1.,0.));
#8108=DIRECTION('',(0.,0.,-1.));
#8109=DIRECTION('',(0.,1.,0.));
#8110=DIRECTION('',(0.,0.,1.));
#8111=DIRECTION('',(1.,0.,0.));
#8112=DIRECTION('',(0.,0.,-1.));
#8113=DIRECTION('',(1.,0.,0.));
#8114=DIRECTION('',(1.,0.,0.));
#8115=DIRECTION('',(0.,0.,-1.));
#8116=DIRECTION('',(0.,-1.,0.));
#8117=DIRECTION('',(0.,0.,-1.));
#8118=DIRECTION('',(0.,-1.,0.));
#8119=DIRECTION('',(1.,0.,0.));
#8120=DIRECTION('',(0.,0.,-1.));
#8121=DIRECTION('',(0.,-1.,0.));
#8122=DIRECTION('',(0.,0.,-1.));
#8123=DIRECTION('',(0.,-1.,0.));
#8124=DIRECTION('',(0.,0.,-1.));
#8125=DIRECTION('',(0.,1.,0.));
#8126=DIRECTION('',(0.,0.,1.));
#8127=DIRECTION('',(1.,0.,0.));
#8128=DIRECTION('',(0.,0.,-1.));
#8129=DIRECTION('',(1.,0.,0.));
#8130=DIRECTION('',(1.,0.,0.));
#8131=DIRECTION('',(0.,0.,-1.));
#8132=DIRECTION('',(0.,-1.,0.));
#8133=DIRECTION('',(0.,0.,-1.));
#8134=DIRECTION('',(0.,-1.,0.));
#8135=DIRECTION('',(1.,0.,0.));
#8136=DIRECTION('',(0.,0.,-1.));
#8137=DIRECTION('',(0.,-1.,0.));
#8138=DIRECTION('',(0.,0.,-1.));
#8139=DIRECTION('',(0.,-1.,0.));
#8140=DIRECTION('',(0.,0.,-1.));
#8141=DIRECTION('',(0.,1.,0.));
#8142=DIRECTION('',(0.,0.,1.));
#8143=DIRECTION('',(1.,0.,0.));
#8144=DIRECTION('',(0.,0.,-1.));
#8145=DIRECTION('',(1.,0.,0.));
#8146=DIRECTION('',(1.,0.,0.));
#8147=DIRECTION('',(0.,0.,-1.));
#8148=DIRECTION('',(0.,-1.,0.));
#8149=DIRECTION('',(0.,0.,-1.));
#8150=DIRECTION('',(0.,-1.,0.));
#8151=DIRECTION('',(1.,0.,0.));
#8152=DIRECTION('',(0.,0.,-1.));
#8153=DIRECTION('',(0.,-1.,0.));
#8154=DIRECTION('',(0.,0.,-1.));
#8155=DIRECTION('',(0.,-1.,0.));
#8156=DIRECTION('',(0.,0.,-1.));
#8157=DIRECTION('',(0.,1.,0.));
#8158=DIRECTION('',(0.,0.,1.));
#8159=DIRECTION('',(1.,0.,0.));
#8160=DIRECTION('',(0.,0.,-1.));
#8161=DIRECTION('',(1.,0.,0.));
#8162=DIRECTION('',(1.,0.,0.));
#8163=DIRECTION('',(0.,0.,-1.));
#8164=DIRECTION('',(0.,-1.,0.));
#8165=DIRECTION('',(0.,0.,-1.));
#8166=DIRECTION('',(0.,-1.,0.));
#8167=DIRECTION('',(1.,0.,0.));
#8168=DIRECTION('',(0.,0.,-1.));
#8169=DIRECTION('',(0.,-1.,0.));
#8170=DIRECTION('',(0.,0.,-1.));
#8171=DIRECTION('',(0.,-1.,0.));
#8172=DIRECTION('',(0.,0.,-1.));
#8173=DIRECTION('',(0.,1.,0.));
#8174=DIRECTION('',(0.,0.,1.));
#8175=DIRECTION('',(1.,0.,0.));
#8176=DIRECTION('',(0.,0.,-1.));
#8177=DIRECTION('',(1.,0.,0.));
#8178=DIRECTION('',(1.,0.,0.));
#8179=DIRECTION('',(0.,0.,-1.));
#8180=DIRECTION('',(0.,-1.,0.));
#8181=DIRECTION('',(0.,0.,-1.));
#8182=DIRECTION('',(0.,-1.,0.));
#8183=DIRECTION('',(1.,0.,0.));
#8184=DIRECTION('',(0.,0.,-1.));
#8185=DIRECTION('',(0.,-1.,0.));
#8186=DIRECTION('',(0.,0.,-1.));
#8187=DIRECTION('',(0.,-1.,0.));
#8188=DIRECTION('',(0.,0.,-1.));
#8189=DIRECTION('',(0.,1.,0.));
#8190=DIRECTION('',(0.,0.,1.));
#8191=DIRECTION('',(1.,0.,0.));
#8192=DIRECTION('',(0.,0.,-1.));
#8193=DIRECTION('',(1.,0.,0.));
#8194=DIRECTION('',(1.,0.,0.));
#8195=DIRECTION('',(0.,0.,-1.));
#8196=DIRECTION('',(0.,-1.,0.));
#8197=DIRECTION('',(0.,0.,-1.));
#8198=DIRECTION('',(0.,-1.,0.));
#8199=DIRECTION('',(1.,0.,0.));
#8200=DIRECTION('',(0.,0.,-1.));
#8201=DIRECTION('',(0.,-1.,0.));
#8202=DIRECTION('',(0.,0.,-1.));
#8203=DIRECTION('',(0.,-1.,0.));
#8204=DIRECTION('',(0.,0.,-1.));
#8205=DIRECTION('',(0.,1.,0.));
#8206=DIRECTION('',(0.,0.,1.));
#8207=DIRECTION('',(1.,0.,0.));
#8208=DIRECTION('',(0.,0.,-1.));
#8209=DIRECTION('',(1.,0.,0.));
#8210=DIRECTION('',(1.,0.,0.));
#8211=DIRECTION('',(0.,0.,-1.));
#8212=DIRECTION('',(0.,-1.,0.));
#8213=DIRECTION('',(0.,0.,-1.));
#8214=DIRECTION('',(0.,-1.,0.));
#8215=DIRECTION('',(1.,0.,0.));
#8216=DIRECTION('',(0.,0.,-1.));
#8217=DIRECTION('',(0.,-1.,0.));
#8218=DIRECTION('',(0.,0.,-1.));
#8219=DIRECTION('',(0.,-1.,0.));
#8220=DIRECTION('',(0.,0.,-1.));
#8221=DIRECTION('',(0.,1.,0.));
#8222=DIRECTION('',(0.,0.,1.));
#8223=DIRECTION('',(1.,0.,0.));
#8224=DIRECTION('',(0.,0.,-1.));
#8225=DIRECTION('',(1.,0.,0.));
#8226=DIRECTION('',(1.,0.,0.));
#8227=DIRECTION('',(0.,0.,-1.));
#8228=DIRECTION('',(0.,-1.,0.));
#8229=DIRECTION('',(0.,0.,-1.));
#8230=DIRECTION('',(0.,-1.,0.));
#8231=DIRECTION('',(1.,0.,0.));
#8232=DIRECTION('',(0.,0.,-1.));
#8233=DIRECTION('',(0.,-1.,0.));
#8234=DIRECTION('',(0.,0.,-1.));
#8235=DIRECTION('',(0.,-1.,0.));
#8236=DIRECTION('',(0.,0.,-1.));
#8237=DIRECTION('',(0.,1.,0.));
#8238=DIRECTION('',(0.,0.,1.));
#8239=DIRECTION('',(1.,0.,0.));
#8240=DIRECTION('',(0.,0.,-1.));
#8241=DIRECTION('',(1.,0.,0.));
#8242=DIRECTION('',(1.,0.,0.));
#8243=DIRECTION('',(0.,0.,-1.));
#8244=DIRECTION('',(0.,-1.,0.));
#8245=DIRECTION('',(0.,0.,-1.));
#8246=DIRECTION('',(0.,-1.,0.));
#8247=DIRECTION('',(1.,0.,0.));
#8248=DIRECTION('',(0.,0.,-1.));
#8249=DIRECTION('',(0.,-1.,0.));
#8250=DIRECTION('',(0.,0.,-1.));
#8251=DIRECTION('',(0.,-1.,0.));
#8252=DIRECTION('',(0.,0.,-1.));
#8253=DIRECTION('',(0.,1.,0.));
#8254=DIRECTION('',(0.,0.,1.));
#8255=DIRECTION('',(1.,0.,0.));
#8256=DIRECTION('',(0.,0.,-1.));
#8257=DIRECTION('',(1.,0.,0.));
#8258=DIRECTION('',(1.,0.,0.));
#8259=DIRECTION('',(0.,0.,-1.));
#8260=DIRECTION('',(0.,-1.,0.));
#8261=DIRECTION('',(0.,0.,-1.));
#8262=DIRECTION('',(0.,-1.,0.));
#8263=DIRECTION('',(1.,0.,0.));
#8264=DIRECTION('',(0.,0.,-1.));
#8265=DIRECTION('',(0.,-1.,0.));
#8266=DIRECTION('',(0.,0.,-1.));
#8267=DIRECTION('',(0.,-1.,0.));
#8268=DIRECTION('',(0.,0.,-1.));
#8269=DIRECTION('',(0.,1.,0.));
#8270=DIRECTION('',(0.,0.,1.));
#8271=DIRECTION('',(1.,0.,0.));
#8272=DIRECTION('',(0.,0.,-1.));
#8273=DIRECTION('',(1.,0.,0.));
#8274=DIRECTION('',(1.,0.,0.));
#8275=DIRECTION('',(0.,0.,-1.));
#8276=DIRECTION('',(0.,-1.,0.));
#8277=DIRECTION('',(0.,0.,-1.));
#8278=DIRECTION('',(0.,-1.,0.));
#8279=DIRECTION('',(1.,0.,0.));
#8280=DIRECTION('',(0.,0.,-1.));
#8281=DIRECTION('',(0.,-1.,0.));
#8282=DIRECTION('',(0.,0.,-1.));
#8283=DIRECTION('',(0.,-1.,0.));
#8284=DIRECTION('',(0.,0.,-1.));
#8285=DIRECTION('',(0.,1.,0.));
#8286=DIRECTION('',(0.,0.,1.));
#8287=DIRECTION('',(1.,0.,0.));
#8288=DIRECTION('',(0.,0.,-1.));
#8289=DIRECTION('',(1.,0.,0.));
#8290=DIRECTION('',(1.,0.,0.));
#8291=DIRECTION('',(0.,0.,-1.));
#8292=DIRECTION('',(0.,-1.,0.));
#8293=DIRECTION('',(0.,0.,-1.));
#8294=DIRECTION('',(0.,-1.,0.));
#8295=DIRECTION('',(1.,0.,0.));
#8296=DIRECTION('',(0.,0.,-1.));
#8297=DIRECTION('',(0.,-1.,0.));
#8298=DIRECTION('',(0.,0.,-1.));
#8299=DIRECTION('',(0.,-1.,0.));
#8300=DIRECTION('',(0.,0.,-1.));
#8301=DIRECTION('',(0.,1.,0.));
#8302=DIRECTION('',(0.,0.,1.));
#8303=DIRECTION('',(1.,0.,0.));
#8304=DIRECTION('',(0.,0.,-1.));
#8305=DIRECTION('',(1.,0.,0.));
#8306=DIRECTION('',(1.,0.,0.));
#8307=DIRECTION('',(0.,0.,-1.));
#8308=DIRECTION('',(0.,-1.,0.));
#8309=DIRECTION('',(0.,0.,-1.));
#8310=DIRECTION('',(0.,-1.,0.));
#8311=DIRECTION('',(1.,0.,0.));
#8312=DIRECTION('',(0.,0.,-1.));
#8313=DIRECTION('',(0.,-1.,0.));
#8314=DIRECTION('',(0.,0.,-1.));
#8315=DIRECTION('',(0.,-1.,0.));
#8316=DIRECTION('',(0.,0.,-1.));
#8317=DIRECTION('',(0.,1.,0.));
#8318=DIRECTION('',(0.,0.,1.));
#8319=DIRECTION('',(1.,0.,0.));
#8320=DIRECTION('',(0.,0.,-1.));
#8321=DIRECTION('',(1.,0.,0.));
#8322=DIRECTION('',(1.,0.,0.));
#8323=DIRECTION('',(0.,0.,-1.));
#8324=DIRECTION('',(0.,-1.,0.));
#8325=DIRECTION('',(0.,0.,-1.));
#8326=DIRECTION('',(0.,-1.,0.));
#8327=DIRECTION('',(1.,0.,0.));
#8328=DIRECTION('',(0.,0.,-1.));
#8329=DIRECTION('',(0.,-1.,0.));
#8330=DIRECTION('',(0.,0.,-1.));
#8331=DIRECTION('',(0.,-1.,0.));
#8332=DIRECTION('',(0.,0.,-1.));
#8333=DIRECTION('',(0.,1.,0.));
#8334=DIRECTION('',(0.,0.,1.));
#8335=DIRECTION('',(1.,0.,0.));
#8336=DIRECTION('',(0.,0.,-1.));
#8337=DIRECTION('',(1.,0.,0.));
#8338=DIRECTION('',(1.,0.,0.));
#8339=DIRECTION('',(0.,0.,-1.));
#8340=DIRECTION('',(0.,-1.,0.));
#8341=DIRECTION('',(0.,0.,-1.));
#8342=DIRECTION('',(0.,-1.,0.));
#8343=DIRECTION('',(0.999985249097385,0.00543153639773953,0.));
#8344=DIRECTION('',(-0.00543153639773953,0.999985249097386,0.));
#8345=DIRECTION('',(0.00543153639773953,-0.999985249097386,0.));
#8346=DIRECTION('',(0.,0.,-1.));
#8347=DIRECTION('',(0.00543153639773953,-0.999985249097386,0.));
#8348=DIRECTION('',(0.,0.,-1.));
#8349=DIRECTION('',(0.,1.,0.));
#8350=DIRECTION('',(0.,0.,1.));
#8351=DIRECTION('',(1.,0.,0.));
#8352=DIRECTION('',(0.,0.,-1.));
#8353=DIRECTION('',(1.,0.,0.));
#8354=DIRECTION('',(0.99999477417058,-0.00323289831751566,0.));
#8355=DIRECTION('',(0.00323289831751566,0.99999477417058,0.));
#8356=DIRECTION('',(-0.00323289831751566,-0.99999477417058,0.));
#8357=DIRECTION('',(0.,0.,-1.));
#8358=DIRECTION('',(-0.00323289831751566,-0.99999477417058,0.));
#8359=DIRECTION('',(0.,1.,0.));
#8360=DIRECTION('',(0.,0.,1.));
#8361=DIRECTION('',(1.,0.,0.));
#8362=DIRECTION('',(0.,0.,-1.));
#8363=DIRECTION('',(1.,0.,0.));
#8364=DIRECTION('',(0.,0.,-1.));
#8365=DIRECTION('',(-1.,0.,0.));
#8366=DIRECTION('',(0.,0.,1.));
#8367=DIRECTION('',(1.,0.,0.));
#8368=DIRECTION('',(0.,0.,-1.));
#8369=DIRECTION('',(0.,0.,1.));
#8370=DIRECTION('',(1.,0.,0.));
#8371=DIRECTION('',(0.,0.,-1.));
#8372=DIRECTION('',(1.,0.,0.));
#8373=DIRECTION('',(0.,0.,-1.));
#8374=DIRECTION('',(0.,-1.,0.));
#8375=DIRECTION('',(0.,0.,-1.));
#8376=DIRECTION('',(0.,-1.,0.));
#8377=DIRECTION('',(0.,1.,0.));
#8378=DIRECTION('',(0.,0.,1.));
#8379=DIRECTION('',(1.,0.,0.));
#8380=DIRECTION('',(0.,0.,-1.));
#8381=DIRECTION('',(1.,0.,0.));
#8382=DIRECTION('',(1.,0.,0.));
#8383=DIRECTION('',(0.,0.,-1.));
#8384=DIRECTION('',(0.,-1.,0.));
#8385=DIRECTION('',(0.,0.,-1.));
#8386=DIRECTION('',(0.,-1.,0.));
#8387=DIRECTION('',(1.,0.,0.));
#8388=DIRECTION('',(0.,0.,-1.));
#8389=DIRECTION('',(0.,-1.,0.));
#8390=DIRECTION('',(0.,0.,-1.));
#8391=DIRECTION('',(0.,-1.,0.));
#8392=DIRECTION('',(0.,0.,-1.));
#8393=DIRECTION('',(0.,1.,0.));
#8394=DIRECTION('',(0.,0.,1.));
#8395=DIRECTION('',(1.,0.,0.));
#8396=DIRECTION('',(0.,0.,-1.));
#8397=DIRECTION('',(1.,0.,0.));
#8398=DIRECTION('',(1.,0.,0.));
#8399=DIRECTION('',(0.,0.,-1.));
#8400=DIRECTION('',(0.,-1.,0.));
#8401=DIRECTION('',(0.,0.,-1.));
#8402=DIRECTION('',(0.,-1.,0.));
#8403=DIRECTION('',(0.,1.,0.));
#8404=DIRECTION('',(0.,0.,1.));
#8405=DIRECTION('',(1.,0.,0.));
#8406=DIRECTION('',(1.,0.,0.));
#8407=DIRECTION('',(0.,1.,0.));
#8408=DIRECTION('',(0.,0.,1.));
#8409=DIRECTION('',(1.,0.,0.));
#8410=DIRECTION('',(1.,0.,0.));
#8411=DIRECTION('',(0.,1.,0.));
#8412=DIRECTION('',(0.,0.,1.));
#8413=DIRECTION('',(1.,0.,0.));
#8414=DIRECTION('',(1.,0.,0.));
#8415=DIRECTION('',(0.,1.,0.));
#8416=DIRECTION('',(0.,0.,1.));
#8417=DIRECTION('',(1.,0.,0.));
#8418=DIRECTION('',(1.,0.,0.));
#8419=DIRECTION('',(0.,1.,0.));
#8420=DIRECTION('',(0.,0.,1.));
#8421=DIRECTION('',(1.,0.,0.));
#8422=DIRECTION('',(1.,0.,0.));
#8423=DIRECTION('',(0.,1.,0.));
#8424=DIRECTION('',(0.,0.,1.));
#8425=DIRECTION('',(1.,0.,0.));
#8426=DIRECTION('',(1.,0.,0.));
#8427=DIRECTION('',(0.,1.,0.));
#8428=DIRECTION('',(0.,0.,1.));
#8429=DIRECTION('',(1.,0.,0.));
#8430=DIRECTION('',(1.,0.,0.));
#8431=DIRECTION('',(0.,1.,0.));
#8432=DIRECTION('',(0.,0.,1.));
#8433=DIRECTION('',(1.,0.,0.));
#8434=DIRECTION('',(1.,0.,0.));
#8435=DIRECTION('',(0.,1.,0.));
#8436=DIRECTION('',(0.,0.,1.));
#8437=DIRECTION('',(1.,0.,0.));
#8438=DIRECTION('',(1.,0.,0.));
#8439=DIRECTION('',(0.,1.,0.));
#8440=DIRECTION('',(0.,0.,1.));
#8441=DIRECTION('',(1.,0.,0.));
#8442=DIRECTION('',(1.,0.,0.));
#8443=DIRECTION('',(0.,1.,0.));
#8444=DIRECTION('',(0.,0.,1.));
#8445=DIRECTION('',(1.,0.,0.));
#8446=DIRECTION('',(1.,0.,0.));
#8447=DIRECTION('',(0.,1.,0.));
#8448=DIRECTION('',(0.,0.,1.));
#8449=DIRECTION('',(1.,0.,0.));
#8450=DIRECTION('',(1.,0.,0.));
#8451=DIRECTION('',(0.,1.,0.));
#8452=DIRECTION('',(0.,0.,1.));
#8453=DIRECTION('',(1.,0.,0.));
#8454=DIRECTION('',(1.,0.,0.));
#8455=DIRECTION('',(0.,1.,0.));
#8456=DIRECTION('',(0.,0.,1.));
#8457=DIRECTION('',(1.,0.,0.));
#8458=DIRECTION('',(1.,0.,0.));
#8459=DIRECTION('',(0.,1.,0.));
#8460=DIRECTION('',(0.,0.,1.));
#8461=DIRECTION('',(1.,0.,0.));
#8462=DIRECTION('',(1.,0.,0.));
#8463=DIRECTION('',(-1.,0.,0.));
#8464=DIRECTION('',(0.,0.,1.));
#8465=DIRECTION('',(0.,1.,0.));
#8466=DIRECTION('',(0.,1.,0.));
#8467=DIRECTION('',(0.,1.,0.));
#8468=DIRECTION('',(0.,0.,1.));
#8469=DIRECTION('',(1.,0.,0.));
#8470=DIRECTION('',(1.,0.,0.));
#8471=DIRECTION('',(0.,1.,0.));
#8472=DIRECTION('',(0.,0.,1.));
#8473=DIRECTION('',(1.,0.,0.));
#8474=DIRECTION('',(1.,0.,0.));
#8475=DIRECTION('',(0.,1.,0.));
#8476=DIRECTION('',(0.,0.,1.));
#8477=DIRECTION('',(1.,0.,0.));
#8478=DIRECTION('',(1.,0.,0.));
#8479=DIRECTION('',(0.,1.,0.));
#8480=DIRECTION('',(0.,0.,1.));
#8481=DIRECTION('',(1.,0.,0.));
#8482=DIRECTION('',(1.,0.,0.));
#8483=DIRECTION('',(0.,1.,0.));
#8484=DIRECTION('',(0.,0.,1.));
#8485=DIRECTION('',(1.,0.,0.));
#8486=DIRECTION('',(1.,0.,0.));
#8487=DIRECTION('',(0.,1.,0.));
#8488=DIRECTION('',(0.,0.,1.));
#8489=DIRECTION('',(1.,0.,0.));
#8490=DIRECTION('',(1.,0.,0.));
#8491=DIRECTION('',(0.,1.,0.));
#8492=DIRECTION('',(0.,0.,1.));
#8493=DIRECTION('',(1.,0.,0.));
#8494=DIRECTION('',(1.,0.,0.));
#8495=DIRECTION('',(0.,1.,0.));
#8496=DIRECTION('',(0.,0.,1.));
#8497=DIRECTION('',(1.,0.,0.));
#8498=DIRECTION('',(1.,0.,0.));
#8499=DIRECTION('',(0.,1.,0.));
#8500=DIRECTION('',(0.,0.,1.));
#8501=DIRECTION('',(1.,0.,0.));
#8502=DIRECTION('',(1.,0.,0.));
#8503=DIRECTION('',(0.,1.,0.));
#8504=DIRECTION('',(0.,0.,1.));
#8505=DIRECTION('',(1.,0.,0.));
#8506=DIRECTION('',(1.,0.,0.));
#8507=DIRECTION('',(0.,1.,0.));
#8508=DIRECTION('',(0.,0.,1.));
#8509=DIRECTION('',(1.,0.,0.));
#8510=DIRECTION('',(1.,0.,0.));
#8511=DIRECTION('',(0.,1.,0.));
#8512=DIRECTION('',(0.,0.,1.));
#8513=DIRECTION('',(1.,0.,0.));
#8514=DIRECTION('',(1.,0.,0.));
#8515=DIRECTION('',(0.,1.,0.));
#8516=DIRECTION('',(0.,0.,1.));
#8517=DIRECTION('',(1.,0.,0.));
#8518=DIRECTION('',(1.,0.,0.));
#8519=DIRECTION('',(0.,1.,0.));
#8520=DIRECTION('',(0.,0.,1.));
#8521=DIRECTION('',(1.,0.,0.));
#8522=DIRECTION('',(1.,0.,0.));
#8523=DIRECTION('',(0.,1.,0.));
#8524=DIRECTION('',(0.,0.,1.));
#8525=DIRECTION('',(1.,0.,0.));
#8526=DIRECTION('',(1.,0.,0.));
#8527=DIRECTION('',(0.,1.,0.));
#8528=DIRECTION('',(0.,0.,1.));
#8529=DIRECTION('',(1.,0.,0.));
#8530=DIRECTION('',(1.,0.,0.));
#8531=DIRECTION('',(0.,1.,0.));
#8532=DIRECTION('',(0.,0.,1.));
#8533=DIRECTION('',(1.,0.,0.));
#8534=DIRECTION('',(1.,0.,0.));
#8535=DIRECTION('',(0.,1.,0.));
#8536=DIRECTION('',(0.,0.,1.));
#8537=DIRECTION('',(1.,0.,0.));
#8538=DIRECTION('',(1.,0.,0.));
#8539=DIRECTION('',(0.,1.,0.));
#8540=DIRECTION('',(0.,0.,1.));
#8541=DIRECTION('',(1.,0.,0.));
#8542=DIRECTION('',(1.,0.,0.));
#8543=DIRECTION('',(0.,1.,0.));
#8544=DIRECTION('',(0.,0.,1.));
#8545=DIRECTION('',(1.,0.,0.));
#8546=DIRECTION('',(1.,0.,0.));
#8547=DIRECTION('',(0.,1.,0.));
#8548=DIRECTION('',(0.,0.,1.));
#8549=DIRECTION('',(1.,0.,0.));
#8550=DIRECTION('',(1.,0.,0.));
#8551=DIRECTION('',(0.,1.,0.));
#8552=DIRECTION('',(0.,0.,1.));
#8553=DIRECTION('',(1.,0.,0.));
#8554=DIRECTION('',(1.,0.,0.));
#8555=DIRECTION('',(0.,1.,0.));
#8556=DIRECTION('',(0.,0.,1.));
#8557=DIRECTION('',(1.,0.,0.));
#8558=DIRECTION('',(1.,0.,0.));
#8559=DIRECTION('',(0.,1.,0.));
#8560=DIRECTION('',(0.,0.,1.));
#8561=DIRECTION('',(1.,0.,0.));
#8562=DIRECTION('',(1.,0.,0.));
#8563=DIRECTION('',(0.,1.,0.));
#8564=DIRECTION('',(0.,0.,1.));
#8565=DIRECTION('',(1.,0.,0.));
#8566=DIRECTION('',(1.,0.,0.));
#8567=DIRECTION('',(0.,1.,0.));
#8568=DIRECTION('',(0.,0.,1.));
#8569=DIRECTION('',(1.,0.,0.));
#8570=DIRECTION('',(1.,0.,0.));
#8571=DIRECTION('',(0.,1.,0.));
#8572=DIRECTION('',(0.,0.,1.));
#8573=DIRECTION('',(1.,0.,0.));
#8574=DIRECTION('',(1.,0.,0.));
#8575=DIRECTION('',(0.,1.,0.));
#8576=DIRECTION('',(0.,0.,1.));
#8577=DIRECTION('',(1.,0.,0.));
#8578=DIRECTION('',(1.,0.,0.));
#8579=DIRECTION('',(0.,1.,0.));
#8580=DIRECTION('',(0.,0.,1.));
#8581=DIRECTION('',(1.,0.,0.));
#8582=DIRECTION('',(1.,0.,0.));
#8583=DIRECTION('',(0.,1.,0.));
#8584=DIRECTION('',(0.,0.,1.));
#8585=DIRECTION('',(1.,0.,0.));
#8586=DIRECTION('',(1.,0.,0.));
#8587=DIRECTION('',(0.,1.,0.));
#8588=DIRECTION('',(0.,0.,1.));
#8589=DIRECTION('',(1.,0.,0.));
#8590=DIRECTION('',(1.,0.,0.));
#8591=DIRECTION('',(0.,1.,0.));
#8592=DIRECTION('',(0.,0.,1.));
#8593=DIRECTION('',(1.,0.,0.));
#8594=DIRECTION('',(1.,0.,0.));
#8595=DIRECTION('',(0.,1.,0.));
#8596=DIRECTION('',(0.,0.,1.));
#8597=DIRECTION('',(1.,0.,0.));
#8598=DIRECTION('',(1.,0.,0.));
#8599=DIRECTION('',(0.,1.,0.));
#8600=DIRECTION('',(0.,0.,1.));
#8601=DIRECTION('',(1.,0.,0.));
#8602=DIRECTION('',(1.,0.,0.));
#8603=DIRECTION('',(0.,1.,0.));
#8604=DIRECTION('',(0.,0.,1.));
#8605=DIRECTION('',(1.,0.,0.));
#8606=DIRECTION('',(1.,0.,0.));
#8607=DIRECTION('',(0.,1.,0.));
#8608=DIRECTION('',(0.,0.,1.));
#8609=DIRECTION('',(1.,0.,0.));
#8610=DIRECTION('',(1.,0.,0.));
#8611=DIRECTION('',(0.,1.,0.));
#8612=DIRECTION('',(0.,0.,1.));
#8613=DIRECTION('',(1.,0.,0.));
#8614=DIRECTION('',(1.,0.,0.));
#8615=DIRECTION('',(0.,1.,0.));
#8616=DIRECTION('',(0.,0.,1.));
#8617=DIRECTION('',(1.,0.,0.));
#8618=DIRECTION('',(1.,0.,0.));
#8619=DIRECTION('',(0.,1.,0.));
#8620=DIRECTION('',(0.,0.,1.));
#8621=DIRECTION('',(1.,0.,0.));
#8622=DIRECTION('',(1.,0.,0.));
#8623=DIRECTION('',(0.,1.,0.));
#8624=DIRECTION('',(0.,0.,1.));
#8625=DIRECTION('',(1.,0.,0.));
#8626=DIRECTION('',(1.,0.,0.));
#8627=DIRECTION('',(0.,1.,0.));
#8628=DIRECTION('',(0.,0.,1.));
#8629=DIRECTION('',(1.,0.,0.));
#8630=DIRECTION('',(1.,0.,0.));
#8631=DIRECTION('',(0.,1.,0.));
#8632=DIRECTION('',(0.,0.,1.));
#8633=DIRECTION('',(1.,0.,0.));
#8634=DIRECTION('',(1.,0.,0.));
#8635=DIRECTION('',(0.,1.,0.));
#8636=DIRECTION('',(0.,0.,1.));
#8637=DIRECTION('',(1.,0.,0.));
#8638=DIRECTION('',(1.,0.,0.));
#8639=DIRECTION('',(0.,1.,0.));
#8640=DIRECTION('',(0.,0.,1.));
#8641=DIRECTION('',(1.,0.,0.));
#8642=DIRECTION('',(1.,0.,0.));
#8643=DIRECTION('',(0.,1.,0.));
#8644=DIRECTION('',(0.,0.,1.));
#8645=DIRECTION('',(1.,0.,0.));
#8646=DIRECTION('',(1.,0.,0.));
#8647=DIRECTION('',(0.,1.,0.));
#8648=DIRECTION('',(0.,0.,1.));
#8649=DIRECTION('',(1.,0.,0.));
#8650=DIRECTION('',(1.,0.,0.));
#8651=DIRECTION('',(0.,1.,0.));
#8652=DIRECTION('',(0.,0.,1.));
#8653=DIRECTION('',(1.,0.,0.));
#8654=DIRECTION('',(1.,0.,0.));
#8655=DIRECTION('',(0.,1.,0.));
#8656=DIRECTION('',(0.,0.,1.));
#8657=DIRECTION('',(1.,0.,0.));
#8658=DIRECTION('',(1.,0.,0.));
#8659=DIRECTION('',(0.,1.,0.));
#8660=DIRECTION('',(0.,0.,1.));
#8661=DIRECTION('',(1.,0.,0.));
#8662=DIRECTION('',(1.,0.,0.));
#8663=DIRECTION('',(0.,1.,0.));
#8664=DIRECTION('',(0.,0.,1.));
#8665=DIRECTION('',(1.,0.,0.));
#8666=DIRECTION('',(1.,0.,0.));
#8667=DIRECTION('',(0.,1.,0.));
#8668=DIRECTION('',(0.,0.,1.));
#8669=DIRECTION('',(1.,0.,0.));
#8670=DIRECTION('',(1.,0.,0.));
#8671=DIRECTION('',(0.,1.,0.));
#8672=DIRECTION('',(0.,0.,1.));
#8673=DIRECTION('',(1.,0.,0.));
#8674=DIRECTION('',(1.,0.,0.));
#8675=DIRECTION('',(0.,1.,0.));
#8676=DIRECTION('',(0.,0.,1.));
#8677=DIRECTION('',(1.,0.,0.));
#8678=DIRECTION('',(1.,0.,0.));
#8679=DIRECTION('',(0.,1.,0.));
#8680=DIRECTION('',(0.,0.,1.));
#8681=DIRECTION('',(1.,0.,0.));
#8682=DIRECTION('',(1.,0.,0.));
#8683=DIRECTION('',(0.99999477417058,-0.00323289831751571,0.));
#8684=DIRECTION('',(0.00323289831751571,0.99999477417058,0.));
#8685=DIRECTION('',(-0.00323289831751571,-0.99999477417058,0.));
#8686=DIRECTION('',(-0.00323289831751571,-0.99999477417058,0.));
#8687=DIRECTION('',(0.,1.,0.));
#8688=DIRECTION('',(0.,0.,1.));
#8689=DIRECTION('',(1.,0.,0.));
#8690=DIRECTION('',(1.,0.,0.));
#8691=DIRECTION('',(0.,0.,-1.));
#8692=DIRECTION('',(-1.,0.,0.));
#8693=DIRECTION('',(0.,0.,1.));
#8694=DIRECTION('',(1.,0.,0.));
#8695=DIRECTION('',(0.,0.,1.));
#8696=DIRECTION('',(1.,0.,0.));
#8697=DIRECTION('',(0.,1.,0.));
#8698=DIRECTION('',(0.,0.,1.));
#8699=DIRECTION('',(1.,0.,0.));
#8700=DIRECTION('',(1.,0.,0.));
#8701=DIRECTION('',(0.,0.,-1.));
#8702=DIRECTION('',(-1.,0.,0.));
#8703=DIRECTION('',(0.,0.,1.));
#8704=DIRECTION('',(1.,0.,0.));
#8705=DIRECTION('',(0.,0.,1.));
#8706=DIRECTION('',(1.,0.,0.));
#8707=DIRECTION('',(0.,0.,-1.));
#8708=DIRECTION('',(-1.,0.,0.));
#8709=DIRECTION('',(0.,0.,1.));
#8710=DIRECTION('',(1.,0.,0.));
#8711=DIRECTION('',(0.,0.,1.));
#8712=DIRECTION('',(1.,0.,0.));
#8713=DIRECTION('',(0.,0.,-1.));
#8714=DIRECTION('',(-1.,0.,0.));
#8715=DIRECTION('',(0.,0.,1.));
#8716=DIRECTION('',(1.,0.,0.));
#8717=DIRECTION('',(0.,0.,1.));
#8718=DIRECTION('',(1.,0.,0.));
#8719=DIRECTION('',(0.,0.,-1.));
#8720=DIRECTION('',(-1.,0.,0.));
#8721=DIRECTION('',(0.,0.,1.));
#8722=DIRECTION('',(1.,0.,0.));
#8723=DIRECTION('',(0.,0.,1.));
#8724=DIRECTION('',(1.,0.,0.));
#8725=DIRECTION('',(0.,0.,-1.));
#8726=DIRECTION('',(-1.,0.,0.));
#8727=DIRECTION('',(0.,0.,1.));
#8728=DIRECTION('',(1.,0.,0.));
#8729=DIRECTION('',(0.,0.,1.));
#8730=DIRECTION('',(1.,0.,0.));
#8731=DIRECTION('',(0.,0.,-1.));
#8732=DIRECTION('',(-1.,0.,0.));
#8733=DIRECTION('',(0.,0.,1.));
#8734=DIRECTION('',(1.,0.,0.));
#8735=DIRECTION('',(0.,0.,1.));
#8736=DIRECTION('',(1.,0.,0.));
#8737=DIRECTION('',(0.,0.,-1.));
#8738=DIRECTION('',(-1.,0.,0.));
#8739=DIRECTION('',(0.,0.,1.));
#8740=DIRECTION('',(1.,0.,0.));
#8741=DIRECTION('',(0.,0.,1.));
#8742=DIRECTION('',(1.,0.,0.));
#8743=DIRECTION('',(0.,0.,-1.));
#8744=DIRECTION('',(-1.,0.,0.));
#8745=DIRECTION('',(0.,0.,1.));
#8746=DIRECTION('',(1.,0.,0.));
#8747=DIRECTION('',(0.,0.,1.));
#8748=DIRECTION('',(1.,0.,0.));
#8749=DIRECTION('',(0.,0.,-1.));
#8750=DIRECTION('',(-1.,0.,0.));
#8751=DIRECTION('',(0.,0.,1.));
#8752=DIRECTION('',(1.,0.,0.));
#8753=DIRECTION('',(0.,0.,1.));
#8754=DIRECTION('',(1.,0.,0.));
#8755=DIRECTION('',(0.,0.,-1.));
#8756=DIRECTION('',(-1.,0.,0.));
#8757=DIRECTION('',(0.,0.,1.));
#8758=DIRECTION('',(1.,0.,0.));
#8759=DIRECTION('',(0.,0.,1.));
#8760=DIRECTION('',(1.,0.,0.));
#8761=DIRECTION('',(0.,0.,-1.));
#8762=DIRECTION('',(-1.,0.,0.));
#8763=DIRECTION('',(0.,0.,1.));
#8764=DIRECTION('',(1.,0.,0.));
#8765=DIRECTION('',(0.,0.,1.));
#8766=DIRECTION('',(1.,0.,0.));
#8767=DIRECTION('',(0.,0.,-1.));
#8768=DIRECTION('',(-1.,0.,0.));
#8769=DIRECTION('',(0.,0.,1.));
#8770=DIRECTION('',(1.,0.,0.));
#8771=DIRECTION('',(0.,0.,1.));
#8772=DIRECTION('',(1.,0.,0.));
#8773=DIRECTION('',(0.,0.,-1.));
#8774=DIRECTION('',(-1.,0.,0.));
#8775=DIRECTION('',(0.,0.,1.));
#8776=DIRECTION('',(1.,0.,0.));
#8777=DIRECTION('',(0.,0.,1.));
#8778=DIRECTION('',(1.,0.,0.));
#8779=DIRECTION('',(0.,1.,0.));
#8780=DIRECTION('',(0.,0.,1.));
#8781=DIRECTION('',(1.,0.,0.));
#8782=DIRECTION('',(1.,0.,0.));
#8783=DIRECTION('',(0.,0.,1.));
#8784=DIRECTION('',(1.,0.,0.));
#8785=DIRECTION('',(0.,0.,1.));
#8786=DIRECTION('',(1.,0.,0.));
#8787=CARTESIAN_POINT('',(0.,0.,0.));
#8788=CARTESIAN_POINT('',(0.102266311645508,-0.0983979739248753,0.00306));
#8789=CARTESIAN_POINT('',(0.102266311645508,-0.0983979739248753,0.00156));
#8790=CARTESIAN_POINT('',(0.102266311645508,-0.0911350101232529,0.00156));
#8791=CARTESIAN_POINT('',(0.102266311645508,-0.105660937726498,0.00156));
#8792=CARTESIAN_POINT('',(0.102266311645508,-0.0911350101232529,0.00306));
#8793=CARTESIAN_POINT('',(0.102266311645508,-0.0911350101232529,0.00306));
#8794=CARTESIAN_POINT('',(0.102266311645508,-0.0983979739248753,0.00306));
#8795=CARTESIAN_POINT('',(0.102266311645508,-0.105660937726498,0.00306));
#8796=CARTESIAN_POINT('',(0.102266311645508,-0.105660937726498,0.00306));
#8797=CARTESIAN_POINT('',(0.109591886401176,-0.0911350101232529,0.00306));
#8798=CARTESIAN_POINT('',(0.109591886401176,-0.0911350101232529,0.00156));
#8799=CARTESIAN_POINT('',(0.116917461156845,-0.0911350101232529,0.00156));
#8800=CARTESIAN_POINT('',(0.116917461156845,-0.0911350101232529,0.00306));
#8801=CARTESIAN_POINT('',(0.116917461156845,-0.0911350101232529,0.00306));
#8802=CARTESIAN_POINT('',(0.109591886401176,-0.0911350101232529,0.00306));
#8803=CARTESIAN_POINT('',(0.116917461156845,-0.0983979739248753,0.00306));
#8804=CARTESIAN_POINT('',(0.116917461156845,-0.0983979739248753,0.00156));
#8805=CARTESIAN_POINT('',(0.116917461156845,-0.105660937726498,0.00156));
#8806=CARTESIAN_POINT('',(0.116917461156845,-0.105660937726498,0.00306));
#8807=CARTESIAN_POINT('',(0.116917461156845,-0.105660937726498,0.00306));
#8808=CARTESIAN_POINT('',(0.116917461156845,-0.0983979739248753,0.00306));
#8809=CARTESIAN_POINT('',(0.121885687112808,-0.0984413288533688,0.00306));
#8810=CARTESIAN_POINT('',(0.121885687112808,-0.0984413288533688,0.00156));
#8811=CARTESIAN_POINT('',(0.121885687112808,-0.0911350101232529,0.00156));
#8812=CARTESIAN_POINT('',(0.121885687112808,-0.105747647583485,0.00156));
#8813=CARTESIAN_POINT('',(0.121885687112808,-0.0911350101232529,0.00306));
#8814=CARTESIAN_POINT('',(0.121885687112808,-0.0911350101232529,0.00306));
#8815=CARTESIAN_POINT('',(0.121885687112808,-0.0984413288533688,0.00306));
#8816=CARTESIAN_POINT('',(0.121885687112808,-0.105747647583485,0.00306));
#8817=CARTESIAN_POINT('',(0.121885687112808,-0.105747647583485,0.00306));
#8818=CARTESIAN_POINT('',(0.129132635891437,-0.0911350101232529,0.00306));
#8819=CARTESIAN_POINT('',(0.129132635891437,-0.0911350101232529,0.00156));
#8820=CARTESIAN_POINT('',(0.136379584670067,-0.0911350101232529,0.00156));
#8821=CARTESIAN_POINT('',(0.136379584670067,-0.0911350101232529,0.00306));
#8822=CARTESIAN_POINT('',(0.136379584670067,-0.0911350101232529,0.00306));
#8823=CARTESIAN_POINT('',(0.129132635891437,-0.0911350101232529,0.00306));
#8824=CARTESIAN_POINT('',(0.136379584670067,-0.0984413288533688,0.00306));
#8825=CARTESIAN_POINT('',(0.136379584670067,-0.0984413288533688,0.00156));
#8826=CARTESIAN_POINT('',(0.136379584670067,-0.105747647583485,0.00156));
#8827=CARTESIAN_POINT('',(0.136379584670067,-0.105747647583485,0.00306));
#8828=CARTESIAN_POINT('',(0.136379584670067,-0.105747647583485,0.00306));
#8829=CARTESIAN_POINT('',(0.136379584670067,-0.0984413288533688,0.00306));
#8830=CARTESIAN_POINT('',(0.141459301114082,-0.0984023362398148,0.00306));
#8831=CARTESIAN_POINT('',(0.141459301114082,-0.0984023362398148,0.00156));
#8832=CARTESIAN_POINT('',(0.141459301114082,-0.0911350101232529,0.00156));
#8833=CARTESIAN_POINT('',(0.141459301114082,-0.105669662356377,0.00156));
#8834=CARTESIAN_POINT('',(0.141459301114082,-0.0911350101232529,0.00306));
#8835=CARTESIAN_POINT('',(0.141459301114082,-0.0911350101232529,0.00306));
#8836=CARTESIAN_POINT('',(0.141459301114082,-0.0984023362398148,0.00306));
#8837=CARTESIAN_POINT('',(0.141459301114082,-0.105669662356377,0.00306));
#8838=CARTESIAN_POINT('',(0.141459301114082,-0.105669662356377,0.00306));
#8839=CARTESIAN_POINT('',(0.148729704320431,-0.0911350101232529,0.00306));
#8840=CARTESIAN_POINT('',(0.148729704320431,-0.0911350101232529,0.00156));
#8841=CARTESIAN_POINT('',(0.156000107526779,-0.0911350101232529,0.00156));
#8842=CARTESIAN_POINT('',(0.156000107526779,-0.0911350101232529,0.00306));
#8843=CARTESIAN_POINT('',(0.156000107526779,-0.0911350101232529,0.00306));
#8844=CARTESIAN_POINT('',(0.148729704320431,-0.0911350101232529,0.00306));
#8845=CARTESIAN_POINT('',(0.156000107526779,-0.0984023362398148,0.00306));
#8846=CARTESIAN_POINT('',(0.156000107526779,-0.0984023362398148,0.00156));
#8847=CARTESIAN_POINT('',(0.156000107526779,-0.105669662356377,0.00156));
#8848=CARTESIAN_POINT('',(0.156000107526779,-0.105669662356377,0.00306));
#8849=CARTESIAN_POINT('',(0.156000107526779,-0.105669662356377,0.00306));
#8850=CARTESIAN_POINT('',(0.156000107526779,-0.0984023362398148,0.00306));
#8851=CARTESIAN_POINT('',(0.160972118377685,-0.0983758121728897,0.00306));
#8852=CARTESIAN_POINT('',(0.160972118377685,-0.0983758121728897,0.00156));
#8853=CARTESIAN_POINT('',(0.160972118377685,-0.0912226736545563,0.00156));
#8854=CARTESIAN_POINT('',(0.160972118377685,-0.105528950691223,0.00156));
#8855=CARTESIAN_POINT('',(0.160972118377685,-0.0912226736545563,0.00306));
#8856=CARTESIAN_POINT('',(0.160972118377685,-0.0912226736545563,0.00306));
#8857=CARTESIAN_POINT('',(0.160972118377685,-0.0983758121728897,0.00306));
#8858=CARTESIAN_POINT('',(0.160972118377685,-0.105528950691223,0.00306));
#8859=CARTESIAN_POINT('',(0.160972118377685,-0.105528950691223,0.00306));
#8860=CARTESIAN_POINT('',(0.168219067156315,-0.0912226736545563,0.00306));
#8861=CARTESIAN_POINT('',(0.168219067156315,-0.0912226736545563,0.00156));
#8862=CARTESIAN_POINT('',(0.175466015934944,-0.0912226736545563,0.00156));
#8863=CARTESIAN_POINT('',(0.175466015934944,-0.0912226736545563,0.00306));
#8864=CARTESIAN_POINT('',(0.175466015934944,-0.0912226736545563,0.00306));
#8865=CARTESIAN_POINT('',(0.168219067156315,-0.0912226736545563,0.00306));
#8866=CARTESIAN_POINT('',(0.175466015934944,-0.0983758121728897,0.00306));
#8867=CARTESIAN_POINT('',(0.175466015934944,-0.0983758121728897,0.00156));
#8868=CARTESIAN_POINT('',(0.175466015934944,-0.105528950691223,0.00156));
#8869=CARTESIAN_POINT('',(0.175466015934944,-0.105528950691223,0.00306));
#8870=CARTESIAN_POINT('',(0.175466015934944,-0.105528950691223,0.00306));
#8871=CARTESIAN_POINT('',(0.175466015934944,-0.0983758121728897,0.00306));
#8872=CARTESIAN_POINT('',(0.180357173085213,-0.0984543710947037,0.00306));
#8873=CARTESIAN_POINT('',(0.180357173085213,-0.0984543710947037,0.00156));
#8874=CARTESIAN_POINT('',(0.180357173085213,-0.0911350101232529,0.00156));
#8875=CARTESIAN_POINT('',(0.180357173085213,-0.105773732066154,0.00156));
#8876=CARTESIAN_POINT('',(0.180357173085213,-0.0911350101232529,0.00306));
#8877=CARTESIAN_POINT('',(0.180357173085213,-0.0911350101232529,0.00306));
#8878=CARTESIAN_POINT('',(0.180357173085213,-0.0984543710947037,0.00306));
#8879=CARTESIAN_POINT('',(0.180357173085213,-0.105773732066154,0.00306));
#8880=CARTESIAN_POINT('',(0.180357173085213,-0.105773732066154,0.00306));
#8881=CARTESIAN_POINT('',(0.18765103071928,-0.0911350101232529,0.00306));
#8882=CARTESIAN_POINT('',(0.18765103071928,-0.0911350101232529,0.00156));
#8883=CARTESIAN_POINT('',(0.194944888353348,-0.0911350101232529,0.00156));
#8884=CARTESIAN_POINT('',(0.194944888353348,-0.0911350101232529,0.00306));
#8885=CARTESIAN_POINT('',(0.194944888353348,-0.0911350101232529,0.00306));
#8886=CARTESIAN_POINT('',(0.18765103071928,-0.0911350101232529,0.00306));
#8887=CARTESIAN_POINT('',(0.194944888353348,-0.0984543710947037,0.00306));
#8888=CARTESIAN_POINT('',(0.194944888353348,-0.0984543710947037,0.00156));
#8889=CARTESIAN_POINT('',(0.194944888353348,-0.105773732066154,0.00156));
#8890=CARTESIAN_POINT('',(0.194944888353348,-0.105773732066154,0.00306));
#8891=CARTESIAN_POINT('',(0.194944888353348,-0.105773732066154,0.00306));
#8892=CARTESIAN_POINT('',(0.194944888353348,-0.0984543710947037,0.00306));
#8893=CARTESIAN_POINT('',(0.199989467859268,-0.098525382578373,0.00306));
#8894=CARTESIAN_POINT('',(0.199989467859268,-0.098525382578373,0.00156));
#8895=CARTESIAN_POINT('',(0.199989467859268,-0.0911350101232529,0.00156));
#8896=CARTESIAN_POINT('',(0.199989467859268,-0.105915755033493,0.00156));
#8897=CARTESIAN_POINT('',(0.199989467859268,-0.0911350101232529,0.00306));
#8898=CARTESIAN_POINT('',(0.199989467859268,-0.0911350101232529,0.00306));
#8899=CARTESIAN_POINT('',(0.199989467859268,-0.098525382578373,0.00306));
#8900=CARTESIAN_POINT('',(0.199989467859268,-0.105915755033493,0.00306));
#8901=CARTESIAN_POINT('',(0.199989467859268,-0.105915755033493,0.00306));
#8902=CARTESIAN_POINT('',(0.207202516496182,-0.0911350101232529,0.00306));
#8903=CARTESIAN_POINT('',(0.207202516496182,-0.0911350101232529,0.00156));
#8904=CARTESIAN_POINT('',(0.214415565133095,-0.0911350101232529,0.00156));
#8905=CARTESIAN_POINT('',(0.214415565133095,-0.0911350101232529,0.00306));
#8906=CARTESIAN_POINT('',(0.214415565133095,-0.0911350101232529,0.00306));
#8907=CARTESIAN_POINT('',(0.207202516496182,-0.0911350101232529,0.00306));
#8908=CARTESIAN_POINT('',(0.214415565133095,-0.098525382578373,0.00306));
#8909=CARTESIAN_POINT('',(0.214415565133095,-0.098525382578373,0.00156));
#8910=CARTESIAN_POINT('',(0.214415565133095,-0.105915755033493,0.00156));
#8911=CARTESIAN_POINT('',(0.214415565133095,-0.105915755033493,0.00306));
#8912=CARTESIAN_POINT('',(0.214415565133095,-0.105915755033493,0.00306));
#8913=CARTESIAN_POINT('',(0.214415565133095,-0.098525382578373,0.00306));
#8914=CARTESIAN_POINT('',(0.219225749373436,-0.0984705425798893,0.00306));
#8915=CARTESIAN_POINT('',(0.219225749373436,-0.0984705425798893,0.00156));
#8916=CARTESIAN_POINT('',(0.219225749373436,-0.0911350101232529,0.00156));
#8917=CARTESIAN_POINT('',(0.219225749373436,-0.105806075036526,0.00156));
#8918=CARTESIAN_POINT('',(0.219225749373436,-0.0911350101232529,0.00306));
#8919=CARTESIAN_POINT('',(0.219225749373436,-0.0911350101232529,0.00306));
#8920=CARTESIAN_POINT('',(0.219225749373436,-0.0984705425798893,0.00306));
#8921=CARTESIAN_POINT('',(0.219225749373436,-0.105806075036526,0.00306));
#8922=CARTESIAN_POINT('',(0.219225749373436,-0.105806075036526,0.00306));
#8923=CARTESIAN_POINT('',(0.226622283458709,-0.0911350101232529,0.00306));
#8924=CARTESIAN_POINT('',(0.226622283458709,-0.0911350101232529,0.00156));
#8925=CARTESIAN_POINT('',(0.234018817543983,-0.0911350101232529,0.00156));
#8926=CARTESIAN_POINT('',(0.234018817543983,-0.0911350101232529,0.00306));
#8927=CARTESIAN_POINT('',(0.234018817543983,-0.0911350101232529,0.00306));
#8928=CARTESIAN_POINT('',(0.226622283458709,-0.0911350101232529,0.00306));
#8929=CARTESIAN_POINT('',(0.234018817543983,-0.0984705425798893,0.00306));
#8930=CARTESIAN_POINT('',(0.234018817543983,-0.0984705425798893,0.00156));
#8931=CARTESIAN_POINT('',(0.234018817543983,-0.105806075036526,0.00156));
#8932=CARTESIAN_POINT('',(0.234018817543983,-0.105806075036526,0.00306));
#8933=CARTESIAN_POINT('',(0.234018817543983,-0.105806075036526,0.00306));
#8934=CARTESIAN_POINT('',(0.234018817543983,-0.0984705425798893,0.00306));
#8935=CARTESIAN_POINT('',(0.238782688975334,-0.0985766984522343,0.00306));
#8936=CARTESIAN_POINT('',(0.238782688975334,-0.0985766984522343,0.00156));
#8937=CARTESIAN_POINT('',(0.238782688975334,-0.0910965874791145,0.00156));
#8938=CARTESIAN_POINT('',(0.238782688975334,-0.106056809425354,0.00156));
#8939=CARTESIAN_POINT('',(0.238782688975334,-0.0910965874791145,0.00306));
#8940=CARTESIAN_POINT('',(0.238782688975334,-0.0910965874791145,0.00306));
#8941=CARTESIAN_POINT('',(0.238782688975334,-0.0985766984522343,0.00306));
#8942=CARTESIAN_POINT('',(0.238782688975334,-0.106056809425354,0.00306));
#8943=CARTESIAN_POINT('',(0.238782688975334,-0.106056809425354,0.00306));
#8944=CARTESIAN_POINT('',(0.246262796223163,-0.0910965874791145,0.00306));
#8945=CARTESIAN_POINT('',(0.246262796223163,-0.0910965874791145,0.00156));
#8946=CARTESIAN_POINT('',(0.253742903470993,-0.0910965874791145,0.00156));
#8947=CARTESIAN_POINT('',(0.253742903470993,-0.0910965874791145,0.00306));
#8948=CARTESIAN_POINT('',(0.253742903470993,-0.0910965874791145,0.00306));
#8949=CARTESIAN_POINT('',(0.246262796223163,-0.0910965874791145,0.00306));
#8950=CARTESIAN_POINT('',(0.253742903470993,-0.0985766984522343,0.00306));
#8951=CARTESIAN_POINT('',(0.253742903470993,-0.0985766984522343,0.00156));
#8952=CARTESIAN_POINT('',(0.253742903470993,-0.106056809425354,0.00156));
#8953=CARTESIAN_POINT('',(0.253742903470993,-0.106056809425354,0.00306));
#8954=CARTESIAN_POINT('',(0.253742903470993,-0.106056809425354,0.00306));
#8955=CARTESIAN_POINT('',(0.253742903470993,-0.0985766984522343,0.00306));
#8956=CARTESIAN_POINT('',(0.258172482252121,-0.098576694726944,0.00306));
#8957=CARTESIAN_POINT('',(0.258172482252121,-0.098576694726944,0.00156));
#8958=CARTESIAN_POINT('',(0.258172482252121,-0.0911801606416702,0.00156));
#8959=CARTESIAN_POINT('',(0.258172482252121,-0.105973228812218,0.00156));
#8960=CARTESIAN_POINT('',(0.258172482252121,-0.0911801606416702,0.00306));
#8961=CARTESIAN_POINT('',(0.258172482252121,-0.0911801606416702,0.00306));
#8962=CARTESIAN_POINT('',(0.258172482252121,-0.098576694726944,0.00306));
#8963=CARTESIAN_POINT('',(0.258172482252121,-0.105973228812218,0.00306));
#8964=CARTESIAN_POINT('',(0.258172482252121,-0.105973228812218,0.00306));
#8965=CARTESIAN_POINT('',(0.265569016337394,-0.0911801606416702,0.00306));
#8966=CARTESIAN_POINT('',(0.265569016337394,-0.0911801606416702,0.00156));
#8967=CARTESIAN_POINT('',(0.272965550422669,-0.0911801606416702,0.00156));
#8968=CARTESIAN_POINT('',(0.272965550422669,-0.0911801606416702,0.00306));
#8969=CARTESIAN_POINT('',(0.272965550422669,-0.0911801606416702,0.00306));
#8970=CARTESIAN_POINT('',(0.265569016337394,-0.0911801606416702,0.00306));
#8971=CARTESIAN_POINT('',(0.272965550422669,-0.098576694726944,0.00306));
#8972=CARTESIAN_POINT('',(0.272965550422669,-0.098576694726944,0.00156));
#8973=CARTESIAN_POINT('',(0.272965550422669,-0.105973228812218,0.00156));
#8974=CARTESIAN_POINT('',(0.272965550422669,-0.105973228812218,0.00306));
#8975=CARTESIAN_POINT('',(0.272965550422669,-0.105973228812218,0.00306));
#8976=CARTESIAN_POINT('',(0.272965550422669,-0.098576694726944,0.00306));
#8977=CARTESIAN_POINT('',(0.277874678373337,-0.0985950790345669,0.00306));
#8978=CARTESIAN_POINT('',(0.277874678373337,-0.0985950790345669,0.00156));
#8979=CARTESIAN_POINT('',(0.277874678373337,-0.0911350101232529,0.00156));
#8980=CARTESIAN_POINT('',(0.277874678373337,-0.106055147945881,0.00156));
#8981=CARTESIAN_POINT('',(0.277874678373337,-0.0911350101232529,0.00306));
#8982=CARTESIAN_POINT('',(0.277874678373337,-0.0911350101232529,0.00306));
#8983=CARTESIAN_POINT('',(0.277874678373337,-0.0985950790345669,0.00306));
#8984=CARTESIAN_POINT('',(0.277874678373337,-0.106055147945881,0.00306));
#8985=CARTESIAN_POINT('',(0.277874678373337,-0.106055147945881,0.00306));
#8986=CARTESIAN_POINT('',(0.285219356417656,-0.0911350101232529,0.00306));
#8987=CARTESIAN_POINT('',(0.285219356417656,-0.0911350101232529,0.00156));
#8988=CARTESIAN_POINT('',(0.292564034461975,-0.0911350101232529,0.00156));
#8989=CARTESIAN_POINT('',(0.292564034461975,-0.0911350101232529,0.00306));
#8990=CARTESIAN_POINT('',(0.292564034461975,-0.0911350101232529,0.00306));
#8991=CARTESIAN_POINT('',(0.285219356417656,-0.0911350101232529,0.00306));
#8992=CARTESIAN_POINT('',(0.292564034461975,-0.0985950790345669,0.00306));
#8993=CARTESIAN_POINT('',(0.292564034461975,-0.0985950790345669,0.00156));
#8994=CARTESIAN_POINT('',(0.292564034461975,-0.106055147945881,0.00156));
#8995=CARTESIAN_POINT('',(0.292564034461975,-0.106055147945881,0.00306));
#8996=CARTESIAN_POINT('',(0.292564034461975,-0.106055147945881,0.00306));
#8997=CARTESIAN_POINT('',(0.292564034461975,-0.0985950790345669,0.00306));
#8998=CARTESIAN_POINT('',(0.309950709342956,-0.0991205982863903,0.00306));
#8999=CARTESIAN_POINT('',(0.309950709342956,-0.0991205982863903,0.00156));
#9000=CARTESIAN_POINT('',(0.309950709342956,-0.0918515920639038,0.00156));
#9001=CARTESIAN_POINT('',(0.309950709342956,-0.106389604508877,0.00156));
#9002=CARTESIAN_POINT('',(0.309950709342956,-0.0918515920639038,0.00306));
#9003=CARTESIAN_POINT('',(0.309950709342956,-0.0918515920639038,0.00306));
#9004=CARTESIAN_POINT('',(0.309950709342956,-0.0991205982863903,0.00306));
#9005=CARTESIAN_POINT('',(0.309950709342956,-0.106389604508877,0.00306));
#9006=CARTESIAN_POINT('',(0.309950709342956,-0.106389604508877,0.00306));
#9007=CARTESIAN_POINT('',(0.317131072282791,-0.0918515920639038,0.00306));
#9008=CARTESIAN_POINT('',(0.317131072282791,-0.0918515920639038,0.00156));
#9009=CARTESIAN_POINT('',(0.324311435222626,-0.0918515920639038,0.00156));
#9010=CARTESIAN_POINT('',(0.324311435222626,-0.0918515920639038,0.00306));
#9011=CARTESIAN_POINT('',(0.324311435222626,-0.0918515920639038,0.00306));
#9012=CARTESIAN_POINT('',(0.317131072282791,-0.0918515920639038,0.00306));
#9013=CARTESIAN_POINT('',(0.324311435222626,-0.0991205982863903,0.00306));
#9014=CARTESIAN_POINT('',(0.324311435222626,-0.0991205982863903,0.00156));
#9015=CARTESIAN_POINT('',(0.324311435222626,-0.106389604508877,0.00156));
#9016=CARTESIAN_POINT('',(0.324311435222626,-0.106389604508877,0.00306));
#9017=CARTESIAN_POINT('',(0.324311435222626,-0.106389604508877,0.00306));
#9018=CARTESIAN_POINT('',(0.324311435222626,-0.0991205982863903,0.00306));
#9019=CARTESIAN_POINT('',(0.0609632879495621,-0.118479404598474,0.00306));
#9020=CARTESIAN_POINT('',(0.0609632879495621,-0.118479404598474,0.00156));
#9021=CARTESIAN_POINT('',(0.0609632879495621,-0.111302815377712,0.00156));
#9022=CARTESIAN_POINT('',(0.0609632879495621,-0.125655993819237,0.00156));
#9023=CARTESIAN_POINT('',(0.0609632879495621,-0.111302815377712,0.00306));
#9024=CARTESIAN_POINT('',(0.0609632879495621,-0.111302815377712,0.00306));
#9025=CARTESIAN_POINT('',(0.0609632879495621,-0.118479404598474,0.00306));
#9026=CARTESIAN_POINT('',(0.0609632879495621,-0.125655993819237,0.00306));
#9027=CARTESIAN_POINT('',(0.0609632879495621,-0.125655993819237,0.00306));
#9028=CARTESIAN_POINT('',(0.0682102367281914,-0.111302815377712,0.00306));
#9029=CARTESIAN_POINT('',(0.0682102367281914,-0.111302815377712,0.00156));
#9030=CARTESIAN_POINT('',(0.0754571855068207,-0.111302815377712,0.00156));
#9031=CARTESIAN_POINT('',(0.0754571855068207,-0.111302815377712,0.00306));
#9032=CARTESIAN_POINT('',(0.0754571855068207,-0.111302815377712,0.00306));
#9033=CARTESIAN_POINT('',(0.0682102367281914,-0.111302815377712,0.00306));
#9034=CARTESIAN_POINT('',(0.0754571855068207,-0.118479404598474,0.00306));
#9035=CARTESIAN_POINT('',(0.0754571855068207,-0.118479404598474,0.00156));
#9036=CARTESIAN_POINT('',(0.0754571855068207,-0.125655993819237,0.00156));
#9037=CARTESIAN_POINT('',(0.0754571855068207,-0.125655993819237,0.00306));
#9038=CARTESIAN_POINT('',(0.0754571855068207,-0.125655993819237,0.00306));
#9039=CARTESIAN_POINT('',(0.0754571855068207,-0.118479404598474,0.00306));
#9040=CARTESIAN_POINT('',(0.0924839973449707,-0.118573222309351,0.00306));
#9041=CARTESIAN_POINT('',(0.0924839973449707,-0.118573222309351,0.00156));
#9042=CARTESIAN_POINT('',(0.0924839973449707,-0.11134972423315,0.00156));
#9043=CARTESIAN_POINT('',(0.0924839973449707,-0.125796720385551,0.00156));
#9044=CARTESIAN_POINT('',(0.0924839973449707,-0.11134972423315,0.00306));
#9045=CARTESIAN_POINT('',(0.0924839973449707,-0.11134972423315,0.00306));
#9046=CARTESIAN_POINT('',(0.0924839973449707,-0.118573222309351,0.00306));
#9047=CARTESIAN_POINT('',(0.0924839973449707,-0.125796720385551,0.00306));
#9048=CARTESIAN_POINT('',(0.0924839973449707,-0.125796720385551,0.00306));
#9049=CARTESIAN_POINT('',(0.099660586565733,-0.11134972423315,0.00306));
#9050=CARTESIAN_POINT('',(0.099660586565733,-0.11134972423315,0.00156));
#9051=CARTESIAN_POINT('',(0.106837175786495,-0.11134972423315,0.00156));
#9052=CARTESIAN_POINT('',(0.106837175786495,-0.11134972423315,0.00306));
#9053=CARTESIAN_POINT('',(0.106837175786495,-0.11134972423315,0.00306));
#9054=CARTESIAN_POINT('',(0.099660586565733,-0.11134972423315,0.00306));
#9055=CARTESIAN_POINT('',(0.106837175786495,-0.118573222309351,0.00306));
#9056=CARTESIAN_POINT('',(0.106837175786495,-0.118573222309351,0.00156));
#9057=CARTESIAN_POINT('',(0.106837175786495,-0.125796720385551,0.00156));
#9058=CARTESIAN_POINT('',(0.106837175786495,-0.125796720385551,0.00306));
#9059=CARTESIAN_POINT('',(0.106837175786495,-0.125796720385551,0.00306));
#9060=CARTESIAN_POINT('',(0.106837175786495,-0.118573222309351,0.00306));
#9061=CARTESIAN_POINT('',(0.111975237727165,-0.118562467396259,0.00306));
#9062=CARTESIAN_POINT('',(0.111975237727165,-0.118562467396259,0.00156));
#9063=CARTESIAN_POINT('',(0.111975237727165,-0.111270442605019,0.00156));
#9064=CARTESIAN_POINT('',(0.111975237727165,-0.1258544921875,0.00156));
#9065=CARTESIAN_POINT('',(0.111975237727165,-0.111270442605019,0.00306));
#9066=CARTESIAN_POINT('',(0.111975237727165,-0.111270442605019,0.00306));
#9067=CARTESIAN_POINT('',(0.111975237727165,-0.118562467396259,0.00306));
#9068=CARTESIAN_POINT('',(0.111975237727165,-0.1258544921875,0.00306));
#9069=CARTESIAN_POINT('',(0.111975237727165,-0.1258544921875,0.00306));
#9070=CARTESIAN_POINT('',(0.119267262518406,-0.111270442605019,0.00306));
#9071=CARTESIAN_POINT('',(0.119267262518406,-0.111270442605019,0.00156));
#9072=CARTESIAN_POINT('',(0.126559287309647,-0.111270442605019,0.00156));
#9073=CARTESIAN_POINT('',(0.126559287309647,-0.111270442605019,0.00306));
#9074=CARTESIAN_POINT('',(0.126559287309647,-0.111270442605019,0.00306));
#9075=CARTESIAN_POINT('',(0.119267262518406,-0.111270442605019,0.00306));
#9076=CARTESIAN_POINT('',(0.126559287309647,-0.118562467396259,0.00306));
#9077=CARTESIAN_POINT('',(0.126559287309647,-0.118562467396259,0.00156));
#9078=CARTESIAN_POINT('',(0.126559287309647,-0.1258544921875,0.00156));
#9079=CARTESIAN_POINT('',(0.126559287309647,-0.1258544921875,0.00306));
#9080=CARTESIAN_POINT('',(0.126559287309647,-0.1258544921875,0.00306));
#9081=CARTESIAN_POINT('',(0.126559287309647,-0.118562467396259,0.00306));
#9082=CARTESIAN_POINT('',(0.0762508809566498,-0.119376968592405,0.00306));
#9083=CARTESIAN_POINT('',(0.0762508809566498,-0.119376968592405,0.00156));
#9084=CARTESIAN_POINT('',(0.0762508809566498,-0.109546922147274,0.00156));
#9085=CARTESIAN_POINT('',(0.0762508809566498,-0.129207015037537,0.00156));
#9086=CARTESIAN_POINT('',(0.0762508809566498,-0.109546922147274,0.00306));
#9087=CARTESIAN_POINT('',(0.0762508809566498,-0.109546922147274,0.00306));
#9088=CARTESIAN_POINT('',(0.0762508809566498,-0.119376968592405,0.00306));
#9089=CARTESIAN_POINT('',(0.0762508809566498,-0.129207015037537,0.00306));
#9090=CARTESIAN_POINT('',(0.0762508809566498,-0.129207015037537,0.00306));
#9091=CARTESIAN_POINT('',(0.0801328085362911,-0.109546922147274,0.00306));
#9092=CARTESIAN_POINT('',(0.0801328085362911,-0.109546922147274,0.00156));
#9093=CARTESIAN_POINT('',(0.0840147361159325,-0.109546922147274,0.00156));
#9094=CARTESIAN_POINT('',(0.0840147361159325,-0.109546922147274,0.00306));
#9095=CARTESIAN_POINT('',(0.0840147361159325,-0.109546922147274,0.00306));
#9096=CARTESIAN_POINT('',(0.0801328085362911,-0.109546922147274,0.00306));
#9097=CARTESIAN_POINT('',(0.0840147361159325,-0.119376968592405,0.00306));
#9098=CARTESIAN_POINT('',(0.0840147361159325,-0.119376968592405,0.00156));
#9099=CARTESIAN_POINT('',(0.0840147361159325,-0.129207015037537,0.00156));
#9100=CARTESIAN_POINT('',(0.0840147361159325,-0.129207015037537,0.00306));
#9101=CARTESIAN_POINT('',(0.0840147361159325,-0.129207015037537,0.00306));
#9102=CARTESIAN_POINT('',(0.0840147361159325,-0.119376968592405,0.00306));
#9103=CARTESIAN_POINT('',(0.345582485198974,-0.105597335845232,0.00306));
#9104=CARTESIAN_POINT('',(0.345582485198974,-0.105597335845232,0.00156));
#9105=CARTESIAN_POINT('',(0.345582485198974,-0.102767921984196,0.00156));
#9106=CARTESIAN_POINT('',(0.345582485198974,-0.108426749706268,0.00156));
#9107=CARTESIAN_POINT('',(0.345582485198974,-0.102767921984196,0.00306));
#9108=CARTESIAN_POINT('',(0.345582485198974,-0.102767921984196,0.00306));
#9109=CARTESIAN_POINT('',(0.345582485198974,-0.105597335845232,0.00306));
#9110=CARTESIAN_POINT('',(0.345582485198974,-0.108426749706268,0.00306));
#9111=CARTESIAN_POINT('',(0.345582485198974,-0.108426749706268,0.00306));
#9112=CARTESIAN_POINT('',(0.35414519906044,-0.102767921984196,0.00306));
#9113=CARTESIAN_POINT('',(0.35414519906044,-0.102767921984196,0.00156));
#9114=CARTESIAN_POINT('',(0.362707912921906,-0.102767921984196,0.00156));
#9115=CARTESIAN_POINT('',(0.362707912921906,-0.102767921984196,0.00306));
#9116=CARTESIAN_POINT('',(0.362707912921906,-0.102767921984196,0.00306));
#9117=CARTESIAN_POINT('',(0.35414519906044,-0.102767921984196,0.00306));
#9118=CARTESIAN_POINT('',(0.362707912921906,-0.105597335845232,0.00306));
#9119=CARTESIAN_POINT('',(0.362707912921906,-0.105597335845232,0.00156));
#9120=CARTESIAN_POINT('',(0.362707912921906,-0.108426749706268,0.00156));
#9121=CARTESIAN_POINT('',(0.362707912921906,-0.108426749706268,0.00306));
#9122=CARTESIAN_POINT('',(0.362707912921906,-0.108426749706268,0.00306));
#9123=CARTESIAN_POINT('',(0.362707912921906,-0.105597335845232,0.00306));
#9124=CARTESIAN_POINT('',(0.,-0.1517,0.00306));
#9125=CARTESIAN_POINT('',(0.,-0.1517,0.00156));
#9126=CARTESIAN_POINT('',(0.369,-0.1517,0.00156));
#9127=CARTESIAN_POINT('',(0.0441,-0.1517,0.00156));
#9128=CARTESIAN_POINT('',(0.369,-0.1517,0.00306));
#9129=CARTESIAN_POINT('',(0.369,-0.1517,0.00306));
#9130=CARTESIAN_POINT('',(0.,-0.1517,0.00306));
#9131=CARTESIAN_POINT('',(0.0441,-0.1517,0.00306));
#9132=CARTESIAN_POINT('',(0.0441,-0.1517,0.00306));
#9133=CARTESIAN_POINT('',(0.369,0.,0.00306));
#9134=CARTESIAN_POINT('',(0.369,0.,0.00156));
#9135=CARTESIAN_POINT('',(0.369,-0.0425,0.00156));
#9136=CARTESIAN_POINT('',(0.369,-0.0425,0.00306));
#9137=CARTESIAN_POINT('',(0.369,-0.0425,0.00306));
#9138=CARTESIAN_POINT('',(0.369,0.,0.00306));
#9139=CARTESIAN_POINT('',(0.,-0.0425,0.00306));
#9140=CARTESIAN_POINT('',(0.,-0.0425,0.00156));
#9141=CARTESIAN_POINT('',(0.0441,-0.0425,0.00156));
#9142=CARTESIAN_POINT('',(0.0441,-0.0425,0.00306));
#9143=CARTESIAN_POINT('',(0.0441,-0.0425,0.00306));
#9144=CARTESIAN_POINT('',(0.,-0.0425,0.00306));
#9145=CARTESIAN_POINT('',(0.319340229034424,-0.138809755444527,0.00306));
#9146=CARTESIAN_POINT('',(0.319340229034424,-0.138809755444527,0.00156));
#9147=CARTESIAN_POINT('',(0.319340229034424,-0.131543099880218,0.00156));
#9148=CARTESIAN_POINT('',(0.319340229034424,-0.146076411008835,0.00156));
#9149=CARTESIAN_POINT('',(0.319340229034424,-0.131543099880218,0.00306));
#9150=CARTESIAN_POINT('',(0.319340229034424,-0.131543099880218,0.00306));
#9151=CARTESIAN_POINT('',(0.319340229034424,-0.138809755444527,0.00306));
#9152=CARTESIAN_POINT('',(0.319340229034424,-0.146076411008835,0.00306));
#9153=CARTESIAN_POINT('',(0.319340229034424,-0.146076411008835,0.00306));
#9154=CARTESIAN_POINT('',(0.326587170362472,-0.131543099880218,0.00306));
#9155=CARTESIAN_POINT('',(0.326587170362472,-0.131543099880218,0.00156));
#9156=CARTESIAN_POINT('',(0.333834111690521,-0.131543099880218,0.00156));
#9157=CARTESIAN_POINT('',(0.333834111690521,-0.131543099880218,0.00306));
#9158=CARTESIAN_POINT('',(0.333834111690521,-0.131543099880218,0.00306));
#9159=CARTESIAN_POINT('',(0.326587170362472,-0.131543099880218,0.00306));
#9160=CARTESIAN_POINT('',(0.333834111690521,-0.138809755444527,0.00306));
#9161=CARTESIAN_POINT('',(0.333834111690521,-0.138809755444527,0.00156));
#9162=CARTESIAN_POINT('',(0.333834111690521,-0.146076411008835,0.00156));
#9163=CARTESIAN_POINT('',(0.333834111690521,-0.146076411008835,0.00306));
#9164=CARTESIAN_POINT('',(0.333834111690521,-0.146076411008835,0.00306));
#9165=CARTESIAN_POINT('',(0.333834111690521,-0.138809755444527,0.00306));
#9166=CARTESIAN_POINT('',(0.294090211391449,-0.138776615262032,0.00306));
#9167=CARTESIAN_POINT('',(0.294090211391449,-0.138776615262032,0.00156));
#9168=CARTESIAN_POINT('',(0.294090211391449,-0.131476819515228,0.00156));
#9169=CARTESIAN_POINT('',(0.294090211391449,-0.146076411008835,0.00156));
#9170=CARTESIAN_POINT('',(0.294090211391449,-0.131476819515228,0.00306));
#9171=CARTESIAN_POINT('',(0.294090211391449,-0.131476819515228,0.00306));
#9172=CARTESIAN_POINT('',(0.294090211391449,-0.138776615262032,0.00306));
#9173=CARTESIAN_POINT('',(0.294090211391449,-0.146076411008835,0.00306));
#9174=CARTESIAN_POINT('',(0.294090211391449,-0.146076411008835,0.00306));
#9175=CARTESIAN_POINT('',(0.301509708166122,-0.131476819515228,0.00306));
#9176=CARTESIAN_POINT('',(0.301509708166122,-0.131476819515228,0.00156));
#9177=CARTESIAN_POINT('',(0.308929204940796,-0.131476819515228,0.00156));
#9178=CARTESIAN_POINT('',(0.308929204940796,-0.131476819515228,0.00306));
#9179=CARTESIAN_POINT('',(0.308929204940796,-0.131476819515228,0.00306));
#9180=CARTESIAN_POINT('',(0.301509708166122,-0.131476819515228,0.00306));
#9181=CARTESIAN_POINT('',(0.308929204940796,-0.138776615262032,0.00306));
#9182=CARTESIAN_POINT('',(0.308929204940796,-0.138776615262032,0.00156));
#9183=CARTESIAN_POINT('',(0.308929204940796,-0.146076411008835,0.00156));
#9184=CARTESIAN_POINT('',(0.308929204940796,-0.146076411008835,0.00306));
#9185=CARTESIAN_POINT('',(0.308929204940796,-0.146076411008835,0.00306));
#9186=CARTESIAN_POINT('',(0.308929204940796,-0.138776615262032,0.00306));
#9187=CARTESIAN_POINT('',(0.269522875547409,-0.138700865209103,0.00306));
#9188=CARTESIAN_POINT('',(0.269522875547409,-0.138700865209103,0.00156));
#9189=CARTESIAN_POINT('',(0.269522875547409,-0.131242841482162,0.00156));
#9190=CARTESIAN_POINT('',(0.269522875547409,-0.146158888936043,0.00156));
#9191=CARTESIAN_POINT('',(0.269522875547409,-0.131242841482162,0.00306));
#9192=CARTESIAN_POINT('',(0.269522875547409,-0.131242841482162,0.00306));
#9193=CARTESIAN_POINT('',(0.269522875547409,-0.138700865209103,0.00306));
#9194=CARTESIAN_POINT('',(0.269522875547409,-0.146158888936043,0.00306));
#9195=CARTESIAN_POINT('',(0.269522875547409,-0.146158888936043,0.00306));
#9196=CARTESIAN_POINT('',(0.277027800679207,-0.131242841482162,0.00306));
#9197=CARTESIAN_POINT('',(0.277027800679207,-0.131242841482162,0.00156));
#9198=CARTESIAN_POINT('',(0.284532725811004,-0.131242841482162,0.00156));
#9199=CARTESIAN_POINT('',(0.284532725811004,-0.131242841482162,0.00306));
#9200=CARTESIAN_POINT('',(0.284532725811004,-0.131242841482162,0.00306));
#9201=CARTESIAN_POINT('',(0.277027800679207,-0.131242841482162,0.00306));
#9202=CARTESIAN_POINT('',(0.284532725811004,-0.138700865209103,0.00306));
#9203=CARTESIAN_POINT('',(0.284532725811004,-0.138700865209103,0.00156));
#9204=CARTESIAN_POINT('',(0.284532725811004,-0.146158888936043,0.00156));
#9205=CARTESIAN_POINT('',(0.284532725811004,-0.146158888936043,0.00306));
#9206=CARTESIAN_POINT('',(0.284532725811004,-0.146158888936043,0.00306));
#9207=CARTESIAN_POINT('',(0.284532725811004,-0.138700865209103,0.00306));
#9208=CARTESIAN_POINT('',(0.245038032531738,-0.138706527650356,0.00306));
#9209=CARTESIAN_POINT('',(0.245038032531738,-0.138706527650356,0.00156));
#9210=CARTESIAN_POINT('',(0.245038032531738,-0.131336644291878,0.00156));
#9211=CARTESIAN_POINT('',(0.245038032531738,-0.146076411008835,0.00156));
#9212=CARTESIAN_POINT('',(0.245038032531738,-0.131336644291878,0.00306));
#9213=CARTESIAN_POINT('',(0.245038032531738,-0.131336644291878,0.00306));
#9214=CARTESIAN_POINT('',(0.245038032531738,-0.138706527650356,0.00306));
#9215=CARTESIAN_POINT('',(0.245038032531738,-0.146076411008835,0.00306));
#9216=CARTESIAN_POINT('',(0.245038032531738,-0.146076411008835,0.00306));
#9217=CARTESIAN_POINT('',(0.252542957663536,-0.131336644291878,0.00306));
#9218=CARTESIAN_POINT('',(0.252542957663536,-0.131336644291878,0.00156));
#9219=CARTESIAN_POINT('',(0.260047882795334,-0.131336644291878,0.00156));
#9220=CARTESIAN_POINT('',(0.260047882795334,-0.131336644291878,0.00306));
#9221=CARTESIAN_POINT('',(0.260047882795334,-0.131336644291878,0.00306));
#9222=CARTESIAN_POINT('',(0.252542957663536,-0.131336644291878,0.00306));
#9223=CARTESIAN_POINT('',(0.260047882795334,-0.138706527650356,0.00306));
#9224=CARTESIAN_POINT('',(0.260047882795334,-0.138706527650356,0.00156));
#9225=CARTESIAN_POINT('',(0.260047882795334,-0.146076411008835,0.00156));
#9226=CARTESIAN_POINT('',(0.260047882795334,-0.146076411008835,0.00306));
#9227=CARTESIAN_POINT('',(0.260047882795334,-0.146076411008835,0.00306));
#9228=CARTESIAN_POINT('',(0.260047882795334,-0.138706527650356,0.00306));
#9229=CARTESIAN_POINT('',(0.225900456309318,-0.139826603233814,0.00306));
#9230=CARTESIAN_POINT('',(0.225900456309318,-0.139826603233814,0.00156));
#9231=CARTESIAN_POINT('',(0.225900456309318,-0.130023285746574,0.00156));
#9232=CARTESIAN_POINT('',(0.225900456309318,-0.149629920721054,0.00156));
#9233=CARTESIAN_POINT('',(0.225900456309318,-0.130023285746574,0.00306));
#9234=CARTESIAN_POINT('',(0.225900456309318,-0.130023285746574,0.00306));
#9235=CARTESIAN_POINT('',(0.225900456309318,-0.139826603233814,0.00306));
#9236=CARTESIAN_POINT('',(0.225900456309318,-0.149629920721054,0.00306));
#9237=CARTESIAN_POINT('',(0.225900456309318,-0.149629920721054,0.00306));
#9238=CARTESIAN_POINT('',(0.229934357106685,-0.130023285746574,0.00306));
#9239=CARTESIAN_POINT('',(0.229934357106685,-0.130023285746574,0.00156));
#9240=CARTESIAN_POINT('',(0.233968257904053,-0.130023285746574,0.00156));
#9241=CARTESIAN_POINT('',(0.233968257904053,-0.130023285746574,0.00306));
#9242=CARTESIAN_POINT('',(0.233968257904053,-0.130023285746574,0.00306));
#9243=CARTESIAN_POINT('',(0.229934357106685,-0.130023285746574,0.00306));
#9244=CARTESIAN_POINT('',(0.233968257904053,-0.139826603233814,0.00306));
#9245=CARTESIAN_POINT('',(0.233968257904053,-0.139826603233814,0.00156));
#9246=CARTESIAN_POINT('',(0.233968257904053,-0.149629920721054,0.00156));
#9247=CARTESIAN_POINT('',(0.233968257904053,-0.149629920721054,0.00306));
#9248=CARTESIAN_POINT('',(0.233968257904053,-0.149629920721054,0.00306));
#9249=CARTESIAN_POINT('',(0.233968257904053,-0.139826603233814,0.00306));
#9250=CARTESIAN_POINT('',(0.172324523329735,-0.138492398004415,0.00306));
#9251=CARTESIAN_POINT('',(0.172324523329735,-0.138492398004415,0.00156));
#9252=CARTESIAN_POINT('',(0.172324523329735,-0.130908384999995,0.00156));
#9253=CARTESIAN_POINT('',(0.172324523329735,-0.146076411008835,0.00156));
#9254=CARTESIAN_POINT('',(0.172324523329735,-0.130908384999995,0.00306));
#9255=CARTESIAN_POINT('',(0.172324523329735,-0.130908384999995,0.00306));
#9256=CARTESIAN_POINT('',(0.172324523329735,-0.138492398004415,0.00306));
#9257=CARTESIAN_POINT('',(0.172324523329735,-0.146076411008835,0.00306));
#9258=CARTESIAN_POINT('',(0.172324523329735,-0.146076411008835,0.00306));
#9259=CARTESIAN_POINT('',(0.179895244538784,-0.130908384999995,0.00306));
#9260=CARTESIAN_POINT('',(0.179895244538784,-0.130908384999995,0.00156));
#9261=CARTESIAN_POINT('',(0.187465965747833,-0.130908384999995,0.00156));
#9262=CARTESIAN_POINT('',(0.187465965747833,-0.130908384999995,0.00306));
#9263=CARTESIAN_POINT('',(0.187465965747833,-0.130908384999995,0.00306));
#9264=CARTESIAN_POINT('',(0.179895244538784,-0.130908384999995,0.00306));
#9265=CARTESIAN_POINT('',(0.187465965747833,-0.138492398004415,0.00306));
#9266=CARTESIAN_POINT('',(0.187465965747833,-0.138492398004415,0.00156));
#9267=CARTESIAN_POINT('',(0.187465965747833,-0.146076411008835,0.00156));
#9268=CARTESIAN_POINT('',(0.187465965747833,-0.146076411008835,0.00306));
#9269=CARTESIAN_POINT('',(0.187465965747833,-0.146076411008835,0.00306));
#9270=CARTESIAN_POINT('',(0.187465965747833,-0.138492398004415,0.00306));
#9271=CARTESIAN_POINT('',(0.126070380210876,-0.139711424708366,0.00306));
#9272=CARTESIAN_POINT('',(0.126070380210876,-0.139711424708366,0.00156));
#9273=CARTESIAN_POINT('',(0.126070380210876,-0.129879906773567,0.00156));
#9274=CARTESIAN_POINT('',(0.126070380210876,-0.149542942643166,0.00156));
#9275=CARTESIAN_POINT('',(0.126070380210876,-0.129879906773567,0.00306));
#9276=CARTESIAN_POINT('',(0.126070380210876,-0.129879906773567,0.00306));
#9277=CARTESIAN_POINT('',(0.126070380210876,-0.139711424708366,0.00306));
#9278=CARTESIAN_POINT('',(0.126070380210876,-0.149542942643166,0.00306));
#9279=CARTESIAN_POINT('',(0.126070380210876,-0.149542942643166,0.00306));
#9280=CARTESIAN_POINT('',(0.129767812788486,-0.129879906773567,0.00306));
#9281=CARTESIAN_POINT('',(0.129767812788486,-0.129879906773567,0.00156));
#9282=CARTESIAN_POINT('',(0.133465245366096,-0.129879906773567,0.00156));
#9283=CARTESIAN_POINT('',(0.133465245366096,-0.129879906773567,0.00306));
#9284=CARTESIAN_POINT('',(0.133465245366096,-0.129879906773567,0.00306));
#9285=CARTESIAN_POINT('',(0.129767812788486,-0.129879906773567,0.00306));
#9286=CARTESIAN_POINT('',(0.133465245366096,-0.139711424708366,0.00306));
#9287=CARTESIAN_POINT('',(0.133465245366096,-0.139711424708366,0.00156));
#9288=CARTESIAN_POINT('',(0.133465245366096,-0.149542942643166,0.00156));
#9289=CARTESIAN_POINT('',(0.133465245366096,-0.149542942643166,0.00306));
#9290=CARTESIAN_POINT('',(0.133465245366096,-0.149542942643166,0.00306));
#9291=CARTESIAN_POINT('',(0.133465245366096,-0.139711424708366,0.00306));
#9292=CARTESIAN_POINT('',(0.100195340812206,-0.138805247843265,0.00306));
#9293=CARTESIAN_POINT('',(0.100195340812206,-0.138805247843265,0.00156));
#9294=CARTESIAN_POINT('',(0.100195340812206,-0.131534084677696,0.00156));
#9295=CARTESIAN_POINT('',(0.100195340812206,-0.146076411008835,0.00156));
#9296=CARTESIAN_POINT('',(0.100195340812206,-0.131534084677696,0.00306));
#9297=CARTESIAN_POINT('',(0.100195340812206,-0.131534084677696,0.00306));
#9298=CARTESIAN_POINT('',(0.100195340812206,-0.138805247843265,0.00306));
#9299=CARTESIAN_POINT('',(0.100195340812206,-0.146076411008835,0.00306));
#9300=CARTESIAN_POINT('',(0.100195340812206,-0.146076411008835,0.00306));
#9301=CARTESIAN_POINT('',(0.107429936528206,-0.131534084677696,0.00306));
#9302=CARTESIAN_POINT('',(0.107429936528206,-0.131534084677696,0.00156));
#9303=CARTESIAN_POINT('',(0.114664532244205,-0.131534084677696,0.00156));
#9304=CARTESIAN_POINT('',(0.114664532244205,-0.131534084677696,0.00306));
#9305=CARTESIAN_POINT('',(0.114664532244205,-0.131534084677696,0.00306));
#9306=CARTESIAN_POINT('',(0.107429936528206,-0.131534084677696,0.00306));
#9307=CARTESIAN_POINT('',(0.114664532244205,-0.138805247843265,0.00306));
#9308=CARTESIAN_POINT('',(0.114664532244205,-0.138805247843265,0.00156));
#9309=CARTESIAN_POINT('',(0.114664532244205,-0.146076411008835,0.00156));
#9310=CARTESIAN_POINT('',(0.114664532244205,-0.146076411008835,0.00306));
#9311=CARTESIAN_POINT('',(0.114664532244205,-0.146076411008835,0.00306));
#9312=CARTESIAN_POINT('',(0.114664532244205,-0.138805247843265,0.00306));
#9313=CARTESIAN_POINT('',(0.0757735893130302,-0.138759106397629,0.00306));
#9314=CARTESIAN_POINT('',(0.0757735893130302,-0.138759106397629,0.00156));
#9315=CARTESIAN_POINT('',(0.0757735893130302,-0.131441801786423,0.00156));
#9316=CARTESIAN_POINT('',(0.0757735893130302,-0.146076411008835,0.00156));
#9317=CARTESIAN_POINT('',(0.0757735893130302,-0.131441801786423,0.00306));
#9318=CARTESIAN_POINT('',(0.0757735893130302,-0.131441801786423,0.00306));
#9319=CARTESIAN_POINT('',(0.0757735893130302,-0.138759106397629,0.00306));
#9320=CARTESIAN_POINT('',(0.0757735893130302,-0.146076411008835,0.00306));
#9321=CARTESIAN_POINT('',(0.0757735893130302,-0.146076411008835,0.00306));
#9322=CARTESIAN_POINT('',(0.0830205380916596,-0.131441801786423,0.00306));
#9323=CARTESIAN_POINT('',(0.0830205380916596,-0.131441801786423,0.00156));
#9324=CARTESIAN_POINT('',(0.0902674868702888,-0.131441801786423,0.00156));
#9325=CARTESIAN_POINT('',(0.0902674868702888,-0.131441801786423,0.00306));
#9326=CARTESIAN_POINT('',(0.0902674868702888,-0.131441801786423,0.00306));
#9327=CARTESIAN_POINT('',(0.0830205380916596,-0.131441801786423,0.00306));
#9328=CARTESIAN_POINT('',(0.0902674868702888,-0.138759106397629,0.00306));
#9329=CARTESIAN_POINT('',(0.0902674868702888,-0.138759106397629,0.00156));
#9330=CARTESIAN_POINT('',(0.0902674868702888,-0.146076411008835,0.00156));
#9331=CARTESIAN_POINT('',(0.0902674868702888,-0.146076411008835,0.00306));
#9332=CARTESIAN_POINT('',(0.0902674868702888,-0.146076411008835,0.00306));
#9333=CARTESIAN_POINT('',(0.0902674868702888,-0.138759106397629,0.00306));
#9334=CARTESIAN_POINT('',(0.0513825677335262,-0.138782560825348,0.00306));
#9335=CARTESIAN_POINT('',(0.0513825677335262,-0.138782560825348,0.00156));
#9336=CARTESIAN_POINT('',(0.0513825677335262,-0.131488710641861,0.00156));
#9337=CARTESIAN_POINT('',(0.0513825677335262,-0.146076411008835,0.00156));
#9338=CARTESIAN_POINT('',(0.0513825677335262,-0.131488710641861,0.00306));
#9339=CARTESIAN_POINT('',(0.0513825677335262,-0.131488710641861,0.00306));
#9340=CARTESIAN_POINT('',(0.0513825677335262,-0.138782560825348,0.00306));
#9341=CARTESIAN_POINT('',(0.0513825677335262,-0.146076411008835,0.00306));
#9342=CARTESIAN_POINT('',(0.0513825677335262,-0.146076411008835,0.00306));
#9343=CARTESIAN_POINT('',(0.0586529690772295,-0.131488710641861,0.00306));
#9344=CARTESIAN_POINT('',(0.0586529690772295,-0.131488710641861,0.00156));
#9345=CARTESIAN_POINT('',(0.0659233704209328,-0.131488710641861,0.00156));
#9346=CARTESIAN_POINT('',(0.0659233704209328,-0.131488710641861,0.00306));
#9347=CARTESIAN_POINT('',(0.0659233704209328,-0.131488710641861,0.00306));
#9348=CARTESIAN_POINT('',(0.0586529690772295,-0.131488710641861,0.00306));
#9349=CARTESIAN_POINT('',(0.0659233704209328,-0.138782560825348,0.00306));
#9350=CARTESIAN_POINT('',(0.0659233704209328,-0.138782560825348,0.00156));
#9351=CARTESIAN_POINT('',(0.0659233704209328,-0.146076411008835,0.00156));
#9352=CARTESIAN_POINT('',(0.0659233704209328,-0.146076411008835,0.00306));
#9353=CARTESIAN_POINT('',(0.0659233704209328,-0.146076411008835,0.00306));
#9354=CARTESIAN_POINT('',(0.0659233704209328,-0.138782560825348,0.00306));
#9355=CARTESIAN_POINT('',(0.320566743612289,-0.120062667876482,0.00306));
#9356=CARTESIAN_POINT('',(0.320566743612289,-0.120062667876482,0.00156));
#9357=CARTESIAN_POINT('',(0.320566743612289,-0.110444121062756,0.00156));
#9358=CARTESIAN_POINT('',(0.320566743612289,-0.129681214690208,0.00156));
#9359=CARTESIAN_POINT('',(0.320566743612289,-0.110444121062756,0.00306));
#9360=CARTESIAN_POINT('',(0.320566743612289,-0.110444121062756,0.00306));
#9361=CARTESIAN_POINT('',(0.320566743612289,-0.120062667876482,0.00306));
#9362=CARTESIAN_POINT('',(0.320566743612289,-0.129681214690208,0.00306));
#9363=CARTESIAN_POINT('',(0.320566743612289,-0.129681214690208,0.00306));
#9364=CARTESIAN_POINT('',(0.324248313903808,-0.110444121062756,0.00306));
#9365=CARTESIAN_POINT('',(0.324248313903808,-0.110444121062756,0.00156));
#9366=CARTESIAN_POINT('',(0.327929884195328,-0.110444121062756,0.00156));
#9367=CARTESIAN_POINT('',(0.327929884195328,-0.110444121062756,0.00306));
#9368=CARTESIAN_POINT('',(0.327929884195328,-0.110444121062756,0.00306));
#9369=CARTESIAN_POINT('',(0.324248313903808,-0.110444121062756,0.00306));
#9370=CARTESIAN_POINT('',(0.327929884195328,-0.120062667876482,0.00306));
#9371=CARTESIAN_POINT('',(0.327929884195328,-0.120062667876482,0.00156));
#9372=CARTESIAN_POINT('',(0.327929884195328,-0.129681214690208,0.00156));
#9373=CARTESIAN_POINT('',(0.327929884195328,-0.129681214690208,0.00306));
#9374=CARTESIAN_POINT('',(0.327929884195328,-0.129681214690208,0.00306));
#9375=CARTESIAN_POINT('',(0.327929884195328,-0.120062667876482,0.00306));
#9376=CARTESIAN_POINT('',(0.296487182378769,-0.119896832853556,0.00306));
#9377=CARTESIAN_POINT('',(0.296487182378769,-0.119896832853556,0.00156));
#9378=CARTESIAN_POINT('',(0.296487182378769,-0.110245116055012,0.00156));
#9379=CARTESIAN_POINT('',(0.296487182378769,-0.1295485496521,0.00156));
#9380=CARTESIAN_POINT('',(0.296487182378769,-0.110245116055012,0.00306));
#9381=CARTESIAN_POINT('',(0.296487182378769,-0.110245116055012,0.00306));
#9382=CARTESIAN_POINT('',(0.296487182378769,-0.119896832853556,0.00306));
#9383=CARTESIAN_POINT('',(0.296487182378769,-0.1295485496521,0.00306));
#9384=CARTESIAN_POINT('',(0.296487182378769,-0.1295485496521,0.00306));
#9385=CARTESIAN_POINT('',(0.300302783689385,-0.110245116055012,0.00306));
#9386=CARTESIAN_POINT('',(0.300302783689385,-0.110245116055012,0.00156));
#9387=CARTESIAN_POINT('',(0.304118385,-0.110245116055012,0.00156));
#9388=CARTESIAN_POINT('',(0.304118385,-0.110245116055012,0.00306));
#9389=CARTESIAN_POINT('',(0.304118385,-0.110245116055012,0.00306));
#9390=CARTESIAN_POINT('',(0.300302783689385,-0.110245116055012,0.00306));
#9391=CARTESIAN_POINT('',(0.304118385,-0.119896832853556,0.00306));
#9392=CARTESIAN_POINT('',(0.304118385,-0.119896832853556,0.00156));
#9393=CARTESIAN_POINT('',(0.304118385,-0.1295485496521,0.00156));
#9394=CARTESIAN_POINT('',(0.304118385,-0.1295485496521,0.00306));
#9395=CARTESIAN_POINT('',(0.304118385,-0.1295485496521,0.00306));
#9396=CARTESIAN_POINT('',(0.304118385,-0.119896832853556,0.00306));
#9397=CARTESIAN_POINT('',(0.305110722780227,-0.119001314043999,0.00306));
#9398=CARTESIAN_POINT('',(0.305110722780227,-0.119001314043999,0.00156));
#9399=CARTESIAN_POINT('',(0.305110722780227,-0.111704483628273,0.00156));
#9400=CARTESIAN_POINT('',(0.305110722780227,-0.126298144459724,0.00156));
#9401=CARTESIAN_POINT('',(0.305110722780227,-0.111704483628273,0.00306));
#9402=CARTESIAN_POINT('',(0.305110722780227,-0.111704483628273,0.00306));
#9403=CARTESIAN_POINT('',(0.305110722780227,-0.119001314043999,0.00306));
#9404=CARTESIAN_POINT('',(0.305110722780227,-0.126298144459724,0.00306));
#9405=CARTESIAN_POINT('',(0.305110722780227,-0.126298144459724,0.00306));
#9406=CARTESIAN_POINT('',(0.312341213226319,-0.111704483628273,0.00306));
#9407=CARTESIAN_POINT('',(0.312341213226319,-0.111704483628273,0.00156));
#9408=CARTESIAN_POINT('',(0.319571703672409,-0.111704483628273,0.00156));
#9409=CARTESIAN_POINT('',(0.319571703672409,-0.111704483628273,0.00306));
#9410=CARTESIAN_POINT('',(0.319571703672409,-0.111704483628273,0.00306));
#9411=CARTESIAN_POINT('',(0.312341213226319,-0.111704483628273,0.00306));
#9412=CARTESIAN_POINT('',(0.319571703672409,-0.119001314043999,0.00306));
#9413=CARTESIAN_POINT('',(0.319571703672409,-0.119001314043999,0.00156));
#9414=CARTESIAN_POINT('',(0.319571703672409,-0.126298144459724,0.00156));
#9415=CARTESIAN_POINT('',(0.319571703672409,-0.126298144459724,0.00306));
#9416=CARTESIAN_POINT('',(0.319571703672409,-0.126298144459724,0.00306));
#9417=CARTESIAN_POINT('',(0.319571703672409,-0.119001314043999,0.00306));
#9418=CARTESIAN_POINT('',(0.325143843889237,-0.0999632142484188,0.00306));
#9419=CARTESIAN_POINT('',(0.325143843889237,-0.0999632142484188,0.00156));
#9420=CARTESIAN_POINT('',(0.325143843889237,-0.090145654976368,0.00156));
#9421=CARTESIAN_POINT('',(0.325143843889237,-0.10978077352047,0.00156));
#9422=CARTESIAN_POINT('',(0.325143843889237,-0.090145654976368,0.00306));
#9423=CARTESIAN_POINT('',(0.325143843889237,-0.090145654976368,0.00306));
#9424=CARTESIAN_POINT('',(0.325143843889237,-0.0999632142484188,0.00306));
#9425=CARTESIAN_POINT('',(0.325143843889237,-0.10978077352047,0.00306));
#9426=CARTESIAN_POINT('',(0.325143843889237,-0.10978077352047,0.00306));
#9427=CARTESIAN_POINT('',(0.32915709912777,-0.090145654976368,0.00306));
#9428=CARTESIAN_POINT('',(0.32915709912777,-0.090145654976368,0.00156));
#9429=CARTESIAN_POINT('',(0.333170354366302,-0.090145654976368,0.00156));
#9430=CARTESIAN_POINT('',(0.333170354366302,-0.090145654976368,0.00306));
#9431=CARTESIAN_POINT('',(0.333170354366302,-0.090145654976368,0.00306));
#9432=CARTESIAN_POINT('',(0.32915709912777,-0.090145654976368,0.00306));
#9433=CARTESIAN_POINT('',(0.333170354366302,-0.0999632142484188,0.00306));
#9434=CARTESIAN_POINT('',(0.333170354366302,-0.0999632142484188,0.00156));
#9435=CARTESIAN_POINT('',(0.333170354366302,-0.10978077352047,0.00156));
#9436=CARTESIAN_POINT('',(0.333170354366302,-0.10978077352047,0.00306));
#9437=CARTESIAN_POINT('',(0.333170354366302,-0.10978077352047,0.00306));
#9438=CARTESIAN_POINT('',(0.333170354366302,-0.0999632142484188,0.00306));
#9439=CARTESIAN_POINT('',(0.301193594932556,-0.100045260041952,0.00306));
#9440=CARTESIAN_POINT('',(0.301193594932556,-0.100045260041952,0.00156));
#9441=CARTESIAN_POINT('',(0.301193594932556,-0.0902830213308334,0.00156));
#9442=CARTESIAN_POINT('',(0.301193594932556,-0.109807498753071,0.00156));
#9443=CARTESIAN_POINT('',(0.301193594932556,-0.0902830213308334,0.00306));
#9444=CARTESIAN_POINT('',(0.301193594932556,-0.0902830213308334,0.00306));
#9445=CARTESIAN_POINT('',(0.301193594932556,-0.100045260041952,0.00306));
#9446=CARTESIAN_POINT('',(0.301193594932556,-0.109807498753071,0.00306));
#9447=CARTESIAN_POINT('',(0.301193594932556,-0.109807498753071,0.00306));
#9448=CARTESIAN_POINT('',(0.305111765861511,-0.0902830213308334,0.00306));
#9449=CARTESIAN_POINT('',(0.305111765861511,-0.0902830213308334,0.00156));
#9450=CARTESIAN_POINT('',(0.309029936790467,-0.0902830213308334,0.00156));
#9451=CARTESIAN_POINT('',(0.309029936790467,-0.0902830213308334,0.00306));
#9452=CARTESIAN_POINT('',(0.309029936790467,-0.0902830213308334,0.00306));
#9453=CARTESIAN_POINT('',(0.305111765861511,-0.0902830213308334,0.00306));
#9454=CARTESIAN_POINT('',(0.309029936790467,-0.100045260041952,0.00306));
#9455=CARTESIAN_POINT('',(0.309029936790467,-0.100045260041952,0.00156));
#9456=CARTESIAN_POINT('',(0.309029936790467,-0.109807498753071,0.00156));
#9457=CARTESIAN_POINT('',(0.309029936790467,-0.109807498753071,0.00306));
#9458=CARTESIAN_POINT('',(0.309029936790467,-0.109807498753071,0.00306));
#9459=CARTESIAN_POINT('',(0.309029936790467,-0.100045260041952,0.00306));
#9460=CARTESIAN_POINT('',(0.268146604299546,-0.118759337812662,0.00306));
#9461=CARTESIAN_POINT('',(0.268146604299546,-0.118759337812662,0.00156));
#9462=CARTESIAN_POINT('',(0.268146604299546,-0.11134972423315,0.00156));
#9463=CARTESIAN_POINT('',(0.268146604299546,-0.126168951392174,0.00156));
#9464=CARTESIAN_POINT('',(0.268146604299546,-0.11134972423315,0.00306));
#9465=CARTESIAN_POINT('',(0.268146604299546,-0.11134972423315,0.00306));
#9466=CARTESIAN_POINT('',(0.268146604299546,-0.118759337812662,0.00306));
#9467=CARTESIAN_POINT('',(0.268146604299546,-0.126168951392174,0.00306));
#9468=CARTESIAN_POINT('',(0.268146604299546,-0.126168951392174,0.00306));
#9469=CARTESIAN_POINT('',(0.275412306189537,-0.11134972423315,0.00306));
#9470=CARTESIAN_POINT('',(0.275412306189537,-0.11134972423315,0.00156));
#9471=CARTESIAN_POINT('',(0.282678008079529,-0.11134972423315,0.00156));
#9472=CARTESIAN_POINT('',(0.282678008079529,-0.11134972423315,0.00306));
#9473=CARTESIAN_POINT('',(0.282678008079529,-0.11134972423315,0.00306));
#9474=CARTESIAN_POINT('',(0.275412306189537,-0.11134972423315,0.00306));
#9475=CARTESIAN_POINT('',(0.282678008079529,-0.118759337812662,0.00306));
#9476=CARTESIAN_POINT('',(0.282678008079529,-0.118759337812662,0.00156));
#9477=CARTESIAN_POINT('',(0.282678008079529,-0.126168951392174,0.00156));
#9478=CARTESIAN_POINT('',(0.282678008079529,-0.126168951392174,0.00306));
#9479=CARTESIAN_POINT('',(0.282678008079529,-0.126168951392174,0.00306));
#9480=CARTESIAN_POINT('',(0.282678008079529,-0.118759337812662,0.00306));
#9481=CARTESIAN_POINT('',(0.248573735356331,-0.118800796568394,0.00306));
#9482=CARTESIAN_POINT('',(0.248573735356331,-0.118800796568394,0.00156));
#9483=CARTESIAN_POINT('',(0.248573735356331,-0.111429423093796,0.00156));
#9484=CARTESIAN_POINT('',(0.248573735356331,-0.126172170042992,0.00156));
#9485=CARTESIAN_POINT('',(0.248573735356331,-0.111429423093796,0.00306));
#9486=CARTESIAN_POINT('',(0.248573735356331,-0.111429423093796,0.00306));
#9487=CARTESIAN_POINT('',(0.248573735356331,-0.118800796568394,0.00306));
#9488=CARTESIAN_POINT('',(0.248573735356331,-0.126172170042992,0.00306));
#9489=CARTESIAN_POINT('',(0.248573735356331,-0.126172170042992,0.00306));
#9490=CARTESIAN_POINT('',(0.255907885730267,-0.111429423093796,0.00306));
#9491=CARTESIAN_POINT('',(0.255907885730267,-0.111429423093796,0.00156));
#9492=CARTESIAN_POINT('',(0.263242036104202,-0.111429423093796,0.00156));
#9493=CARTESIAN_POINT('',(0.263242036104202,-0.111429423093796,0.00306));
#9494=CARTESIAN_POINT('',(0.263242036104202,-0.111429423093796,0.00306));
#9495=CARTESIAN_POINT('',(0.255907885730267,-0.111429423093796,0.00306));
#9496=CARTESIAN_POINT('',(0.263242036104202,-0.118800796568394,0.00306));
#9497=CARTESIAN_POINT('',(0.263242036104202,-0.118800796568394,0.00156));
#9498=CARTESIAN_POINT('',(0.263242036104202,-0.126172170042992,0.00156));
#9499=CARTESIAN_POINT('',(0.263242036104202,-0.126172170042992,0.00306));
#9500=CARTESIAN_POINT('',(0.263242036104202,-0.126172170042992,0.00306));
#9501=CARTESIAN_POINT('',(0.263242036104202,-0.118800796568394,0.00306));
#9502=CARTESIAN_POINT('',(0.228991195559502,-0.118909861892462,0.00306));
#9503=CARTESIAN_POINT('',(0.228991195559502,-0.118909861892462,0.00156));
#9504=CARTESIAN_POINT('',(0.228991195559502,-0.11134972423315,0.00156));
#9505=CARTESIAN_POINT('',(0.228991195559502,-0.126469999551773,0.00156));
#9506=CARTESIAN_POINT('',(0.228991195559502,-0.11134972423315,0.00306));
#9507=CARTESIAN_POINT('',(0.228991195559502,-0.11134972423315,0.00306));
#9508=CARTESIAN_POINT('',(0.228991195559502,-0.118909861892462,0.00306));
#9509=CARTESIAN_POINT('',(0.228991195559502,-0.126469999551773,0.00306));
#9510=CARTESIAN_POINT('',(0.228991195559502,-0.126469999551773,0.00306));
#9511=CARTESIAN_POINT('',(0.236437030136585,-0.11134972423315,0.00306));
#9512=CARTESIAN_POINT('',(0.236437030136585,-0.11134972423315,0.00156));
#9513=CARTESIAN_POINT('',(0.243882864713669,-0.11134972423315,0.00156));
#9514=CARTESIAN_POINT('',(0.243882864713669,-0.11134972423315,0.00306));
#9515=CARTESIAN_POINT('',(0.243882864713669,-0.11134972423315,0.00306));
#9516=CARTESIAN_POINT('',(0.236437030136585,-0.11134972423315,0.00306));
#9517=CARTESIAN_POINT('',(0.243882864713669,-0.118909861892462,0.00306));
#9518=CARTESIAN_POINT('',(0.243882864713669,-0.118909861892462,0.00156));
#9519=CARTESIAN_POINT('',(0.243882864713669,-0.126469999551773,0.00156));
#9520=CARTESIAN_POINT('',(0.243882864713669,-0.126469999551773,0.00306));
#9521=CARTESIAN_POINT('',(0.243882864713669,-0.126469999551773,0.00306));
#9522=CARTESIAN_POINT('',(0.243882864713669,-0.118909861892462,0.00306));
#9523=CARTESIAN_POINT('',(0.209474012255669,-0.118826750665903,0.00306));
#9524=CARTESIAN_POINT('',(0.209474012255669,-0.118826750665903,0.00156));
#9525=CARTESIAN_POINT('',(0.209474012255669,-0.11134972423315,0.00156));
#9526=CARTESIAN_POINT('',(0.209474012255669,-0.126303777098656,0.00156));
#9527=CARTESIAN_POINT('',(0.209474012255669,-0.11134972423315,0.00306));
#9528=CARTESIAN_POINT('',(0.209474012255669,-0.11134972423315,0.00306));
#9529=CARTESIAN_POINT('',(0.209474012255669,-0.118826750665903,0.00306));
#9530=CARTESIAN_POINT('',(0.209474012255669,-0.126303777098656,0.00306));
#9531=CARTESIAN_POINT('',(0.209474012255669,-0.126303777098656,0.00306));
#9532=CARTESIAN_POINT('',(0.216772563755513,-0.11134972423315,0.00306));
#9533=CARTESIAN_POINT('',(0.216772563755513,-0.11134972423315,0.00156));
#9534=CARTESIAN_POINT('',(0.224071115255356,-0.11134972423315,0.00156));
#9535=CARTESIAN_POINT('',(0.224071115255356,-0.11134972423315,0.00306));
#9536=CARTESIAN_POINT('',(0.224071115255356,-0.11134972423315,0.00306));
#9537=CARTESIAN_POINT('',(0.216772563755513,-0.11134972423315,0.00306));
#9538=CARTESIAN_POINT('',(0.224071115255356,-0.118826750665903,0.00306));
#9539=CARTESIAN_POINT('',(0.224071115255356,-0.118826750665903,0.00156));
#9540=CARTESIAN_POINT('',(0.224071115255356,-0.126303777098656,0.00156));
#9541=CARTESIAN_POINT('',(0.224071115255356,-0.126303777098656,0.00306));
#9542=CARTESIAN_POINT('',(0.224071115255356,-0.126303777098656,0.00306));
#9543=CARTESIAN_POINT('',(0.224071115255356,-0.118826750665903,0.00306));
#9544=CARTESIAN_POINT('',(0.189912691712379,-0.118797201663256,0.00306));
#9545=CARTESIAN_POINT('',(0.189912691712379,-0.118797201663256,0.00156));
#9546=CARTESIAN_POINT('',(0.189912691712379,-0.11134972423315,0.00156));
#9547=CARTESIAN_POINT('',(0.189912691712379,-0.126244679093361,0.00156));
#9548=CARTESIAN_POINT('',(0.189912691712379,-0.11134972423315,0.00306));
#9549=CARTESIAN_POINT('',(0.189912691712379,-0.11134972423315,0.00306));
#9550=CARTESIAN_POINT('',(0.189912691712379,-0.118797201663256,0.00306));
#9551=CARTESIAN_POINT('',(0.189912691712379,-0.126244679093361,0.00306));
#9552=CARTESIAN_POINT('',(0.189912691712379,-0.126244679093361,0.00306));
#9553=CARTESIAN_POINT('',(0.197329446673394,-0.11134972423315,0.00306));
#9554=CARTESIAN_POINT('',(0.197329446673394,-0.11134972423315,0.00156));
#9555=CARTESIAN_POINT('',(0.204746201634407,-0.11134972423315,0.00156));
#9556=CARTESIAN_POINT('',(0.204746201634407,-0.11134972423315,0.00306));
#9557=CARTESIAN_POINT('',(0.204746201634407,-0.11134972423315,0.00306));
#9558=CARTESIAN_POINT('',(0.197329446673394,-0.11134972423315,0.00306));
#9559=CARTESIAN_POINT('',(0.204746201634407,-0.118797201663256,0.00306));
#9560=CARTESIAN_POINT('',(0.204746201634407,-0.118797201663256,0.00156));
#9561=CARTESIAN_POINT('',(0.204746201634407,-0.126244679093361,0.00156));
#9562=CARTESIAN_POINT('',(0.204746201634407,-0.126244679093361,0.00306));
#9563=CARTESIAN_POINT('',(0.204746201634407,-0.126244679093361,0.00306));
#9564=CARTESIAN_POINT('',(0.204746201634407,-0.118797201663256,0.00306));
#9565=CARTESIAN_POINT('',(0.17051973938942,-0.118698265403509,0.00306));
#9566=CARTESIAN_POINT('',(0.17051973938942,-0.118698265403509,0.00156));
#9567=CARTESIAN_POINT('',(0.17051973938942,-0.11137268692255,0.00156));
#9568=CARTESIAN_POINT('',(0.17051973938942,-0.126023843884468,0.00156));
#9569=CARTESIAN_POINT('',(0.17051973938942,-0.11137268692255,0.00306));
#9570=CARTESIAN_POINT('',(0.17051973938942,-0.11137268692255,0.00306));
#9571=CARTESIAN_POINT('',(0.17051973938942,-0.118698265403509,0.00306));
#9572=CARTESIAN_POINT('',(0.17051973938942,-0.126023843884468,0.00306));
#9573=CARTESIAN_POINT('',(0.17051973938942,-0.126023843884468,0.00306));
#9574=CARTESIAN_POINT('',(0.177782699465751,-0.11137268692255,0.00306));
#9575=CARTESIAN_POINT('',(0.177782699465751,-0.11137268692255,0.00156));
#9576=CARTESIAN_POINT('',(0.185045659542084,-0.11137268692255,0.00156));
#9577=CARTESIAN_POINT('',(0.185045659542084,-0.11137268692255,0.00306));
#9578=CARTESIAN_POINT('',(0.185045659542084,-0.11137268692255,0.00306));
#9579=CARTESIAN_POINT('',(0.177782699465751,-0.11137268692255,0.00306));
#9580=CARTESIAN_POINT('',(0.185045659542084,-0.118698265403509,0.00306));
#9581=CARTESIAN_POINT('',(0.185045659542084,-0.118698265403509,0.00156));
#9582=CARTESIAN_POINT('',(0.185045659542084,-0.126023843884468,0.00156));
#9583=CARTESIAN_POINT('',(0.185045659542084,-0.126023843884468,0.00306));
#9584=CARTESIAN_POINT('',(0.185045659542084,-0.126023843884468,0.00306));
#9585=CARTESIAN_POINT('',(0.185045659542084,-0.118698265403509,0.00306));
#9586=CARTESIAN_POINT('',(0.150846421718598,-0.118678603321314,0.00306));
#9587=CARTESIAN_POINT('',(0.150846421718598,-0.118678603321314,0.00156));
#9588=CARTESIAN_POINT('',(0.150846421718598,-0.111259110271931,0.00156));
#9589=CARTESIAN_POINT('',(0.150846421718598,-0.126098096370697,0.00156));
#9590=CARTESIAN_POINT('',(0.150846421718598,-0.111259110271931,0.00306));
#9591=CARTESIAN_POINT('',(0.150846421718598,-0.111259110271931,0.00306));
#9592=CARTESIAN_POINT('',(0.150846421718598,-0.118678603321314,0.00306));
#9593=CARTESIAN_POINT('',(0.150846421718598,-0.126098096370697,0.00306));
#9594=CARTESIAN_POINT('',(0.150846421718598,-0.126098096370697,0.00306));
#9595=CARTESIAN_POINT('',(0.158297218382358,-0.111259110271931,0.00306));
#9596=CARTESIAN_POINT('',(0.158297218382358,-0.111259110271931,0.00156));
#9597=CARTESIAN_POINT('',(0.165748015046119,-0.111259110271931,0.00156));
#9598=CARTESIAN_POINT('',(0.165748015046119,-0.111259110271931,0.00306));
#9599=CARTESIAN_POINT('',(0.165748015046119,-0.111259110271931,0.00306));
#9600=CARTESIAN_POINT('',(0.158297218382358,-0.111259110271931,0.00306));
#9601=CARTESIAN_POINT('',(0.165748015046119,-0.118678603321314,0.00306));
#9602=CARTESIAN_POINT('',(0.165748015046119,-0.118678603321314,0.00156));
#9603=CARTESIAN_POINT('',(0.165748015046119,-0.126098096370697,0.00156));
#9604=CARTESIAN_POINT('',(0.165748015046119,-0.126098096370697,0.00306));
#9605=CARTESIAN_POINT('',(0.165748015046119,-0.126098096370697,0.00306));
#9606=CARTESIAN_POINT('',(0.165748015046119,-0.118678603321314,0.00306));
#9607=CARTESIAN_POINT('',(0.131123721599579,-0.118615992367268,0.00306));
#9608=CARTESIAN_POINT('',(0.131123721599579,-0.118615992367268,0.00156));
#9609=CARTESIAN_POINT('',(0.131123721599579,-0.111133888363838,0.00156));
#9610=CARTESIAN_POINT('',(0.131123721599579,-0.126098096370697,0.00156));
#9611=CARTESIAN_POINT('',(0.131123721599579,-0.111133888363838,0.00306));
#9612=CARTESIAN_POINT('',(0.131123721599579,-0.111133888363838,0.00306));
#9613=CARTESIAN_POINT('',(0.131123721599579,-0.118615992367268,0.00306));
#9614=CARTESIAN_POINT('',(0.131123721599579,-0.126098096370697,0.00306));
#9615=CARTESIAN_POINT('',(0.131123721599579,-0.126098096370697,0.00306));
#9616=CARTESIAN_POINT('',(0.138637132942677,-0.111133888363838,0.00306));
#9617=CARTESIAN_POINT('',(0.138637132942677,-0.111133888363838,0.00156));
#9618=CARTESIAN_POINT('',(0.146150544285774,-0.111133888363838,0.00156));
#9619=CARTESIAN_POINT('',(0.146150544285774,-0.111133888363838,0.00306));
#9620=CARTESIAN_POINT('',(0.146150544285774,-0.111133888363838,0.00306));
#9621=CARTESIAN_POINT('',(0.138637132942677,-0.111133888363838,0.00306));
#9622=CARTESIAN_POINT('',(0.146150544285774,-0.118615992367268,0.00306));
#9623=CARTESIAN_POINT('',(0.146150544285774,-0.118615992367268,0.00156));
#9624=CARTESIAN_POINT('',(0.146150544285774,-0.126098096370697,0.00156));
#9625=CARTESIAN_POINT('',(0.146150544285774,-0.126098096370697,0.00306));
#9626=CARTESIAN_POINT('',(0.146150544285774,-0.126098096370697,0.00306));
#9627=CARTESIAN_POINT('',(0.146150544285774,-0.118615992367268,0.00306));
#9628=CARTESIAN_POINT('',(0.0561214499175549,-0.0983040519058704,0.00306));
#9629=CARTESIAN_POINT('',(0.0561214499175549,-0.0983040519058704,0.00156));
#9630=CARTESIAN_POINT('',(0.0561214499175549,-0.0910097807645798,0.00156));
#9631=CARTESIAN_POINT('',(0.0561214499175549,-0.105598323047161,0.00156));
#9632=CARTESIAN_POINT('',(0.0561214499175549,-0.0910097807645798,0.00306));
#9633=CARTESIAN_POINT('',(0.0561214499175549,-0.0910097807645798,0.00306));
#9634=CARTESIAN_POINT('',(0.0561214499175549,-0.0983040519058704,0.00306));
#9635=CARTESIAN_POINT('',(0.0561214499175549,-0.105598323047161,0.00306));
#9636=CARTESIAN_POINT('',(0.0561214499175549,-0.105598323047161,0.00306));
#9637=CARTESIAN_POINT('',(0.0634783301502466,-0.0910097807645798,0.00306));
#9638=CARTESIAN_POINT('',(0.0634783301502466,-0.0910097807645798,0.00156));
#9639=CARTESIAN_POINT('',(0.0708352103829384,-0.0910097807645798,0.00156));
#9640=CARTESIAN_POINT('',(0.0708352103829384,-0.0910097807645798,0.00306));
#9641=CARTESIAN_POINT('',(0.0708352103829384,-0.0910097807645798,0.00306));
#9642=CARTESIAN_POINT('',(0.0634783301502466,-0.0910097807645798,0.00306));
#9643=CARTESIAN_POINT('',(0.0708352103829384,-0.0983040519058704,0.00306));
#9644=CARTESIAN_POINT('',(0.0708352103829384,-0.0983040519058704,0.00156));
#9645=CARTESIAN_POINT('',(0.0708352103829384,-0.105598323047161,0.00156));
#9646=CARTESIAN_POINT('',(0.0708352103829384,-0.105598323047161,0.00306));
#9647=CARTESIAN_POINT('',(0.0708352103829384,-0.105598323047161,0.00306));
#9648=CARTESIAN_POINT('',(0.0708352103829384,-0.0983040519058704,0.00306));
#9649=CARTESIAN_POINT('',(0.053930040448904,-0.0782682932913303,0.00306));
#9650=CARTESIAN_POINT('',(0.053930040448904,-0.0782682932913303,0.00156));
#9651=CARTESIAN_POINT('',(0.053930040448904,-0.0709114149212837,0.00156));
#9652=CARTESIAN_POINT('',(0.053930040448904,-0.085625171661377,0.00156));
#9653=CARTESIAN_POINT('',(0.053930040448904,-0.0709114149212837,0.00306));
#9654=CARTESIAN_POINT('',(0.053930040448904,-0.0709114149212837,0.00306));
#9655=CARTESIAN_POINT('',(0.053930040448904,-0.0782682932913303,0.00306));
#9656=CARTESIAN_POINT('',(0.053930040448904,-0.085625171661377,0.00306));
#9657=CARTESIAN_POINT('',(0.053930040448904,-0.085625171661377,0.00306));
#9658=CARTESIAN_POINT('',(0.0612556133419275,-0.0709114149212837,0.00306));
#9659=CARTESIAN_POINT('',(0.0612556133419275,-0.0709114149212837,0.00156));
#9660=CARTESIAN_POINT('',(0.068581186234951,-0.0709114149212837,0.00156));
#9661=CARTESIAN_POINT('',(0.068581186234951,-0.0709114149212837,0.00306));
#9662=CARTESIAN_POINT('',(0.068581186234951,-0.0709114149212837,0.00306));
#9663=CARTESIAN_POINT('',(0.0612556133419275,-0.0709114149212837,0.00306));
#9664=CARTESIAN_POINT('',(0.068581186234951,-0.0782682932913303,0.00306));
#9665=CARTESIAN_POINT('',(0.068581186234951,-0.0782682932913303,0.00156));
#9666=CARTESIAN_POINT('',(0.068581186234951,-0.085625171661377,0.00156));
#9667=CARTESIAN_POINT('',(0.068581186234951,-0.085625171661377,0.00306));
#9668=CARTESIAN_POINT('',(0.068581186234951,-0.085625171661377,0.00306));
#9669=CARTESIAN_POINT('',(0.068581186234951,-0.0782682932913303,0.00306));
#9670=CARTESIAN_POINT('',(0.078053891658783,-0.0782976485788822,0.00306));
#9671=CARTESIAN_POINT('',(0.078053891658783,-0.0782976485788822,0.00156));
#9672=CARTESIAN_POINT('',(0.078053891658783,-0.0709345936775208,0.00156));
#9673=CARTESIAN_POINT('',(0.078053891658783,-0.0856607034802437,0.00156));
#9674=CARTESIAN_POINT('',(0.078053891658783,-0.0709345936775208,0.00306));
#9675=CARTESIAN_POINT('',(0.078053891658783,-0.0709345936775208,0.00306));
#9676=CARTESIAN_POINT('',(0.078053891658783,-0.0782976485788822,0.00306));
#9677=CARTESIAN_POINT('',(0.078053891658783,-0.0856607034802437,0.00306));
#9678=CARTESIAN_POINT('',(0.078053891658783,-0.0856607034802437,0.00306));
#9679=CARTESIAN_POINT('',(0.0854169465601444,-0.0709345936775208,0.00306));
#9680=CARTESIAN_POINT('',(0.0854169465601444,-0.0709345936775208,0.00156));
#9681=CARTESIAN_POINT('',(0.0927800014615059,-0.0709345936775208,0.00156));
#9682=CARTESIAN_POINT('',(0.0927800014615059,-0.0709345936775208,0.00306));
#9683=CARTESIAN_POINT('',(0.0927800014615059,-0.0709345936775208,0.00306));
#9684=CARTESIAN_POINT('',(0.0854169465601444,-0.0709345936775208,0.00306));
#9685=CARTESIAN_POINT('',(0.0927800014615059,-0.0782976485788822,0.00306));
#9686=CARTESIAN_POINT('',(0.0927800014615059,-0.0782976485788822,0.00156));
#9687=CARTESIAN_POINT('',(0.0927800014615059,-0.0856607034802437,0.00156));
#9688=CARTESIAN_POINT('',(0.0927800014615059,-0.0856607034802437,0.00306));
#9689=CARTESIAN_POINT('',(0.0927800014615059,-0.0856607034802437,0.00306));
#9690=CARTESIAN_POINT('',(0.0927800014615059,-0.0782976485788822,0.00306));
#9691=CARTESIAN_POINT('',(0.0976188778877258,-0.078252874314785,0.00306));
#9692=CARTESIAN_POINT('',(0.0976188778877258,-0.078252874314785,0.00156));
#9693=CARTESIAN_POINT('',(0.0976188778877258,-0.0709177106618881,0.00156));
#9694=CARTESIAN_POINT('',(0.0976188778877258,-0.0855880379676819,0.00156));
#9695=CARTESIAN_POINT('',(0.0976188778877258,-0.0709177106618881,0.00306));
#9696=CARTESIAN_POINT('',(0.0976188778877258,-0.0709177106618881,0.00306));
#9697=CARTESIAN_POINT('',(0.0976188778877258,-0.078252874314785,0.00306));
#9698=CARTESIAN_POINT('',(0.0976188778877258,-0.0855880379676819,0.00306));
#9699=CARTESIAN_POINT('',(0.0976188778877258,-0.0855880379676819,0.00306));
#9700=CARTESIAN_POINT('',(0.104898262768984,-0.0709177106618881,0.00306));
#9701=CARTESIAN_POINT('',(0.104898262768984,-0.0709177106618881,0.00156));
#9702=CARTESIAN_POINT('',(0.112177647650242,-0.0709177106618881,0.00156));
#9703=CARTESIAN_POINT('',(0.112177647650242,-0.0709177106618881,0.00306));
#9704=CARTESIAN_POINT('',(0.112177647650242,-0.0709177106618881,0.00306));
#9705=CARTESIAN_POINT('',(0.104898262768984,-0.0709177106618881,0.00306));
#9706=CARTESIAN_POINT('',(0.112177647650242,-0.078252874314785,0.00306));
#9707=CARTESIAN_POINT('',(0.112177647650242,-0.078252874314785,0.00156));
#9708=CARTESIAN_POINT('',(0.112177647650242,-0.0855880379676819,0.00156));
#9709=CARTESIAN_POINT('',(0.112177647650242,-0.0855880379676819,0.00306));
#9710=CARTESIAN_POINT('',(0.112177647650242,-0.0855880379676819,0.00306));
#9711=CARTESIAN_POINT('',(0.112177647650242,-0.078252874314785,0.00306));
#9712=CARTESIAN_POINT('',(0.117131903767586,-0.0783685818314552,0.00306));
#9713=CARTESIAN_POINT('',(0.117131903767586,-0.0783685818314552,0.00156));
#9714=CARTESIAN_POINT('',(0.117131903767586,-0.0710116997361183,0.00156));
#9715=CARTESIAN_POINT('',(0.117131903767586,-0.0857254639267921,0.00156));
#9716=CARTESIAN_POINT('',(0.117131903767586,-0.0710116997361183,0.00306));
#9717=CARTESIAN_POINT('',(0.117131903767586,-0.0710116997361183,0.00306));
#9718=CARTESIAN_POINT('',(0.117131903767586,-0.0783685818314552,0.00306));
#9719=CARTESIAN_POINT('',(0.117131903767586,-0.0857254639267921,0.00306));
#9720=CARTESIAN_POINT('',(0.117131903767586,-0.0857254639267921,0.00306));
#9721=CARTESIAN_POINT('',(0.124457478523254,-0.0710116997361183,0.00306));
#9722=CARTESIAN_POINT('',(0.124457478523254,-0.0710116997361183,0.00156));
#9723=CARTESIAN_POINT('',(0.131783053278923,-0.0710116997361183,0.00156));
#9724=CARTESIAN_POINT('',(0.131783053278923,-0.0710116997361183,0.00306));
#9725=CARTESIAN_POINT('',(0.131783053278923,-0.0710116997361183,0.00306));
#9726=CARTESIAN_POINT('',(0.124457478523254,-0.0710116997361183,0.00306));
#9727=CARTESIAN_POINT('',(0.131783053278923,-0.0783685818314552,0.00306));
#9728=CARTESIAN_POINT('',(0.131783053278923,-0.0783685818314552,0.00156));
#9729=CARTESIAN_POINT('',(0.131783053278923,-0.0857254639267921,0.00156));
#9730=CARTESIAN_POINT('',(0.131783053278923,-0.0857254639267921,0.00306));
#9731=CARTESIAN_POINT('',(0.131783053278923,-0.0857254639267921,0.00306));
#9732=CARTESIAN_POINT('',(0.131783053278923,-0.0783685818314552,0.00306));
#9733=CARTESIAN_POINT('',(0.136541545391083,-0.078337274491787,0.00306));
#9734=CARTESIAN_POINT('',(0.136541545391083,-0.078337274491787,0.00156));
#9735=CARTESIAN_POINT('',(0.136541545391083,-0.0710116997361183,0.00156));
#9736=CARTESIAN_POINT('',(0.136541545391083,-0.0856628492474556,0.00156));
#9737=CARTESIAN_POINT('',(0.136541545391083,-0.0710116997361183,0.00306));
#9738=CARTESIAN_POINT('',(0.136541545391083,-0.0710116997361183,0.00306));
#9739=CARTESIAN_POINT('',(0.136541545391083,-0.078337274491787,0.00306));
#9740=CARTESIAN_POINT('',(0.136541545391083,-0.0856628492474556,0.00306));
#9741=CARTESIAN_POINT('',(0.136541545391083,-0.0856628492474556,0.00306));
#9742=CARTESIAN_POINT('',(0.14389842748642,-0.0710116997361183,0.00306));
#9743=CARTESIAN_POINT('',(0.14389842748642,-0.0710116997361183,0.00156));
#9744=CARTESIAN_POINT('',(0.151255309581756,-0.0710116997361183,0.00156));
#9745=CARTESIAN_POINT('',(0.151255309581756,-0.0710116997361183,0.00306));
#9746=CARTESIAN_POINT('',(0.151255309581756,-0.0710116997361183,0.00306));
#9747=CARTESIAN_POINT('',(0.14389842748642,-0.0710116997361183,0.00306));
#9748=CARTESIAN_POINT('',(0.151255309581756,-0.078337274491787,0.00306));
#9749=CARTESIAN_POINT('',(0.151255309581756,-0.078337274491787,0.00156));
#9750=CARTESIAN_POINT('',(0.151255309581756,-0.0856628492474556,0.00156));
#9751=CARTESIAN_POINT('',(0.151255309581756,-0.0856628492474556,0.00306));
#9752=CARTESIAN_POINT('',(0.151255309581756,-0.0856628492474556,0.00306));
#9753=CARTESIAN_POINT('',(0.151255309581756,-0.078337274491787,0.00306));
#9754=CARTESIAN_POINT('',(0.156160086393356,-0.0783483497798443,0.00306));
#9755=CARTESIAN_POINT('',(0.156160086393356,-0.0783483497798443,0.00156));
#9756=CARTESIAN_POINT('',(0.156160086393356,-0.0710036754608154,0.00156));
#9757=CARTESIAN_POINT('',(0.156160086393356,-0.0856930240988731,0.00156));
#9758=CARTESIAN_POINT('',(0.156160086393356,-0.0710036754608154,0.00306));
#9759=CARTESIAN_POINT('',(0.156160086393356,-0.0710036754608154,0.00306));
#9760=CARTESIAN_POINT('',(0.156160086393356,-0.0783483497798443,0.00306));
#9761=CARTESIAN_POINT('',(0.156160086393356,-0.0856930240988731,0.00306));
#9762=CARTESIAN_POINT('',(0.156160086393356,-0.0856930240988731,0.00306));
#9763=CARTESIAN_POINT('',(0.163425788283348,-0.0710036754608154,0.00306));
#9764=CARTESIAN_POINT('',(0.163425788283348,-0.0710036754608154,0.00156));
#9765=CARTESIAN_POINT('',(0.17069149017334,-0.0710036754608154,0.00156));
#9766=CARTESIAN_POINT('',(0.17069149017334,-0.0710036754608154,0.00306));
#9767=CARTESIAN_POINT('',(0.17069149017334,-0.0710036754608154,0.00306));
#9768=CARTESIAN_POINT('',(0.163425788283348,-0.0710036754608154,0.00306));
#9769=CARTESIAN_POINT('',(0.17069149017334,-0.0783483497798443,0.00306));
#9770=CARTESIAN_POINT('',(0.17069149017334,-0.0783483497798443,0.00156));
#9771=CARTESIAN_POINT('',(0.17069149017334,-0.0856930240988731,0.00156));
#9772=CARTESIAN_POINT('',(0.17069149017334,-0.0856930240988731,0.00306));
#9773=CARTESIAN_POINT('',(0.17069149017334,-0.0856930240988731,0.00306));
#9774=CARTESIAN_POINT('',(0.17069149017334,-0.0783483497798443,0.00306));
#9775=CARTESIAN_POINT('',(0.175745889544487,-0.078348346054554,0.00306));
#9776=CARTESIAN_POINT('',(0.175745889544487,-0.078348346054554,0.00156));
#9777=CARTESIAN_POINT('',(0.175745889544487,-0.0710563212633133,0.00156));
#9778=CARTESIAN_POINT('',(0.175745889544487,-0.0856403708457947,0.00156));
#9779=CARTESIAN_POINT('',(0.175745889544487,-0.0710563212633133,0.00306));
#9780=CARTESIAN_POINT('',(0.175745889544487,-0.0710563212633133,0.00306));
#9781=CARTESIAN_POINT('',(0.175745889544487,-0.078348346054554,0.00306));
#9782=CARTESIAN_POINT('',(0.175745889544487,-0.0856403708457947,0.00306));
#9783=CARTESIAN_POINT('',(0.175745889544487,-0.0856403708457947,0.00306));
#9784=CARTESIAN_POINT('',(0.182932615280152,-0.0710563212633133,0.00306));
#9785=CARTESIAN_POINT('',(0.182932615280152,-0.0710563212633133,0.00156));
#9786=CARTESIAN_POINT('',(0.190119341015815,-0.0710563212633133,0.00156));
#9787=CARTESIAN_POINT('',(0.190119341015815,-0.0710563212633133,0.00306));
#9788=CARTESIAN_POINT('',(0.190119341015815,-0.0710563212633133,0.00306));
#9789=CARTESIAN_POINT('',(0.182932615280152,-0.0710563212633133,0.00306));
#9790=CARTESIAN_POINT('',(0.190119341015815,-0.078348346054554,0.00306));
#9791=CARTESIAN_POINT('',(0.190119341015815,-0.078348346054554,0.00156));
#9792=CARTESIAN_POINT('',(0.190119341015815,-0.0856403708457947,0.00156));
#9793=CARTESIAN_POINT('',(0.190119341015815,-0.0856403708457947,0.00306));
#9794=CARTESIAN_POINT('',(0.190119341015815,-0.0856403708457947,0.00306));
#9795=CARTESIAN_POINT('',(0.190119341015815,-0.078348346054554,0.00306));
#9796=CARTESIAN_POINT('',(0.195190072059631,-0.0784067586064339,0.00306));
#9797=CARTESIAN_POINT('',(0.195190072059631,-0.0784067586064339,0.00156));
#9798=CARTESIAN_POINT('',(0.195190072059631,-0.0711295381188393,0.00156));
#9799=CARTESIAN_POINT('',(0.195190072059631,-0.0856839790940285,0.00156));
#9800=CARTESIAN_POINT('',(0.195190072059631,-0.0711295381188393,0.00306));
#9801=CARTESIAN_POINT('',(0.195190072059631,-0.0711295381188393,0.00306));
#9802=CARTESIAN_POINT('',(0.195190072059631,-0.0784067586064339,0.00306));
#9803=CARTESIAN_POINT('',(0.195190072059631,-0.0856839790940285,0.00306));
#9804=CARTESIAN_POINT('',(0.195190072059631,-0.0856839790940285,0.00306));
#9805=CARTESIAN_POINT('',(0.202427849173546,-0.0711295381188393,0.00306));
#9806=CARTESIAN_POINT('',(0.202427849173546,-0.0711295381188393,0.00156));
#9807=CARTESIAN_POINT('',(0.209665626287461,-0.0711295381188393,0.00156));
#9808=CARTESIAN_POINT('',(0.209665626287461,-0.0711295381188393,0.00306));
#9809=CARTESIAN_POINT('',(0.209665626287461,-0.0711295381188393,0.00306));
#9810=CARTESIAN_POINT('',(0.202427849173546,-0.0711295381188393,0.00306));
#9811=CARTESIAN_POINT('',(0.209665626287461,-0.0784067586064339,0.00306));
#9812=CARTESIAN_POINT('',(0.209665626287461,-0.0784067586064339,0.00156));
#9813=CARTESIAN_POINT('',(0.209665626287461,-0.0856839790940285,0.00156));
#9814=CARTESIAN_POINT('',(0.209665626287461,-0.0856839790940285,0.00306));
#9815=CARTESIAN_POINT('',(0.209665626287461,-0.0856839790940285,0.00306));
#9816=CARTESIAN_POINT('',(0.209665626287461,-0.0784067586064339,0.00306));
#9817=CARTESIAN_POINT('',(0.21471431851387,-0.0784264802932739,0.00306));
#9818=CARTESIAN_POINT('',(0.21471431851387,-0.0784264802932739,0.00156));
#9819=CARTESIAN_POINT('',(0.21471431851387,-0.0711689814925194,0.00156));
#9820=CARTESIAN_POINT('',(0.21471431851387,-0.0856839790940285,0.00156));
#9821=CARTESIAN_POINT('',(0.21471431851387,-0.0711689814925194,0.00306));
#9822=CARTESIAN_POINT('',(0.21471431851387,-0.0711689814925194,0.00306));
#9823=CARTESIAN_POINT('',(0.21471431851387,-0.0784264802932739,0.00306));
#9824=CARTESIAN_POINT('',(0.21471431851387,-0.0856839790940285,0.00306));
#9825=CARTESIAN_POINT('',(0.21471431851387,-0.0856839790940285,0.00306));
#9826=CARTESIAN_POINT('',(0.221932373940944,-0.0711689814925194,0.00306));
#9827=CARTESIAN_POINT('',(0.221932373940944,-0.0711689814925194,0.00156));
#9828=CARTESIAN_POINT('',(0.229150429368019,-0.0711689814925194,0.00156));
#9829=CARTESIAN_POINT('',(0.229150429368019,-0.0711689814925194,0.00306));
#9830=CARTESIAN_POINT('',(0.229150429368019,-0.0711689814925194,0.00306));
#9831=CARTESIAN_POINT('',(0.221932373940944,-0.0711689814925194,0.00306));
#9832=CARTESIAN_POINT('',(0.229150429368019,-0.0784264802932739,0.00306));
#9833=CARTESIAN_POINT('',(0.229150429368019,-0.0784264802932739,0.00156));
#9834=CARTESIAN_POINT('',(0.229150429368019,-0.0856839790940285,0.00156));
#9835=CARTESIAN_POINT('',(0.229150429368019,-0.0856839790940285,0.00306));
#9836=CARTESIAN_POINT('',(0.229150429368019,-0.0856839790940285,0.00306));
#9837=CARTESIAN_POINT('',(0.229150429368019,-0.0784264802932739,0.00306));
#9838=CARTESIAN_POINT('',(0.234017595648766,-0.0785060487687588,0.00306));
#9839=CARTESIAN_POINT('',(0.234017595648766,-0.0785060487687588,0.00156));
#9840=CARTESIAN_POINT('',(0.234017595648766,-0.0710971131920815,0.00156));
#9841=CARTESIAN_POINT('',(0.234017595648766,-0.0859149843454361,0.00156));
#9842=CARTESIAN_POINT('',(0.234017595648766,-0.0710971131920815,0.00306));
#9843=CARTESIAN_POINT('',(0.234017595648766,-0.0710971131920815,0.00306));
#9844=CARTESIAN_POINT('',(0.234017595648766,-0.0785060487687588,0.00306));
#9845=CARTESIAN_POINT('',(0.234017595648766,-0.0859149843454361,0.00306));
#9846=CARTESIAN_POINT('',(0.234017595648766,-0.0859149843454361,0.00306));
#9847=CARTESIAN_POINT('',(0.241374477744103,-0.0710971131920815,0.00306));
#9848=CARTESIAN_POINT('',(0.241374477744103,-0.0710971131920815,0.00156));
#9849=CARTESIAN_POINT('',(0.24873135983944,-0.0710971131920815,0.00156));
#9850=CARTESIAN_POINT('',(0.24873135983944,-0.0710971131920815,0.00306));
#9851=CARTESIAN_POINT('',(0.24873135983944,-0.0710971131920815,0.00306));
#9852=CARTESIAN_POINT('',(0.241374477744103,-0.0710971131920815,0.00306));
#9853=CARTESIAN_POINT('',(0.24873135983944,-0.0785060487687588,0.00306));
#9854=CARTESIAN_POINT('',(0.24873135983944,-0.0785060487687588,0.00156));
#9855=CARTESIAN_POINT('',(0.24873135983944,-0.0859149843454361,0.00156));
#9856=CARTESIAN_POINT('',(0.24873135983944,-0.0859149843454361,0.00306));
#9857=CARTESIAN_POINT('',(0.24873135983944,-0.0859149843454361,0.00306));
#9858=CARTESIAN_POINT('',(0.24873135983944,-0.0785060487687588,0.00306));
#9859=CARTESIAN_POINT('',(0.253484785556793,-0.0783537775278091,0.00306));
#9860=CARTESIAN_POINT('',(0.253484785556793,-0.0783537775278091,0.00156));
#9861=CARTESIAN_POINT('',(0.253484785556793,-0.0710282027721405,0.00156));
#9862=CARTESIAN_POINT('',(0.253484785556793,-0.0856793522834778,0.00156));
#9863=CARTESIAN_POINT('',(0.253484785556793,-0.0710282027721405,0.00306));
#9864=CARTESIAN_POINT('',(0.253484785556793,-0.0710282027721405,0.00306));
#9865=CARTESIAN_POINT('',(0.253484785556793,-0.0783537775278091,0.00306));
#9866=CARTESIAN_POINT('',(0.253484785556793,-0.0856793522834778,0.00306));
#9867=CARTESIAN_POINT('',(0.253484785556793,-0.0856793522834778,0.00306));
#9868=CARTESIAN_POINT('',(0.260810360312462,-0.0710282027721405,0.00306));
#9869=CARTESIAN_POINT('',(0.260810360312462,-0.0710282027721405,0.00156));
#9870=CARTESIAN_POINT('',(0.26813593506813,-0.0710282027721405,0.00156));
#9871=CARTESIAN_POINT('',(0.26813593506813,-0.0710282027721405,0.00306));
#9872=CARTESIAN_POINT('',(0.26813593506813,-0.0710282027721405,0.00306));
#9873=CARTESIAN_POINT('',(0.260810360312462,-0.0710282027721405,0.00306));
#9874=CARTESIAN_POINT('',(0.26813593506813,-0.0783537775278091,0.00306));
#9875=CARTESIAN_POINT('',(0.26813593506813,-0.0783537775278091,0.00156));
#9876=CARTESIAN_POINT('',(0.26813593506813,-0.0856793522834778,0.00156));
#9877=CARTESIAN_POINT('',(0.26813593506813,-0.0856793522834778,0.00306));
#9878=CARTESIAN_POINT('',(0.26813593506813,-0.0856793522834778,0.00306));
#9879=CARTESIAN_POINT('',(0.26813593506813,-0.0783537775278091,0.00306));
#9880=CARTESIAN_POINT('',(0.272894412279129,-0.0783537812530994,0.00306));
#9881=CARTESIAN_POINT('',(0.272894412279129,-0.0783537812530994,0.00156));
#9882=CARTESIAN_POINT('',(0.272894412279129,-0.0709655955433846,0.00156));
#9883=CARTESIAN_POINT('',(0.272894412279129,-0.0857419669628143,0.00156));
#9884=CARTESIAN_POINT('',(0.272894412279129,-0.0709655955433846,0.00306));
#9885=CARTESIAN_POINT('',(0.272894412279129,-0.0709655955433846,0.00306));
#9886=CARTESIAN_POINT('',(0.272894412279129,-0.0783537812530994,0.00306));
#9887=CARTESIAN_POINT('',(0.272894412279129,-0.0857419669628143,0.00306));
#9888=CARTESIAN_POINT('',(0.272894412279129,-0.0857419669628143,0.00306));
#9889=CARTESIAN_POINT('',(0.280282601714134,-0.0709655955433846,0.00306));
#9890=CARTESIAN_POINT('',(0.280282601714134,-0.0709655955433846,0.00156));
#9891=CARTESIAN_POINT('',(0.287670791149139,-0.0709655955433846,0.00156));
#9892=CARTESIAN_POINT('',(0.287670791149139,-0.0709655955433846,0.00306));
#9893=CARTESIAN_POINT('',(0.287670791149139,-0.0709655955433846,0.00306));
#9894=CARTESIAN_POINT('',(0.280282601714134,-0.0709655955433846,0.00306));
#9895=CARTESIAN_POINT('',(0.287670791149139,-0.0783537812530994,0.00306));
#9896=CARTESIAN_POINT('',(0.287670791149139,-0.0783537812530994,0.00156));
#9897=CARTESIAN_POINT('',(0.287670791149139,-0.0857419669628143,0.00156));
#9898=CARTESIAN_POINT('',(0.287670791149139,-0.0857419669628143,0.00306));
#9899=CARTESIAN_POINT('',(0.287670791149139,-0.0857419669628143,0.00306));
#9900=CARTESIAN_POINT('',(0.287670791149139,-0.0783537812530994,0.00306));
#9901=CARTESIAN_POINT('',(0.292429268360138,-0.0784790031611919,0.00306));
#9902=CARTESIAN_POINT('',(0.292429268360138,-0.0784790031611919,0.00156));
#9903=CARTESIAN_POINT('',(0.292429268360138,-0.0710908174514771,0.00156));
#9904=CARTESIAN_POINT('',(0.292429268360138,-0.0858671888709068,0.00156));
#9905=CARTESIAN_POINT('',(0.292429268360138,-0.0710908174514771,0.00306));
#9906=CARTESIAN_POINT('',(0.292429268360138,-0.0710908174514771,0.00306));
#9907=CARTESIAN_POINT('',(0.292429268360138,-0.0784790031611919,0.00306));
#9908=CARTESIAN_POINT('',(0.292429268360138,-0.0858671888709068,0.00306));
#9909=CARTESIAN_POINT('',(0.292429268360138,-0.0858671888709068,0.00306));
#9910=CARTESIAN_POINT('',(0.299786150455475,-0.0710908174514771,0.00306));
#9911=CARTESIAN_POINT('',(0.299786150455475,-0.0710908174514771,0.00156));
#9912=CARTESIAN_POINT('',(0.307143032550812,-0.0710908174514771,0.00156));
#9913=CARTESIAN_POINT('',(0.307143032550812,-0.0710908174514771,0.00306));
#9914=CARTESIAN_POINT('',(0.307143032550812,-0.0710908174514771,0.00306));
#9915=CARTESIAN_POINT('',(0.299786150455475,-0.0710908174514771,0.00306));
#9916=CARTESIAN_POINT('',(0.307143032550812,-0.0784790031611919,0.00306));
#9917=CARTESIAN_POINT('',(0.307143032550812,-0.0784790031611919,0.00156));
#9918=CARTESIAN_POINT('',(0.307143032550812,-0.0858671888709068,0.00156));
#9919=CARTESIAN_POINT('',(0.307143032550812,-0.0858671888709068,0.00306));
#9920=CARTESIAN_POINT('',(0.307143032550812,-0.0858671888709068,0.00306));
#9921=CARTESIAN_POINT('',(0.307143032550812,-0.0784790031611919,0.00306));
#9922=CARTESIAN_POINT('',(0.31703570485115,-0.0784790031611919,0.00306));
#9923=CARTESIAN_POINT('',(0.31703570485115,-0.0784790031611919,0.00156));
#9924=CARTESIAN_POINT('',(0.31703570485115,-0.0712786540389061,0.00156));
#9925=CARTESIAN_POINT('',(0.31703570485115,-0.0856793522834778,0.00156));
#9926=CARTESIAN_POINT('',(0.31703570485115,-0.0712786540389061,0.00306));
#9927=CARTESIAN_POINT('',(0.31703570485115,-0.0712786540389061,0.00306));
#9928=CARTESIAN_POINT('',(0.31703570485115,-0.0784790031611919,0.00306));
#9929=CARTESIAN_POINT('',(0.31703570485115,-0.0856793522834778,0.00306));
#9930=CARTESIAN_POINT('',(0.31703570485115,-0.0856793522834778,0.00306));
#9931=CARTESIAN_POINT('',(0.324267357587814,-0.0712786540389061,0.00306));
#9932=CARTESIAN_POINT('',(0.324267357587814,-0.0712786540389061,0.00156));
#9933=CARTESIAN_POINT('',(0.331499010324478,-0.0712786540389061,0.00156));
#9934=CARTESIAN_POINT('',(0.331499010324478,-0.0712786540389061,0.00306));
#9935=CARTESIAN_POINT('',(0.331499010324478,-0.0712786540389061,0.00306));
#9936=CARTESIAN_POINT('',(0.324267357587814,-0.0712786540389061,0.00306));
#9937=CARTESIAN_POINT('',(0.331499010324478,-0.0784790031611919,0.00306));
#9938=CARTESIAN_POINT('',(0.331499010324478,-0.0784790031611919,0.00156));
#9939=CARTESIAN_POINT('',(0.331499010324478,-0.0856793522834778,0.00156));
#9940=CARTESIAN_POINT('',(0.331499010324478,-0.0856793522834778,0.00306));
#9941=CARTESIAN_POINT('',(0.331499010324478,-0.0856793522834778,0.00306));
#9942=CARTESIAN_POINT('',(0.331499010324478,-0.0784790031611919,0.00306));
#9943=CARTESIAN_POINT('',(0.327682405710221,-0.0587607640773058,0.00306));
#9944=CARTESIAN_POINT('',(0.327682405710221,-0.0587607640773058,0.00156));
#9945=CARTESIAN_POINT('',(0.327682405710221,-0.0489678643643856,0.00156));
#9946=CARTESIAN_POINT('',(0.327682405710221,-0.068553663790226,0.00156));
#9947=CARTESIAN_POINT('',(0.327682405710221,-0.0489678643643856,0.00306));
#9948=CARTESIAN_POINT('',(0.327682405710221,-0.0489678643643856,0.00306));
#9949=CARTESIAN_POINT('',(0.327682405710221,-0.0587607640773058,0.00306));
#9950=CARTESIAN_POINT('',(0.327682405710221,-0.068553663790226,0.00306));
#9951=CARTESIAN_POINT('',(0.327682405710221,-0.068553663790226,0.00306));
#9952=CARTESIAN_POINT('',(0.331552192568779,-0.0489678643643856,0.00306));
#9953=CARTESIAN_POINT('',(0.331552192568779,-0.0489678643643856,0.00156));
#9954=CARTESIAN_POINT('',(0.335421979427337,-0.0489678643643856,0.00156));
#9955=CARTESIAN_POINT('',(0.335421979427337,-0.0489678643643856,0.00306));
#9956=CARTESIAN_POINT('',(0.335421979427337,-0.0489678643643856,0.00306));
#9957=CARTESIAN_POINT('',(0.331552192568779,-0.0489678643643856,0.00306));
#9958=CARTESIAN_POINT('',(0.335421979427337,-0.0587607640773058,0.00306));
#9959=CARTESIAN_POINT('',(0.335421979427337,-0.0587607640773058,0.00156));
#9960=CARTESIAN_POINT('',(0.335421979427337,-0.068553663790226,0.00156));
#9961=CARTESIAN_POINT('',(0.335421979427337,-0.068553663790226,0.00306));
#9962=CARTESIAN_POINT('',(0.335421979427337,-0.068553663790226,0.00306));
#9963=CARTESIAN_POINT('',(0.335421979427337,-0.0587607640773058,0.00306));
#9964=CARTESIAN_POINT('',(0.312361270189286,-0.0579973384737968,0.00306));
#9965=CARTESIAN_POINT('',(0.312361270189286,-0.0579973384737968,0.00156));
#9966=CARTESIAN_POINT('',(0.312361270189286,-0.0505473613739014,0.00156));
#9967=CARTESIAN_POINT('',(0.312361270189286,-0.0654473155736923,0.00156));
#9968=CARTESIAN_POINT('',(0.312361270189286,-0.0505473613739014,0.00306));
#9969=CARTESIAN_POINT('',(0.312361270189286,-0.0505473613739014,0.00306));
#9970=CARTESIAN_POINT('',(0.312361270189286,-0.0579973384737968,0.00306));
#9971=CARTESIAN_POINT('',(0.312361270189286,-0.0654473155736923,0.00306));
#9972=CARTESIAN_POINT('',(0.312361270189286,-0.0654473155736923,0.00306));
#9973=CARTESIAN_POINT('',(0.319653302431106,-0.0505473613739014,0.00306));
#9974=CARTESIAN_POINT('',(0.319653302431106,-0.0505473613739014,0.00156));
#9975=CARTESIAN_POINT('',(0.326945334672928,-0.0505473613739014,0.00156));
#9976=CARTESIAN_POINT('',(0.326945334672928,-0.0505473613739014,0.00306));
#9977=CARTESIAN_POINT('',(0.326945334672928,-0.0505473613739014,0.00306));
#9978=CARTESIAN_POINT('',(0.319653302431106,-0.0505473613739014,0.00306));
#9979=CARTESIAN_POINT('',(0.326945334672928,-0.0579973384737968,0.00306));
#9980=CARTESIAN_POINT('',(0.326945334672928,-0.0579973384737968,0.00156));
#9981=CARTESIAN_POINT('',(0.326945334672928,-0.0654473155736923,0.00156));
#9982=CARTESIAN_POINT('',(0.326945334672928,-0.0654473155736923,0.00306));
#9983=CARTESIAN_POINT('',(0.326945334672928,-0.0654473155736923,0.00306));
#9984=CARTESIAN_POINT('',(0.326945334672928,-0.0579973384737968,0.00306));
#9985=CARTESIAN_POINT('',(0.303550124168396,-0.0587277449667454,0.00306));
#9986=CARTESIAN_POINT('',(0.303550124168396,-0.0587277449667454,0.00156));
#9987=CARTESIAN_POINT('',(0.303550124168396,-0.0487659275531769,0.00156));
#9988=CARTESIAN_POINT('',(0.303550124168396,-0.0686895623803139,0.00156));
#9989=CARTESIAN_POINT('',(0.303550124168396,-0.0487659275531769,0.00306));
#9990=CARTESIAN_POINT('',(0.303550124168396,-0.0487659275531769,0.00306));
#9991=CARTESIAN_POINT('',(0.303550124168396,-0.0587277449667454,0.00306));
#9992=CARTESIAN_POINT('',(0.303550124168396,-0.0686895623803139,0.00306));
#9993=CARTESIAN_POINT('',(0.303550124168396,-0.0686895623803139,0.00306));
#9994=CARTESIAN_POINT('',(0.307563379406929,-0.0487659275531769,0.00306));
#9995=CARTESIAN_POINT('',(0.307563379406929,-0.0487659275531769,0.00156));
#9996=CARTESIAN_POINT('',(0.311576634645462,-0.0487659275531769,0.00156));
#9997=CARTESIAN_POINT('',(0.311576634645462,-0.0487659275531769,0.00306));
#9998=CARTESIAN_POINT('',(0.311576634645462,-0.0487659275531769,0.00306));
#9999=CARTESIAN_POINT('',(0.307563379406929,-0.0487659275531769,0.00306));
#10000=CARTESIAN_POINT('',(0.311576634645462,-0.0587277449667454,0.00306));
#10001=CARTESIAN_POINT('',(0.311576634645462,-0.0587277449667454,0.00156));
#10002=CARTESIAN_POINT('',(0.311576634645462,-0.0686895623803139,0.00156));
#10003=CARTESIAN_POINT('',(0.311576634645462,-0.0686895623803139,0.00306));
#10004=CARTESIAN_POINT('',(0.311576634645462,-0.0686895623803139,0.00306));
#10005=CARTESIAN_POINT('',(0.311576634645462,-0.0587277449667454,0.00306));
#10006=CARTESIAN_POINT('',(0.283090621232987,-0.0576611999422312,0.00306));
#10007=CARTESIAN_POINT('',(0.283090621232987,-0.0576611999422312,0.00156));
#10008=CARTESIAN_POINT('',(0.283090621232987,-0.0502526052296162,0.00156));
#10009=CARTESIAN_POINT('',(0.283090621232987,-0.0650697946548462,0.00156));
#10010=CARTESIAN_POINT('',(0.283090621232987,-0.0502526052296162,0.00306));
#10011=CARTESIAN_POINT('',(0.283090621232987,-0.0502526052296162,0.00306));
#10012=CARTESIAN_POINT('',(0.283090621232987,-0.0576611999422312,0.00306));
#10013=CARTESIAN_POINT('',(0.283090621232987,-0.0650697946548462,0.00306));
#10014=CARTESIAN_POINT('',(0.283090621232987,-0.0650697946548462,0.00306));
#10015=CARTESIAN_POINT('',(0.290545344352722,-0.0502526052296162,0.00306));
#10016=CARTESIAN_POINT('',(0.290545344352722,-0.0502526052296162,0.00156));
#10017=CARTESIAN_POINT('',(0.298000067472458,-0.0502526052296162,0.00156));
#10018=CARTESIAN_POINT('',(0.298000067472458,-0.0502526052296162,0.00306));
#10019=CARTESIAN_POINT('',(0.298000067472458,-0.0502526052296162,0.00306));
#10020=CARTESIAN_POINT('',(0.290545344352722,-0.0502526052296162,0.00306));
#10021=CARTESIAN_POINT('',(0.298000067472458,-0.0576611999422312,0.00306));
#10022=CARTESIAN_POINT('',(0.298000067472458,-0.0576611999422312,0.00156));
#10023=CARTESIAN_POINT('',(0.298000067472458,-0.0650697946548462,0.00156));
#10024=CARTESIAN_POINT('',(0.298000067472458,-0.0650697946548462,0.00306));
#10025=CARTESIAN_POINT('',(0.298000067472458,-0.0650697946548462,0.00306));
#10026=CARTESIAN_POINT('',(0.298000067472458,-0.0576611999422312,0.00306));
#10027=CARTESIAN_POINT('',(0.263526946306228,-0.0577400866895914,0.00306));
#10028=CARTESIAN_POINT('',(0.263526946306228,-0.0577400866895914,0.00156));
#10029=CARTESIAN_POINT('',(0.263526946306228,-0.0504103787243366,0.00156));
#10030=CARTESIAN_POINT('',(0.263526946306228,-0.0650697946548462,0.00156));
#10031=CARTESIAN_POINT('',(0.263526946306228,-0.0504103787243366,0.00306));
#10032=CARTESIAN_POINT('',(0.263526946306228,-0.0504103787243366,0.00306));
#10033=CARTESIAN_POINT('',(0.263526946306228,-0.0577400866895914,0.00306));
#10034=CARTESIAN_POINT('',(0.263526946306228,-0.0650697946548462,0.00306));
#10035=CARTESIAN_POINT('',(0.263526946306228,-0.0650697946548462,0.00306));
#10036=CARTESIAN_POINT('',(0.271060541272164,-0.0504103787243366,0.00306));
#10037=CARTESIAN_POINT('',(0.271060541272164,-0.0504103787243366,0.00156));
#10038=CARTESIAN_POINT('',(0.278594136238098,-0.0504103787243366,0.00156));
#10039=CARTESIAN_POINT('',(0.278594136238098,-0.0504103787243366,0.00306));
#10040=CARTESIAN_POINT('',(0.278594136238098,-0.0504103787243366,0.00306));
#10041=CARTESIAN_POINT('',(0.271060541272164,-0.0504103787243366,0.00306));
#10042=CARTESIAN_POINT('',(0.278594136238098,-0.0577400866895914,0.00306));
#10043=CARTESIAN_POINT('',(0.278594136238098,-0.0577400866895914,0.00156));
#10044=CARTESIAN_POINT('',(0.278594136238098,-0.0650697946548462,0.00156));
#10045=CARTESIAN_POINT('',(0.278594136238098,-0.0650697946548462,0.00306));
#10046=CARTESIAN_POINT('',(0.278594136238098,-0.0650697946548462,0.00306));
#10047=CARTESIAN_POINT('',(0.278594136238098,-0.0577400866895914,0.00306));
#10048=CARTESIAN_POINT('',(0.244121015071869,-0.0576611999422312,0.00306));
#10049=CARTESIAN_POINT('',(0.244121015071869,-0.0576611999422312,0.00156));
#10050=CARTESIAN_POINT('',(0.244121015071869,-0.0502526052296162,0.00156));
#10051=CARTESIAN_POINT('',(0.244121015071869,-0.0650697946548462,0.00156));
#10052=CARTESIAN_POINT('',(0.244121015071869,-0.0502526052296162,0.00306));
#10053=CARTESIAN_POINT('',(0.244121015071869,-0.0502526052296162,0.00306));
#10054=CARTESIAN_POINT('',(0.244121015071869,-0.0576611999422312,0.00306));
#10055=CARTESIAN_POINT('',(0.244121015071869,-0.0650697946548462,0.00306));
#10056=CARTESIAN_POINT('',(0.244121015071869,-0.0650697946548462,0.00306));
#10057=CARTESIAN_POINT('',(0.251615166664123,-0.0502526052296162,0.00306));
#10058=CARTESIAN_POINT('',(0.251615166664123,-0.0502526052296162,0.00156));
#10059=CARTESIAN_POINT('',(0.259109318256378,-0.0502526052296162,0.00156));
#10060=CARTESIAN_POINT('',(0.259109318256378,-0.0502526052296162,0.00306));
#10061=CARTESIAN_POINT('',(0.259109318256378,-0.0502526052296162,0.00306));
#10062=CARTESIAN_POINT('',(0.251615166664123,-0.0502526052296162,0.00306));
#10063=CARTESIAN_POINT('',(0.259109318256378,-0.0576611999422312,0.00306));
#10064=CARTESIAN_POINT('',(0.259109318256378,-0.0576611999422312,0.00156));
#10065=CARTESIAN_POINT('',(0.259109318256378,-0.0650697946548462,0.00156));
#10066=CARTESIAN_POINT('',(0.259109318256378,-0.0650697946548462,0.00306));
#10067=CARTESIAN_POINT('',(0.259109318256378,-0.0650697946548462,0.00306));
#10068=CARTESIAN_POINT('',(0.259109318256378,-0.0576611999422312,0.00306));
#10069=CARTESIAN_POINT('',(0.224797025322914,-0.0578621570020914,0.00306));
#10070=CARTESIAN_POINT('',(0.224797025322914,-0.0578621570020914,0.00156));
#10071=CARTESIAN_POINT('',(0.224797025322914,-0.050554882735014,0.00156));
#10072=CARTESIAN_POINT('',(0.224797025322914,-0.0651694312691689,0.00156));
#10073=CARTESIAN_POINT('',(0.224797025322914,-0.050554882735014,0.00306));
#10074=CARTESIAN_POINT('',(0.224797025322914,-0.050554882735014,0.00306));
#10075=CARTESIAN_POINT('',(0.224797025322914,-0.0578621570020914,0.00306));
#10076=CARTESIAN_POINT('',(0.224797025322914,-0.0651694312691689,0.00306));
#10077=CARTESIAN_POINT('',(0.224797025322914,-0.0651694312691689,0.00306));
#10078=CARTESIAN_POINT('',(0.232104301452637,-0.050554882735014,0.00306));
#10079=CARTESIAN_POINT('',(0.232104301452637,-0.050554882735014,0.00156));
#10080=CARTESIAN_POINT('',(0.239411577582359,-0.050554882735014,0.00156));
#10081=CARTESIAN_POINT('',(0.239411577582359,-0.050554882735014,0.00306));
#10082=CARTESIAN_POINT('',(0.239411577582359,-0.050554882735014,0.00306));
#10083=CARTESIAN_POINT('',(0.232104301452637,-0.050554882735014,0.00306));
#10084=CARTESIAN_POINT('',(0.239411577582359,-0.0578621570020914,0.00306));
#10085=CARTESIAN_POINT('',(0.239411577582359,-0.0578621570020914,0.00156));
#10086=CARTESIAN_POINT('',(0.239411577582359,-0.0651694312691689,0.00156));
#10087=CARTESIAN_POINT('',(0.239411577582359,-0.0651694312691689,0.00306));
#10088=CARTESIAN_POINT('',(0.239411577582359,-0.0651694312691689,0.00306));
#10089=CARTESIAN_POINT('',(0.239411577582359,-0.0578621570020914,0.00306));
#10090=CARTESIAN_POINT('',(0.205217987298966,-0.0577223841100931,0.00306));
#10091=CARTESIAN_POINT('',(0.205217987298966,-0.0577223841100931,0.00156));
#10092=CARTESIAN_POINT('',(0.205217987298966,-0.0503868944942951,0.00156));
#10093=CARTESIAN_POINT('',(0.205217987298966,-0.0650578737258911,0.00156));
#10094=CARTESIAN_POINT('',(0.205217987298966,-0.0503868944942951,0.00306));
#10095=CARTESIAN_POINT('',(0.205217987298966,-0.0503868944942951,0.00306));
#10096=CARTESIAN_POINT('',(0.205217987298966,-0.0577223841100931,0.00306));
#10097=CARTESIAN_POINT('',(0.205217987298966,-0.0650578737258911,0.00306));
#10098=CARTESIAN_POINT('',(0.205217987298966,-0.0650578737258911,0.00306));
#10099=CARTESIAN_POINT('',(0.212636820971966,-0.0503868944942951,0.00306));
#10100=CARTESIAN_POINT('',(0.212636820971966,-0.0503868944942951,0.00156));
#10101=CARTESIAN_POINT('',(0.220055654644966,-0.0503868944942951,0.00156));
#10102=CARTESIAN_POINT('',(0.220055654644966,-0.0503868944942951,0.00306));
#10103=CARTESIAN_POINT('',(0.220055654644966,-0.0503868944942951,0.00306));
#10104=CARTESIAN_POINT('',(0.212636820971966,-0.0503868944942951,0.00306));
#10105=CARTESIAN_POINT('',(0.220055654644966,-0.0577223841100931,0.00306));
#10106=CARTESIAN_POINT('',(0.220055654644966,-0.0577223841100931,0.00156));
#10107=CARTESIAN_POINT('',(0.220055654644966,-0.0650578737258911,0.00156));
#10108=CARTESIAN_POINT('',(0.220055654644966,-0.0650578737258911,0.00306));
#10109=CARTESIAN_POINT('',(0.220055654644966,-0.0650578737258911,0.00306));
#10110=CARTESIAN_POINT('',(0.220055654644966,-0.0577223841100931,0.00306));
#10111=CARTESIAN_POINT('',(0.185886904597282,-0.0577499512583017,0.00306));
#10112=CARTESIAN_POINT('',(0.185886904597282,-0.0577499512583017,0.00156));
#10113=CARTESIAN_POINT('',(0.185886904597282,-0.0503868944942951,0.00156));
#10114=CARTESIAN_POINT('',(0.185886904597282,-0.0651130080223084,0.00156));
#10115=CARTESIAN_POINT('',(0.185886904597282,-0.0503868944942951,0.00306));
#10116=CARTESIAN_POINT('',(0.185886904597282,-0.0503868944942951,0.00306));
#10117=CARTESIAN_POINT('',(0.185886904597282,-0.0577499512583017,0.00306));
#10118=CARTESIAN_POINT('',(0.185886904597282,-0.0651130080223084,0.00306));
#10119=CARTESIAN_POINT('',(0.185886904597282,-0.0651130080223084,0.00306));
#10120=CARTESIAN_POINT('',(0.193158760666847,-0.0503868944942951,0.00306));
#10121=CARTESIAN_POINT('',(0.193158760666847,-0.0503868944942951,0.00156));
#10122=CARTESIAN_POINT('',(0.200430616736412,-0.0503868944942951,0.00156));
#10123=CARTESIAN_POINT('',(0.200430616736412,-0.0503868944942951,0.00306));
#10124=CARTESIAN_POINT('',(0.200430616736412,-0.0503868944942951,0.00306));
#10125=CARTESIAN_POINT('',(0.193158760666847,-0.0503868944942951,0.00306));
#10126=CARTESIAN_POINT('',(0.200430616736412,-0.0577499512583017,0.00306));
#10127=CARTESIAN_POINT('',(0.200430616736412,-0.0577499512583017,0.00156));
#10128=CARTESIAN_POINT('',(0.200430616736412,-0.0651130080223084,0.00156));
#10129=CARTESIAN_POINT('',(0.200430616736412,-0.0651130080223084,0.00306));
#10130=CARTESIAN_POINT('',(0.200430616736412,-0.0651130080223084,0.00306));
#10131=CARTESIAN_POINT('',(0.200430616736412,-0.0577499512583017,0.00306));
#10132=CARTESIAN_POINT('',(0.166308000683785,-0.0577499754726887,0.00306));
#10133=CARTESIAN_POINT('',(0.166308000683785,-0.0577499754726887,0.00156));
#10134=CARTESIAN_POINT('',(0.166308000683785,-0.050493635237217,0.00156));
#10135=CARTESIAN_POINT('',(0.166308000683785,-0.0650063157081604,0.00156));
#10136=CARTESIAN_POINT('',(0.166308000683785,-0.050493635237217,0.00306));
#10137=CARTESIAN_POINT('',(0.166308000683785,-0.050493635237217,0.00306));
#10138=CARTESIAN_POINT('',(0.166308000683785,-0.0577499754726887,0.00306));
#10139=CARTESIAN_POINT('',(0.166308000683785,-0.0650063157081604,0.00306));
#10140=CARTESIAN_POINT('',(0.166308000683785,-0.0650063157081604,0.00306));
#10141=CARTESIAN_POINT('',(0.173564337193966,-0.050493635237217,0.00306));
#10142=CARTESIAN_POINT('',(0.173564337193966,-0.050493635237217,0.00156));
#10143=CARTESIAN_POINT('',(0.180820673704147,-0.050493635237217,0.00156));
#10144=CARTESIAN_POINT('',(0.180820673704147,-0.050493635237217,0.00306));
#10145=CARTESIAN_POINT('',(0.180820673704147,-0.050493635237217,0.00306));
#10146=CARTESIAN_POINT('',(0.173564337193966,-0.050493635237217,0.00306));
#10147=CARTESIAN_POINT('',(0.180820673704147,-0.0577499754726887,0.00306));
#10148=CARTESIAN_POINT('',(0.180820673704147,-0.0577499754726887,0.00156));
#10149=CARTESIAN_POINT('',(0.180820673704147,-0.0650063157081604,0.00156));
#10150=CARTESIAN_POINT('',(0.180820673704147,-0.0650063157081604,0.00306));
#10151=CARTESIAN_POINT('',(0.180820673704147,-0.0650063157081604,0.00306));
#10152=CARTESIAN_POINT('',(0.180820673704147,-0.0577499754726887,0.00306));
#10153=CARTESIAN_POINT('',(0.146735206246376,-0.0577542651444674,0.00306));
#10154=CARTESIAN_POINT('',(0.146735206246376,-0.0577542651444674,0.00156));
#10155=CARTESIAN_POINT('',(0.146735206246376,-0.0504387356340885,0.00156));
#10156=CARTESIAN_POINT('',(0.146735206246376,-0.0650697946548462,0.00156));
#10157=CARTESIAN_POINT('',(0.146735206246376,-0.0504387356340885,0.00306));
#10158=CARTESIAN_POINT('',(0.146735206246376,-0.0504387356340885,0.00306));
#10159=CARTESIAN_POINT('',(0.146735206246376,-0.0577542651444674,0.00306));
#10160=CARTESIAN_POINT('',(0.146735206246376,-0.0650697946548462,0.00306));
#10161=CARTESIAN_POINT('',(0.146735206246376,-0.0650697946548462,0.00306));
#10162=CARTESIAN_POINT('',(0.1540507376194,-0.0504387356340885,0.00306));
#10163=CARTESIAN_POINT('',(0.1540507376194,-0.0504387356340885,0.00156));
#10164=CARTESIAN_POINT('',(0.161366268992424,-0.0504387356340885,0.00156));
#10165=CARTESIAN_POINT('',(0.161366268992424,-0.0504387356340885,0.00306));
#10166=CARTESIAN_POINT('',(0.161366268992424,-0.0504387356340885,0.00306));
#10167=CARTESIAN_POINT('',(0.1540507376194,-0.0504387356340885,0.00306));
#10168=CARTESIAN_POINT('',(0.161366268992424,-0.0577542651444674,0.00306));
#10169=CARTESIAN_POINT('',(0.161366268992424,-0.0577542651444674,0.00156));
#10170=CARTESIAN_POINT('',(0.161366268992424,-0.0650697946548462,0.00156));
#10171=CARTESIAN_POINT('',(0.161366268992424,-0.0650697946548462,0.00306));
#10172=CARTESIAN_POINT('',(0.161366268992424,-0.0650697946548462,0.00306));
#10173=CARTESIAN_POINT('',(0.161366268992424,-0.0577542651444674,0.00306));
#10174=CARTESIAN_POINT('',(0.12707194685936,-0.0576550103724003,0.00306));
#10175=CARTESIAN_POINT('',(0.12707194685936,-0.0576550103724003,0.00156));
#10176=CARTESIAN_POINT('',(0.12707194685936,-0.0502668246626854,0.00156));
#10177=CARTESIAN_POINT('',(0.12707194685936,-0.0650431960821152,0.00156));
#10178=CARTESIAN_POINT('',(0.12707194685936,-0.0502668246626854,0.00306));
#10179=CARTESIAN_POINT('',(0.12707194685936,-0.0502668246626854,0.00306));
#10180=CARTESIAN_POINT('',(0.12707194685936,-0.0576550103724003,0.00306));
#10181=CARTESIAN_POINT('',(0.12707194685936,-0.0650431960821152,0.00306));
#10182=CARTESIAN_POINT('',(0.12707194685936,-0.0650431960821152,0.00306));
#10183=CARTESIAN_POINT('',(0.134491436183453,-0.0502668246626854,0.00306));
#10184=CARTESIAN_POINT('',(0.134491436183453,-0.0502668246626854,0.00156));
#10185=CARTESIAN_POINT('',(0.141910925507545,-0.0502668246626854,0.00156));
#10186=CARTESIAN_POINT('',(0.141910925507545,-0.0502668246626854,0.00306));
#10187=CARTESIAN_POINT('',(0.141910925507545,-0.0502668246626854,0.00306));
#10188=CARTESIAN_POINT('',(0.134491436183453,-0.0502668246626854,0.00306));
#10189=CARTESIAN_POINT('',(0.141910925507545,-0.0576550103724003,0.00306));
#10190=CARTESIAN_POINT('',(0.141910925507545,-0.0576550103724003,0.00156));
#10191=CARTESIAN_POINT('',(0.141910925507545,-0.0650431960821152,0.00156));
#10192=CARTESIAN_POINT('',(0.141910925507545,-0.0650431960821152,0.00306));
#10193=CARTESIAN_POINT('',(0.141910925507545,-0.0650431960821152,0.00306));
#10194=CARTESIAN_POINT('',(0.141910925507545,-0.0576550103724003,0.00306));
#10195=CARTESIAN_POINT('',(0.107614763081074,-0.0577016100287437,0.00306));
#10196=CARTESIAN_POINT('',(0.107614763081074,-0.0577016100287437,0.00156));
#10197=CARTESIAN_POINT('',(0.107614763081074,-0.0503467544913292,0.00156));
#10198=CARTESIAN_POINT('',(0.107614763081074,-0.0650564655661583,0.00156));
#10199=CARTESIAN_POINT('',(0.107614763081074,-0.0503467544913292,0.00306));
#10200=CARTESIAN_POINT('',(0.107614763081074,-0.0503467544913292,0.00306));
#10201=CARTESIAN_POINT('',(0.107614763081074,-0.0577016100287437,0.00306));
#10202=CARTESIAN_POINT('',(0.107614763081074,-0.0650564655661583,0.00306));
#10203=CARTESIAN_POINT('',(0.107614763081074,-0.0650564655661583,0.00306));
#10204=CARTESIAN_POINT('',(0.114969618618488,-0.0503467544913292,0.00306));
#10205=CARTESIAN_POINT('',(0.114969618618488,-0.0503467544913292,0.00156));
#10206=CARTESIAN_POINT('',(0.122324474155903,-0.0503467544913292,0.00156));
#10207=CARTESIAN_POINT('',(0.122324474155903,-0.0503467544913292,0.00306));
#10208=CARTESIAN_POINT('',(0.122324474155903,-0.0503467544913292,0.00306));
#10209=CARTESIAN_POINT('',(0.114969618618488,-0.0503467544913292,0.00306));
#10210=CARTESIAN_POINT('',(0.122324474155903,-0.0577016100287437,0.00306));
#10211=CARTESIAN_POINT('',(0.122324474155903,-0.0577016100287437,0.00156));
#10212=CARTESIAN_POINT('',(0.122324474155903,-0.0650564655661583,0.00156));
#10213=CARTESIAN_POINT('',(0.122324474155903,-0.0650564655661583,0.00306));
#10214=CARTESIAN_POINT('',(0.122324474155903,-0.0650564655661583,0.00306));
#10215=CARTESIAN_POINT('',(0.122324474155903,-0.0577016100287437,0.00306));
#10216=CARTESIAN_POINT('',(0.0882447361946106,-0.0577523335814476,0.00306));
#10217=CARTESIAN_POINT('',(0.0882447361946106,-0.0577523335814476,0.00156));
#10218=CARTESIAN_POINT('',(0.0882447361946106,-0.0505052506923676,0.00156));
#10219=CARTESIAN_POINT('',(0.0882447361946106,-0.0649994164705277,0.00156));
#10220=CARTESIAN_POINT('',(0.0882447361946106,-0.0505052506923676,0.00306));
#10221=CARTESIAN_POINT('',(0.0882447361946106,-0.0505052506923676,0.00306));
#10222=CARTESIAN_POINT('',(0.0882447361946106,-0.0577523335814476,0.00306));
#10223=CARTESIAN_POINT('',(0.0882447361946106,-0.0649994164705277,0.00306));
#10224=CARTESIAN_POINT('',(0.0882447361946106,-0.0649994164705277,0.00306));
#10225=CARTESIAN_POINT('',(0.0954420641064644,-0.0505052506923676,0.00306));
#10226=CARTESIAN_POINT('',(0.0954420641064644,-0.0505052506923676,0.00156));
#10227=CARTESIAN_POINT('',(0.102639392018318,-0.0505052506923676,0.00156));
#10228=CARTESIAN_POINT('',(0.102639392018318,-0.0505052506923676,0.00306));
#10229=CARTESIAN_POINT('',(0.102639392018318,-0.0505052506923676,0.00306));
#10230=CARTESIAN_POINT('',(0.0954420641064644,-0.0505052506923676,0.00306));
#10231=CARTESIAN_POINT('',(0.102639392018318,-0.0577523335814476,0.00306));
#10232=CARTESIAN_POINT('',(0.102639392018318,-0.0577523335814476,0.00156));
#10233=CARTESIAN_POINT('',(0.102639392018318,-0.0649994164705277,0.00156));
#10234=CARTESIAN_POINT('',(0.102639392018318,-0.0649994164705277,0.00306));
#10235=CARTESIAN_POINT('',(0.102639392018318,-0.0649994164705277,0.00306));
#10236=CARTESIAN_POINT('',(0.102639392018318,-0.0577523335814476,0.00306));
#10237=CARTESIAN_POINT('',(0.068470872938633,-0.0578472726047039,0.00306));
#10238=CARTESIAN_POINT('',(0.068470872938633,-0.0578472726047039,0.00156));
#10239=CARTESIAN_POINT('',(0.068470872938633,-0.0503660626709461,0.00156));
#10240=CARTESIAN_POINT('',(0.068470872938633,-0.0653284825384617,0.00156));
#10241=CARTESIAN_POINT('',(0.068470872938633,-0.0503660626709461,0.00306));
#10242=CARTESIAN_POINT('',(0.068470872938633,-0.0503660626709461,0.00306));
#10243=CARTESIAN_POINT('',(0.068470872938633,-0.0578472726047039,0.00306));
#10244=CARTESIAN_POINT('',(0.068470872938633,-0.0653284825384617,0.00306));
#10245=CARTESIAN_POINT('',(0.068470872938633,-0.0653284825384617,0.00306));
#10246=CARTESIAN_POINT('',(0.07588373683393,-0.0503660626709461,0.00306));
#10247=CARTESIAN_POINT('',(0.07588373683393,-0.0503660626709461,0.00156));
#10248=CARTESIAN_POINT('',(0.0832966007292271,-0.0503660626709461,0.00156));
#10249=CARTESIAN_POINT('',(0.0832966007292271,-0.0503660626709461,0.00306));
#10250=CARTESIAN_POINT('',(0.0832966007292271,-0.0503660626709461,0.00306));
#10251=CARTESIAN_POINT('',(0.07588373683393,-0.0503660626709461,0.00306));
#10252=CARTESIAN_POINT('',(0.0832966007292271,-0.0578472726047039,0.00306));
#10253=CARTESIAN_POINT('',(0.0832966007292271,-0.0578472726047039,0.00156));
#10254=CARTESIAN_POINT('',(0.0832966007292271,-0.0653284825384617,0.00156));
#10255=CARTESIAN_POINT('',(0.0832966007292271,-0.0653284825384617,0.00306));
#10256=CARTESIAN_POINT('',(0.0832966007292271,-0.0653284825384617,0.00306));
#10257=CARTESIAN_POINT('',(0.0832966007292271,-0.0578472726047039,0.00306));
#10258=CARTESIAN_POINT('',(0.0488257631659508,-0.0578640382736921,0.00306));
#10259=CARTESIAN_POINT('',(0.0488257631659508,-0.0578640382736921,0.00156));
#10260=CARTESIAN_POINT('',(0.0488257631659508,-0.0503060035407543,0.00156));
#10261=CARTESIAN_POINT('',(0.0488257631659508,-0.0654220730066299,0.00156));
#10262=CARTESIAN_POINT('',(0.0488257631659508,-0.0503060035407543,0.00306));
#10263=CARTESIAN_POINT('',(0.0488257631659508,-0.0503060035407543,0.00306));
#10264=CARTESIAN_POINT('',(0.0488257631659508,-0.0578640382736921,0.00306));
#10265=CARTESIAN_POINT('',(0.0488257631659508,-0.0654220730066299,0.00306));
#10266=CARTESIAN_POINT('',(0.0488257631659508,-0.0654220730066299,0.00306));
#10267=CARTESIAN_POINT('',(0.0564312376081944,-0.0503060035407543,0.00306));
#10268=CARTESIAN_POINT('',(0.0564312376081944,-0.0503060035407543,0.00156));
#10269=CARTESIAN_POINT('',(0.0640367120504379,-0.0503060035407543,0.00156));
#10270=CARTESIAN_POINT('',(0.0640367120504379,-0.0503060035407543,0.00306));
#10271=CARTESIAN_POINT('',(0.0640367120504379,-0.0503060035407543,0.00306));
#10272=CARTESIAN_POINT('',(0.0564312376081944,-0.0503060035407543,0.00306));
#10273=CARTESIAN_POINT('',(0.0640367120504379,-0.0578640382736921,0.00306));
#10274=CARTESIAN_POINT('',(0.0640367120504379,-0.0578640382736921,0.00156));
#10275=CARTESIAN_POINT('',(0.0640367120504379,-0.0654220730066299,0.00156));
#10276=CARTESIAN_POINT('',(0.0640367120504379,-0.0654220730066299,0.00306));
#10277=CARTESIAN_POINT('',(0.0640367120504379,-0.0654220730066299,0.00306));
#10278=CARTESIAN_POINT('',(0.0640367120504379,-0.0578640382736921,0.00306));
#10279=CARTESIAN_POINT('',(0.0525298089808726,-0.11013925075531,0.00306));
#10280=CARTESIAN_POINT('',(0.0525298089808726,-0.11013925075531,0.00156));
#10281=CARTESIAN_POINT('',(0.0525289289653301,-0.109977233510644,0.00156));
#10282=CARTESIAN_POINT('',(0.0525306889964151,-0.110301267999976,0.00156));
#10283=CARTESIAN_POINT('',(0.0525289289653301,-0.109977233510644,0.00306));
#10284=CARTESIAN_POINT('',(0.0525289289653301,-0.109977233510644,0.00306));
#10285=CARTESIAN_POINT('',(0.0525298089808726,-0.11013925075531,0.00306));
#10286=CARTESIAN_POINT('',(0.0525306889964151,-0.110301267999976,0.00306));
#10287=CARTESIAN_POINT('',(0.0525306889964151,-0.110301267999976,0.00306));
#10288=CARTESIAN_POINT('',(0.0562870365777912,-0.109977233510644,0.00306));
#10289=CARTESIAN_POINT('',(0.0562870365777912,-0.109977233510644,0.00156));
#10290=CARTESIAN_POINT('',(0.0600451441902523,-0.109977233510644,0.00156));
#10291=CARTESIAN_POINT('',(0.0600451441902523,-0.109977233510644,0.00306));
#10292=CARTESIAN_POINT('',(0.0600451441902523,-0.109977233510644,0.00306));
#10293=CARTESIAN_POINT('',(0.0562870365777912,-0.109977233510644,0.00306));
#10294=CARTESIAN_POINT('',(0.0600141410926285,-0.119567060520962,0.00306));
#10295=CARTESIAN_POINT('',(0.0600141410926285,-0.119567060520962,0.00156));
#10296=CARTESIAN_POINT('',(0.0599831379950047,-0.12915688753128,0.00156));
#10297=CARTESIAN_POINT('',(0.0599831379950047,-0.12915688753128,0.00306));
#10298=CARTESIAN_POINT('',(0.0599831379950047,-0.12915688753128,0.00306));
#10299=CARTESIAN_POINT('',(0.0600141410926285,-0.119567060520962,0.00306));
#10300=CARTESIAN_POINT('',(0.056226434186101,-0.12915688753128,0.00306));
#10301=CARTESIAN_POINT('',(0.056226434186101,-0.12915688753128,0.00156));
#10302=CARTESIAN_POINT('',(0.0524697303771973,-0.12915688753128,0.00156));
#10303=CARTESIAN_POINT('',(0.0524697303771973,-0.12915688753128,0.00306));
#10304=CARTESIAN_POINT('',(0.0524697303771973,-0.12915688753128,0.00306));
#10305=CARTESIAN_POINT('',(0.056226434186101,-0.12915688753128,0.00306));
#10306=CARTESIAN_POINT('',(0.365890711545944,-0.0454,0.00306));
#10307=CARTESIAN_POINT('',(0.365890711545944,-0.0454,0.00156));
#10308=CARTESIAN_POINT('',(0.365835160017013,-0.047189540712351,0.00156));
#10309=CARTESIAN_POINT('',(0.364951318776405,-0.0469241663813591,0.00156));
#10310=CARTESIAN_POINT('',(0.365835160017013,-0.047189540712351,0.00306));
#10311=CARTESIAN_POINT('',(0.365835160017013,-0.047189540712351,0.00306));
#10312=CARTESIAN_POINT('',(0.365890711545944,-0.0454,0.00306));
#10313=CARTESIAN_POINT('',(0.364951318776405,-0.0469241663813591,0.00306));
#10314=CARTESIAN_POINT('',(0.364951318776405,-0.0469241663813591,0.00306));
#10315=CARTESIAN_POINT('',(0.365835160017013,-0.0740107705435725,0.00306));
#10316=CARTESIAN_POINT('',(0.365835160017013,-0.0740107705435725,0.00156));
#10317=CARTESIAN_POINT('',(0.365835160017013,-0.100832000374794,0.00156));
#10318=CARTESIAN_POINT('',(0.365835160017013,-0.100832000374794,0.00306));
#10319=CARTESIAN_POINT('',(0.365835160017013,-0.100832000374794,0.00306));
#10320=CARTESIAN_POINT('',(0.365835160017013,-0.0740107705435725,0.00306));
#10321=CARTESIAN_POINT('',(0.352953866124153,-0.100832000374794,0.00306));
#10322=CARTESIAN_POINT('',(0.352953866124153,-0.100832000374794,0.00156));
#10323=CARTESIAN_POINT('',(0.340072572231293,-0.100832000374794,0.00156));
#10324=CARTESIAN_POINT('',(0.340072572231293,-0.100832000374794,0.00306));
#10325=CARTESIAN_POINT('',(0.340072572231293,-0.100832000374794,0.00306));
#10326=CARTESIAN_POINT('',(0.352953866124153,-0.100832000374794,0.00306));
#10327=CARTESIAN_POINT('',(0.340072572231293,-0.0738780833780766,0.00306));
#10328=CARTESIAN_POINT('',(0.340072572231293,-0.0738780833780766,0.00156));
#10329=CARTESIAN_POINT('',(0.340072572231293,-0.0469241663813591,0.00156));
#10330=CARTESIAN_POINT('',(0.340072572231293,-0.0469241663813591,0.00306));
#10331=CARTESIAN_POINT('',(0.340072572231293,-0.0469241663813591,0.00306));
#10332=CARTESIAN_POINT('',(0.340072572231293,-0.0738780833780766,0.00306));
#10333=CARTESIAN_POINT('',(0.0827940553426743,-0.0984292775392532,0.00306));
#10334=CARTESIAN_POINT('',(0.0827940553426743,-0.0984292775392532,0.00156));
#10335=CARTESIAN_POINT('',(0.0827940553426743,-0.0911350101232529,0.00156));
#10336=CARTESIAN_POINT('',(0.0827940553426743,-0.105723544955254,0.00156));
#10337=CARTESIAN_POINT('',(0.0827940553426743,-0.0911350101232529,0.00306));
#10338=CARTESIAN_POINT('',(0.0827940553426743,-0.0911350101232529,0.00306));
#10339=CARTESIAN_POINT('',(0.0827940553426743,-0.0984292775392532,0.00306));
#10340=CARTESIAN_POINT('',(0.0827940553426743,-0.105723544955254,0.00306));
#10341=CARTESIAN_POINT('',(0.0827940553426743,-0.105723544955254,0.00306));
#10342=CARTESIAN_POINT('',(0.0901196300983429,-0.0911350101232529,0.00306));
#10343=CARTESIAN_POINT('',(0.0901196300983429,-0.0911350101232529,0.00156));
#10344=CARTESIAN_POINT('',(0.0974452048540115,-0.0911350101232529,0.00156));
#10345=CARTESIAN_POINT('',(0.0974452048540115,-0.0911350101232529,0.00306));
#10346=CARTESIAN_POINT('',(0.0974452048540115,-0.0911350101232529,0.00306));
#10347=CARTESIAN_POINT('',(0.0901196300983429,-0.0911350101232529,0.00306));
#10348=CARTESIAN_POINT('',(0.0974452048540115,-0.0984292775392532,0.00306));
#10349=CARTESIAN_POINT('',(0.0974452048540115,-0.0984292775392532,0.00156));
#10350=CARTESIAN_POINT('',(0.0974452048540115,-0.105723544955254,0.00156));
#10351=CARTESIAN_POINT('',(0.0974452048540115,-0.105723544955254,0.00306));
#10352=CARTESIAN_POINT('',(0.0974452048540115,-0.105723544955254,0.00306));
#10353=CARTESIAN_POINT('',(0.0974452048540115,-0.0984292775392532,0.00306));
#10354=CARTESIAN_POINT('',(0.129132635891437,-0.105747647583485,0.00306));
#10355=CARTESIAN_POINT('',(0.129132635891437,-0.105747647583485,0.00156));
#10356=CARTESIAN_POINT('',(0.129132635891437,-0.105747647583485,0.00306));
#10357=CARTESIAN_POINT('',(0.148729704320431,-0.105669662356377,0.00306));
#10358=CARTESIAN_POINT('',(0.148729704320431,-0.105669662356377,0.00156));
#10359=CARTESIAN_POINT('',(0.148729704320431,-0.105669662356377,0.00306));
#10360=CARTESIAN_POINT('',(0.168219067156315,-0.105528950691223,0.00306));
#10361=CARTESIAN_POINT('',(0.168219067156315,-0.105528950691223,0.00156));
#10362=CARTESIAN_POINT('',(0.168219067156315,-0.105528950691223,0.00306));
#10363=CARTESIAN_POINT('',(0.18765103071928,-0.105773732066154,0.00306));
#10364=CARTESIAN_POINT('',(0.18765103071928,-0.105773732066154,0.00156));
#10365=CARTESIAN_POINT('',(0.18765103071928,-0.105773732066154,0.00306));
#10366=CARTESIAN_POINT('',(0.207202516496182,-0.105915755033493,0.00306));
#10367=CARTESIAN_POINT('',(0.207202516496182,-0.105915755033493,0.00156));
#10368=CARTESIAN_POINT('',(0.207202516496182,-0.105915755033493,0.00306));
#10369=CARTESIAN_POINT('',(0.226622283458709,-0.105806075036526,0.00306));
#10370=CARTESIAN_POINT('',(0.226622283458709,-0.105806075036526,0.00156));
#10371=CARTESIAN_POINT('',(0.226622283458709,-0.105806075036526,0.00306));
#10372=CARTESIAN_POINT('',(0.246262796223163,-0.106056809425354,0.00306));
#10373=CARTESIAN_POINT('',(0.246262796223163,-0.106056809425354,0.00156));
#10374=CARTESIAN_POINT('',(0.246262796223163,-0.106056809425354,0.00306));
#10375=CARTESIAN_POINT('',(0.265569016337394,-0.105973228812218,0.00306));
#10376=CARTESIAN_POINT('',(0.265569016337394,-0.105973228812218,0.00156));
#10377=CARTESIAN_POINT('',(0.265569016337394,-0.105973228812218,0.00306));
#10378=CARTESIAN_POINT('',(0.285219356417656,-0.106055147945881,0.00306));
#10379=CARTESIAN_POINT('',(0.285219356417656,-0.106055147945881,0.00156));
#10380=CARTESIAN_POINT('',(0.285219356417656,-0.106055147945881,0.00306));
#10381=CARTESIAN_POINT('',(0.317131072282791,-0.106389604508877,0.00306));
#10382=CARTESIAN_POINT('',(0.317131072282791,-0.106389604508877,0.00156));
#10383=CARTESIAN_POINT('',(0.317131072282791,-0.106389604508877,0.00306));
#10384=CARTESIAN_POINT('',(0.0682102367281914,-0.125655993819237,0.00306));
#10385=CARTESIAN_POINT('',(0.0682102367281914,-0.125655993819237,0.00156));
#10386=CARTESIAN_POINT('',(0.0682102367281914,-0.125655993819237,0.00306));
#10387=CARTESIAN_POINT('',(0.099660586565733,-0.125796720385551,0.00306));
#10388=CARTESIAN_POINT('',(0.099660586565733,-0.125796720385551,0.00156));
#10389=CARTESIAN_POINT('',(0.099660586565733,-0.125796720385551,0.00306));
#10390=CARTESIAN_POINT('',(0.119267262518406,-0.1258544921875,0.00306));
#10391=CARTESIAN_POINT('',(0.119267262518406,-0.1258544921875,0.00156));
#10392=CARTESIAN_POINT('',(0.119267262518406,-0.1258544921875,0.00306));
#10393=CARTESIAN_POINT('',(0.0801328085362911,-0.129207015037537,0.00306));
#10394=CARTESIAN_POINT('',(0.0801328085362911,-0.129207015037537,0.00156));
#10395=CARTESIAN_POINT('',(0.0801328085362911,-0.129207015037537,0.00306));
#10396=CARTESIAN_POINT('',(0.35414519906044,-0.108426749706268,0.00306));
#10397=CARTESIAN_POINT('',(0.35414519906044,-0.108426749706268,0.00156));
#10398=CARTESIAN_POINT('',(0.35414519906044,-0.108426749706268,0.00306));
#10399=CARTESIAN_POINT('',(0.0441,0.,0.00306));
#10400=CARTESIAN_POINT('',(0.0441,0.,0.00156));
#10401=CARTESIAN_POINT('',(0.0441,0.,0.00306));
#10402=CARTESIAN_POINT('',(0.326587170362472,-0.146076411008835,0.00306));
#10403=CARTESIAN_POINT('',(0.326587170362472,-0.146076411008835,0.00156));
#10404=CARTESIAN_POINT('',(0.326587170362472,-0.146076411008835,0.00306));
#10405=CARTESIAN_POINT('',(0.301509708166122,-0.146076411008835,0.00306));
#10406=CARTESIAN_POINT('',(0.301509708166122,-0.146076411008835,0.00156));
#10407=CARTESIAN_POINT('',(0.301509708166122,-0.146076411008835,0.00306));
#10408=CARTESIAN_POINT('',(0.277027800679207,-0.146158888936043,0.00306));
#10409=CARTESIAN_POINT('',(0.277027800679207,-0.146158888936043,0.00156));
#10410=CARTESIAN_POINT('',(0.277027800679207,-0.146158888936043,0.00306));
#10411=CARTESIAN_POINT('',(0.252542957663536,-0.146076411008835,0.00306));
#10412=CARTESIAN_POINT('',(0.252542957663536,-0.146076411008835,0.00156));
#10413=CARTESIAN_POINT('',(0.252542957663536,-0.146076411008835,0.00306));
#10414=CARTESIAN_POINT('',(0.229934357106685,-0.149629920721054,0.00306));
#10415=CARTESIAN_POINT('',(0.229934357106685,-0.149629920721054,0.00156));
#10416=CARTESIAN_POINT('',(0.229934357106685,-0.149629920721054,0.00306));
#10417=CARTESIAN_POINT('',(0.179895244538784,-0.146076411008835,0.00306));
#10418=CARTESIAN_POINT('',(0.179895244538784,-0.146076411008835,0.00156));
#10419=CARTESIAN_POINT('',(0.179895244538784,-0.146076411008835,0.00306));
#10420=CARTESIAN_POINT('',(0.129767812788486,-0.149542942643166,0.00306));
#10421=CARTESIAN_POINT('',(0.129767812788486,-0.149542942643166,0.00156));
#10422=CARTESIAN_POINT('',(0.129767812788486,-0.149542942643166,0.00306));
#10423=CARTESIAN_POINT('',(0.107429936528206,-0.146076411008835,0.00306));
#10424=CARTESIAN_POINT('',(0.107429936528206,-0.146076411008835,0.00156));
#10425=CARTESIAN_POINT('',(0.107429936528206,-0.146076411008835,0.00306));
#10426=CARTESIAN_POINT('',(0.0830205380916596,-0.146076411008835,0.00306));
#10427=CARTESIAN_POINT('',(0.0830205380916596,-0.146076411008835,0.00156));
#10428=CARTESIAN_POINT('',(0.0830205380916596,-0.146076411008835,0.00306));
#10429=CARTESIAN_POINT('',(0.0586529690772295,-0.146076411008835,0.00306));
#10430=CARTESIAN_POINT('',(0.0586529690772295,-0.146076411008835,0.00156));
#10431=CARTESIAN_POINT('',(0.0586529690772295,-0.146076411008835,0.00306));
#10432=CARTESIAN_POINT('',(0.324248313903808,-0.129681214690208,0.00306));
#10433=CARTESIAN_POINT('',(0.324248313903808,-0.129681214690208,0.00156));
#10434=CARTESIAN_POINT('',(0.324248313903808,-0.129681214690208,0.00306));
#10435=CARTESIAN_POINT('',(0.300302783689385,-0.1295485496521,0.00306));
#10436=CARTESIAN_POINT('',(0.300302783689385,-0.1295485496521,0.00156));
#10437=CARTESIAN_POINT('',(0.300302783689385,-0.1295485496521,0.00306));
#10438=CARTESIAN_POINT('',(0.312341213226319,-0.126298144459724,0.00306));
#10439=CARTESIAN_POINT('',(0.312341213226319,-0.126298144459724,0.00156));
#10440=CARTESIAN_POINT('',(0.312341213226319,-0.126298144459724,0.00306));
#10441=CARTESIAN_POINT('',(0.32915709912777,-0.10978077352047,0.00306));
#10442=CARTESIAN_POINT('',(0.32915709912777,-0.10978077352047,0.00156));
#10443=CARTESIAN_POINT('',(0.32915709912777,-0.10978077352047,0.00306));
#10444=CARTESIAN_POINT('',(0.305111765861511,-0.109807498753071,0.00306));
#10445=CARTESIAN_POINT('',(0.305111765861511,-0.109807498753071,0.00156));
#10446=CARTESIAN_POINT('',(0.305111765861511,-0.109807498753071,0.00306));
#10447=CARTESIAN_POINT('',(0.275412306189537,-0.126168951392174,0.00306));
#10448=CARTESIAN_POINT('',(0.275412306189537,-0.126168951392174,0.00156));
#10449=CARTESIAN_POINT('',(0.275412306189537,-0.126168951392174,0.00306));
#10450=CARTESIAN_POINT('',(0.255907885730267,-0.126172170042992,0.00306));
#10451=CARTESIAN_POINT('',(0.255907885730267,-0.126172170042992,0.00156));
#10452=CARTESIAN_POINT('',(0.255907885730267,-0.126172170042992,0.00306));
#10453=CARTESIAN_POINT('',(0.236437030136585,-0.126469999551773,0.00306));
#10454=CARTESIAN_POINT('',(0.236437030136585,-0.126469999551773,0.00156));
#10455=CARTESIAN_POINT('',(0.236437030136585,-0.126469999551773,0.00306));
#10456=CARTESIAN_POINT('',(0.216772563755513,-0.126303777098656,0.00306));
#10457=CARTESIAN_POINT('',(0.216772563755513,-0.126303777098656,0.00156));
#10458=CARTESIAN_POINT('',(0.216772563755513,-0.126303777098656,0.00306));
#10459=CARTESIAN_POINT('',(0.197329446673394,-0.126244679093361,0.00306));
#10460=CARTESIAN_POINT('',(0.197329446673394,-0.126244679093361,0.00156));
#10461=CARTESIAN_POINT('',(0.197329446673394,-0.126244679093361,0.00306));
#10462=CARTESIAN_POINT('',(0.177782699465751,-0.126023843884468,0.00306));
#10463=CARTESIAN_POINT('',(0.177782699465751,-0.126023843884468,0.00156));
#10464=CARTESIAN_POINT('',(0.177782699465751,-0.126023843884468,0.00306));
#10465=CARTESIAN_POINT('',(0.158297218382358,-0.126098096370697,0.00306));
#10466=CARTESIAN_POINT('',(0.158297218382358,-0.126098096370697,0.00156));
#10467=CARTESIAN_POINT('',(0.158297218382358,-0.126098096370697,0.00306));
#10468=CARTESIAN_POINT('',(0.138637132942677,-0.126098096370697,0.00306));
#10469=CARTESIAN_POINT('',(0.138637132942677,-0.126098096370697,0.00156));
#10470=CARTESIAN_POINT('',(0.138637132942677,-0.126098096370697,0.00306));
#10471=CARTESIAN_POINT('',(0.0634783301502466,-0.105598323047161,0.00306));
#10472=CARTESIAN_POINT('',(0.0634783301502466,-0.105598323047161,0.00156));
#10473=CARTESIAN_POINT('',(0.0634783301502466,-0.105598323047161,0.00306));
#10474=CARTESIAN_POINT('',(0.0612556133419275,-0.085625171661377,0.00306));
#10475=CARTESIAN_POINT('',(0.0612556133419275,-0.085625171661377,0.00156));
#10476=CARTESIAN_POINT('',(0.0612556133419275,-0.085625171661377,0.00306));
#10477=CARTESIAN_POINT('',(0.0854169465601444,-0.0856607034802437,0.00306));
#10478=CARTESIAN_POINT('',(0.0854169465601444,-0.0856607034802437,0.00156));
#10479=CARTESIAN_POINT('',(0.0854169465601444,-0.0856607034802437,0.00306));
#10480=CARTESIAN_POINT('',(0.104898262768984,-0.0855880379676819,0.00306));
#10481=CARTESIAN_POINT('',(0.104898262768984,-0.0855880379676819,0.00156));
#10482=CARTESIAN_POINT('',(0.104898262768984,-0.0855880379676819,0.00306));
#10483=CARTESIAN_POINT('',(0.124457478523254,-0.0857254639267921,0.00306));
#10484=CARTESIAN_POINT('',(0.124457478523254,-0.0857254639267921,0.00156));
#10485=CARTESIAN_POINT('',(0.124457478523254,-0.0857254639267921,0.00306));
#10486=CARTESIAN_POINT('',(0.14389842748642,-0.0856628492474556,0.00306));
#10487=CARTESIAN_POINT('',(0.14389842748642,-0.0856628492474556,0.00156));
#10488=CARTESIAN_POINT('',(0.14389842748642,-0.0856628492474556,0.00306));
#10489=CARTESIAN_POINT('',(0.163425788283348,-0.0856930240988731,0.00306));
#10490=CARTESIAN_POINT('',(0.163425788283348,-0.0856930240988731,0.00156));
#10491=CARTESIAN_POINT('',(0.163425788283348,-0.0856930240988731,0.00306));
#10492=CARTESIAN_POINT('',(0.182932615280152,-0.0856403708457947,0.00306));
#10493=CARTESIAN_POINT('',(0.182932615280152,-0.0856403708457947,0.00156));
#10494=CARTESIAN_POINT('',(0.182932615280152,-0.0856403708457947,0.00306));
#10495=CARTESIAN_POINT('',(0.202427849173546,-0.0856839790940285,0.00306));
#10496=CARTESIAN_POINT('',(0.202427849173546,-0.0856839790940285,0.00156));
#10497=CARTESIAN_POINT('',(0.202427849173546,-0.0856839790940285,0.00306));
#10498=CARTESIAN_POINT('',(0.221932373940944,-0.0856839790940285,0.00306));
#10499=CARTESIAN_POINT('',(0.221932373940944,-0.0856839790940285,0.00156));
#10500=CARTESIAN_POINT('',(0.221932373940944,-0.0856839790940285,0.00306));
#10501=CARTESIAN_POINT('',(0.241374477744103,-0.0859149843454361,0.00306));
#10502=CARTESIAN_POINT('',(0.241374477744103,-0.0859149843454361,0.00156));
#10503=CARTESIAN_POINT('',(0.241374477744103,-0.0859149843454361,0.00306));
#10504=CARTESIAN_POINT('',(0.260810360312462,-0.0856793522834778,0.00306));
#10505=CARTESIAN_POINT('',(0.260810360312462,-0.0856793522834778,0.00156));
#10506=CARTESIAN_POINT('',(0.260810360312462,-0.0856793522834778,0.00306));
#10507=CARTESIAN_POINT('',(0.280282601714134,-0.0857419669628143,0.00306));
#10508=CARTESIAN_POINT('',(0.280282601714134,-0.0857419669628143,0.00156));
#10509=CARTESIAN_POINT('',(0.280282601714134,-0.0857419669628143,0.00306));
#10510=CARTESIAN_POINT('',(0.299786150455475,-0.0858671888709068,0.00306));
#10511=CARTESIAN_POINT('',(0.299786150455475,-0.0858671888709068,0.00156));
#10512=CARTESIAN_POINT('',(0.299786150455475,-0.0858671888709068,0.00306));
#10513=CARTESIAN_POINT('',(0.324267357587814,-0.0856793522834778,0.00306));
#10514=CARTESIAN_POINT('',(0.324267357587814,-0.0856793522834778,0.00156));
#10515=CARTESIAN_POINT('',(0.324267357587814,-0.0856793522834778,0.00306));
#10516=CARTESIAN_POINT('',(0.331552192568779,-0.068553663790226,0.00306));
#10517=CARTESIAN_POINT('',(0.331552192568779,-0.068553663790226,0.00156));
#10518=CARTESIAN_POINT('',(0.331552192568779,-0.068553663790226,0.00306));
#10519=CARTESIAN_POINT('',(0.319653302431106,-0.0654473155736923,0.00306));
#10520=CARTESIAN_POINT('',(0.319653302431106,-0.0654473155736923,0.00156));
#10521=CARTESIAN_POINT('',(0.319653302431106,-0.0654473155736923,0.00306));
#10522=CARTESIAN_POINT('',(0.307563379406929,-0.0686895623803139,0.00306));
#10523=CARTESIAN_POINT('',(0.307563379406929,-0.0686895623803139,0.00156));
#10524=CARTESIAN_POINT('',(0.307563379406929,-0.0686895623803139,0.00306));
#10525=CARTESIAN_POINT('',(0.290545344352722,-0.0650697946548462,0.00306));
#10526=CARTESIAN_POINT('',(0.290545344352722,-0.0650697946548462,0.00156));
#10527=CARTESIAN_POINT('',(0.290545344352722,-0.0650697946548462,0.00306));
#10528=CARTESIAN_POINT('',(0.271060541272164,-0.0650697946548462,0.00306));
#10529=CARTESIAN_POINT('',(0.271060541272164,-0.0650697946548462,0.00156));
#10530=CARTESIAN_POINT('',(0.271060541272164,-0.0650697946548462,0.00306));
#10531=CARTESIAN_POINT('',(0.251615166664123,-0.0650697946548462,0.00306));
#10532=CARTESIAN_POINT('',(0.251615166664123,-0.0650697946548462,0.00156));
#10533=CARTESIAN_POINT('',(0.251615166664123,-0.0650697946548462,0.00306));
#10534=CARTESIAN_POINT('',(0.232104301452637,-0.0651694312691689,0.00306));
#10535=CARTESIAN_POINT('',(0.232104301452637,-0.0651694312691689,0.00156));
#10536=CARTESIAN_POINT('',(0.232104301452637,-0.0651694312691689,0.00306));
#10537=CARTESIAN_POINT('',(0.212636820971966,-0.0650578737258911,0.00306));
#10538=CARTESIAN_POINT('',(0.212636820971966,-0.0650578737258911,0.00156));
#10539=CARTESIAN_POINT('',(0.212636820971966,-0.0650578737258911,0.00306));
#10540=CARTESIAN_POINT('',(0.193158760666847,-0.0651130080223084,0.00306));
#10541=CARTESIAN_POINT('',(0.193158760666847,-0.0651130080223084,0.00156));
#10542=CARTESIAN_POINT('',(0.193158760666847,-0.0651130080223084,0.00306));
#10543=CARTESIAN_POINT('',(0.173564337193966,-0.0650063157081604,0.00306));
#10544=CARTESIAN_POINT('',(0.173564337193966,-0.0650063157081604,0.00156));
#10545=CARTESIAN_POINT('',(0.173564337193966,-0.0650063157081604,0.00306));
#10546=CARTESIAN_POINT('',(0.1540507376194,-0.0650697946548462,0.00306));
#10547=CARTESIAN_POINT('',(0.1540507376194,-0.0650697946548462,0.00156));
#10548=CARTESIAN_POINT('',(0.1540507376194,-0.0650697946548462,0.00306));
#10549=CARTESIAN_POINT('',(0.134491436183453,-0.0650431960821152,0.00306));
#10550=CARTESIAN_POINT('',(0.134491436183453,-0.0650431960821152,0.00156));
#10551=CARTESIAN_POINT('',(0.134491436183453,-0.0650431960821152,0.00306));
#10552=CARTESIAN_POINT('',(0.114969618618488,-0.0650564655661583,0.00306));
#10553=CARTESIAN_POINT('',(0.114969618618488,-0.0650564655661583,0.00156));
#10554=CARTESIAN_POINT('',(0.114969618618488,-0.0650564655661583,0.00306));
#10555=CARTESIAN_POINT('',(0.0954420641064644,-0.0649994164705277,0.00306));
#10556=CARTESIAN_POINT('',(0.0954420641064644,-0.0649994164705277,0.00156));
#10557=CARTESIAN_POINT('',(0.0954420641064644,-0.0649994164705277,0.00306));
#10558=CARTESIAN_POINT('',(0.07588373683393,-0.0653284825384617,0.00306));
#10559=CARTESIAN_POINT('',(0.07588373683393,-0.0653284825384617,0.00156));
#10560=CARTESIAN_POINT('',(0.07588373683393,-0.0653284825384617,0.00306));
#10561=CARTESIAN_POINT('',(0.0564312376081944,-0.0654220730066299,0.00306));
#10562=CARTESIAN_POINT('',(0.0564312376081944,-0.0654220730066299,0.00156));
#10563=CARTESIAN_POINT('',(0.0564312376081944,-0.0654220730066299,0.00306));
#10564=CARTESIAN_POINT('',(0.0525002096868062,-0.119729077765628,0.00306));
#10565=CARTESIAN_POINT('',(0.0525002096868062,-0.119729077765628,0.00156));
#10566=CARTESIAN_POINT('',(0.0525002096868062,-0.119729077765628,0.00306));
#10567=CARTESIAN_POINT('',(0.352511945503849,-0.0469241663813591,0.00306));
#10568=CARTESIAN_POINT('',(0.352511945503849,-0.0469241663813591,0.00156));
#10569=CARTESIAN_POINT('',(0.352511945503849,-0.0469241663813591,0.00306));
#10570=CARTESIAN_POINT('',(0.0951499491930008,-0.0887292474508286,0.00306));
#10571=CARTESIAN_POINT('',(0.0951499491930008,-0.0887292474508286,0.00306));
#10572=CARTESIAN_POINT('',(0.0968280151840119,-0.0887292474508286,0.00306));
#10573=CARTESIAN_POINT('',(0.0951499491930008,-0.0887292474508286,0.00156));
#10574=CARTESIAN_POINT('',(0.0968280151840119,-0.0887292474508286,0.00156));
#10575=CARTESIAN_POINT('',(0.0901196300983429,-0.105723544955254,0.00306));
#10576=CARTESIAN_POINT('',(0.0901196300983429,-0.105723544955254,0.00156));
#10577=CARTESIAN_POINT('',(0.0901196300983429,-0.105723544955254,0.00306));
#10578=CARTESIAN_POINT('',(0.0467914752662182,-0.148786395788193,0.00306));
#10579=CARTESIAN_POINT('',(0.0467914752662182,-0.148786395788193,0.00306));
#10580=CARTESIAN_POINT('',(0.0484197167703999,-0.148786395788193,0.00306));
#10581=CARTESIAN_POINT('',(0.0467914752662182,-0.148786395788193,0.00156));
#10582=CARTESIAN_POINT('',(0.0484197167703999,-0.148786395788193,0.00156));
#10583=CARTESIAN_POINT('',(0.148745104670525,-0.138697996735573,0.00306));
#10584=CARTESIAN_POINT('',(0.148745104670525,-0.138697996735573,0.00306));
#10585=CARTESIAN_POINT('',(0.150773254277476,-0.138697996735573,0.00306));
#10586=CARTESIAN_POINT('',(0.148745104670525,-0.138697996735573,0.00156));
#10587=CARTESIAN_POINT('',(0.150773254277476,-0.138697996735573,0.00156));
#10588=CARTESIAN_POINT('',(0.205418333411217,-0.138642206788063,0.00306));
#10589=CARTESIAN_POINT('',(0.205418333411217,-0.138642206788063,0.00306));
#10590=CARTESIAN_POINT('',(0.207649681473748,-0.138642206788063,0.00306));
#10591=CARTESIAN_POINT('',(0.205418333411217,-0.138642206788063,0.00156));
#10592=CARTESIAN_POINT('',(0.207649681473748,-0.138642206788063,0.00156));
#10593=CARTESIAN_POINT('',(0.195932939648628,-0.0885491147637367,0.00306));
#10594=CARTESIAN_POINT('',(0.195932939648628,-0.0885491147637367,0.00306));
#10595=CARTESIAN_POINT('',(0.197754426147954,-0.0885491147637367,0.00306));
#10596=CARTESIAN_POINT('',(0.195932939648628,-0.0885491147637367,0.00156));
#10597=CARTESIAN_POINT('',(0.197754426147954,-0.0885491147637367,0.00156));
#10598=CARTESIAN_POINT('',(0.275047242641449,-0.0886974334716797,0.00306));
#10599=CARTESIAN_POINT('',(0.275047242641449,-0.0886974334716797,0.00306));
#10600=CARTESIAN_POINT('',(0.276959035457953,-0.0886974334716797,0.00306));
#10601=CARTESIAN_POINT('',(0.275047242641449,-0.0886974334716797,0.00156));
#10602=CARTESIAN_POINT('',(0.276959035457953,-0.0886974334716797,0.00156));
#10603=CARTESIAN_POINT('',(0.288344502449035,-0.111124396324158,0.00306));
#10604=CARTESIAN_POINT('',(0.288344502449035,-0.111124396324158,0.00306));
#10605=CARTESIAN_POINT('',(0.290269140186711,-0.111124396324158,0.00306));
#10606=CARTESIAN_POINT('',(0.288344502449035,-0.111124396324158,0.00156));
#10607=CARTESIAN_POINT('',(0.290269140186711,-0.111124396324158,0.00156));
#10608=CARTESIAN_POINT('',(0.313988953828812,-0.130542869,0.00306));
#10609=CARTESIAN_POINT('',(0.313988953828812,-0.130542869,0.00306));
#10610=CARTESIAN_POINT('',(0.31603908003318,-0.130542869,0.00306));
#10611=CARTESIAN_POINT('',(0.313988953828812,-0.130542869,0.00156));
#10612=CARTESIAN_POINT('',(0.31603908003318,-0.130542869,0.00156));
#10613=CARTESIAN_POINT('',(0.365894496440888,-0.1484,0.00306));
#10614=CARTESIAN_POINT('',(0.365894496440888,-0.1484,0.00306));
#10615=CARTESIAN_POINT('',(0.367577897361705,-0.1484,0.00306));
#10616=CARTESIAN_POINT('',(0.365894496440888,-0.1484,0.00156));
#10617=CARTESIAN_POINT('',(0.367577897361705,-0.1484,0.00156));
#10618=CARTESIAN_POINT('',(0.290213674306869,-0.0683394223451614,0.00306));
#10619=CARTESIAN_POINT('',(0.290213674306869,-0.0683394223451614,0.00306));
#10620=CARTESIAN_POINT('',(0.29199856907848,-0.0683394223451614,0.00306));
#10621=CARTESIAN_POINT('',(0.290213674306869,-0.0683394223451614,0.00156));
#10622=CARTESIAN_POINT('',(0.29199856907848,-0.0683394223451614,0.00156));
#10623=CARTESIAN_POINT('',(0.217139318585396,-0.0678,0.00306));
#10624=CARTESIAN_POINT('',(0.217139318585396,-0.0678,0.00306));
#10625=CARTESIAN_POINT('',(0.219181818245663,-0.0678,0.00306));
#10626=CARTESIAN_POINT('',(0.217139318585396,-0.0678,0.00156));
#10627=CARTESIAN_POINT('',(0.219181818245663,-0.0678,0.00156));
#10628=CARTESIAN_POINT('',(0.127702549099922,-0.0679902285337448,0.00306));
#10629=CARTESIAN_POINT('',(0.127702549099922,-0.0679902285337448,0.00306));
#10630=CARTESIAN_POINT('',(0.129541465735352,-0.0679902285337448,0.00306));
#10631=CARTESIAN_POINT('',(0.127702549099922,-0.0679902285337448,0.00156));
#10632=CARTESIAN_POINT('',(0.129541465735352,-0.0679902285337448,0.00156));
#10633=CARTESIAN_POINT('',(0.0715707987546921,-0.0685399472713471,0.00306));
#10634=CARTESIAN_POINT('',(0.0715707987546921,-0.0685399472713471,0.00306));
#10635=CARTESIAN_POINT('',(0.0734703464040153,-0.0685399472713471,0.00306));
#10636=CARTESIAN_POINT('',(0.0715707987546921,-0.0685399472713471,0.00156));
#10637=CARTESIAN_POINT('',(0.0734703464040153,-0.0685399472713471,0.00156));
#10638=CARTESIAN_POINT('',(0.047106359153986,-0.0453849472105503,0.00306));
#10639=CARTESIAN_POINT('',(0.047106359153986,-0.0453849472105503,0.00306));
#10640=CARTESIAN_POINT('',(0.0489264124589122,-0.0453849472105503,0.00306));
#10641=CARTESIAN_POINT('',(0.047106359153986,-0.0453849472105503,0.00156));
#10642=CARTESIAN_POINT('',(0.0489264124589122,-0.0453849472105503,0.00156));
#10643=CARTESIAN_POINT('',(0.109591886401176,-0.105660937726498,0.00306));
#10644=CARTESIAN_POINT('',(0.109591886401176,-0.105660937726498,0.00156));
#10645=CARTESIAN_POINT('',(0.109591886401176,-0.105660937726498,0.00306));
#10646=CARTESIAN_POINT('',(0.20655,-0.0971,0.00306));
#10647=CARTESIAN_POINT('',(0.20655,-0.0971,0.00156));
#10648=MECHANICAL_DESIGN_GEOMETRIC_PRESENTATION_REPRESENTATION('',(#6849),
#10649);
#10649=(
GEOMETRIC_REPRESENTATION_CONTEXT(3)
GLOBAL_UNCERTAINTY_ASSIGNED_CONTEXT((#10650))
GLOBAL_UNIT_ASSIGNED_CONTEXT((#10653,#10652,#10651))
REPRESENTATION_CONTEXT('Part 28','TOP_LEVEL_ASSEMBLY_PART')
);
#10650=UNCERTAINTY_MEASURE_WITH_UNIT(LENGTH_MEASURE(1.E-8),#10653,
'DISTANCE_ACCURACY_VALUE','Maximum Tolerance applied to model');
#10651=(
NAMED_UNIT(*)
SI_UNIT($,.STERADIAN.)
SOLID_ANGLE_UNIT()
);
#10652=(
NAMED_UNIT(*)
PLANE_ANGLE_UNIT()
SI_UNIT($,.RADIAN.)
);
#10653=(
LENGTH_UNIT()
NAMED_UNIT(*)
SI_UNIT($,.METRE.)
);
#10654=PRODUCT_DEFINITION_SHAPE('','',#10655);
#10655=PRODUCT_DEFINITION('','',#10657,#10656);
#10656=PRODUCT_DEFINITION_CONTEXT('',#10663,'design');
#10657=PRODUCT_DEFINITION_FORMATION_WITH_SPECIFIED_SOURCE('','',#10659,
 .NOT_KNOWN.);
#10658=PRODUCT_RELATED_PRODUCT_CATEGORY('','',(#10659));
#10659=PRODUCT('Part 28','Part 28','Part 28',(#10661));
#10660=PRODUCT_CATEGORY('','');
#10661=PRODUCT_CONTEXT('',#10663,'mechanical');
#10662=APPLICATION_PROTOCOL_DEFINITION('international standard',
'ap242_managed_model_based_3d_engineering',2020,#10663);
#10663=APPLICATION_CONTEXT('managed model based 3d engineering');
ENDSEC;
END-ISO-10303-21;
